radius_m,w_lower,w_upper,component_id,component_name,rank,top3
250,0.0,0.055248618784530495,139-001,Khanpur Cave,11,False
250,0.0,0.055248618784530495,139-003,Bhir Mound,17,False
250,0.0,0.055248618784530495,139-004,Sirkap,16,False
250,0.0,0.055248618784530495,139-005,Sirsukh,12,False
250,0.0,0.055248618784530495,139-006,Dharmarajika,7,False
250,0.0,0.055248618784530495,139-007,Khader Mohra,4,False
250,0.0,0.055248618784530495,139-008,Kalawan,14,False
250,0.0,0.055248618784530495,139-009,Giri complex,8,False
250,0.0,0.055248618784530495,139-010,Kunala,9,False
250,0.0,0.055248618784530495,139-011,Jandial,10,False
250,0.0,0.055248618784530495,139-012,Lalchak / Badalpur,15,False
250,0.0,0.055248618784530495,139-013,Mohra Moradu,5,False
250,0.0,0.055248618784530495,139-014,Pippala,3,True
250,0.0,0.055248618784530495,139-015,Jaulian,1,True
250,0.0,0.055248618784530495,139-016,Lalchak mounds,13,False
250,0.0,0.055248618784530495,139-017,Bhallar,6,False
250,0.0,0.055248618784530495,139-018,Giri Mosque / tombs,2,True
250,0.055248618784530495,0.05617977528089898,139-001,Khanpur Cave,12,False
250,0.055248618784530495,0.05617977528089898,139-003,Bhir Mound,17,False
250,0.055248618784530495,0.05617977528089898,139-004,Sirkap,16,False
250,0.055248618784530495,0.05617977528089898,139-005,Sirsukh,11,False
250,0.055248618784530495,0.05617977528089898,139-006,Dharmarajika,7,False
250,0.055248618784530495,0.05617977528089898,139-007,Khader Mohra,4,False
250,0.055248618784530495,0.05617977528089898,139-008,Kalawan,14,False
250,0.055248618784530495,0.05617977528089898,139-009,Giri complex,8,False
250,0.055248618784530495,0.05617977528089898,139-010,Kunala,9,False
250,0.055248618784530495,0.05617977528089898,139-011,Jandial,10,False
250,0.055248618784530495,0.05617977528089898,139-012,Lalchak / Badalpur,15,False
250,0.055248618784530495,0.05617977528089898,139-013,Mohra Moradu,5,False
250,0.055248618784530495,0.05617977528089898,139-014,Pippala,3,True
250,0.055248618784530495,0.05617977528089898,139-015,Jaulian,1,True
250,0.055248618784530495,0.05617977528089898,139-016,Lalchak mounds,13,False
250,0.055248618784530495,0.05617977528089898,139-017,Bhallar,6,False
250,0.055248618784530495,0.05617977528089898,139-018,Giri Mosque / tombs,2,True
250,0.05617977528089898,0.08695652173913059,139-001,Khanpur Cave,12,False
250,0.05617977528089898,0.08695652173913059,139-003,Bhir Mound,17,False
250,0.05617977528089898,0.08695652173913059,139-004,Sirkap,15,False
250,0.05617977528089898,0.08695652173913059,139-005,Sirsukh,11,False
250,0.05617977528089898,0.08695652173913059,139-006,Dharmarajika,7,False
250,0.05617977528089898,0.08695652173913059,139-007,Khader Mohra,4,False
250,0.05617977528089898,0.08695652173913059,139-008,Kalawan,14,False
250,0.05617977528089898,0.08695652173913059,139-009,Giri complex,8,False
250,0.05617977528089898,0.08695652173913059,139-010,Kunala,9,False
250,0.05617977528089898,0.08695652173913059,139-011,Jandial,10,False
250,0.05617977528089898,0.08695652173913059,139-012,Lalchak / Badalpur,16,False
250,0.05617977528089898,0.08695652173913059,139-013,Mohra Moradu,5,False
250,0.05617977528089898,0.08695652173913059,139-014,Pippala,3,True
250,0.05617977528089898,0.08695652173913059,139-015,Jaulian,1,True
250,0.05617977528089898,0.08695652173913059,139-016,Lalchak mounds,13,False
250,0.05617977528089898,0.08695652173913059,139-017,Bhallar,6,False
250,0.05617977528089898,0.08695652173913059,139-018,Giri Mosque / tombs,2,True
250,0.08695652173913059,0.09708737864077656,139-001,Khanpur Cave,12,False
250,0.08695652173913059,0.09708737864077656,139-003,Bhir Mound,16,False
250,0.08695652173913059,0.09708737864077656,139-004,Sirkap,15,False
250,0.08695652173913059,0.09708737864077656,139-005,Sirsukh,11,False
250,0.08695652173913059,0.09708737864077656,139-006,Dharmarajika,7,False
250,0.08695652173913059,0.09708737864077656,139-007,Khader Mohra,4,False
250,0.08695652173913059,0.09708737864077656,139-008,Kalawan,14,False
250,0.08695652173913059,0.09708737864077656,139-009,Giri complex,8,False
250,0.08695652173913059,0.09708737864077656,139-010,Kunala,9,False
250,0.08695652173913059,0.09708737864077656,139-011,Jandial,10,False
250,0.08695652173913059,0.09708737864077656,139-012,Lalchak / Badalpur,17,False
250,0.08695652173913059,0.09708737864077656,139-013,Mohra Moradu,5,False
250,0.08695652173913059,0.09708737864077656,139-014,Pippala,3,True
250,0.08695652173913059,0.09708737864077656,139-015,Jaulian,1,True
250,0.08695652173913059,0.09708737864077656,139-016,Lalchak mounds,13,False
250,0.08695652173913059,0.09708737864077656,139-017,Bhallar,6,False
250,0.08695652173913059,0.09708737864077656,139-018,Giri Mosque / tombs,2,True
250,0.09708737864077656,0.15624999999999958,139-001,Khanpur Cave,12,False
250,0.09708737864077656,0.15624999999999958,139-003,Bhir Mound,16,False
250,0.09708737864077656,0.15624999999999958,139-004,Sirkap,15,False
250,0.09708737864077656,0.15624999999999958,139-005,Sirsukh,10,False
250,0.09708737864077656,0.15624999999999958,139-006,Dharmarajika,7,False
250,0.09708737864077656,0.15624999999999958,139-007,Khader Mohra,4,False
250,0.09708737864077656,0.15624999999999958,139-008,Kalawan,14,False
250,0.09708737864077656,0.15624999999999958,139-009,Giri complex,8,False
250,0.09708737864077656,0.15624999999999958,139-010,Kunala,9,False
250,0.09708737864077656,0.15624999999999958,139-011,Jandial,11,False
250,0.09708737864077656,0.15624999999999958,139-012,Lalchak / Badalpur,17,False
250,0.09708737864077656,0.15624999999999958,139-013,Mohra Moradu,5,False
250,0.09708737864077656,0.15624999999999958,139-014,Pippala,3,True
250,0.09708737864077656,0.15624999999999958,139-015,Jaulian,1,True
250,0.09708737864077656,0.15624999999999958,139-016,Lalchak mounds,13,False
250,0.09708737864077656,0.15624999999999958,139-017,Bhallar,6,False
250,0.09708737864077656,0.15624999999999958,139-018,Giri Mosque / tombs,2,True
250,0.15624999999999958,0.19230769230769146,139-001,Khanpur Cave,11,False
250,0.15624999999999958,0.19230769230769146,139-003,Bhir Mound,16,False
250,0.15624999999999958,0.19230769230769146,139-004,Sirkap,15,False
250,0.15624999999999958,0.19230769230769146,139-005,Sirsukh,10,False
250,0.15624999999999958,0.19230769230769146,139-006,Dharmarajika,7,False
250,0.15624999999999958,0.19230769230769146,139-007,Khader Mohra,4,False
250,0.15624999999999958,0.19230769230769146,139-008,Kalawan,14,False
250,0.15624999999999958,0.19230769230769146,139-009,Giri complex,8,False
250,0.15624999999999958,0.19230769230769146,139-010,Kunala,9,False
250,0.15624999999999958,0.19230769230769146,139-011,Jandial,12,False
250,0.15624999999999958,0.19230769230769146,139-012,Lalchak / Badalpur,17,False
250,0.15624999999999958,0.19230769230769146,139-013,Mohra Moradu,5,False
250,0.15624999999999958,0.19230769230769146,139-014,Pippala,3,True
250,0.15624999999999958,0.19230769230769146,139-015,Jaulian,1,True
250,0.15624999999999958,0.19230769230769146,139-016,Lalchak mounds,13,False
250,0.15624999999999958,0.19230769230769146,139-017,Bhallar,6,False
250,0.15624999999999958,0.19230769230769146,139-018,Giri Mosque / tombs,2,True
250,0.19230769230769146,0.24096385542168644,139-001,Khanpur Cave,11,False
250,0.19230769230769146,0.24096385542168644,139-003,Bhir Mound,16,False
250,0.19230769230769146,0.24096385542168644,139-004,Sirkap,15,False
250,0.19230769230769146,0.24096385542168644,139-005,Sirsukh,10,False
250,0.19230769230769146,0.24096385542168644,139-006,Dharmarajika,7,False
250,0.19230769230769146,0.24096385542168644,139-007,Khader Mohra,4,False
250,0.19230769230769146,0.24096385542168644,139-008,Kalawan,13,False
250,0.19230769230769146,0.24096385542168644,139-009,Giri complex,8,False
250,0.19230769230769146,0.24096385542168644,139-010,Kunala,9,False
250,0.19230769230769146,0.24096385542168644,139-011,Jandial,12,False
250,0.19230769230769146,0.24096385542168644,139-012,Lalchak / Badalpur,17,False
250,0.19230769230769146,0.24096385542168644,139-013,Mohra Moradu,5,False
250,0.19230769230769146,0.24096385542168644,139-014,Pippala,3,True
250,0.19230769230769146,0.24096385542168644,139-015,Jaulian,1,True
250,0.19230769230769146,0.24096385542168644,139-016,Lalchak mounds,14,False
250,0.19230769230769146,0.24096385542168644,139-017,Bhallar,6,False
250,0.19230769230769146,0.24096385542168644,139-018,Giri Mosque / tombs,2,True
250,0.24096385542168644,0.2518891687657429,139-001,Khanpur Cave,11,False
250,0.24096385542168644,0.2518891687657429,139-003,Bhir Mound,16,False
250,0.24096385542168644,0.2518891687657429,139-004,Sirkap,15,False
250,0.24096385542168644,0.2518891687657429,139-005,Sirsukh,10,False
250,0.24096385542168644,0.2518891687657429,139-006,Dharmarajika,6,False
250,0.24096385542168644,0.2518891687657429,139-007,Khader Mohra,4,False
250,0.24096385542168644,0.2518891687657429,139-008,Kalawan,13,False
250,0.24096385542168644,0.2518891687657429,139-009,Giri complex,8,False
250,0.24096385542168644,0.2518891687657429,139-010,Kunala,9,False
250,0.24096385542168644,0.2518891687657429,139-011,Jandial,12,False
250,0.24096385542168644,0.2518891687657429,139-012,Lalchak / Badalpur,17,False
250,0.24096385542168644,0.2518891687657429,139-013,Mohra Moradu,5,False
250,0.24096385542168644,0.2518891687657429,139-014,Pippala,3,True
250,0.24096385542168644,0.2518891687657429,139-015,Jaulian,1,True
250,0.24096385542168644,0.2518891687657429,139-016,Lalchak mounds,14,False
250,0.24096385542168644,0.2518891687657429,139-017,Bhallar,7,False
250,0.24096385542168644,0.2518891687657429,139-018,Giri Mosque / tombs,2,True
250,0.2518891687657429,0.26086956521739124,139-001,Khanpur Cave,11,False
250,0.2518891687657429,0.26086956521739124,139-003,Bhir Mound,16,False
250,0.2518891687657429,0.26086956521739124,139-004,Sirkap,15,False
250,0.2518891687657429,0.26086956521739124,139-005,Sirsukh,10,False
250,0.2518891687657429,0.26086956521739124,139-006,Dharmarajika,6,False
250,0.2518891687657429,0.26086956521739124,139-007,Khader Mohra,4,False
250,0.2518891687657429,0.26086956521739124,139-008,Kalawan,12,False
250,0.2518891687657429,0.26086956521739124,139-009,Giri complex,8,False
250,0.2518891687657429,0.26086956521739124,139-010,Kunala,9,False
250,0.2518891687657429,0.26086956521739124,139-011,Jandial,13,False
250,0.2518891687657429,0.26086956521739124,139-012,Lalchak / Badalpur,17,False
250,0.2518891687657429,0.26086956521739124,139-013,Mohra Moradu,5,False
250,0.2518891687657429,0.26086956521739124,139-014,Pippala,3,True
250,0.2518891687657429,0.26086956521739124,139-015,Jaulian,1,True
250,0.2518891687657429,0.26086956521739124,139-016,Lalchak mounds,14,False
250,0.2518891687657429,0.26086956521739124,139-017,Bhallar,7,False
250,0.2518891687657429,0.26086956521739124,139-018,Giri Mosque / tombs,2,True
250,0.26086956521739124,0.2909090909090907,139-001,Khanpur Cave,11,False
250,0.26086956521739124,0.2909090909090907,139-003,Bhir Mound,16,False
250,0.26086956521739124,0.2909090909090907,139-004,Sirkap,15,False
250,0.26086956521739124,0.2909090909090907,139-005,Sirsukh,10,False
250,0.26086956521739124,0.2909090909090907,139-006,Dharmarajika,6,False
250,0.26086956521739124,0.2909090909090907,139-007,Khader Mohra,4,False
250,0.26086956521739124,0.2909090909090907,139-008,Kalawan,12,False
250,0.26086956521739124,0.2909090909090907,139-009,Giri complex,8,False
250,0.26086956521739124,0.2909090909090907,139-010,Kunala,9,False
250,0.26086956521739124,0.2909090909090907,139-011,Jandial,14,False
250,0.26086956521739124,0.2909090909090907,139-012,Lalchak / Badalpur,17,False
250,0.26086956521739124,0.2909090909090907,139-013,Mohra Moradu,5,False
250,0.26086956521739124,0.2909090909090907,139-014,Pippala,3,True
250,0.26086956521739124,0.2909090909090907,139-015,Jaulian,1,True
250,0.26086956521739124,0.2909090909090907,139-016,Lalchak mounds,13,False
250,0.26086956521739124,0.2909090909090907,139-017,Bhallar,7,False
250,0.26086956521739124,0.2909090909090907,139-018,Giri Mosque / tombs,2,True
250,0.2909090909090907,0.2941176470588234,139-001,Khanpur Cave,11,False
250,0.2909090909090907,0.2941176470588234,139-003,Bhir Mound,16,False
250,0.2909090909090907,0.2941176470588234,139-004,Sirkap,15,False
250,0.2909090909090907,0.2941176470588234,139-005,Sirsukh,10,False
250,0.2909090909090907,0.2941176470588234,139-006,Dharmarajika,5,False
250,0.2909090909090907,0.2941176470588234,139-007,Khader Mohra,4,False
250,0.2909090909090907,0.2941176470588234,139-008,Kalawan,12,False
250,0.2909090909090907,0.2941176470588234,139-009,Giri complex,8,False
250,0.2909090909090907,0.2941176470588234,139-010,Kunala,9,False
250,0.2909090909090907,0.2941176470588234,139-011,Jandial,14,False
250,0.2909090909090907,0.2941176470588234,139-012,Lalchak / Badalpur,17,False
250,0.2909090909090907,0.2941176470588234,139-013,Mohra Moradu,6,False
250,0.2909090909090907,0.2941176470588234,139-014,Pippala,3,True
250,0.2909090909090907,0.2941176470588234,139-015,Jaulian,1,True
250,0.2909090909090907,0.2941176470588234,139-016,Lalchak mounds,13,False
250,0.2909090909090907,0.2941176470588234,139-017,Bhallar,7,False
250,0.2909090909090907,0.2941176470588234,139-018,Giri Mosque / tombs,2,True
250,0.2941176470588234,0.2973977695167285,139-001,Khanpur Cave,11,False
250,0.2941176470588234,0.2973977695167285,139-003,Bhir Mound,16,False
250,0.2941176470588234,0.2973977695167285,139-004,Sirkap,15,False
250,0.2941176470588234,0.2973977695167285,139-005,Sirsukh,10,False
250,0.2941176470588234,0.2973977695167285,139-006,Dharmarajika,5,False
250,0.2941176470588234,0.2973977695167285,139-007,Khader Mohra,4,False
250,0.2941176470588234,0.2973977695167285,139-008,Kalawan,12,False
250,0.2941176470588234,0.2973977695167285,139-009,Giri complex,8,False
250,0.2941176470588234,0.2973977695167285,139-010,Kunala,9,False
250,0.2941176470588234,0.2973977695167285,139-011,Jandial,14,False
250,0.2941176470588234,0.2973977695167285,139-012,Lalchak / Badalpur,17,False
250,0.2941176470588234,0.2973977695167285,139-013,Mohra Moradu,6,False
250,0.2941176470588234,0.2973977695167285,139-014,Pippala,3,True
250,0.2941176470588234,0.2973977695167285,139-015,Jaulian,2,True
250,0.2941176470588234,0.2973977695167285,139-016,Lalchak mounds,13,False
250,0.2941176470588234,0.2973977695167285,139-017,Bhallar,7,False
250,0.2941176470588234,0.2973977695167285,139-018,Giri Mosque / tombs,1,True
250,0.2973977695167285,0.3134796238244513,139-001,Khanpur Cave,12,False
250,0.2973977695167285,0.3134796238244513,139-003,Bhir Mound,16,False
250,0.2973977695167285,0.3134796238244513,139-004,Sirkap,15,False
250,0.2973977695167285,0.3134796238244513,139-005,Sirsukh,10,False
250,0.2973977695167285,0.3134796238244513,139-006,Dharmarajika,5,False
250,0.2973977695167285,0.3134796238244513,139-007,Khader Mohra,4,False
250,0.2973977695167285,0.3134796238244513,139-008,Kalawan,11,False
250,0.2973977695167285,0.3134796238244513,139-009,Giri complex,8,False
250,0.2973977695167285,0.3134796238244513,139-010,Kunala,9,False
250,0.2973977695167285,0.3134796238244513,139-011,Jandial,14,False
250,0.2973977695167285,0.3134796238244513,139-012,Lalchak / Badalpur,17,False
250,0.2973977695167285,0.3134796238244513,139-013,Mohra Moradu,6,False
250,0.2973977695167285,0.3134796238244513,139-014,Pippala,3,True
250,0.2973977695167285,0.3134796238244513,139-015,Jaulian,2,True
250,0.2973977695167285,0.3134796238244513,139-016,Lalchak mounds,13,False
250,0.2973977695167285,0.3134796238244513,139-017,Bhallar,7,False
250,0.2973977695167285,0.3134796238244513,139-018,Giri Mosque / tombs,1,True
250,0.3134796238244513,0.3225806451612904,139-001,Khanpur Cave,12,False
250,0.3134796238244513,0.3225806451612904,139-003,Bhir Mound,16,False
250,0.3134796238244513,0.3225806451612904,139-004,Sirkap,14,False
250,0.3134796238244513,0.3225806451612904,139-005,Sirsukh,10,False
250,0.3134796238244513,0.3225806451612904,139-006,Dharmarajika,5,False
250,0.3134796238244513,0.3225806451612904,139-007,Khader Mohra,4,False
250,0.3134796238244513,0.3225806451612904,139-008,Kalawan,11,False
250,0.3134796238244513,0.3225806451612904,139-009,Giri complex,8,False
250,0.3134796238244513,0.3225806451612904,139-010,Kunala,9,False
250,0.3134796238244513,0.3225806451612904,139-011,Jandial,15,False
250,0.3134796238244513,0.3225806451612904,139-012,Lalchak / Badalpur,17,False
250,0.3134796238244513,0.3225806451612904,139-013,Mohra Moradu,6,False
250,0.3134796238244513,0.3225806451612904,139-014,Pippala,3,True
250,0.3134796238244513,0.3225806451612904,139-015,Jaulian,2,True
250,0.3134796238244513,0.3225806451612904,139-016,Lalchak mounds,13,False
250,0.3134796238244513,0.3225806451612904,139-017,Bhallar,7,False
250,0.3134796238244513,0.3225806451612904,139-018,Giri Mosque / tombs,1,True
250,0.3225806451612904,0.3333333333333332,139-001,Khanpur Cave,13,False
250,0.3225806451612904,0.3333333333333332,139-003,Bhir Mound,16,False
250,0.3225806451612904,0.3333333333333332,139-004,Sirkap,14,False
250,0.3225806451612904,0.3333333333333332,139-005,Sirsukh,10,False
250,0.3225806451612904,0.3333333333333332,139-006,Dharmarajika,5,False
250,0.3225806451612904,0.3333333333333332,139-007,Khader Mohra,4,False
250,0.3225806451612904,0.3333333333333332,139-008,Kalawan,11,False
250,0.3225806451612904,0.3333333333333332,139-009,Giri complex,8,False
250,0.3225806451612904,0.3333333333333332,139-010,Kunala,9,False
250,0.3225806451612904,0.3333333333333332,139-011,Jandial,15,False
250,0.3225806451612904,0.3333333333333332,139-012,Lalchak / Badalpur,17,False
250,0.3225806451612904,0.3333333333333332,139-013,Mohra Moradu,6,False
250,0.3225806451612904,0.3333333333333332,139-014,Pippala,3,True
250,0.3225806451612904,0.3333333333333332,139-015,Jaulian,2,True
250,0.3225806451612904,0.3333333333333332,139-016,Lalchak mounds,12,False
250,0.3225806451612904,0.3333333333333332,139-017,Bhallar,7,False
250,0.3225806451612904,0.3333333333333332,139-018,Giri Mosque / tombs,1,True
250,0.3333333333333332,0.334728033472803,139-001,Khanpur Cave,13,False
250,0.3333333333333332,0.334728033472803,139-003,Bhir Mound,16,False
250,0.3333333333333332,0.334728033472803,139-004,Sirkap,14,False
250,0.3333333333333332,0.334728033472803,139-005,Sirsukh,10,False
250,0.3333333333333332,0.334728033472803,139-006,Dharmarajika,5,False
250,0.3333333333333332,0.334728033472803,139-007,Khader Mohra,4,False
250,0.3333333333333332,0.334728033472803,139-008,Kalawan,11,False
250,0.3333333333333332,0.334728033472803,139-009,Giri complex,7,False
250,0.3333333333333332,0.334728033472803,139-010,Kunala,9,False
250,0.3333333333333332,0.334728033472803,139-011,Jandial,15,False
250,0.3333333333333332,0.334728033472803,139-012,Lalchak / Badalpur,17,False
250,0.3333333333333332,0.334728033472803,139-013,Mohra Moradu,6,False
250,0.3333333333333332,0.334728033472803,139-014,Pippala,3,True
250,0.3333333333333332,0.334728033472803,139-015,Jaulian,2,True
250,0.3333333333333332,0.334728033472803,139-016,Lalchak mounds,12,False
250,0.3333333333333332,0.334728033472803,139-017,Bhallar,8,False
250,0.3333333333333332,0.334728033472803,139-018,Giri Mosque / tombs,1,True
250,0.334728033472803,0.3460207612456746,139-001,Khanpur Cave,13,False
250,0.334728033472803,0.3460207612456746,139-003,Bhir Mound,16,False
250,0.334728033472803,0.3460207612456746,139-004,Sirkap,14,False
250,0.334728033472803,0.3460207612456746,139-005,Sirsukh,10,False
250,0.334728033472803,0.3460207612456746,139-006,Dharmarajika,4,False
250,0.334728033472803,0.3460207612456746,139-007,Khader Mohra,5,False
250,0.334728033472803,0.3460207612456746,139-008,Kalawan,11,False
250,0.334728033472803,0.3460207612456746,139-009,Giri complex,7,False
250,0.334728033472803,0.3460207612456746,139-010,Kunala,9,False
250,0.334728033472803,0.3460207612456746,139-011,Jandial,15,False
250,0.334728033472803,0.3460207612456746,139-012,Lalchak / Badalpur,17,False
250,0.334728033472803,0.3460207612456746,139-013,Mohra Moradu,6,False
250,0.334728033472803,0.3460207612456746,139-014,Pippala,3,True
250,0.334728033472803,0.3460207612456746,139-015,Jaulian,2,True
250,0.334728033472803,0.3460207612456746,139-016,Lalchak mounds,12,False
250,0.334728033472803,0.3460207612456746,139-017,Bhallar,8,False
250,0.334728033472803,0.3460207612456746,139-018,Giri Mosque / tombs,1,True
250,0.3460207612456746,0.3529411764705882,139-001,Khanpur Cave,13,False
250,0.3460207612456746,0.3529411764705882,139-003,Bhir Mound,16,False
250,0.3460207612456746,0.3529411764705882,139-004,Sirkap,14,False
250,0.3460207612456746,0.3529411764705882,139-005,Sirsukh,10,False
250,0.3460207612456746,0.3529411764705882,139-006,Dharmarajika,4,False
250,0.3460207612456746,0.3529411764705882,139-007,Khader Mohra,5,False
250,0.3460207612456746,0.3529411764705882,139-008,Kalawan,11,False
250,0.3460207612456746,0.3529411764705882,139-009,Giri complex,6,False
250,0.3460207612456746,0.3529411764705882,139-010,Kunala,9,False
250,0.3460207612456746,0.3529411764705882,139-011,Jandial,15,False
250,0.3460207612456746,0.3529411764705882,139-012,Lalchak / Badalpur,17,False
250,0.3460207612456746,0.3529411764705882,139-013,Mohra Moradu,7,False
250,0.3460207612456746,0.3529411764705882,139-014,Pippala,3,True
250,0.3460207612456746,0.3529411764705882,139-015,Jaulian,2,True
250,0.3460207612456746,0.3529411764705882,139-016,Lalchak mounds,12,False
250,0.3460207612456746,0.3529411764705882,139-017,Bhallar,8,False
250,0.3460207612456746,0.3529411764705882,139-018,Giri Mosque / tombs,1,True
250,0.3529411764705882,0.3571428571428573,139-001,Khanpur Cave,14,False
250,0.3529411764705882,0.3571428571428573,139-003,Bhir Mound,16,False
250,0.3529411764705882,0.3571428571428573,139-004,Sirkap,13,False
250,0.3529411764705882,0.3571428571428573,139-005,Sirsukh,10,False
250,0.3529411764705882,0.3571428571428573,139-006,Dharmarajika,4,False
250,0.3529411764705882,0.3571428571428573,139-007,Khader Mohra,5,False
250,0.3529411764705882,0.3571428571428573,139-008,Kalawan,11,False
250,0.3529411764705882,0.3571428571428573,139-009,Giri complex,6,False
250,0.3529411764705882,0.3571428571428573,139-010,Kunala,9,False
250,0.3529411764705882,0.3571428571428573,139-011,Jandial,15,False
250,0.3529411764705882,0.3571428571428573,139-012,Lalchak / Badalpur,17,False
250,0.3529411764705882,0.3571428571428573,139-013,Mohra Moradu,7,False
250,0.3529411764705882,0.3571428571428573,139-014,Pippala,3,True
250,0.3529411764705882,0.3571428571428573,139-015,Jaulian,2,True
250,0.3529411764705882,0.3571428571428573,139-016,Lalchak mounds,12,False
250,0.3529411764705882,0.3571428571428573,139-017,Bhallar,8,False
250,0.3529411764705882,0.3571428571428573,139-018,Giri Mosque / tombs,1,True
250,0.3571428571428573,0.3669724770642201,139-001,Khanpur Cave,14,False
250,0.3571428571428573,0.3669724770642201,139-003,Bhir Mound,16,False
250,0.3571428571428573,0.3669724770642201,139-004,Sirkap,13,False
250,0.3571428571428573,0.3669724770642201,139-005,Sirsukh,10,False
250,0.3571428571428573,0.3669724770642201,139-006,Dharmarajika,3,True
250,0.3571428571428573,0.3669724770642201,139-007,Khader Mohra,5,False
250,0.3571428571428573,0.3669724770642201,139-008,Kalawan,11,False
250,0.3571428571428573,0.3669724770642201,139-009,Giri complex,6,False
250,0.3571428571428573,0.3669724770642201,139-010,Kunala,9,False
250,0.3571428571428573,0.3669724770642201,139-011,Jandial,15,False
250,0.3571428571428573,0.3669724770642201,139-012,Lalchak / Badalpur,17,False
250,0.3571428571428573,0.3669724770642201,139-013,Mohra Moradu,7,False
250,0.3571428571428573,0.3669724770642201,139-014,Pippala,4,False
250,0.3571428571428573,0.3669724770642201,139-015,Jaulian,2,True
250,0.3571428571428573,0.3669724770642201,139-016,Lalchak mounds,12,False
250,0.3571428571428573,0.3669724770642201,139-017,Bhallar,8,False
250,0.3571428571428573,0.3669724770642201,139-018,Giri Mosque / tombs,1,True
250,0.3669724770642201,0.3754266211604094,139-001,Khanpur Cave,14,False
250,0.3669724770642201,0.3754266211604094,139-003,Bhir Mound,16,False
250,0.3669724770642201,0.3754266211604094,139-004,Sirkap,13,False
250,0.3669724770642201,0.3754266211604094,139-005,Sirsukh,10,False
250,0.3669724770642201,0.3754266211604094,139-006,Dharmarajika,3,True
250,0.3669724770642201,0.3754266211604094,139-007,Khader Mohra,5,False
250,0.3669724770642201,0.3754266211604094,139-008,Kalawan,11,False
250,0.3669724770642201,0.3754266211604094,139-009,Giri complex,6,False
250,0.3669724770642201,0.3754266211604094,139-010,Kunala,9,False
250,0.3669724770642201,0.3754266211604094,139-011,Jandial,15,False
250,0.3669724770642201,0.3754266211604094,139-012,Lalchak / Badalpur,17,False
250,0.3669724770642201,0.3754266211604094,139-013,Mohra Moradu,8,False
250,0.3669724770642201,0.3754266211604094,139-014,Pippala,4,False
250,0.3669724770642201,0.3754266211604094,139-015,Jaulian,2,True
250,0.3669724770642201,0.3754266211604094,139-016,Lalchak mounds,12,False
250,0.3669724770642201,0.3754266211604094,139-017,Bhallar,7,False
250,0.3669724770642201,0.3754266211604094,139-018,Giri Mosque / tombs,1,True
250,0.3754266211604094,0.39062499999999994,139-001,Khanpur Cave,14,False
250,0.3754266211604094,0.39062499999999994,139-003,Bhir Mound,16,False
250,0.3754266211604094,0.39062499999999994,139-004,Sirkap,12,False
250,0.3754266211604094,0.39062499999999994,139-005,Sirsukh,10,False
250,0.3754266211604094,0.39062499999999994,139-006,Dharmarajika,3,True
250,0.3754266211604094,0.39062499999999994,139-007,Khader Mohra,5,False
250,0.3754266211604094,0.39062499999999994,139-008,Kalawan,11,False
250,0.3754266211604094,0.39062499999999994,139-009,Giri complex,6,False
250,0.3754266211604094,0.39062499999999994,139-010,Kunala,9,False
250,0.3754266211604094,0.39062499999999994,139-011,Jandial,15,False
250,0.3754266211604094,0.39062499999999994,139-012,Lalchak / Badalpur,17,False
250,0.3754266211604094,0.39062499999999994,139-013,Mohra Moradu,8,False
250,0.3754266211604094,0.39062499999999994,139-014,Pippala,4,False
250,0.3754266211604094,0.39062499999999994,139-015,Jaulian,2,True
250,0.3754266211604094,0.39062499999999994,139-016,Lalchak mounds,13,False
250,0.3754266211604094,0.39062499999999994,139-017,Bhallar,7,False
250,0.3754266211604094,0.39062499999999994,139-018,Giri Mosque / tombs,1,True
250,0.39062499999999994,0.39525691699604726,139-001,Khanpur Cave,14,False
250,0.39062499999999994,0.39525691699604726,139-003,Bhir Mound,15,False
250,0.39062499999999994,0.39525691699604726,139-004,Sirkap,12,False
250,0.39062499999999994,0.39525691699604726,139-005,Sirsukh,10,False
250,0.39062499999999994,0.39525691699604726,139-006,Dharmarajika,3,True
250,0.39062499999999994,0.39525691699604726,139-007,Khader Mohra,5,False
250,0.39062499999999994,0.39525691699604726,139-008,Kalawan,11,False
250,0.39062499999999994,0.39525691699604726,139-009,Giri complex,6,False
250,0.39062499999999994,0.39525691699604726,139-010,Kunala,9,False
250,0.39062499999999994,0.39525691699604726,139-011,Jandial,16,False
250,0.39062499999999994,0.39525691699604726,139-012,Lalchak / Badalpur,17,False
250,0.39062499999999994,0.39525691699604726,139-013,Mohra Moradu,8,False
250,0.39062499999999994,0.39525691699604726,139-014,Pippala,4,False
250,0.39062499999999994,0.39525691699604726,139-015,Jaulian,2,True
250,0.39062499999999994,0.39525691699604726,139-016,Lalchak mounds,13,False
250,0.39062499999999994,0.39525691699604726,139-017,Bhallar,7,False
250,0.39062499999999994,0.39525691699604726,139-018,Giri Mosque / tombs,1,True
250,0.39525691699604726,0.4149377593360996,139-001,Khanpur Cave,14,False
250,0.39525691699604726,0.4149377593360996,139-003,Bhir Mound,15,False
250,0.39525691699604726,0.4149377593360996,139-004,Sirkap,12,False
250,0.39525691699604726,0.4149377593360996,139-005,Sirsukh,10,False
250,0.39525691699604726,0.4149377593360996,139-006,Dharmarajika,3,True
250,0.39525691699604726,0.4149377593360996,139-007,Khader Mohra,6,False
250,0.39525691699604726,0.4149377593360996,139-008,Kalawan,11,False
250,0.39525691699604726,0.4149377593360996,139-009,Giri complex,5,False
250,0.39525691699604726,0.4149377593360996,139-010,Kunala,9,False
250,0.39525691699604726,0.4149377593360996,139-011,Jandial,16,False
250,0.39525691699604726,0.4149377593360996,139-012,Lalchak / Badalpur,17,False
250,0.39525691699604726,0.4149377593360996,139-013,Mohra Moradu,8,False
250,0.39525691699604726,0.4149377593360996,139-014,Pippala,4,False
250,0.39525691699604726,0.4149377593360996,139-015,Jaulian,2,True
250,0.39525691699604726,0.4149377593360996,139-016,Lalchak mounds,13,False
250,0.39525691699604726,0.4149377593360996,139-017,Bhallar,7,False
250,0.39525691699604726,0.4149377593360996,139-018,Giri Mosque / tombs,1,True
250,0.4149377593360996,0.42016806722689104,139-001,Khanpur Cave,14,False
250,0.4149377593360996,0.42016806722689104,139-003,Bhir Mound,15,False
250,0.4149377593360996,0.42016806722689104,139-004,Sirkap,11,False
250,0.4149377593360996,0.42016806722689104,139-005,Sirsukh,10,False
250,0.4149377593360996,0.42016806722689104,139-006,Dharmarajika,3,True
250,0.4149377593360996,0.42016806722689104,139-007,Khader Mohra,6,False
250,0.4149377593360996,0.42016806722689104,139-008,Kalawan,12,False
250,0.4149377593360996,0.42016806722689104,139-009,Giri complex,5,False
250,0.4149377593360996,0.42016806722689104,139-010,Kunala,9,False
250,0.4149377593360996,0.42016806722689104,139-011,Jandial,16,False
250,0.4149377593360996,0.42016806722689104,139-012,Lalchak / Badalpur,17,False
250,0.4149377593360996,0.42016806722689104,139-013,Mohra Moradu,8,False
250,0.4149377593360996,0.42016806722689104,139-014,Pippala,4,False
250,0.4149377593360996,0.42016806722689104,139-015,Jaulian,2,True
250,0.4149377593360996,0.42016806722689104,139-016,Lalchak mounds,13,False
250,0.4149377593360996,0.42016806722689104,139-017,Bhallar,7,False
250,0.4149377593360996,0.42016806722689104,139-018,Giri Mosque / tombs,1,True
250,0.42016806722689104,0.4285714285714285,139-001,Khanpur Cave,14,False
250,0.42016806722689104,0.4285714285714285,139-003,Bhir Mound,15,False
250,0.42016806722689104,0.4285714285714285,139-004,Sirkap,11,False
250,0.42016806722689104,0.4285714285714285,139-005,Sirsukh,10,False
250,0.42016806722689104,0.4285714285714285,139-006,Dharmarajika,3,True
250,0.42016806722689104,0.4285714285714285,139-007,Khader Mohra,6,False
250,0.42016806722689104,0.4285714285714285,139-008,Kalawan,12,False
250,0.42016806722689104,0.4285714285714285,139-009,Giri complex,4,False
250,0.42016806722689104,0.4285714285714285,139-010,Kunala,9,False
250,0.42016806722689104,0.4285714285714285,139-011,Jandial,16,False
250,0.42016806722689104,0.4285714285714285,139-012,Lalchak / Badalpur,17,False
250,0.42016806722689104,0.4285714285714285,139-013,Mohra Moradu,8,False
250,0.42016806722689104,0.4285714285714285,139-014,Pippala,5,False
250,0.42016806722689104,0.4285714285714285,139-015,Jaulian,2,True
250,0.42016806722689104,0.4285714285714285,139-016,Lalchak mounds,13,False
250,0.42016806722689104,0.4285714285714285,139-017,Bhallar,7,False
250,0.42016806722689104,0.4285714285714285,139-018,Giri Mosque / tombs,1,True
250,0.4285714285714285,0.45016077170418,139-001,Khanpur Cave,14,False
250,0.4285714285714285,0.45016077170418,139-003,Bhir Mound,15,False
250,0.4285714285714285,0.45016077170418,139-004,Sirkap,11,False
250,0.4285714285714285,0.45016077170418,139-005,Sirsukh,10,False
250,0.4285714285714285,0.45016077170418,139-006,Dharmarajika,3,True
250,0.4285714285714285,0.45016077170418,139-007,Khader Mohra,6,False
250,0.4285714285714285,0.45016077170418,139-008,Kalawan,12,False
250,0.4285714285714285,0.45016077170418,139-009,Giri complex,4,False
250,0.4285714285714285,0.45016077170418,139-010,Kunala,8,False
250,0.4285714285714285,0.45016077170418,139-011,Jandial,16,False
250,0.4285714285714285,0.45016077170418,139-012,Lalchak / Badalpur,17,False
250,0.4285714285714285,0.45016077170418,139-013,Mohra Moradu,9,False
250,0.4285714285714285,0.45016077170418,139-014,Pippala,5,False
250,0.4285714285714285,0.45016077170418,139-015,Jaulian,2,True
250,0.4285714285714285,0.45016077170418,139-016,Lalchak mounds,13,False
250,0.4285714285714285,0.45016077170418,139-017,Bhallar,7,False
250,0.4285714285714285,0.45016077170418,139-018,Giri Mosque / tombs,1,True
250,0.45016077170418,0.46666666666666656,139-001,Khanpur Cave,14,False
250,0.45016077170418,0.46666666666666656,139-003,Bhir Mound,15,False
250,0.45016077170418,0.46666666666666656,139-004,Sirkap,11,False
250,0.45016077170418,0.46666666666666656,139-005,Sirsukh,10,False
250,0.45016077170418,0.46666666666666656,139-006,Dharmarajika,3,True
250,0.45016077170418,0.46666666666666656,139-007,Khader Mohra,6,False
250,0.45016077170418,0.46666666666666656,139-008,Kalawan,12,False
250,0.45016077170418,0.46666666666666656,139-009,Giri complex,4,False
250,0.45016077170418,0.46666666666666656,139-010,Kunala,7,False
250,0.45016077170418,0.46666666666666656,139-011,Jandial,16,False
250,0.45016077170418,0.46666666666666656,139-012,Lalchak / Badalpur,17,False
250,0.45016077170418,0.46666666666666656,139-013,Mohra Moradu,9,False
250,0.45016077170418,0.46666666666666656,139-014,Pippala,5,False
250,0.45016077170418,0.46666666666666656,139-015,Jaulian,2,True
250,0.45016077170418,0.46666666666666656,139-016,Lalchak mounds,13,False
250,0.45016077170418,0.46666666666666656,139-017,Bhallar,8,False
250,0.45016077170418,0.46666666666666656,139-018,Giri Mosque / tombs,1,True
250,0.46666666666666656,0.4687499999999999,139-001,Khanpur Cave,14,False
250,0.46666666666666656,0.4687499999999999,139-003,Bhir Mound,15,False
250,0.46666666666666656,0.4687499999999999,139-004,Sirkap,11,False
250,0.46666666666666656,0.4687499999999999,139-005,Sirsukh,9,False
250,0.46666666666666656,0.4687499999999999,139-006,Dharmarajika,3,True
250,0.46666666666666656,0.4687499999999999,139-007,Khader Mohra,6,False
250,0.46666666666666656,0.4687499999999999,139-008,Kalawan,12,False
250,0.46666666666666656,0.4687499999999999,139-009,Giri complex,4,False
250,0.46666666666666656,0.4687499999999999,139-010,Kunala,7,False
250,0.46666666666666656,0.4687499999999999,139-011,Jandial,16,False
250,0.46666666666666656,0.4687499999999999,139-012,Lalchak / Badalpur,17,False
250,0.46666666666666656,0.4687499999999999,139-013,Mohra Moradu,10,False
250,0.46666666666666656,0.4687499999999999,139-014,Pippala,5,False
250,0.46666666666666656,0.4687499999999999,139-015,Jaulian,2,True
250,0.46666666666666656,0.4687499999999999,139-016,Lalchak mounds,13,False
250,0.46666666666666656,0.4687499999999999,139-017,Bhallar,8,False
250,0.46666666666666656,0.4687499999999999,139-018,Giri Mosque / tombs,1,True
250,0.4687499999999999,0.48780487804878037,139-001,Khanpur Cave,15,False
250,0.4687499999999999,0.48780487804878037,139-003,Bhir Mound,14,False
250,0.4687499999999999,0.48780487804878037,139-004,Sirkap,11,False
250,0.4687499999999999,0.48780487804878037,139-005,Sirsukh,9,False
250,0.4687499999999999,0.48780487804878037,139-006,Dharmarajika,3,True
250,0.4687499999999999,0.48780487804878037,139-007,Khader Mohra,7,False
250,0.4687499999999999,0.48780487804878037,139-008,Kalawan,12,False
250,0.4687499999999999,0.48780487804878037,139-009,Giri complex,4,False
250,0.4687499999999999,0.48780487804878037,139-010,Kunala,6,False
250,0.4687499999999999,0.48780487804878037,139-011,Jandial,16,False
250,0.4687499999999999,0.48780487804878037,139-012,Lalchak / Badalpur,17,False
250,0.4687499999999999,0.48780487804878037,139-013,Mohra Moradu,10,False
250,0.4687499999999999,0.48780487804878037,139-014,Pippala,5,False
250,0.4687499999999999,0.48780487804878037,139-015,Jaulian,2,True
250,0.4687499999999999,0.48780487804878037,139-016,Lalchak mounds,13,False
250,0.4687499999999999,0.48780487804878037,139-017,Bhallar,8,False
250,0.4687499999999999,0.48780487804878037,139-018,Giri Mosque / tombs,1,True
250,0.48780487804878037,0.4985337243401758,139-001,Khanpur Cave,15,False
250,0.48780487804878037,0.4985337243401758,139-003,Bhir Mound,14,False
250,0.48780487804878037,0.4985337243401758,139-004,Sirkap,10,False
250,0.48780487804878037,0.4985337243401758,139-005,Sirsukh,9,False
250,0.48780487804878037,0.4985337243401758,139-006,Dharmarajika,3,True
250,0.48780487804878037,0.4985337243401758,139-007,Khader Mohra,7,False
250,0.48780487804878037,0.4985337243401758,139-008,Kalawan,12,False
250,0.48780487804878037,0.4985337243401758,139-009,Giri complex,4,False
250,0.48780487804878037,0.4985337243401758,139-010,Kunala,5,False
250,0.48780487804878037,0.4985337243401758,139-011,Jandial,16,False
250,0.48780487804878037,0.4985337243401758,139-012,Lalchak / Badalpur,17,False
250,0.48780487804878037,0.4985337243401758,139-013,Mohra Moradu,11,False
250,0.48780487804878037,0.4985337243401758,139-014,Pippala,6,False
250,0.48780487804878037,0.4985337243401758,139-015,Jaulian,2,True
250,0.48780487804878037,0.4985337243401758,139-016,Lalchak mounds,13,False
250,0.48780487804878037,0.4985337243401758,139-017,Bhallar,8,False
250,0.48780487804878037,0.4985337243401758,139-018,Giri Mosque / tombs,1,True
250,0.4985337243401758,0.507246376811594,139-001,Khanpur Cave,15,False
250,0.4985337243401758,0.507246376811594,139-003,Bhir Mound,14,False
250,0.4985337243401758,0.507246376811594,139-004,Sirkap,10,False
250,0.4985337243401758,0.507246376811594,139-005,Sirsukh,8,False
250,0.4985337243401758,0.507246376811594,139-006,Dharmarajika,3,True
250,0.4985337243401758,0.507246376811594,139-007,Khader Mohra,7,False
250,0.4985337243401758,0.507246376811594,139-008,Kalawan,12,False
250,0.4985337243401758,0.507246376811594,139-009,Giri complex,4,False
250,0.4985337243401758,0.507246376811594,139-010,Kunala,5,False
250,0.4985337243401758,0.507246376811594,139-011,Jandial,16,False
250,0.4985337243401758,0.507246376811594,139-012,Lalchak / Badalpur,17,False
250,0.4985337243401758,0.507246376811594,139-013,Mohra Moradu,11,False
250,0.4985337243401758,0.507246376811594,139-014,Pippala,6,False
250,0.4985337243401758,0.507246376811594,139-015,Jaulian,2,True
250,0.4985337243401758,0.507246376811594,139-016,Lalchak mounds,13,False
250,0.4985337243401758,0.507246376811594,139-017,Bhallar,9,False
250,0.4985337243401758,0.507246376811594,139-018,Giri Mosque / tombs,1,True
250,0.507246376811594,0.5074626865671641,139-001,Khanpur Cave,15,False
250,0.507246376811594,0.5074626865671641,139-003,Bhir Mound,14,False
250,0.507246376811594,0.5074626865671641,139-004,Sirkap,10,False
250,0.507246376811594,0.5074626865671641,139-005,Sirsukh,7,False
250,0.507246376811594,0.5074626865671641,139-006,Dharmarajika,3,True
250,0.507246376811594,0.5074626865671641,139-007,Khader Mohra,8,False
250,0.507246376811594,0.5074626865671641,139-008,Kalawan,12,False
250,0.507246376811594,0.5074626865671641,139-009,Giri complex,4,False
250,0.507246376811594,0.5074626865671641,139-010,Kunala,5,False
250,0.507246376811594,0.5074626865671641,139-011,Jandial,16,False
250,0.507246376811594,0.5074626865671641,139-012,Lalchak / Badalpur,17,False
250,0.507246376811594,0.5074626865671641,139-013,Mohra Moradu,11,False
250,0.507246376811594,0.5074626865671641,139-014,Pippala,6,False
250,0.507246376811594,0.5074626865671641,139-015,Jaulian,2,True
250,0.507246376811594,0.5074626865671641,139-016,Lalchak mounds,13,False
250,0.507246376811594,0.5074626865671641,139-017,Bhallar,9,False
250,0.507246376811594,0.5074626865671641,139-018,Giri Mosque / tombs,1,True
250,0.5074626865671641,0.5114401076716015,139-001,Khanpur Cave,15,False
250,0.5074626865671641,0.5114401076716015,139-003,Bhir Mound,14,False
250,0.5074626865671641,0.5114401076716015,139-004,Sirkap,9,False
250,0.5074626865671641,0.5114401076716015,139-005,Sirsukh,7,False
250,0.5074626865671641,0.5114401076716015,139-006,Dharmarajika,3,True
250,0.5074626865671641,0.5114401076716015,139-007,Khader Mohra,8,False
250,0.5074626865671641,0.5114401076716015,139-008,Kalawan,12,False
250,0.5074626865671641,0.5114401076716015,139-009,Giri complex,4,False
250,0.5074626865671641,0.5114401076716015,139-010,Kunala,5,False
250,0.5074626865671641,0.5114401076716015,139-011,Jandial,16,False
250,0.5074626865671641,0.5114401076716015,139-012,Lalchak / Badalpur,17,False
250,0.5074626865671641,0.5114401076716015,139-013,Mohra Moradu,11,False
250,0.5074626865671641,0.5114401076716015,139-014,Pippala,6,False
250,0.5074626865671641,0.5114401076716015,139-015,Jaulian,2,True
250,0.5074626865671641,0.5114401076716015,139-016,Lalchak mounds,13,False
250,0.5074626865671641,0.5114401076716015,139-017,Bhallar,10,False
250,0.5074626865671641,0.5114401076716015,139-018,Giri Mosque / tombs,1,True
250,0.5114401076716015,0.5167173252279634,139-001,Khanpur Cave,15,False
250,0.5114401076716015,0.5167173252279634,139-003,Bhir Mound,14,False
250,0.5114401076716015,0.5167173252279634,139-004,Sirkap,8,False
250,0.5114401076716015,0.5167173252279634,139-005,Sirsukh,7,False
250,0.5114401076716015,0.5167173252279634,139-006,Dharmarajika,3,True
250,0.5114401076716015,0.5167173252279634,139-007,Khader Mohra,9,False
250,0.5114401076716015,0.5167173252279634,139-008,Kalawan,12,False
250,0.5114401076716015,0.5167173252279634,139-009,Giri complex,4,False
250,0.5114401076716015,0.5167173252279634,139-010,Kunala,5,False
250,0.5114401076716015,0.5167173252279634,139-011,Jandial,16,False
250,0.5114401076716015,0.5167173252279634,139-012,Lalchak / Badalpur,17,False
250,0.5114401076716015,0.5167173252279634,139-013,Mohra Moradu,11,False
250,0.5114401076716015,0.5167173252279634,139-014,Pippala,6,False
250,0.5114401076716015,0.5167173252279634,139-015,Jaulian,2,True
250,0.5114401076716015,0.5167173252279634,139-016,Lalchak mounds,13,False
250,0.5114401076716015,0.5167173252279634,139-017,Bhallar,10,False
250,0.5114401076716015,0.5167173252279634,139-018,Giri Mosque / tombs,1,True
250,0.5167173252279634,0.5204460966542749,139-001,Khanpur Cave,15,False
250,0.5167173252279634,0.5204460966542749,139-003,Bhir Mound,14,False
250,0.5167173252279634,0.5204460966542749,139-004,Sirkap,7,False
250,0.5167173252279634,0.5204460966542749,139-005,Sirsukh,8,False
250,0.5167173252279634,0.5204460966542749,139-006,Dharmarajika,3,True
250,0.5167173252279634,0.5204460966542749,139-007,Khader Mohra,9,False
250,0.5167173252279634,0.5204460966542749,139-008,Kalawan,12,False
250,0.5167173252279634,0.5204460966542749,139-009,Giri complex,4,False
250,0.5167173252279634,0.5204460966542749,139-010,Kunala,5,False
250,0.5167173252279634,0.5204460966542749,139-011,Jandial,16,False
250,0.5167173252279634,0.5204460966542749,139-012,Lalchak / Badalpur,17,False
250,0.5167173252279634,0.5204460966542749,139-013,Mohra Moradu,11,False
250,0.5167173252279634,0.5204460966542749,139-014,Pippala,6,False
250,0.5167173252279634,0.5204460966542749,139-015,Jaulian,2,True
250,0.5167173252279634,0.5204460966542749,139-016,Lalchak mounds,13,False
250,0.5167173252279634,0.5204460966542749,139-017,Bhallar,10,False
250,0.5167173252279634,0.5204460966542749,139-018,Giri Mosque / tombs,1,True
250,0.5204460966542749,0.521978021978022,139-001,Khanpur Cave,15,False
250,0.5204460966542749,0.521978021978022,139-003,Bhir Mound,14,False
250,0.5204460966542749,0.521978021978022,139-004,Sirkap,7,False
250,0.5204460966542749,0.521978021978022,139-005,Sirsukh,8,False
250,0.5204460966542749,0.521978021978022,139-006,Dharmarajika,3,True
250,0.5204460966542749,0.521978021978022,139-007,Khader Mohra,9,False
250,0.5204460966542749,0.521978021978022,139-008,Kalawan,11,False
250,0.5204460966542749,0.521978021978022,139-009,Giri complex,4,False
250,0.5204460966542749,0.521978021978022,139-010,Kunala,5,False
250,0.5204460966542749,0.521978021978022,139-011,Jandial,16,False
250,0.5204460966542749,0.521978021978022,139-012,Lalchak / Badalpur,17,False
250,0.5204460966542749,0.521978021978022,139-013,Mohra Moradu,12,False
250,0.5204460966542749,0.521978021978022,139-014,Pippala,6,False
250,0.5204460966542749,0.521978021978022,139-015,Jaulian,2,True
250,0.5204460966542749,0.521978021978022,139-016,Lalchak mounds,13,False
250,0.5204460966542749,0.521978021978022,139-017,Bhallar,10,False
250,0.5204460966542749,0.521978021978022,139-018,Giri Mosque / tombs,1,True
250,0.521978021978022,0.5263157894736843,139-001,Khanpur Cave,15,False
250,0.521978021978022,0.5263157894736843,139-003,Bhir Mound,14,False
250,0.521978021978022,0.5263157894736843,139-004,Sirkap,6,False
250,0.521978021978022,0.5263157894736843,139-005,Sirsukh,8,False
250,0.521978021978022,0.5263157894736843,139-006,Dharmarajika,3,True
250,0.521978021978022,0.5263157894736843,139-007,Khader Mohra,9,False
250,0.521978021978022,0.5263157894736843,139-008,Kalawan,11,False
250,0.521978021978022,0.5263157894736843,139-009,Giri complex,4,False
250,0.521978021978022,0.5263157894736843,139-010,Kunala,5,False
250,0.521978021978022,0.5263157894736843,139-011,Jandial,16,False
250,0.521978021978022,0.5263157894736843,139-012,Lalchak / Badalpur,17,False
250,0.521978021978022,0.5263157894736843,139-013,Mohra Moradu,12,False
250,0.521978021978022,0.5263157894736843,139-014,Pippala,7,False
250,0.521978021978022,0.5263157894736843,139-015,Jaulian,2,True
250,0.521978021978022,0.5263157894736843,139-016,Lalchak mounds,13,False
250,0.521978021978022,0.5263157894736843,139-017,Bhallar,10,False
250,0.521978021978022,0.5263157894736843,139-018,Giri Mosque / tombs,1,True
250,0.5263157894736843,0.5479452054794519,139-001,Khanpur Cave,15,False
250,0.5263157894736843,0.5479452054794519,139-003,Bhir Mound,14,False
250,0.5263157894736843,0.5479452054794519,139-004,Sirkap,6,False
250,0.5263157894736843,0.5479452054794519,139-005,Sirsukh,7,False
250,0.5263157894736843,0.5479452054794519,139-006,Dharmarajika,3,True
250,0.5263157894736843,0.5479452054794519,139-007,Khader Mohra,9,False
250,0.5263157894736843,0.5479452054794519,139-008,Kalawan,11,False
250,0.5263157894736843,0.5479452054794519,139-009,Giri complex,4,False
250,0.5263157894736843,0.5479452054794519,139-010,Kunala,5,False
250,0.5263157894736843,0.5479452054794519,139-011,Jandial,16,False
250,0.5263157894736843,0.5479452054794519,139-012,Lalchak / Badalpur,17,False
250,0.5263157894736843,0.5479452054794519,139-013,Mohra Moradu,12,False
250,0.5263157894736843,0.5479452054794519,139-014,Pippala,8,False
250,0.5263157894736843,0.5479452054794519,139-015,Jaulian,2,True
250,0.5263157894736843,0.5479452054794519,139-016,Lalchak mounds,13,False
250,0.5263157894736843,0.5479452054794519,139-017,Bhallar,10,False
250,0.5263157894736843,0.5479452054794519,139-018,Giri Mosque / tombs,1,True
250,0.5479452054794519,0.5555555555555555,139-001,Khanpur Cave,15,False
250,0.5479452054794519,0.5555555555555555,139-003,Bhir Mound,14,False
250,0.5479452054794519,0.5555555555555555,139-004,Sirkap,6,False
250,0.5479452054794519,0.5555555555555555,139-005,Sirsukh,7,False
250,0.5479452054794519,0.5555555555555555,139-006,Dharmarajika,3,True
250,0.5479452054794519,0.5555555555555555,139-007,Khader Mohra,10,False
250,0.5479452054794519,0.5555555555555555,139-008,Kalawan,11,False
250,0.5479452054794519,0.5555555555555555,139-009,Giri complex,4,False
250,0.5479452054794519,0.5555555555555555,139-010,Kunala,5,False
250,0.5479452054794519,0.5555555555555555,139-011,Jandial,16,False
250,0.5479452054794519,0.5555555555555555,139-012,Lalchak / Badalpur,17,False
250,0.5479452054794519,0.5555555555555555,139-013,Mohra Moradu,12,False
250,0.5479452054794519,0.5555555555555555,139-014,Pippala,8,False
250,0.5479452054794519,0.5555555555555555,139-015,Jaulian,2,True
250,0.5479452054794519,0.5555555555555555,139-016,Lalchak mounds,13,False
250,0.5479452054794519,0.5555555555555555,139-017,Bhallar,9,False
250,0.5479452054794519,0.5555555555555555,139-018,Giri Mosque / tombs,1,True
250,0.5555555555555555,0.5571030640668523,139-001,Khanpur Cave,15,False
250,0.5555555555555555,0.5571030640668523,139-003,Bhir Mound,14,False
250,0.5555555555555555,0.5571030640668523,139-004,Sirkap,6,False
250,0.5555555555555555,0.5571030640668523,139-005,Sirsukh,7,False
250,0.5555555555555555,0.5571030640668523,139-006,Dharmarajika,3,True
250,0.5555555555555555,0.5571030640668523,139-007,Khader Mohra,10,False
250,0.5555555555555555,0.5571030640668523,139-008,Kalawan,11,False
250,0.5555555555555555,0.5571030640668523,139-009,Giri complex,4,False
250,0.5555555555555555,0.5571030640668523,139-010,Kunala,5,False
250,0.5555555555555555,0.5571030640668523,139-011,Jandial,16,False
250,0.5555555555555555,0.5571030640668523,139-012,Lalchak / Badalpur,17,False
250,0.5555555555555555,0.5571030640668523,139-013,Mohra Moradu,13,False
250,0.5555555555555555,0.5571030640668523,139-014,Pippala,8,False
250,0.5555555555555555,0.5571030640668523,139-015,Jaulian,2,True
250,0.5555555555555555,0.5571030640668523,139-016,Lalchak mounds,12,False
250,0.5555555555555555,0.5571030640668523,139-017,Bhallar,9,False
250,0.5555555555555555,0.5571030640668523,139-018,Giri Mosque / tombs,1,True
250,0.5571030640668523,0.5577689243027886,139-001,Khanpur Cave,15,False
250,0.5571030640668523,0.5577689243027886,139-003,Bhir Mound,14,False
250,0.5571030640668523,0.5577689243027886,139-004,Sirkap,5,False
250,0.5571030640668523,0.5577689243027886,139-005,Sirsukh,7,False
250,0.5571030640668523,0.5577689243027886,139-006,Dharmarajika,3,True
250,0.5571030640668523,0.5577689243027886,139-007,Khader Mohra,10,False
250,0.5571030640668523,0.5577689243027886,139-008,Kalawan,11,False
250,0.5571030640668523,0.5577689243027886,139-009,Giri complex,4,False
250,0.5571030640668523,0.5577689243027886,139-010,Kunala,6,False
250,0.5571030640668523,0.5577689243027886,139-011,Jandial,16,False
250,0.5571030640668523,0.5577689243027886,139-012,Lalchak / Badalpur,17,False
250,0.5571030640668523,0.5577689243027886,139-013,Mohra Moradu,13,False
250,0.5571030640668523,0.5577689243027886,139-014,Pippala,8,False
250,0.5571030640668523,0.5577689243027886,139-015,Jaulian,2,True
250,0.5571030640668523,0.5577689243027886,139-016,Lalchak mounds,12,False
250,0.5571030640668523,0.5577689243027886,139-017,Bhallar,9,False
250,0.5571030640668523,0.5577689243027886,139-018,Giri Mosque / tombs,1,True
250,0.5577689243027886,0.5594405594405593,139-001,Khanpur Cave,15,False
250,0.5577689243027886,0.5594405594405593,139-003,Bhir Mound,14,False
250,0.5577689243027886,0.5594405594405593,139-004,Sirkap,5,False
250,0.5577689243027886,0.5594405594405593,139-005,Sirsukh,7,False
250,0.5577689243027886,0.5594405594405593,139-006,Dharmarajika,3,True
250,0.5577689243027886,0.5594405594405593,139-007,Khader Mohra,11,False
250,0.5577689243027886,0.5594405594405593,139-008,Kalawan,10,False
250,0.5577689243027886,0.5594405594405593,139-009,Giri complex,4,False
250,0.5577689243027886,0.5594405594405593,139-010,Kunala,6,False
250,0.5577689243027886,0.5594405594405593,139-011,Jandial,16,False
250,0.5577689243027886,0.5594405594405593,139-012,Lalchak / Badalpur,17,False
250,0.5577689243027886,0.5594405594405593,139-013,Mohra Moradu,13,False
250,0.5577689243027886,0.5594405594405593,139-014,Pippala,8,False
250,0.5577689243027886,0.5594405594405593,139-015,Jaulian,2,True
250,0.5577689243027886,0.5594405594405593,139-016,Lalchak mounds,12,False
250,0.5577689243027886,0.5594405594405593,139-017,Bhallar,9,False
250,0.5577689243027886,0.5594405594405593,139-018,Giri Mosque / tombs,1,True
250,0.5594405594405593,0.5714285714285714,139-001,Khanpur Cave,15,False
250,0.5594405594405593,0.5714285714285714,139-003,Bhir Mound,14,False
250,0.5594405594405593,0.5714285714285714,139-004,Sirkap,5,False
250,0.5594405594405593,0.5714285714285714,139-005,Sirsukh,7,False
250,0.5594405594405593,0.5714285714285714,139-006,Dharmarajika,3,True
250,0.5594405594405593,0.5714285714285714,139-007,Khader Mohra,11,False
250,0.5594405594405593,0.5714285714285714,139-008,Kalawan,9,False
250,0.5594405594405593,0.5714285714285714,139-009,Giri complex,4,False
250,0.5594405594405593,0.5714285714285714,139-010,Kunala,6,False
250,0.5594405594405593,0.5714285714285714,139-011,Jandial,16,False
250,0.5594405594405593,0.5714285714285714,139-012,Lalchak / Badalpur,17,False
250,0.5594405594405593,0.5714285714285714,139-013,Mohra Moradu,13,False
250,0.5594405594405593,0.5714285714285714,139-014,Pippala,8,False
250,0.5594405594405593,0.5714285714285714,139-015,Jaulian,2,True
250,0.5594405594405593,0.5714285714285714,139-016,Lalchak mounds,12,False
250,0.5594405594405593,0.5714285714285714,139-017,Bhallar,10,False
250,0.5594405594405593,0.5714285714285714,139-018,Giri Mosque / tombs,1,True
250,0.5714285714285714,0.5749486652977412,139-001,Khanpur Cave,15,False
250,0.5714285714285714,0.5749486652977412,139-003,Bhir Mound,14,False
250,0.5714285714285714,0.5749486652977412,139-004,Sirkap,4,False
250,0.5714285714285714,0.5749486652977412,139-005,Sirsukh,7,False
250,0.5714285714285714,0.5749486652977412,139-006,Dharmarajika,3,True
250,0.5714285714285714,0.5749486652977412,139-007,Khader Mohra,11,False
250,0.5714285714285714,0.5749486652977412,139-008,Kalawan,9,False
250,0.5714285714285714,0.5749486652977412,139-009,Giri complex,5,False
250,0.5714285714285714,0.5749486652977412,139-010,Kunala,6,False
250,0.5714285714285714,0.5749486652977412,139-011,Jandial,16,False
250,0.5714285714285714,0.5749486652977412,139-012,Lalchak / Badalpur,17,False
250,0.5714285714285714,0.5749486652977412,139-013,Mohra Moradu,13,False
250,0.5714285714285714,0.5749486652977412,139-014,Pippala,8,False
250,0.5714285714285714,0.5749486652977412,139-015,Jaulian,2,True
250,0.5714285714285714,0.5749486652977412,139-016,Lalchak mounds,12,False
250,0.5714285714285714,0.5749486652977412,139-017,Bhallar,10,False
250,0.5714285714285714,0.5749486652977412,139-018,Giri Mosque / tombs,1,True
250,0.5749486652977412,0.5819295558958651,139-001,Khanpur Cave,15,False
250,0.5749486652977412,0.5819295558958651,139-003,Bhir Mound,14,False
250,0.5749486652977412,0.5819295558958651,139-004,Sirkap,4,False
250,0.5749486652977412,0.5819295558958651,139-005,Sirsukh,7,False
250,0.5749486652977412,0.5819295558958651,139-006,Dharmarajika,3,True
250,0.5749486652977412,0.5819295558958651,139-007,Khader Mohra,11,False
250,0.5749486652977412,0.5819295558958651,139-008,Kalawan,8,False
250,0.5749486652977412,0.5819295558958651,139-009,Giri complex,5,False
250,0.5749486652977412,0.5819295558958651,139-010,Kunala,6,False
250,0.5749486652977412,0.5819295558958651,139-011,Jandial,16,False
250,0.5749486652977412,0.5819295558958651,139-012,Lalchak / Badalpur,17,False
250,0.5749486652977412,0.5819295558958651,139-013,Mohra Moradu,13,False
250,0.5749486652977412,0.5819295558958651,139-014,Pippala,9,False
250,0.5749486652977412,0.5819295558958651,139-015,Jaulian,2,True
250,0.5749486652977412,0.5819295558958651,139-016,Lalchak mounds,12,False
250,0.5749486652977412,0.5819295558958651,139-017,Bhallar,10,False
250,0.5749486652977412,0.5819295558958651,139-018,Giri Mosque / tombs,1,True
250,0.5819295558958651,0.5952380952380952,139-001,Khanpur Cave,15,False
250,0.5819295558958651,0.5952380952380952,139-003,Bhir Mound,13,False
250,0.5819295558958651,0.5952380952380952,139-004,Sirkap,4,False
250,0.5819295558958651,0.5952380952380952,139-005,Sirsukh,7,False
250,0.5819295558958651,0.5952380952380952,139-006,Dharmarajika,3,True
250,0.5819295558958651,0.5952380952380952,139-007,Khader Mohra,11,False
250,0.5819295558958651,0.5952380952380952,139-008,Kalawan,8,False
250,0.5819295558958651,0.5952380952380952,139-009,Giri complex,5,False
250,0.5819295558958651,0.5952380952380952,139-010,Kunala,6,False
250,0.5819295558958651,0.5952380952380952,139-011,Jandial,16,False
250,0.5819295558958651,0.5952380952380952,139-012,Lalchak / Badalpur,17,False
250,0.5819295558958651,0.5952380952380952,139-013,Mohra Moradu,14,False
250,0.5819295558958651,0.5952380952380952,139-014,Pippala,9,False
250,0.5819295558958651,0.5952380952380952,139-015,Jaulian,2,True
250,0.5819295558958651,0.5952380952380952,139-016,Lalchak mounds,12,False
250,0.5819295558958651,0.5952380952380952,139-017,Bhallar,10,False
250,0.5819295558958651,0.5952380952380952,139-018,Giri Mosque / tombs,1,True
250,0.5952380952380952,0.5999999999999999,139-001,Khanpur Cave,15,False
250,0.5952380952380952,0.5999999999999999,139-003,Bhir Mound,13,False
250,0.5952380952380952,0.5999999999999999,139-004,Sirkap,3,True
250,0.5952380952380952,0.5999999999999999,139-005,Sirsukh,7,False
250,0.5952380952380952,0.5999999999999999,139-006,Dharmarajika,4,False
250,0.5952380952380952,0.5999999999999999,139-007,Khader Mohra,11,False
250,0.5952380952380952,0.5999999999999999,139-008,Kalawan,8,False
250,0.5952380952380952,0.5999999999999999,139-009,Giri complex,5,False
250,0.5952380952380952,0.5999999999999999,139-010,Kunala,6,False
250,0.5952380952380952,0.5999999999999999,139-011,Jandial,16,False
250,0.5952380952380952,0.5999999999999999,139-012,Lalchak / Badalpur,17,False
250,0.5952380952380952,0.5999999999999999,139-013,Mohra Moradu,14,False
250,0.5952380952380952,0.5999999999999999,139-014,Pippala,9,False
250,0.5952380952380952,0.5999999999999999,139-015,Jaulian,2,True
250,0.5952380952380952,0.5999999999999999,139-016,Lalchak mounds,12,False
250,0.5952380952380952,0.5999999999999999,139-017,Bhallar,10,False
250,0.5952380952380952,0.5999999999999999,139-018,Giri Mosque / tombs,1,True
250,0.5999999999999999,0.6027987082884821,139-001,Khanpur Cave,15,False
250,0.5999999999999999,0.6027987082884821,139-003,Bhir Mound,13,False
250,0.5999999999999999,0.6027987082884821,139-004,Sirkap,3,True
250,0.5999999999999999,0.6027987082884821,139-005,Sirsukh,7,False
250,0.5999999999999999,0.6027987082884821,139-006,Dharmarajika,4,False
250,0.5999999999999999,0.6027987082884821,139-007,Khader Mohra,12,False
250,0.5999999999999999,0.6027987082884821,139-008,Kalawan,8,False
250,0.5999999999999999,0.6027987082884821,139-009,Giri complex,5,False
250,0.5999999999999999,0.6027987082884821,139-010,Kunala,6,False
250,0.5999999999999999,0.6027987082884821,139-011,Jandial,16,False
250,0.5999999999999999,0.6027987082884821,139-012,Lalchak / Badalpur,17,False
250,0.5999999999999999,0.6027987082884821,139-013,Mohra Moradu,14,False
250,0.5999999999999999,0.6027987082884821,139-014,Pippala,9,False
250,0.5999999999999999,0.6027987082884821,139-015,Jaulian,2,True
250,0.5999999999999999,0.6027987082884821,139-016,Lalchak mounds,11,False
250,0.5999999999999999,0.6027987082884821,139-017,Bhallar,10,False
250,0.5999999999999999,0.6027987082884821,139-018,Giri Mosque / tombs,1,True
250,0.6027987082884821,0.6100795755968168,139-001,Khanpur Cave,15,False
250,0.6027987082884821,0.6100795755968168,139-003,Bhir Mound,13,False
250,0.6027987082884821,0.6100795755968168,139-004,Sirkap,2,True
250,0.6027987082884821,0.6100795755968168,139-005,Sirsukh,7,False
250,0.6027987082884821,0.6100795755968168,139-006,Dharmarajika,4,False
250,0.6027987082884821,0.6100795755968168,139-007,Khader Mohra,12,False
250,0.6027987082884821,0.6100795755968168,139-008,Kalawan,8,False
250,0.6027987082884821,0.6100795755968168,139-009,Giri complex,5,False
250,0.6027987082884821,0.6100795755968168,139-010,Kunala,6,False
250,0.6027987082884821,0.6100795755968168,139-011,Jandial,16,False
250,0.6027987082884821,0.6100795755968168,139-012,Lalchak / Badalpur,17,False
250,0.6027987082884821,0.6100795755968168,139-013,Mohra Moradu,14,False
250,0.6027987082884821,0.6100795755968168,139-014,Pippala,9,False
250,0.6027987082884821,0.6100795755968168,139-015,Jaulian,3,True
250,0.6027987082884821,0.6100795755968168,139-016,Lalchak mounds,11,False
250,0.6027987082884821,0.6100795755968168,139-017,Bhallar,10,False
250,0.6027987082884821,0.6100795755968168,139-018,Giri Mosque / tombs,1,True
250,0.6100795755968168,0.6106870229007633,139-001,Khanpur Cave,15,False
250,0.6100795755968168,0.6106870229007633,139-003,Bhir Mound,13,False
250,0.6100795755968168,0.6106870229007633,139-004,Sirkap,2,True
250,0.6100795755968168,0.6106870229007633,139-005,Sirsukh,7,False
250,0.6100795755968168,0.6106870229007633,139-006,Dharmarajika,4,False
250,0.6100795755968168,0.6106870229007633,139-007,Khader Mohra,12,False
250,0.6100795755968168,0.6106870229007633,139-008,Kalawan,8,False
250,0.6100795755968168,0.6106870229007633,139-009,Giri complex,5,False
250,0.6100795755968168,0.6106870229007633,139-010,Kunala,6,False
250,0.6100795755968168,0.6106870229007633,139-011,Jandial,16,False
250,0.6100795755968168,0.6106870229007633,139-012,Lalchak / Badalpur,17,False
250,0.6100795755968168,0.6106870229007633,139-013,Mohra Moradu,14,False
250,0.6100795755968168,0.6106870229007633,139-014,Pippala,9,False
250,0.6100795755968168,0.6106870229007633,139-015,Jaulian,3,True
250,0.6100795755968168,0.6106870229007633,139-016,Lalchak mounds,10,False
250,0.6100795755968168,0.6106870229007633,139-017,Bhallar,11,False
250,0.6100795755968168,0.6106870229007633,139-018,Giri Mosque / tombs,1,True
250,0.6106870229007633,0.6117647058823528,139-001,Khanpur Cave,15,False
250,0.6106870229007633,0.6117647058823528,139-003,Bhir Mound,13,False
250,0.6106870229007633,0.6117647058823528,139-004,Sirkap,2,True
250,0.6106870229007633,0.6117647058823528,139-005,Sirsukh,7,False
250,0.6106870229007633,0.6117647058823528,139-006,Dharmarajika,4,False
250,0.6106870229007633,0.6117647058823528,139-007,Khader Mohra,12,False
250,0.6106870229007633,0.6117647058823528,139-008,Kalawan,8,False
250,0.6106870229007633,0.6117647058823528,139-009,Giri complex,6,False
250,0.6106870229007633,0.6117647058823528,139-010,Kunala,5,False
250,0.6106870229007633,0.6117647058823528,139-011,Jandial,16,False
250,0.6106870229007633,0.6117647058823528,139-012,Lalchak / Badalpur,17,False
250,0.6106870229007633,0.6117647058823528,139-013,Mohra Moradu,14,False
250,0.6106870229007633,0.6117647058823528,139-014,Pippala,9,False
250,0.6106870229007633,0.6117647058823528,139-015,Jaulian,3,True
250,0.6106870229007633,0.6117647058823528,139-016,Lalchak mounds,10,False
250,0.6106870229007633,0.6117647058823528,139-017,Bhallar,11,False
250,0.6106870229007633,0.6117647058823528,139-018,Giri Mosque / tombs,1,True
250,0.6117647058823528,0.6158833063209075,139-001,Khanpur Cave,15,False
250,0.6117647058823528,0.6158833063209075,139-003,Bhir Mound,13,False
250,0.6117647058823528,0.6158833063209075,139-004,Sirkap,2,True
250,0.6117647058823528,0.6158833063209075,139-005,Sirsukh,7,False
250,0.6117647058823528,0.6158833063209075,139-006,Dharmarajika,3,True
250,0.6117647058823528,0.6158833063209075,139-007,Khader Mohra,12,False
250,0.6117647058823528,0.6158833063209075,139-008,Kalawan,8,False
250,0.6117647058823528,0.6158833063209075,139-009,Giri complex,6,False
250,0.6117647058823528,0.6158833063209075,139-010,Kunala,5,False
250,0.6117647058823528,0.6158833063209075,139-011,Jandial,16,False
250,0.6117647058823528,0.6158833063209075,139-012,Lalchak / Badalpur,17,False
250,0.6117647058823528,0.6158833063209075,139-013,Mohra Moradu,14,False
250,0.6117647058823528,0.6158833063209075,139-014,Pippala,9,False
250,0.6117647058823528,0.6158833063209075,139-015,Jaulian,4,False
250,0.6117647058823528,0.6158833063209075,139-016,Lalchak mounds,10,False
250,0.6117647058823528,0.6158833063209075,139-017,Bhallar,11,False
250,0.6117647058823528,0.6158833063209075,139-018,Giri Mosque / tombs,1,True
250,0.6158833063209075,0.6206896551724139,139-001,Khanpur Cave,15,False
250,0.6158833063209075,0.6206896551724139,139-003,Bhir Mound,12,False
250,0.6158833063209075,0.6206896551724139,139-004,Sirkap,2,True
250,0.6158833063209075,0.6206896551724139,139-005,Sirsukh,7,False
250,0.6158833063209075,0.6206896551724139,139-006,Dharmarajika,3,True
250,0.6158833063209075,0.6206896551724139,139-007,Khader Mohra,13,False
250,0.6158833063209075,0.6206896551724139,139-008,Kalawan,8,False
250,0.6158833063209075,0.6206896551724139,139-009,Giri complex,6,False
250,0.6158833063209075,0.6206896551724139,139-010,Kunala,5,False
250,0.6158833063209075,0.6206896551724139,139-011,Jandial,16,False
250,0.6158833063209075,0.6206896551724139,139-012,Lalchak / Badalpur,17,False
250,0.6158833063209075,0.6206896551724139,139-013,Mohra Moradu,14,False
250,0.6158833063209075,0.6206896551724139,139-014,Pippala,9,False
250,0.6158833063209075,0.6206896551724139,139-015,Jaulian,4,False
250,0.6158833063209075,0.6206896551724139,139-016,Lalchak mounds,10,False
250,0.6158833063209075,0.6206896551724139,139-017,Bhallar,11,False
250,0.6158833063209075,0.6206896551724139,139-018,Giri Mosque / tombs,1,True
250,0.6206896551724139,0.6249999999999999,139-001,Khanpur Cave,15,False
250,0.6206896551724139,0.6249999999999999,139-003,Bhir Mound,12,False
250,0.6206896551724139,0.6249999999999999,139-004,Sirkap,2,True
250,0.6206896551724139,0.6249999999999999,139-005,Sirsukh,7,False
250,0.6206896551724139,0.6249999999999999,139-006,Dharmarajika,3,True
250,0.6206896551724139,0.6249999999999999,139-007,Khader Mohra,13,False
250,0.6206896551724139,0.6249999999999999,139-008,Kalawan,8,False
250,0.6206896551724139,0.6249999999999999,139-009,Giri complex,6,False
250,0.6206896551724139,0.6249999999999999,139-010,Kunala,5,False
250,0.6206896551724139,0.6249999999999999,139-011,Jandial,16,False
250,0.6206896551724139,0.6249999999999999,139-012,Lalchak / Badalpur,17,False
250,0.6206896551724139,0.6249999999999999,139-013,Mohra Moradu,14,False
250,0.6206896551724139,0.6249999999999999,139-014,Pippala,10,False
250,0.6206896551724139,0.6249999999999999,139-015,Jaulian,4,False
250,0.6206896551724139,0.6249999999999999,139-016,Lalchak mounds,9,False
250,0.6206896551724139,0.6249999999999999,139-017,Bhallar,11,False
250,0.6206896551724139,0.6249999999999999,139-018,Giri Mosque / tombs,1,True
250,0.6249999999999999,0.6312292358803987,139-001,Khanpur Cave,15,False
250,0.6249999999999999,0.6312292358803987,139-003,Bhir Mound,11,False
250,0.6249999999999999,0.6312292358803987,139-004,Sirkap,2,True
250,0.6249999999999999,0.6312292358803987,139-005,Sirsukh,7,False
250,0.6249999999999999,0.6312292358803987,139-006,Dharmarajika,3,True
250,0.6249999999999999,0.6312292358803987,139-007,Khader Mohra,13,False
250,0.6249999999999999,0.6312292358803987,139-008,Kalawan,8,False
250,0.6249999999999999,0.6312292358803987,139-009,Giri complex,6,False
250,0.6249999999999999,0.6312292358803987,139-010,Kunala,5,False
250,0.6249999999999999,0.6312292358803987,139-011,Jandial,16,False
250,0.6249999999999999,0.6312292358803987,139-012,Lalchak / Badalpur,17,False
250,0.6249999999999999,0.6312292358803987,139-013,Mohra Moradu,14,False
250,0.6249999999999999,0.6312292358803987,139-014,Pippala,10,False
250,0.6249999999999999,0.6312292358803987,139-015,Jaulian,4,False
250,0.6249999999999999,0.6312292358803987,139-016,Lalchak mounds,9,False
250,0.6249999999999999,0.6312292358803987,139-017,Bhallar,12,False
250,0.6249999999999999,0.6312292358803987,139-018,Giri Mosque / tombs,1,True
250,0.6312292358803987,0.631578947368421,139-001,Khanpur Cave,15,False
250,0.6312292358803987,0.631578947368421,139-003,Bhir Mound,10,False
250,0.6312292358803987,0.631578947368421,139-004,Sirkap,2,True
250,0.6312292358803987,0.631578947368421,139-005,Sirsukh,7,False
250,0.6312292358803987,0.631578947368421,139-006,Dharmarajika,3,True
250,0.6312292358803987,0.631578947368421,139-007,Khader Mohra,13,False
250,0.6312292358803987,0.631578947368421,139-008,Kalawan,8,False
250,0.6312292358803987,0.631578947368421,139-009,Giri complex,6,False
250,0.6312292358803987,0.631578947368421,139-010,Kunala,5,False
250,0.6312292358803987,0.631578947368421,139-011,Jandial,16,False
250,0.6312292358803987,0.631578947368421,139-012,Lalchak / Badalpur,17,False
250,0.6312292358803987,0.631578947368421,139-013,Mohra Moradu,14,False
250,0.6312292358803987,0.631578947368421,139-014,Pippala,11,False
250,0.6312292358803987,0.631578947368421,139-015,Jaulian,4,False
250,0.6312292358803987,0.631578947368421,139-016,Lalchak mounds,9,False
250,0.6312292358803987,0.631578947368421,139-017,Bhallar,12,False
250,0.6312292358803987,0.631578947368421,139-018,Giri Mosque / tombs,1,True
250,0.631578947368421,0.6378132118451024,139-001,Khanpur Cave,15,False
250,0.631578947368421,0.6378132118451024,139-003,Bhir Mound,10,False
250,0.631578947368421,0.6378132118451024,139-004,Sirkap,2,True
250,0.631578947368421,0.6378132118451024,139-005,Sirsukh,7,False
250,0.631578947368421,0.6378132118451024,139-006,Dharmarajika,3,True
250,0.631578947368421,0.6378132118451024,139-007,Khader Mohra,13,False
250,0.631578947368421,0.6378132118451024,139-008,Kalawan,8,False
250,0.631578947368421,0.6378132118451024,139-009,Giri complex,6,False
250,0.631578947368421,0.6378132118451024,139-010,Kunala,4,False
250,0.631578947368421,0.6378132118451024,139-011,Jandial,16,False
250,0.631578947368421,0.6378132118451024,139-012,Lalchak / Badalpur,17,False
250,0.631578947368421,0.6378132118451024,139-013,Mohra Moradu,14,False
250,0.631578947368421,0.6378132118451024,139-014,Pippala,11,False
250,0.631578947368421,0.6378132118451024,139-015,Jaulian,5,False
250,0.631578947368421,0.6378132118451024,139-016,Lalchak mounds,9,False
250,0.631578947368421,0.6378132118451024,139-017,Bhallar,12,False
250,0.631578947368421,0.6378132118451024,139-018,Giri Mosque / tombs,1,True
250,0.6378132118451024,0.6382978723404256,139-001,Khanpur Cave,15,False
250,0.6378132118451024,0.6382978723404256,139-003,Bhir Mound,10,False
250,0.6378132118451024,0.6382978723404256,139-004,Sirkap,2,True
250,0.6378132118451024,0.6382978723404256,139-005,Sirsukh,7,False
250,0.6378132118451024,0.6382978723404256,139-006,Dharmarajika,3,True
250,0.6378132118451024,0.6382978723404256,139-007,Khader Mohra,13,False
250,0.6378132118451024,0.6382978723404256,139-008,Kalawan,8,False
250,0.6378132118451024,0.6382978723404256,139-009,Giri complex,5,False
250,0.6378132118451024,0.6382978723404256,139-010,Kunala,4,False
250,0.6378132118451024,0.6382978723404256,139-011,Jandial,16,False
250,0.6378132118451024,0.6382978723404256,139-012,Lalchak / Badalpur,17,False
250,0.6378132118451024,0.6382978723404256,139-013,Mohra Moradu,14,False
250,0.6378132118451024,0.6382978723404256,139-014,Pippala,11,False
250,0.6378132118451024,0.6382978723404256,139-015,Jaulian,6,False
250,0.6378132118451024,0.6382978723404256,139-016,Lalchak mounds,9,False
250,0.6378132118451024,0.6382978723404256,139-017,Bhallar,12,False
250,0.6378132118451024,0.6382978723404256,139-018,Giri Mosque / tombs,1,True
250,0.6382978723404256,0.6499999999999999,139-001,Khanpur Cave,15,False
250,0.6382978723404256,0.6499999999999999,139-003,Bhir Mound,10,False
250,0.6382978723404256,0.6499999999999999,139-004,Sirkap,2,True
250,0.6382978723404256,0.6499999999999999,139-005,Sirsukh,7,False
250,0.6382978723404256,0.6499999999999999,139-006,Dharmarajika,3,True
250,0.6382978723404256,0.6499999999999999,139-007,Khader Mohra,13,False
250,0.6382978723404256,0.6499999999999999,139-008,Kalawan,8,False
250,0.6382978723404256,0.6499999999999999,139-009,Giri complex,5,False
250,0.6382978723404256,0.6499999999999999,139-010,Kunala,4,False
250,0.6382978723404256,0.6499999999999999,139-011,Jandial,17,False
250,0.6382978723404256,0.6499999999999999,139-012,Lalchak / Badalpur,16,False
250,0.6382978723404256,0.6499999999999999,139-013,Mohra Moradu,14,False
250,0.6382978723404256,0.6499999999999999,139-014,Pippala,11,False
250,0.6382978723404256,0.6499999999999999,139-015,Jaulian,6,False
250,0.6382978723404256,0.6499999999999999,139-016,Lalchak mounds,9,False
250,0.6382978723404256,0.6499999999999999,139-017,Bhallar,12,False
250,0.6382978723404256,0.6499999999999999,139-018,Giri Mosque / tombs,1,True
250,0.6499999999999999,0.6586826347305387,139-001,Khanpur Cave,15,False
250,0.6499999999999999,0.6586826347305387,139-003,Bhir Mound,10,False
250,0.6499999999999999,0.6586826347305387,139-004,Sirkap,2,True
250,0.6499999999999999,0.6586826347305387,139-005,Sirsukh,6,False
250,0.6499999999999999,0.6586826347305387,139-006,Dharmarajika,3,True
250,0.6499999999999999,0.6586826347305387,139-007,Khader Mohra,13,False
250,0.6499999999999999,0.6586826347305387,139-008,Kalawan,8,False
250,0.6499999999999999,0.6586826347305387,139-009,Giri complex,5,False
250,0.6499999999999999,0.6586826347305387,139-010,Kunala,4,False
250,0.6499999999999999,0.6586826347305387,139-011,Jandial,17,False
250,0.6499999999999999,0.6586826347305387,139-012,Lalchak / Badalpur,16,False
250,0.6499999999999999,0.6586826347305387,139-013,Mohra Moradu,14,False
250,0.6499999999999999,0.6586826347305387,139-014,Pippala,11,False
250,0.6499999999999999,0.6586826347305387,139-015,Jaulian,7,False
250,0.6499999999999999,0.6586826347305387,139-016,Lalchak mounds,9,False
250,0.6499999999999999,0.6586826347305387,139-017,Bhallar,12,False
250,0.6499999999999999,0.6586826347305387,139-018,Giri Mosque / tombs,1,True
250,0.6586826347305387,0.6686046511627906,139-001,Khanpur Cave,15,False
250,0.6586826347305387,0.6686046511627906,139-003,Bhir Mound,9,False
250,0.6586826347305387,0.6686046511627906,139-004,Sirkap,2,True
250,0.6586826347305387,0.6686046511627906,139-005,Sirsukh,6,False
250,0.6586826347305387,0.6686046511627906,139-006,Dharmarajika,3,True
250,0.6586826347305387,0.6686046511627906,139-007,Khader Mohra,13,False
250,0.6586826347305387,0.6686046511627906,139-008,Kalawan,8,False
250,0.6586826347305387,0.6686046511627906,139-009,Giri complex,5,False
250,0.6586826347305387,0.6686046511627906,139-010,Kunala,4,False
250,0.6586826347305387,0.6686046511627906,139-011,Jandial,17,False
250,0.6586826347305387,0.6686046511627906,139-012,Lalchak / Badalpur,16,False
250,0.6586826347305387,0.6686046511627906,139-013,Mohra Moradu,14,False
250,0.6586826347305387,0.6686046511627906,139-014,Pippala,11,False
250,0.6586826347305387,0.6686046511627906,139-015,Jaulian,7,False
250,0.6586826347305387,0.6686046511627906,139-016,Lalchak mounds,10,False
250,0.6586826347305387,0.6686046511627906,139-017,Bhallar,12,False
250,0.6586826347305387,0.6686046511627906,139-018,Giri Mosque / tombs,1,True
250,0.6686046511627906,0.6832298136645961,139-001,Khanpur Cave,15,False
250,0.6686046511627906,0.6832298136645961,139-003,Bhir Mound,9,False
250,0.6686046511627906,0.6832298136645961,139-004,Sirkap,2,True
250,0.6686046511627906,0.6832298136645961,139-005,Sirsukh,6,False
250,0.6686046511627906,0.6832298136645961,139-006,Dharmarajika,3,True
250,0.6686046511627906,0.6832298136645961,139-007,Khader Mohra,13,False
250,0.6686046511627906,0.6832298136645961,139-008,Kalawan,7,False
250,0.6686046511627906,0.6832298136645961,139-009,Giri complex,5,False
250,0.6686046511627906,0.6832298136645961,139-010,Kunala,4,False
250,0.6686046511627906,0.6832298136645961,139-011,Jandial,17,False
250,0.6686046511627906,0.6832298136645961,139-012,Lalchak / Badalpur,16,False
250,0.6686046511627906,0.6832298136645961,139-013,Mohra Moradu,14,False
250,0.6686046511627906,0.6832298136645961,139-014,Pippala,11,False
250,0.6686046511627906,0.6832298136645961,139-015,Jaulian,8,False
250,0.6686046511627906,0.6832298136645961,139-016,Lalchak mounds,10,False
250,0.6686046511627906,0.6832298136645961,139-017,Bhallar,12,False
250,0.6686046511627906,0.6832298136645961,139-018,Giri Mosque / tombs,1,True
250,0.6832298136645961,0.6896551724137933,139-001,Khanpur Cave,15,False
250,0.6832298136645961,0.6896551724137933,139-003,Bhir Mound,9,False
250,0.6832298136645961,0.6896551724137933,139-004,Sirkap,2,True
250,0.6832298136645961,0.6896551724137933,139-005,Sirsukh,5,False
250,0.6832298136645961,0.6896551724137933,139-006,Dharmarajika,3,True
250,0.6832298136645961,0.6896551724137933,139-007,Khader Mohra,13,False
250,0.6832298136645961,0.6896551724137933,139-008,Kalawan,7,False
250,0.6832298136645961,0.6896551724137933,139-009,Giri complex,6,False
250,0.6832298136645961,0.6896551724137933,139-010,Kunala,4,False
250,0.6832298136645961,0.6896551724137933,139-011,Jandial,17,False
250,0.6832298136645961,0.6896551724137933,139-012,Lalchak / Badalpur,16,False
250,0.6832298136645961,0.6896551724137933,139-013,Mohra Moradu,14,False
250,0.6832298136645961,0.6896551724137933,139-014,Pippala,11,False
250,0.6832298136645961,0.6896551724137933,139-015,Jaulian,8,False
250,0.6832298136645961,0.6896551724137933,139-016,Lalchak mounds,10,False
250,0.6832298136645961,0.6896551724137933,139-017,Bhallar,12,False
250,0.6832298136645961,0.6896551724137933,139-018,Giri Mosque / tombs,1,True
250,0.6896551724137933,0.697384806973848,139-001,Khanpur Cave,15,False
250,0.6896551724137933,0.697384806973848,139-003,Bhir Mound,9,False
250,0.6896551724137933,0.697384806973848,139-004,Sirkap,2,True
250,0.6896551724137933,0.697384806973848,139-005,Sirsukh,5,False
250,0.6896551724137933,0.697384806973848,139-006,Dharmarajika,4,False
250,0.6896551724137933,0.697384806973848,139-007,Khader Mohra,13,False
250,0.6896551724137933,0.697384806973848,139-008,Kalawan,7,False
250,0.6896551724137933,0.697384806973848,139-009,Giri complex,6,False
250,0.6896551724137933,0.697384806973848,139-010,Kunala,3,True
250,0.6896551724137933,0.697384806973848,139-011,Jandial,17,False
250,0.6896551724137933,0.697384806973848,139-012,Lalchak / Badalpur,16,False
250,0.6896551724137933,0.697384806973848,139-013,Mohra Moradu,14,False
250,0.6896551724137933,0.697384806973848,139-014,Pippala,12,False
250,0.6896551724137933,0.697384806973848,139-015,Jaulian,8,False
250,0.6896551724137933,0.697384806973848,139-016,Lalchak mounds,10,False
250,0.6896551724137933,0.697384806973848,139-017,Bhallar,11,False
250,0.6896551724137933,0.697384806973848,139-018,Giri Mosque / tombs,1,True
250,0.697384806973848,0.7075471698113206,139-001,Khanpur Cave,15,False
250,0.697384806973848,0.7075471698113206,139-003,Bhir Mound,8,False
250,0.697384806973848,0.7075471698113206,139-004,Sirkap,2,True
250,0.697384806973848,0.7075471698113206,139-005,Sirsukh,5,False
250,0.697384806973848,0.7075471698113206,139-006,Dharmarajika,4,False
250,0.697384806973848,0.7075471698113206,139-007,Khader Mohra,13,False
250,0.697384806973848,0.7075471698113206,139-008,Kalawan,7,False
250,0.697384806973848,0.7075471698113206,139-009,Giri complex,6,False
250,0.697384806973848,0.7075471698113206,139-010,Kunala,3,True
250,0.697384806973848,0.7075471698113206,139-011,Jandial,17,False
250,0.697384806973848,0.7075471698113206,139-012,Lalchak / Badalpur,16,False
250,0.697384806973848,0.7075471698113206,139-013,Mohra Moradu,14,False
250,0.697384806973848,0.7075471698113206,139-014,Pippala,12,False
250,0.697384806973848,0.7075471698113206,139-015,Jaulian,9,False
250,0.697384806973848,0.7075471698113206,139-016,Lalchak mounds,10,False
250,0.697384806973848,0.7075471698113206,139-017,Bhallar,11,False
250,0.697384806973848,0.7075471698113206,139-018,Giri Mosque / tombs,1,True
250,0.7075471698113206,0.7228915662650599,139-001,Khanpur Cave,15,False
250,0.7075471698113206,0.7228915662650599,139-003,Bhir Mound,8,False
250,0.7075471698113206,0.7228915662650599,139-004,Sirkap,2,True
250,0.7075471698113206,0.7228915662650599,139-005,Sirsukh,5,False
250,0.7075471698113206,0.7228915662650599,139-006,Dharmarajika,4,False
250,0.7075471698113206,0.7228915662650599,139-007,Khader Mohra,13,False
250,0.7075471698113206,0.7228915662650599,139-008,Kalawan,7,False
250,0.7075471698113206,0.7228915662650599,139-009,Giri complex,6,False
250,0.7075471698113206,0.7228915662650599,139-010,Kunala,3,True
250,0.7075471698113206,0.7228915662650599,139-011,Jandial,17,False
250,0.7075471698113206,0.7228915662650599,139-012,Lalchak / Badalpur,16,False
250,0.7075471698113206,0.7228915662650599,139-013,Mohra Moradu,14,False
250,0.7075471698113206,0.7228915662650599,139-014,Pippala,12,False
250,0.7075471698113206,0.7228915662650599,139-015,Jaulian,10,False
250,0.7075471698113206,0.7228915662650599,139-016,Lalchak mounds,9,False
250,0.7075471698113206,0.7228915662650599,139-017,Bhallar,11,False
250,0.7075471698113206,0.7228915662650599,139-018,Giri Mosque / tombs,1,True
250,0.7228915662650599,0.730593607305936,139-001,Khanpur Cave,15,False
250,0.7228915662650599,0.730593607305936,139-003,Bhir Mound,8,False
250,0.7228915662650599,0.730593607305936,139-004,Sirkap,2,True
250,0.7228915662650599,0.730593607305936,139-005,Sirsukh,5,False
250,0.7228915662650599,0.730593607305936,139-006,Dharmarajika,4,False
250,0.7228915662650599,0.730593607305936,139-007,Khader Mohra,13,False
250,0.7228915662650599,0.730593607305936,139-008,Kalawan,6,False
250,0.7228915662650599,0.730593607305936,139-009,Giri complex,7,False
250,0.7228915662650599,0.730593607305936,139-010,Kunala,3,True
250,0.7228915662650599,0.730593607305936,139-011,Jandial,17,False
250,0.7228915662650599,0.730593607305936,139-012,Lalchak / Badalpur,16,False
250,0.7228915662650599,0.730593607305936,139-013,Mohra Moradu,14,False
250,0.7228915662650599,0.730593607305936,139-014,Pippala,12,False
250,0.7228915662650599,0.730593607305936,139-015,Jaulian,10,False
250,0.7228915662650599,0.730593607305936,139-016,Lalchak mounds,9,False
250,0.7228915662650599,0.730593607305936,139-017,Bhallar,11,False
250,0.7228915662650599,0.730593607305936,139-018,Giri Mosque / tombs,1,True
250,0.730593607305936,0.7428571428571429,139-001,Khanpur Cave,15,False
250,0.730593607305936,0.7428571428571429,139-003,Bhir Mound,8,False
250,0.730593607305936,0.7428571428571429,139-004,Sirkap,1,True
250,0.730593607305936,0.7428571428571429,139-005,Sirsukh,5,False
250,0.730593607305936,0.7428571428571429,139-006,Dharmarajika,4,False
250,0.730593607305936,0.7428571428571429,139-007,Khader Mohra,13,False
250,0.730593607305936,0.7428571428571429,139-008,Kalawan,6,False
250,0.730593607305936,0.7428571428571429,139-009,Giri complex,7,False
250,0.730593607305936,0.7428571428571429,139-010,Kunala,3,True
250,0.730593607305936,0.7428571428571429,139-011,Jandial,17,False
250,0.730593607305936,0.7428571428571429,139-012,Lalchak / Badalpur,16,False
250,0.730593607305936,0.7428571428571429,139-013,Mohra Moradu,14,False
250,0.730593607305936,0.7428571428571429,139-014,Pippala,12,False
250,0.730593607305936,0.7428571428571429,139-015,Jaulian,10,False
250,0.730593607305936,0.7428571428571429,139-016,Lalchak mounds,9,False
250,0.730593607305936,0.7428571428571429,139-017,Bhallar,11,False
250,0.730593607305936,0.7428571428571429,139-018,Giri Mosque / tombs,2,True
250,0.7428571428571429,0.7434944237918213,139-001,Khanpur Cave,15,False
250,0.7428571428571429,0.7434944237918213,139-003,Bhir Mound,8,False
250,0.7428571428571429,0.7434944237918213,139-004,Sirkap,1,True
250,0.7428571428571429,0.7434944237918213,139-005,Sirsukh,4,False
250,0.7428571428571429,0.7434944237918213,139-006,Dharmarajika,5,False
250,0.7428571428571429,0.7434944237918213,139-007,Khader Mohra,13,False
250,0.7428571428571429,0.7434944237918213,139-008,Kalawan,6,False
250,0.7428571428571429,0.7434944237918213,139-009,Giri complex,7,False
250,0.7428571428571429,0.7434944237918213,139-010,Kunala,3,True
250,0.7428571428571429,0.7434944237918213,139-011,Jandial,17,False
250,0.7428571428571429,0.7434944237918213,139-012,Lalchak / Badalpur,16,False
250,0.7428571428571429,0.7434944237918213,139-013,Mohra Moradu,14,False
250,0.7428571428571429,0.7434944237918213,139-014,Pippala,12,False
250,0.7428571428571429,0.7434944237918213,139-015,Jaulian,10,False
250,0.7428571428571429,0.7434944237918213,139-016,Lalchak mounds,9,False
250,0.7428571428571429,0.7434944237918213,139-017,Bhallar,11,False
250,0.7428571428571429,0.7434944237918213,139-018,Giri Mosque / tombs,2,True
250,0.7434944237918213,0.7604562737642584,139-001,Khanpur Cave,14,False
250,0.7434944237918213,0.7604562737642584,139-003,Bhir Mound,8,False
250,0.7434944237918213,0.7604562737642584,139-004,Sirkap,1,True
250,0.7434944237918213,0.7604562737642584,139-005,Sirsukh,4,False
250,0.7434944237918213,0.7604562737642584,139-006,Dharmarajika,5,False
250,0.7434944237918213,0.7604562737642584,139-007,Khader Mohra,13,False
250,0.7434944237918213,0.7604562737642584,139-008,Kalawan,6,False
250,0.7434944237918213,0.7604562737642584,139-009,Giri complex,7,False
250,0.7434944237918213,0.7604562737642584,139-010,Kunala,3,True
250,0.7434944237918213,0.7604562737642584,139-011,Jandial,17,False
250,0.7434944237918213,0.7604562737642584,139-012,Lalchak / Badalpur,16,False
250,0.7434944237918213,0.7604562737642584,139-013,Mohra Moradu,15,False
250,0.7434944237918213,0.7604562737642584,139-014,Pippala,12,False
250,0.7434944237918213,0.7604562737642584,139-015,Jaulian,10,False
250,0.7434944237918213,0.7604562737642584,139-016,Lalchak mounds,9,False
250,0.7434944237918213,0.7604562737642584,139-017,Bhallar,11,False
250,0.7434944237918213,0.7604562737642584,139-018,Giri Mosque / tombs,2,True
250,0.7604562737642584,0.7692307692307692,139-001,Khanpur Cave,14,False
250,0.7604562737642584,0.7692307692307692,139-003,Bhir Mound,8,False
250,0.7604562737642584,0.7692307692307692,139-004,Sirkap,1,True
250,0.7604562737642584,0.7692307692307692,139-005,Sirsukh,4,False
250,0.7604562737642584,0.7692307692307692,139-006,Dharmarajika,6,False
250,0.7604562737642584,0.7692307692307692,139-007,Khader Mohra,13,False
250,0.7604562737642584,0.7692307692307692,139-008,Kalawan,5,False
250,0.7604562737642584,0.7692307692307692,139-009,Giri complex,7,False
250,0.7604562737642584,0.7692307692307692,139-010,Kunala,3,True
250,0.7604562737642584,0.7692307692307692,139-011,Jandial,17,False
250,0.7604562737642584,0.7692307692307692,139-012,Lalchak / Badalpur,16,False
250,0.7604562737642584,0.7692307692307692,139-013,Mohra Moradu,15,False
250,0.7604562737642584,0.7692307692307692,139-014,Pippala,12,False
250,0.7604562737642584,0.7692307692307692,139-015,Jaulian,10,False
250,0.7604562737642584,0.7692307692307692,139-016,Lalchak mounds,9,False
250,0.7604562737642584,0.7692307692307692,139-017,Bhallar,11,False
250,0.7604562737642584,0.7692307692307692,139-018,Giri Mosque / tombs,2,True
250,0.7692307692307692,0.7936507936507936,139-001,Khanpur Cave,14,False
250,0.7692307692307692,0.7936507936507936,139-003,Bhir Mound,7,False
250,0.7692307692307692,0.7936507936507936,139-004,Sirkap,1,True
250,0.7692307692307692,0.7936507936507936,139-005,Sirsukh,4,False
250,0.7692307692307692,0.7936507936507936,139-006,Dharmarajika,6,False
250,0.7692307692307692,0.7936507936507936,139-007,Khader Mohra,13,False
250,0.7692307692307692,0.7936507936507936,139-008,Kalawan,5,False
250,0.7692307692307692,0.7936507936507936,139-009,Giri complex,8,False
250,0.7692307692307692,0.7936507936507936,139-010,Kunala,3,True
250,0.7692307692307692,0.7936507936507936,139-011,Jandial,17,False
250,0.7692307692307692,0.7936507936507936,139-012,Lalchak / Badalpur,16,False
250,0.7692307692307692,0.7936507936507936,139-013,Mohra Moradu,15,False
250,0.7692307692307692,0.7936507936507936,139-014,Pippala,12,False
250,0.7692307692307692,0.7936507936507936,139-015,Jaulian,10,False
250,0.7692307692307692,0.7936507936507936,139-016,Lalchak mounds,9,False
250,0.7692307692307692,0.7936507936507936,139-017,Bhallar,11,False
250,0.7692307692307692,0.7936507936507936,139-018,Giri Mosque / tombs,2,True
250,0.7936507936507936,0.795454545454545,139-001,Khanpur Cave,14,False
250,0.7936507936507936,0.795454545454545,139-003,Bhir Mound,6,False
250,0.7936507936507936,0.795454545454545,139-004,Sirkap,1,True
250,0.7936507936507936,0.795454545454545,139-005,Sirsukh,4,False
250,0.7936507936507936,0.795454545454545,139-006,Dharmarajika,7,False
250,0.7936507936507936,0.795454545454545,139-007,Khader Mohra,13,False
250,0.7936507936507936,0.795454545454545,139-008,Kalawan,5,False
250,0.7936507936507936,0.795454545454545,139-009,Giri complex,8,False
250,0.7936507936507936,0.795454545454545,139-010,Kunala,3,True
250,0.7936507936507936,0.795454545454545,139-011,Jandial,17,False
250,0.7936507936507936,0.795454545454545,139-012,Lalchak / Badalpur,16,False
250,0.7936507936507936,0.795454545454545,139-013,Mohra Moradu,15,False
250,0.7936507936507936,0.795454545454545,139-014,Pippala,12,False
250,0.7936507936507936,0.795454545454545,139-015,Jaulian,10,False
250,0.7936507936507936,0.795454545454545,139-016,Lalchak mounds,9,False
250,0.7936507936507936,0.795454545454545,139-017,Bhallar,11,False
250,0.7936507936507936,0.795454545454545,139-018,Giri Mosque / tombs,2,True
250,0.795454545454545,0.8374384236453202,139-001,Khanpur Cave,14,False
250,0.795454545454545,0.8374384236453202,139-003,Bhir Mound,6,False
250,0.795454545454545,0.8374384236453202,139-004,Sirkap,1,True
250,0.795454545454545,0.8374384236453202,139-005,Sirsukh,5,False
250,0.795454545454545,0.8374384236453202,139-006,Dharmarajika,7,False
250,0.795454545454545,0.8374384236453202,139-007,Khader Mohra,13,False
250,0.795454545454545,0.8374384236453202,139-008,Kalawan,4,False
250,0.795454545454545,0.8374384236453202,139-009,Giri complex,8,False
250,0.795454545454545,0.8374384236453202,139-010,Kunala,3,True
250,0.795454545454545,0.8374384236453202,139-011,Jandial,17,False
250,0.795454545454545,0.8374384236453202,139-012,Lalchak / Badalpur,16,False
250,0.795454545454545,0.8374384236453202,139-013,Mohra Moradu,15,False
250,0.795454545454545,0.8374384236453202,139-014,Pippala,12,False
250,0.795454545454545,0.8374384236453202,139-015,Jaulian,10,False
250,0.795454545454545,0.8374384236453202,139-016,Lalchak mounds,9,False
250,0.795454545454545,0.8374384236453202,139-017,Bhallar,11,False
250,0.795454545454545,0.8374384236453202,139-018,Giri Mosque / tombs,2,True
250,0.8374384236453202,0.8474576271186436,139-001,Khanpur Cave,14,False
250,0.8374384236453202,0.8474576271186436,139-003,Bhir Mound,5,False
250,0.8374384236453202,0.8474576271186436,139-004,Sirkap,1,True
250,0.8374384236453202,0.8474576271186436,139-005,Sirsukh,6,False
250,0.8374384236453202,0.8474576271186436,139-006,Dharmarajika,7,False
250,0.8374384236453202,0.8474576271186436,139-007,Khader Mohra,13,False
250,0.8374384236453202,0.8474576271186436,139-008,Kalawan,4,False
250,0.8374384236453202,0.8474576271186436,139-009,Giri complex,8,False
250,0.8374384236453202,0.8474576271186436,139-010,Kunala,3,True
250,0.8374384236453202,0.8474576271186436,139-011,Jandial,17,False
250,0.8374384236453202,0.8474576271186436,139-012,Lalchak / Badalpur,16,False
250,0.8374384236453202,0.8474576271186436,139-013,Mohra Moradu,15,False
250,0.8374384236453202,0.8474576271186436,139-014,Pippala,12,False
250,0.8374384236453202,0.8474576271186436,139-015,Jaulian,10,False
250,0.8374384236453202,0.8474576271186436,139-016,Lalchak mounds,9,False
250,0.8374384236453202,0.8474576271186436,139-017,Bhallar,11,False
250,0.8374384236453202,0.8474576271186436,139-018,Giri Mosque / tombs,2,True
250,0.8474576271186436,0.8494208494208496,139-001,Khanpur Cave,14,False
250,0.8474576271186436,0.8494208494208496,139-003,Bhir Mound,5,False
250,0.8474576271186436,0.8494208494208496,139-004,Sirkap,1,True
250,0.8474576271186436,0.8494208494208496,139-005,Sirsukh,6,False
250,0.8474576271186436,0.8494208494208496,139-006,Dharmarajika,7,False
250,0.8474576271186436,0.8494208494208496,139-007,Khader Mohra,13,False
250,0.8474576271186436,0.8494208494208496,139-008,Kalawan,3,True
250,0.8474576271186436,0.8494208494208496,139-009,Giri complex,8,False
250,0.8474576271186436,0.8494208494208496,139-010,Kunala,4,False
250,0.8474576271186436,0.8494208494208496,139-011,Jandial,17,False
250,0.8474576271186436,0.8494208494208496,139-012,Lalchak / Badalpur,16,False
250,0.8474576271186436,0.8494208494208496,139-013,Mohra Moradu,15,False
250,0.8474576271186436,0.8494208494208496,139-014,Pippala,12,False
250,0.8474576271186436,0.8494208494208496,139-015,Jaulian,10,False
250,0.8474576271186436,0.8494208494208496,139-016,Lalchak mounds,9,False
250,0.8474576271186436,0.8494208494208496,139-017,Bhallar,11,False
250,0.8474576271186436,0.8494208494208496,139-018,Giri Mosque / tombs,2,True
250,0.8494208494208496,0.8510638297872339,139-001,Khanpur Cave,14,False
250,0.8494208494208496,0.8510638297872339,139-003,Bhir Mound,5,False
250,0.8494208494208496,0.8510638297872339,139-004,Sirkap,1,True
250,0.8494208494208496,0.8510638297872339,139-005,Sirsukh,6,False
250,0.8494208494208496,0.8510638297872339,139-006,Dharmarajika,7,False
250,0.8494208494208496,0.8510638297872339,139-007,Khader Mohra,13,False
250,0.8494208494208496,0.8510638297872339,139-008,Kalawan,3,True
250,0.8494208494208496,0.8510638297872339,139-009,Giri complex,8,False
250,0.8494208494208496,0.8510638297872339,139-010,Kunala,4,False
250,0.8494208494208496,0.8510638297872339,139-011,Jandial,17,False
250,0.8494208494208496,0.8510638297872339,139-012,Lalchak / Badalpur,16,False
250,0.8494208494208496,0.8510638297872339,139-013,Mohra Moradu,15,False
250,0.8494208494208496,0.8510638297872339,139-014,Pippala,12,False
250,0.8494208494208496,0.8510638297872339,139-015,Jaulian,11,False
250,0.8494208494208496,0.8510638297872339,139-016,Lalchak mounds,9,False
250,0.8494208494208496,0.8510638297872339,139-017,Bhallar,10,False
250,0.8494208494208496,0.8510638297872339,139-018,Giri Mosque / tombs,2,True
250,0.8510638297872339,0.8583690987124459,139-001,Khanpur Cave,14,False
250,0.8510638297872339,0.8583690987124459,139-003,Bhir Mound,5,False
250,0.8510638297872339,0.8583690987124459,139-004,Sirkap,1,True
250,0.8510638297872339,0.8583690987124459,139-005,Sirsukh,6,False
250,0.8510638297872339,0.8583690987124459,139-006,Dharmarajika,7,False
250,0.8510638297872339,0.8583690987124459,139-007,Khader Mohra,13,False
250,0.8510638297872339,0.8583690987124459,139-008,Kalawan,3,True
250,0.8510638297872339,0.8583690987124459,139-009,Giri complex,8,False
250,0.8510638297872339,0.8583690987124459,139-010,Kunala,4,False
250,0.8510638297872339,0.8583690987124459,139-011,Jandial,17,False
250,0.8510638297872339,0.8583690987124459,139-012,Lalchak / Badalpur,15,False
250,0.8510638297872339,0.8583690987124459,139-013,Mohra Moradu,16,False
250,0.8510638297872339,0.8583690987124459,139-014,Pippala,12,False
250,0.8510638297872339,0.8583690987124459,139-015,Jaulian,11,False
250,0.8510638297872339,0.8583690987124459,139-016,Lalchak mounds,9,False
250,0.8510638297872339,0.8583690987124459,139-017,Bhallar,10,False
250,0.8510638297872339,0.8583690987124459,139-018,Giri Mosque / tombs,2,True
250,0.8583690987124459,0.8629441624365481,139-001,Khanpur Cave,13,False
250,0.8583690987124459,0.8629441624365481,139-003,Bhir Mound,4,False
250,0.8583690987124459,0.8629441624365481,139-004,Sirkap,1,True
250,0.8583690987124459,0.8629441624365481,139-005,Sirsukh,6,False
250,0.8583690987124459,0.8629441624365481,139-006,Dharmarajika,7,False
250,0.8583690987124459,0.8629441624365481,139-007,Khader Mohra,14,False
250,0.8583690987124459,0.8629441624365481,139-008,Kalawan,3,True
250,0.8583690987124459,0.8629441624365481,139-009,Giri complex,8,False
250,0.8583690987124459,0.8629441624365481,139-010,Kunala,5,False
250,0.8583690987124459,0.8629441624365481,139-011,Jandial,17,False
250,0.8583690987124459,0.8629441624365481,139-012,Lalchak / Badalpur,15,False
250,0.8583690987124459,0.8629441624365481,139-013,Mohra Moradu,16,False
250,0.8583690987124459,0.8629441624365481,139-014,Pippala,12,False
250,0.8583690987124459,0.8629441624365481,139-015,Jaulian,11,False
250,0.8583690987124459,0.8629441624365481,139-016,Lalchak mounds,9,False
250,0.8583690987124459,0.8629441624365481,139-017,Bhallar,10,False
250,0.8583690987124459,0.8629441624365481,139-018,Giri Mosque / tombs,2,True
250,0.8629441624365481,0.8695652173913048,139-001,Khanpur Cave,13,False
250,0.8629441624365481,0.8695652173913048,139-003,Bhir Mound,4,False
250,0.8629441624365481,0.8695652173913048,139-004,Sirkap,1,True
250,0.8629441624365481,0.8695652173913048,139-005,Sirsukh,6,False
250,0.8629441624365481,0.8695652173913048,139-006,Dharmarajika,7,False
250,0.8629441624365481,0.8695652173913048,139-007,Khader Mohra,14,False
250,0.8629441624365481,0.8695652173913048,139-008,Kalawan,3,True
250,0.8629441624365481,0.8695652173913048,139-009,Giri complex,9,False
250,0.8629441624365481,0.8695652173913048,139-010,Kunala,5,False
250,0.8629441624365481,0.8695652173913048,139-011,Jandial,17,False
250,0.8629441624365481,0.8695652173913048,139-012,Lalchak / Badalpur,15,False
250,0.8629441624365481,0.8695652173913048,139-013,Mohra Moradu,16,False
250,0.8629441624365481,0.8695652173913048,139-014,Pippala,12,False
250,0.8629441624365481,0.8695652173913048,139-015,Jaulian,11,False
250,0.8629441624365481,0.8695652173913048,139-016,Lalchak mounds,8,False
250,0.8629441624365481,0.8695652173913048,139-017,Bhallar,10,False
250,0.8629441624365481,0.8695652173913048,139-018,Giri Mosque / tombs,2,True
250,0.8695652173913048,0.8955223880597012,139-001,Khanpur Cave,13,False
250,0.8695652173913048,0.8955223880597012,139-003,Bhir Mound,3,True
250,0.8695652173913048,0.8955223880597012,139-004,Sirkap,1,True
250,0.8695652173913048,0.8955223880597012,139-005,Sirsukh,6,False
250,0.8695652173913048,0.8955223880597012,139-006,Dharmarajika,7,False
250,0.8695652173913048,0.8955223880597012,139-007,Khader Mohra,14,False
250,0.8695652173913048,0.8955223880597012,139-008,Kalawan,4,False
250,0.8695652173913048,0.8955223880597012,139-009,Giri complex,9,False
250,0.8695652173913048,0.8955223880597012,139-010,Kunala,5,False
250,0.8695652173913048,0.8955223880597012,139-011,Jandial,17,False
250,0.8695652173913048,0.8955223880597012,139-012,Lalchak / Badalpur,15,False
250,0.8695652173913048,0.8955223880597012,139-013,Mohra Moradu,16,False
250,0.8695652173913048,0.8955223880597012,139-014,Pippala,12,False
250,0.8695652173913048,0.8955223880597012,139-015,Jaulian,11,False
250,0.8695652173913048,0.8955223880597012,139-016,Lalchak mounds,8,False
250,0.8695652173913048,0.8955223880597012,139-017,Bhallar,10,False
250,0.8695652173913048,0.8955223880597012,139-018,Giri Mosque / tombs,2,True
250,0.8955223880597012,0.9004739336492892,139-001,Khanpur Cave,13,False
250,0.8955223880597012,0.9004739336492892,139-003,Bhir Mound,3,True
250,0.8955223880597012,0.9004739336492892,139-004,Sirkap,1,True
250,0.8955223880597012,0.9004739336492892,139-005,Sirsukh,6,False
250,0.8955223880597012,0.9004739336492892,139-006,Dharmarajika,7,False
250,0.8955223880597012,0.9004739336492892,139-007,Khader Mohra,14,False
250,0.8955223880597012,0.9004739336492892,139-008,Kalawan,4,False
250,0.8955223880597012,0.9004739336492892,139-009,Giri complex,9,False
250,0.8955223880597012,0.9004739336492892,139-010,Kunala,5,False
250,0.8955223880597012,0.9004739336492892,139-011,Jandial,17,False
250,0.8955223880597012,0.9004739336492892,139-012,Lalchak / Badalpur,15,False
250,0.8955223880597012,0.9004739336492892,139-013,Mohra Moradu,16,False
250,0.8955223880597012,0.9004739336492892,139-014,Pippala,11,False
250,0.8955223880597012,0.9004739336492892,139-015,Jaulian,12,False
250,0.8955223880597012,0.9004739336492892,139-016,Lalchak mounds,8,False
250,0.8955223880597012,0.9004739336492892,139-017,Bhallar,10,False
250,0.8955223880597012,0.9004739336492892,139-018,Giri Mosque / tombs,2,True
250,0.9004739336492892,0.903954802259887,139-001,Khanpur Cave,13,False
250,0.9004739336492892,0.903954802259887,139-003,Bhir Mound,3,True
250,0.9004739336492892,0.903954802259887,139-004,Sirkap,1,True
250,0.9004739336492892,0.903954802259887,139-005,Sirsukh,6,False
250,0.9004739336492892,0.903954802259887,139-006,Dharmarajika,8,False
250,0.9004739336492892,0.903954802259887,139-007,Khader Mohra,14,False
250,0.9004739336492892,0.903954802259887,139-008,Kalawan,4,False
250,0.9004739336492892,0.903954802259887,139-009,Giri complex,9,False
250,0.9004739336492892,0.903954802259887,139-010,Kunala,5,False
250,0.9004739336492892,0.903954802259887,139-011,Jandial,17,False
250,0.9004739336492892,0.903954802259887,139-012,Lalchak / Badalpur,15,False
250,0.9004739336492892,0.903954802259887,139-013,Mohra Moradu,16,False
250,0.9004739336492892,0.903954802259887,139-014,Pippala,11,False
250,0.9004739336492892,0.903954802259887,139-015,Jaulian,12,False
250,0.9004739336492892,0.903954802259887,139-016,Lalchak mounds,7,False
250,0.9004739336492892,0.903954802259887,139-017,Bhallar,10,False
250,0.9004739336492892,0.903954802259887,139-018,Giri Mosque / tombs,2,True
250,0.903954802259887,0.9069212410501193,139-001,Khanpur Cave,13,False
250,0.903954802259887,0.9069212410501193,139-003,Bhir Mound,2,True
250,0.903954802259887,0.9069212410501193,139-004,Sirkap,1,True
250,0.903954802259887,0.9069212410501193,139-005,Sirsukh,6,False
250,0.903954802259887,0.9069212410501193,139-006,Dharmarajika,8,False
250,0.903954802259887,0.9069212410501193,139-007,Khader Mohra,14,False
250,0.903954802259887,0.9069212410501193,139-008,Kalawan,4,False
250,0.903954802259887,0.9069212410501193,139-009,Giri complex,9,False
250,0.903954802259887,0.9069212410501193,139-010,Kunala,5,False
250,0.903954802259887,0.9069212410501193,139-011,Jandial,17,False
250,0.903954802259887,0.9069212410501193,139-012,Lalchak / Badalpur,15,False
250,0.903954802259887,0.9069212410501193,139-013,Mohra Moradu,16,False
250,0.903954802259887,0.9069212410501193,139-014,Pippala,11,False
250,0.903954802259887,0.9069212410501193,139-015,Jaulian,12,False
250,0.903954802259887,0.9069212410501193,139-016,Lalchak mounds,7,False
250,0.903954802259887,0.9069212410501193,139-017,Bhallar,10,False
250,0.903954802259887,0.9069212410501193,139-018,Giri Mosque / tombs,3,True
250,0.9069212410501193,0.9134615384615382,139-001,Khanpur Cave,12,False
250,0.9069212410501193,0.9134615384615382,139-003,Bhir Mound,2,True
250,0.9069212410501193,0.9134615384615382,139-004,Sirkap,1,True
250,0.9069212410501193,0.9134615384615382,139-005,Sirsukh,6,False
250,0.9069212410501193,0.9134615384615382,139-006,Dharmarajika,8,False
250,0.9069212410501193,0.9134615384615382,139-007,Khader Mohra,14,False
250,0.9069212410501193,0.9134615384615382,139-008,Kalawan,4,False
250,0.9069212410501193,0.9134615384615382,139-009,Giri complex,9,False
250,0.9069212410501193,0.9134615384615382,139-010,Kunala,5,False
250,0.9069212410501193,0.9134615384615382,139-011,Jandial,17,False
250,0.9069212410501193,0.9134615384615382,139-012,Lalchak / Badalpur,15,False
250,0.9069212410501193,0.9134615384615382,139-013,Mohra Moradu,16,False
250,0.9069212410501193,0.9134615384615382,139-014,Pippala,11,False
250,0.9069212410501193,0.9134615384615382,139-015,Jaulian,13,False
250,0.9069212410501193,0.9134615384615382,139-016,Lalchak mounds,7,False
250,0.9069212410501193,0.9134615384615382,139-017,Bhallar,10,False
250,0.9069212410501193,0.9134615384615382,139-018,Giri Mosque / tombs,3,True
250,0.9134615384615382,0.9174311926605505,139-001,Khanpur Cave,12,False
250,0.9134615384615382,0.9174311926605505,139-003,Bhir Mound,2,True
250,0.9134615384615382,0.9174311926605505,139-004,Sirkap,1,True
250,0.9134615384615382,0.9174311926605505,139-005,Sirsukh,6,False
250,0.9134615384615382,0.9174311926605505,139-006,Dharmarajika,8,False
250,0.9134615384615382,0.9174311926605505,139-007,Khader Mohra,14,False
250,0.9134615384615382,0.9174311926605505,139-008,Kalawan,3,True
250,0.9134615384615382,0.9174311926605505,139-009,Giri complex,9,False
250,0.9134615384615382,0.9174311926605505,139-010,Kunala,5,False
250,0.9134615384615382,0.9174311926605505,139-011,Jandial,17,False
250,0.9134615384615382,0.9174311926605505,139-012,Lalchak / Badalpur,15,False
250,0.9134615384615382,0.9174311926605505,139-013,Mohra Moradu,16,False
250,0.9134615384615382,0.9174311926605505,139-014,Pippala,11,False
250,0.9134615384615382,0.9174311926605505,139-015,Jaulian,13,False
250,0.9134615384615382,0.9174311926605505,139-016,Lalchak mounds,7,False
250,0.9134615384615382,0.9174311926605505,139-017,Bhallar,10,False
250,0.9134615384615382,0.9174311926605505,139-018,Giri Mosque / tombs,4,False
250,0.9174311926605505,0.9302325581395346,139-001,Khanpur Cave,11,False
250,0.9174311926605505,0.9302325581395346,139-003,Bhir Mound,2,True
250,0.9174311926605505,0.9302325581395346,139-004,Sirkap,1,True
250,0.9174311926605505,0.9302325581395346,139-005,Sirsukh,6,False
250,0.9174311926605505,0.9302325581395346,139-006,Dharmarajika,8,False
250,0.9174311926605505,0.9302325581395346,139-007,Khader Mohra,14,False
250,0.9174311926605505,0.9302325581395346,139-008,Kalawan,3,True
250,0.9174311926605505,0.9302325581395346,139-009,Giri complex,9,False
250,0.9174311926605505,0.9302325581395346,139-010,Kunala,5,False
250,0.9174311926605505,0.9302325581395346,139-011,Jandial,17,False
250,0.9174311926605505,0.9302325581395346,139-012,Lalchak / Badalpur,15,False
250,0.9174311926605505,0.9302325581395346,139-013,Mohra Moradu,16,False
250,0.9174311926605505,0.9302325581395346,139-014,Pippala,12,False
250,0.9174311926605505,0.9302325581395346,139-015,Jaulian,13,False
250,0.9174311926605505,0.9302325581395346,139-016,Lalchak mounds,7,False
250,0.9174311926605505,0.9302325581395346,139-017,Bhallar,10,False
250,0.9174311926605505,0.9302325581395346,139-018,Giri Mosque / tombs,4,False
250,0.9302325581395346,0.9395973154362415,139-001,Khanpur Cave,11,False
250,0.9302325581395346,0.9395973154362415,139-003,Bhir Mound,2,True
250,0.9302325581395346,0.9395973154362415,139-004,Sirkap,1,True
250,0.9302325581395346,0.9395973154362415,139-005,Sirsukh,6,False
250,0.9302325581395346,0.9395973154362415,139-006,Dharmarajika,8,False
250,0.9302325581395346,0.9395973154362415,139-007,Khader Mohra,15,False
250,0.9302325581395346,0.9395973154362415,139-008,Kalawan,3,True
250,0.9302325581395346,0.9395973154362415,139-009,Giri complex,9,False
250,0.9302325581395346,0.9395973154362415,139-010,Kunala,5,False
250,0.9302325581395346,0.9395973154362415,139-011,Jandial,17,False
250,0.9302325581395346,0.9395973154362415,139-012,Lalchak / Badalpur,14,False
250,0.9302325581395346,0.9395973154362415,139-013,Mohra Moradu,16,False
250,0.9302325581395346,0.9395973154362415,139-014,Pippala,12,False
250,0.9302325581395346,0.9395973154362415,139-015,Jaulian,13,False
250,0.9302325581395346,0.9395973154362415,139-016,Lalchak mounds,7,False
250,0.9302325581395346,0.9395973154362415,139-017,Bhallar,10,False
250,0.9302325581395346,0.9395973154362415,139-018,Giri Mosque / tombs,4,False
250,0.9395973154362415,0.942408376963351,139-001,Khanpur Cave,11,False
250,0.9395973154362415,0.942408376963351,139-003,Bhir Mound,2,True
250,0.9395973154362415,0.942408376963351,139-004,Sirkap,1,True
250,0.9395973154362415,0.942408376963351,139-005,Sirsukh,6,False
250,0.9395973154362415,0.942408376963351,139-006,Dharmarajika,8,False
250,0.9395973154362415,0.942408376963351,139-007,Khader Mohra,15,False
250,0.9395973154362415,0.942408376963351,139-008,Kalawan,3,True
250,0.9395973154362415,0.942408376963351,139-009,Giri complex,9,False
250,0.9395973154362415,0.942408376963351,139-010,Kunala,4,False
250,0.9395973154362415,0.942408376963351,139-011,Jandial,17,False
250,0.9395973154362415,0.942408376963351,139-012,Lalchak / Badalpur,14,False
250,0.9395973154362415,0.942408376963351,139-013,Mohra Moradu,16,False
250,0.9395973154362415,0.942408376963351,139-014,Pippala,12,False
250,0.9395973154362415,0.942408376963351,139-015,Jaulian,13,False
250,0.9395973154362415,0.942408376963351,139-016,Lalchak mounds,7,False
250,0.9395973154362415,0.942408376963351,139-017,Bhallar,10,False
250,0.9395973154362415,0.942408376963351,139-018,Giri Mosque / tombs,5,False
250,0.942408376963351,0.945121951219512,139-001,Khanpur Cave,11,False
250,0.942408376963351,0.945121951219512,139-003,Bhir Mound,2,True
250,0.942408376963351,0.945121951219512,139-004,Sirkap,1,True
250,0.942408376963351,0.945121951219512,139-005,Sirsukh,6,False
250,0.942408376963351,0.945121951219512,139-006,Dharmarajika,8,False
250,0.942408376963351,0.945121951219512,139-007,Khader Mohra,15,False
250,0.942408376963351,0.945121951219512,139-008,Kalawan,3,True
250,0.942408376963351,0.945121951219512,139-009,Giri complex,9,False
250,0.942408376963351,0.945121951219512,139-010,Kunala,4,False
250,0.942408376963351,0.945121951219512,139-011,Jandial,17,False
250,0.942408376963351,0.945121951219512,139-012,Lalchak / Badalpur,13,False
250,0.942408376963351,0.945121951219512,139-013,Mohra Moradu,16,False
250,0.942408376963351,0.945121951219512,139-014,Pippala,12,False
250,0.942408376963351,0.945121951219512,139-015,Jaulian,14,False
250,0.942408376963351,0.945121951219512,139-016,Lalchak mounds,7,False
250,0.942408376963351,0.945121951219512,139-017,Bhallar,10,False
250,0.942408376963351,0.945121951219512,139-018,Giri Mosque / tombs,5,False
250,0.945121951219512,0.9677419354838711,139-001,Khanpur Cave,11,False
250,0.945121951219512,0.9677419354838711,139-003,Bhir Mound,2,True
250,0.945121951219512,0.9677419354838711,139-004,Sirkap,1,True
250,0.945121951219512,0.9677419354838711,139-005,Sirsukh,5,False
250,0.945121951219512,0.9677419354838711,139-006,Dharmarajika,8,False
250,0.945121951219512,0.9677419354838711,139-007,Khader Mohra,15,False
250,0.945121951219512,0.9677419354838711,139-008,Kalawan,3,True
250,0.945121951219512,0.9677419354838711,139-009,Giri complex,9,False
250,0.945121951219512,0.9677419354838711,139-010,Kunala,4,False
250,0.945121951219512,0.9677419354838711,139-011,Jandial,17,False
250,0.945121951219512,0.9677419354838711,139-012,Lalchak / Badalpur,13,False
250,0.945121951219512,0.9677419354838711,139-013,Mohra Moradu,16,False
250,0.945121951219512,0.9677419354838711,139-014,Pippala,12,False
250,0.945121951219512,0.9677419354838711,139-015,Jaulian,14,False
250,0.945121951219512,0.9677419354838711,139-016,Lalchak mounds,7,False
250,0.945121951219512,0.9677419354838711,139-017,Bhallar,10,False
250,0.945121951219512,0.9677419354838711,139-018,Giri Mosque / tombs,6,False
250,0.9677419354838711,1.0,139-001,Khanpur Cave,11,False
250,0.9677419354838711,1.0,139-003,Bhir Mound,2,True
250,0.9677419354838711,1.0,139-004,Sirkap,1,True
250,0.9677419354838711,1.0,139-005,Sirsukh,5,False
250,0.9677419354838711,1.0,139-006,Dharmarajika,8,False
250,0.9677419354838711,1.0,139-007,Khader Mohra,14,False
250,0.9677419354838711,1.0,139-008,Kalawan,3,True
250,0.9677419354838711,1.0,139-009,Giri complex,9,False
250,0.9677419354838711,1.0,139-010,Kunala,4,False
250,0.9677419354838711,1.0,139-011,Jandial,17,False
250,0.9677419354838711,1.0,139-012,Lalchak / Badalpur,12,False
250,0.9677419354838711,1.0,139-013,Mohra Moradu,16,False
250,0.9677419354838711,1.0,139-014,Pippala,13,False
250,0.9677419354838711,1.0,139-015,Jaulian,15,False
250,0.9677419354838711,1.0,139-016,Lalchak mounds,7,False
250,0.9677419354838711,1.0,139-017,Bhallar,10,False
250,0.9677419354838711,1.0,139-018,Giri Mosque / tombs,6,False
500,0.0,0.06134969325153355,139-001,Khanpur Cave,12,False
500,0.0,0.06134969325153355,139-003,Bhir Mound,14,False
500,0.0,0.06134969325153355,139-004,Sirkap,15,False
500,0.0,0.06134969325153355,139-005,Sirsukh,11,False
500,0.0,0.06134969325153355,139-006,Dharmarajika,8,False
500,0.0,0.06134969325153355,139-007,Khader Mohra,6,False
500,0.0,0.06134969325153355,139-008,Kalawan,9,False
500,0.0,0.06134969325153355,139-009,Giri complex,2,True
500,0.0,0.06134969325153355,139-010,Kunala,10,False
500,0.0,0.06134969325153355,139-011,Jandial,13,False
500,0.0,0.06134969325153355,139-012,Lalchak / Badalpur,17,False
500,0.0,0.06134969325153355,139-013,Mohra Moradu,5,False
500,0.0,0.06134969325153355,139-014,Pippala,7,False
500,0.0,0.06134969325153355,139-015,Jaulian,4,False
500,0.0,0.06134969325153355,139-016,Lalchak mounds,16,False
500,0.0,0.06134969325153355,139-017,Bhallar,1,True
500,0.0,0.06134969325153355,139-018,Giri Mosque / tombs,3,True
500,0.06134969325153355,0.1047120418848164,139-001,Khanpur Cave,12,False
500,0.06134969325153355,0.1047120418848164,139-003,Bhir Mound,15,False
500,0.06134969325153355,0.1047120418848164,139-004,Sirkap,14,False
500,0.06134969325153355,0.1047120418848164,139-005,Sirsukh,11,False
500,0.06134969325153355,0.1047120418848164,139-006,Dharmarajika,8,False
500,0.06134969325153355,0.1047120418848164,139-007,Khader Mohra,6,False
500,0.06134969325153355,0.1047120418848164,139-008,Kalawan,9,False
500,0.06134969325153355,0.1047120418848164,139-009,Giri complex,2,True
500,0.06134969325153355,0.1047120418848164,139-010,Kunala,10,False
500,0.06134969325153355,0.1047120418848164,139-011,Jandial,13,False
500,0.06134969325153355,0.1047120418848164,139-012,Lalchak / Badalpur,17,False
500,0.06134969325153355,0.1047120418848164,139-013,Mohra Moradu,5,False
500,0.06134969325153355,0.1047120418848164,139-014,Pippala,7,False
500,0.06134969325153355,0.1047120418848164,139-015,Jaulian,4,False
500,0.06134969325153355,0.1047120418848164,139-016,Lalchak mounds,16,False
500,0.06134969325153355,0.1047120418848164,139-017,Bhallar,1,True
500,0.06134969325153355,0.1047120418848164,139-018,Giri Mosque / tombs,3,True
500,0.1047120418848164,0.15772870662460553,139-001,Khanpur Cave,12,False
500,0.1047120418848164,0.15772870662460553,139-003,Bhir Mound,15,False
500,0.1047120418848164,0.15772870662460553,139-004,Sirkap,14,False
500,0.1047120418848164,0.15772870662460553,139-005,Sirsukh,11,False
500,0.1047120418848164,0.15772870662460553,139-006,Dharmarajika,8,False
500,0.1047120418848164,0.15772870662460553,139-007,Khader Mohra,6,False
500,0.1047120418848164,0.15772870662460553,139-008,Kalawan,9,False
500,0.1047120418848164,0.15772870662460553,139-009,Giri complex,1,True
500,0.1047120418848164,0.15772870662460553,139-010,Kunala,10,False
500,0.1047120418848164,0.15772870662460553,139-011,Jandial,13,False
500,0.1047120418848164,0.15772870662460553,139-012,Lalchak / Badalpur,17,False
500,0.1047120418848164,0.15772870662460553,139-013,Mohra Moradu,5,False
500,0.1047120418848164,0.15772870662460553,139-014,Pippala,7,False
500,0.1047120418848164,0.15772870662460553,139-015,Jaulian,4,False
500,0.1047120418848164,0.15772870662460553,139-016,Lalchak mounds,16,False
500,0.1047120418848164,0.15772870662460553,139-017,Bhallar,2,True
500,0.1047120418848164,0.15772870662460553,139-018,Giri Mosque / tombs,3,True
500,0.15772870662460553,0.18691588785046725,139-001,Khanpur Cave,12,False
500,0.15772870662460553,0.18691588785046725,139-003,Bhir Mound,16,False
500,0.15772870662460553,0.18691588785046725,139-004,Sirkap,14,False
500,0.15772870662460553,0.18691588785046725,139-005,Sirsukh,11,False
500,0.15772870662460553,0.18691588785046725,139-006,Dharmarajika,8,False
500,0.15772870662460553,0.18691588785046725,139-007,Khader Mohra,6,False
500,0.15772870662460553,0.18691588785046725,139-008,Kalawan,9,False
500,0.15772870662460553,0.18691588785046725,139-009,Giri complex,1,True
500,0.15772870662460553,0.18691588785046725,139-010,Kunala,10,False
500,0.15772870662460553,0.18691588785046725,139-011,Jandial,13,False
500,0.15772870662460553,0.18691588785046725,139-012,Lalchak / Badalpur,17,False
500,0.15772870662460553,0.18691588785046725,139-013,Mohra Moradu,5,False
500,0.15772870662460553,0.18691588785046725,139-014,Pippala,7,False
500,0.15772870662460553,0.18691588785046725,139-015,Jaulian,4,False
500,0.15772870662460553,0.18691588785046725,139-016,Lalchak mounds,15,False
500,0.15772870662460553,0.18691588785046725,139-017,Bhallar,2,True
500,0.15772870662460553,0.18691588785046725,139-018,Giri Mosque / tombs,3,True
500,0.18691588785046725,0.20725388601036215,139-001,Khanpur Cave,12,False
500,0.18691588785046725,0.20725388601036215,139-003,Bhir Mound,16,False
500,0.18691588785046725,0.20725388601036215,139-004,Sirkap,13,False
500,0.18691588785046725,0.20725388601036215,139-005,Sirsukh,11,False
500,0.18691588785046725,0.20725388601036215,139-006,Dharmarajika,8,False
500,0.18691588785046725,0.20725388601036215,139-007,Khader Mohra,6,False
500,0.18691588785046725,0.20725388601036215,139-008,Kalawan,9,False
500,0.18691588785046725,0.20725388601036215,139-009,Giri complex,1,True
500,0.18691588785046725,0.20725388601036215,139-010,Kunala,10,False
500,0.18691588785046725,0.20725388601036215,139-011,Jandial,14,False
500,0.18691588785046725,0.20725388601036215,139-012,Lalchak / Badalpur,17,False
500,0.18691588785046725,0.20725388601036215,139-013,Mohra Moradu,5,False
500,0.18691588785046725,0.20725388601036215,139-014,Pippala,7,False
500,0.18691588785046725,0.20725388601036215,139-015,Jaulian,4,False
500,0.18691588785046725,0.20725388601036215,139-016,Lalchak mounds,15,False
500,0.18691588785046725,0.20725388601036215,139-017,Bhallar,2,True
500,0.18691588785046725,0.20725388601036215,139-018,Giri Mosque / tombs,3,True
500,0.20725388601036215,0.2272727272727265,139-001,Khanpur Cave,12,False
500,0.20725388601036215,0.2272727272727265,139-003,Bhir Mound,16,False
500,0.20725388601036215,0.2272727272727265,139-004,Sirkap,13,False
500,0.20725388601036215,0.2272727272727265,139-005,Sirsukh,11,False
500,0.20725388601036215,0.2272727272727265,139-006,Dharmarajika,8,False
500,0.20725388601036215,0.2272727272727265,139-007,Khader Mohra,6,False
500,0.20725388601036215,0.2272727272727265,139-008,Kalawan,9,False
500,0.20725388601036215,0.2272727272727265,139-009,Giri complex,1,True
500,0.20725388601036215,0.2272727272727265,139-010,Kunala,10,False
500,0.20725388601036215,0.2272727272727265,139-011,Jandial,14,False
500,0.20725388601036215,0.2272727272727265,139-012,Lalchak / Badalpur,17,False
500,0.20725388601036215,0.2272727272727265,139-013,Mohra Moradu,5,False
500,0.20725388601036215,0.2272727272727265,139-014,Pippala,7,False
500,0.20725388601036215,0.2272727272727265,139-015,Jaulian,4,False
500,0.20725388601036215,0.2272727272727265,139-016,Lalchak mounds,15,False
500,0.20725388601036215,0.2272727272727265,139-017,Bhallar,3,True
500,0.20725388601036215,0.2272727272727265,139-018,Giri Mosque / tombs,2,True
500,0.2272727272727265,0.2625298329355608,139-001,Khanpur Cave,12,False
500,0.2272727272727265,0.2625298329355608,139-003,Bhir Mound,16,False
500,0.2272727272727265,0.2625298329355608,139-004,Sirkap,13,False
500,0.2272727272727265,0.2625298329355608,139-005,Sirsukh,11,False
500,0.2272727272727265,0.2625298329355608,139-006,Dharmarajika,7,False
500,0.2272727272727265,0.2625298329355608,139-007,Khader Mohra,6,False
500,0.2272727272727265,0.2625298329355608,139-008,Kalawan,9,False
500,0.2272727272727265,0.2625298329355608,139-009,Giri complex,1,True
500,0.2272727272727265,0.2625298329355608,139-010,Kunala,10,False
500,0.2272727272727265,0.2625298329355608,139-011,Jandial,14,False
500,0.2272727272727265,0.2625298329355608,139-012,Lalchak / Badalpur,17,False
500,0.2272727272727265,0.2625298329355608,139-013,Mohra Moradu,5,False
500,0.2272727272727265,0.2625298329355608,139-014,Pippala,8,False
500,0.2272727272727265,0.2625298329355608,139-015,Jaulian,4,False
500,0.2272727272727265,0.2625298329355608,139-016,Lalchak mounds,15,False
500,0.2272727272727265,0.2625298329355608,139-017,Bhallar,3,True
500,0.2272727272727265,0.2625298329355608,139-018,Giri Mosque / tombs,2,True
500,0.2625298329355608,0.2834008097165991,139-001,Khanpur Cave,12,False
500,0.2625298329355608,0.2834008097165991,139-003,Bhir Mound,16,False
500,0.2625298329355608,0.2834008097165991,139-004,Sirkap,13,False
500,0.2625298329355608,0.2834008097165991,139-005,Sirsukh,11,False
500,0.2625298329355608,0.2834008097165991,139-006,Dharmarajika,7,False
500,0.2625298329355608,0.2834008097165991,139-007,Khader Mohra,6,False
500,0.2625298329355608,0.2834008097165991,139-008,Kalawan,9,False
500,0.2625298329355608,0.2834008097165991,139-009,Giri complex,1,True
500,0.2625298329355608,0.2834008097165991,139-010,Kunala,10,False
500,0.2625298329355608,0.2834008097165991,139-011,Jandial,15,False
500,0.2625298329355608,0.2834008097165991,139-012,Lalchak / Badalpur,17,False
500,0.2625298329355608,0.2834008097165991,139-013,Mohra Moradu,5,False
500,0.2625298329355608,0.2834008097165991,139-014,Pippala,8,False
500,0.2625298329355608,0.2834008097165991,139-015,Jaulian,4,False
500,0.2625298329355608,0.2834008097165991,139-016,Lalchak mounds,14,False
500,0.2625298329355608,0.2834008097165991,139-017,Bhallar,3,True
500,0.2625298329355608,0.2834008097165991,139-018,Giri Mosque / tombs,2,True
500,0.2834008097165991,0.30418250950570286,139-001,Khanpur Cave,12,False
500,0.2834008097165991,0.30418250950570286,139-003,Bhir Mound,17,False
500,0.2834008097165991,0.30418250950570286,139-004,Sirkap,13,False
500,0.2834008097165991,0.30418250950570286,139-005,Sirsukh,11,False
500,0.2834008097165991,0.30418250950570286,139-006,Dharmarajika,7,False
500,0.2834008097165991,0.30418250950570286,139-007,Khader Mohra,6,False
500,0.2834008097165991,0.30418250950570286,139-008,Kalawan,9,False
500,0.2834008097165991,0.30418250950570286,139-009,Giri complex,1,True
500,0.2834008097165991,0.30418250950570286,139-010,Kunala,10,False
500,0.2834008097165991,0.30418250950570286,139-011,Jandial,15,False
500,0.2834008097165991,0.30418250950570286,139-012,Lalchak / Badalpur,16,False
500,0.2834008097165991,0.30418250950570286,139-013,Mohra Moradu,5,False
500,0.2834008097165991,0.30418250950570286,139-014,Pippala,8,False
500,0.2834008097165991,0.30418250950570286,139-015,Jaulian,4,False
500,0.2834008097165991,0.30418250950570286,139-016,Lalchak mounds,14,False
500,0.2834008097165991,0.30418250950570286,139-017,Bhallar,3,True
500,0.2834008097165991,0.30418250950570286,139-018,Giri Mosque / tombs,2,True
500,0.30418250950570286,0.30769230769230765,139-001,Khanpur Cave,12,False
500,0.30418250950570286,0.30769230769230765,139-003,Bhir Mound,17,False
500,0.30418250950570286,0.30769230769230765,139-004,Sirkap,13,False
500,0.30418250950570286,0.30769230769230765,139-005,Sirsukh,11,False
500,0.30418250950570286,0.30769230769230765,139-006,Dharmarajika,7,False
500,0.30418250950570286,0.30769230769230765,139-007,Khader Mohra,6,False
500,0.30418250950570286,0.30769230769230765,139-008,Kalawan,9,False
500,0.30418250950570286,0.30769230769230765,139-009,Giri complex,1,True
500,0.30418250950570286,0.30769230769230765,139-010,Kunala,10,False
500,0.30418250950570286,0.30769230769230765,139-011,Jandial,15,False
500,0.30418250950570286,0.30769230769230765,139-012,Lalchak / Badalpur,16,False
500,0.30418250950570286,0.30769230769230765,139-013,Mohra Moradu,5,False
500,0.30418250950570286,0.30769230769230765,139-014,Pippala,8,False
500,0.30418250950570286,0.30769230769230765,139-015,Jaulian,3,True
500,0.30418250950570286,0.30769230769230765,139-016,Lalchak mounds,14,False
500,0.30418250950570286,0.30769230769230765,139-017,Bhallar,4,False
500,0.30418250950570286,0.30769230769230765,139-018,Giri Mosque / tombs,2,True
500,0.30769230769230765,0.37249283667621774,139-001,Khanpur Cave,13,False
500,0.30769230769230765,0.37249283667621774,139-003,Bhir Mound,17,False
500,0.30769230769230765,0.37249283667621774,139-004,Sirkap,12,False
500,0.30769230769230765,0.37249283667621774,139-005,Sirsukh,11,False
500,0.30769230769230765,0.37249283667621774,139-006,Dharmarajika,7,False
500,0.30769230769230765,0.37249283667621774,139-007,Khader Mohra,6,False
500,0.30769230769230765,0.37249283667621774,139-008,Kalawan,9,False
500,0.30769230769230765,0.37249283667621774,139-009,Giri complex,1,True
500,0.30769230769230765,0.37249283667621774,139-010,Kunala,10,False
500,0.30769230769230765,0.37249283667621774,139-011,Jandial,15,False
500,0.30769230769230765,0.37249283667621774,139-012,Lalchak / Badalpur,16,False
500,0.30769230769230765,0.37249283667621774,139-013,Mohra Moradu,5,False
500,0.30769230769230765,0.37249283667621774,139-014,Pippala,8,False
500,0.30769230769230765,0.37249283667621774,139-015,Jaulian,3,True
500,0.30769230769230765,0.37249283667621774,139-016,Lalchak mounds,14,False
500,0.30769230769230765,0.37249283667621774,139-017,Bhallar,4,False
500,0.30769230769230765,0.37249283667621774,139-018,Giri Mosque / tombs,2,True
500,0.37249283667621774,0.4060913705583756,139-001,Khanpur Cave,13,False
500,0.37249283667621774,0.4060913705583756,139-003,Bhir Mound,17,False
500,0.37249283667621774,0.4060913705583756,139-004,Sirkap,12,False
500,0.37249283667621774,0.4060913705583756,139-005,Sirsukh,11,False
500,0.37249283667621774,0.4060913705583756,139-006,Dharmarajika,7,False
500,0.37249283667621774,0.4060913705583756,139-007,Khader Mohra,6,False
500,0.37249283667621774,0.4060913705583756,139-008,Kalawan,9,False
500,0.37249283667621774,0.4060913705583756,139-009,Giri complex,1,True
500,0.37249283667621774,0.4060913705583756,139-010,Kunala,10,False
500,0.37249283667621774,0.4060913705583756,139-011,Jandial,16,False
500,0.37249283667621774,0.4060913705583756,139-012,Lalchak / Badalpur,15,False
500,0.37249283667621774,0.4060913705583756,139-013,Mohra Moradu,5,False
500,0.37249283667621774,0.4060913705583756,139-014,Pippala,8,False
500,0.37249283667621774,0.4060913705583756,139-015,Jaulian,3,True
500,0.37249283667621774,0.4060913705583756,139-016,Lalchak mounds,14,False
500,0.37249283667621774,0.4060913705583756,139-017,Bhallar,4,False
500,0.37249283667621774,0.4060913705583756,139-018,Giri Mosque / tombs,2,True
500,0.4060913705583756,0.4210526315789469,139-001,Khanpur Cave,13,False
500,0.4060913705583756,0.4210526315789469,139-003,Bhir Mound,17,False
500,0.4060913705583756,0.4210526315789469,139-004,Sirkap,12,False
500,0.4060913705583756,0.4210526315789469,139-005,Sirsukh,11,False
500,0.4060913705583756,0.4210526315789469,139-006,Dharmarajika,7,False
500,0.4060913705583756,0.4210526315789469,139-007,Khader Mohra,6,False
500,0.4060913705583756,0.4210526315789469,139-008,Kalawan,8,False
500,0.4060913705583756,0.4210526315789469,139-009,Giri complex,1,True
500,0.4060913705583756,0.4210526315789469,139-010,Kunala,10,False
500,0.4060913705583756,0.4210526315789469,139-011,Jandial,16,False
500,0.4060913705583756,0.4210526315789469,139-012,Lalchak / Badalpur,15,False
500,0.4060913705583756,0.4210526315789469,139-013,Mohra Moradu,5,False
500,0.4060913705583756,0.4210526315789469,139-014,Pippala,9,False
500,0.4060913705583756,0.4210526315789469,139-015,Jaulian,3,True
500,0.4060913705583756,0.4210526315789469,139-016,Lalchak mounds,14,False
500,0.4060913705583756,0.4210526315789469,139-017,Bhallar,4,False
500,0.4060913705583756,0.4210526315789469,139-018,Giri Mosque / tombs,2,True
500,0.4210526315789469,0.4382470119521911,139-001,Khanpur Cave,13,False
500,0.4210526315789469,0.4382470119521911,139-003,Bhir Mound,17,False
500,0.4210526315789469,0.4382470119521911,139-004,Sirkap,12,False
500,0.4210526315789469,0.4382470119521911,139-005,Sirsukh,11,False
500,0.4210526315789469,0.4382470119521911,139-006,Dharmarajika,7,False
500,0.4210526315789469,0.4382470119521911,139-007,Khader Mohra,6,False
500,0.4210526315789469,0.4382470119521911,139-008,Kalawan,8,False
500,0.4210526315789469,0.4382470119521911,139-009,Giri complex,1,True
500,0.4210526315789469,0.4382470119521911,139-010,Kunala,10,False
500,0.4210526315789469,0.4382470119521911,139-011,Jandial,16,False
500,0.4210526315789469,0.4382470119521911,139-012,Lalchak / Badalpur,15,False
500,0.4210526315789469,0.4382470119521911,139-013,Mohra Moradu,4,False
500,0.4210526315789469,0.4382470119521911,139-014,Pippala,9,False
500,0.4210526315789469,0.4382470119521911,139-015,Jaulian,3,True
500,0.4210526315789469,0.4382470119521911,139-016,Lalchak mounds,14,False
500,0.4210526315789469,0.4382470119521911,139-017,Bhallar,5,False
500,0.4210526315789469,0.4382470119521911,139-018,Giri Mosque / tombs,2,True
500,0.4382470119521911,0.4416403785488958,139-001,Khanpur Cave,14,False
500,0.4382470119521911,0.4416403785488958,139-003,Bhir Mound,17,False
500,0.4382470119521911,0.4416403785488958,139-004,Sirkap,12,False
500,0.4382470119521911,0.4416403785488958,139-005,Sirsukh,11,False
500,0.4382470119521911,0.4416403785488958,139-006,Dharmarajika,7,False
500,0.4382470119521911,0.4416403785488958,139-007,Khader Mohra,6,False
500,0.4382470119521911,0.4416403785488958,139-008,Kalawan,8,False
500,0.4382470119521911,0.4416403785488958,139-009,Giri complex,1,True
500,0.4382470119521911,0.4416403785488958,139-010,Kunala,10,False
500,0.4382470119521911,0.4416403785488958,139-011,Jandial,16,False
500,0.4382470119521911,0.4416403785488958,139-012,Lalchak / Badalpur,15,False
500,0.4382470119521911,0.4416403785488958,139-013,Mohra Moradu,4,False
500,0.4382470119521911,0.4416403785488958,139-014,Pippala,9,False
500,0.4382470119521911,0.4416403785488958,139-015,Jaulian,3,True
500,0.4382470119521911,0.4416403785488958,139-016,Lalchak mounds,13,False
500,0.4382470119521911,0.4416403785488958,139-017,Bhallar,5,False
500,0.4382470119521911,0.4416403785488958,139-018,Giri Mosque / tombs,2,True
500,0.4416403785488958,0.4511278195488718,139-001,Khanpur Cave,14,False
500,0.4416403785488958,0.4511278195488718,139-003,Bhir Mound,17,False
500,0.4416403785488958,0.4511278195488718,139-004,Sirkap,12,False
500,0.4416403785488958,0.4511278195488718,139-005,Sirsukh,11,False
500,0.4416403785488958,0.4511278195488718,139-006,Dharmarajika,7,False
500,0.4416403785488958,0.4511278195488718,139-007,Khader Mohra,5,False
500,0.4416403785488958,0.4511278195488718,139-008,Kalawan,8,False
500,0.4416403785488958,0.4511278195488718,139-009,Giri complex,1,True
500,0.4416403785488958,0.4511278195488718,139-010,Kunala,10,False
500,0.4416403785488958,0.4511278195488718,139-011,Jandial,16,False
500,0.4416403785488958,0.4511278195488718,139-012,Lalchak / Badalpur,15,False
500,0.4416403785488958,0.4511278195488718,139-013,Mohra Moradu,4,False
500,0.4416403785488958,0.4511278195488718,139-014,Pippala,9,False
500,0.4416403785488958,0.4511278195488718,139-015,Jaulian,3,True
500,0.4416403785488958,0.4511278195488718,139-016,Lalchak mounds,13,False
500,0.4416403785488958,0.4511278195488718,139-017,Bhallar,6,False
500,0.4416403785488958,0.4511278195488718,139-018,Giri Mosque / tombs,2,True
500,0.4511278195488718,0.48780487804877914,139-001,Khanpur Cave,14,False
500,0.4511278195488718,0.48780487804877914,139-003,Bhir Mound,17,False
500,0.4511278195488718,0.48780487804877914,139-004,Sirkap,12,False
500,0.4511278195488718,0.48780487804877914,139-005,Sirsukh,11,False
500,0.4511278195488718,0.48780487804877914,139-006,Dharmarajika,6,False
500,0.4511278195488718,0.48780487804877914,139-007,Khader Mohra,5,False
500,0.4511278195488718,0.48780487804877914,139-008,Kalawan,8,False
500,0.4511278195488718,0.48780487804877914,139-009,Giri complex,1,True
500,0.4511278195488718,0.48780487804877914,139-010,Kunala,10,False
500,0.4511278195488718,0.48780487804877914,139-011,Jandial,16,False
500,0.4511278195488718,0.48780487804877914,139-012,Lalchak / Badalpur,15,False
500,0.4511278195488718,0.48780487804877914,139-013,Mohra Moradu,4,False
500,0.4511278195488718,0.48780487804877914,139-014,Pippala,9,False
500,0.4511278195488718,0.48780487804877914,139-015,Jaulian,3,True
500,0.4511278195488718,0.48780487804877914,139-016,Lalchak mounds,13,False
500,0.4511278195488718,0.48780487804877914,139-017,Bhallar,7,False
500,0.4511278195488718,0.48780487804877914,139-018,Giri Mosque / tombs,2,True
500,0.48780487804877914,0.4956896551724137,139-001,Khanpur Cave,14,False
500,0.48780487804877914,0.4956896551724137,139-003,Bhir Mound,17,False
500,0.48780487804877914,0.4956896551724137,139-004,Sirkap,12,False
500,0.48780487804877914,0.4956896551724137,139-005,Sirsukh,10,False
500,0.48780487804877914,0.4956896551724137,139-006,Dharmarajika,5,False
500,0.48780487804877914,0.4956896551724137,139-007,Khader Mohra,6,False
500,0.48780487804877914,0.4956896551724137,139-008,Kalawan,8,False
500,0.48780487804877914,0.4956896551724137,139-009,Giri complex,1,True
500,0.48780487804877914,0.4956896551724137,139-010,Kunala,11,False
500,0.48780487804877914,0.4956896551724137,139-011,Jandial,16,False
500,0.48780487804877914,0.4956896551724137,139-012,Lalchak / Badalpur,15,False
500,0.48780487804877914,0.4956896551724137,139-013,Mohra Moradu,4,False
500,0.48780487804877914,0.4956896551724137,139-014,Pippala,9,False
500,0.48780487804877914,0.4956896551724137,139-015,Jaulian,3,True
500,0.48780487804877914,0.4956896551724137,139-016,Lalchak mounds,13,False
500,0.48780487804877914,0.4956896551724137,139-017,Bhallar,7,False
500,0.48780487804877914,0.4956896551724137,139-018,Giri Mosque / tombs,2,True
500,0.4956896551724137,0.4977375565610857,139-001,Khanpur Cave,14,False
500,0.4956896551724137,0.4977375565610857,139-003,Bhir Mound,17,False
500,0.4956896551724137,0.4977375565610857,139-004,Sirkap,12,False
500,0.4956896551724137,0.4977375565610857,139-005,Sirsukh,10,False
500,0.4956896551724137,0.4977375565610857,139-006,Dharmarajika,5,False
500,0.4956896551724137,0.4977375565610857,139-007,Khader Mohra,6,False
500,0.4956896551724137,0.4977375565610857,139-008,Kalawan,7,False
500,0.4956896551724137,0.4977375565610857,139-009,Giri complex,1,True
500,0.4956896551724137,0.4977375565610857,139-010,Kunala,11,False
500,0.4956896551724137,0.4977375565610857,139-011,Jandial,16,False
500,0.4956896551724137,0.4977375565610857,139-012,Lalchak / Badalpur,15,False
500,0.4956896551724137,0.4977375565610857,139-013,Mohra Moradu,4,False
500,0.4956896551724137,0.4977375565610857,139-014,Pippala,9,False
500,0.4956896551724137,0.4977375565610857,139-015,Jaulian,3,True
500,0.4956896551724137,0.4977375565610857,139-016,Lalchak mounds,13,False
500,0.4956896551724137,0.4977375565610857,139-017,Bhallar,8,False
500,0.4956896551724137,0.4977375565610857,139-018,Giri Mosque / tombs,2,True
500,0.4977375565610857,0.5,139-001,Khanpur Cave,14,False
500,0.4977375565610857,0.5,139-003,Bhir Mound,17,False
500,0.4977375565610857,0.5,139-004,Sirkap,12,False
500,0.4977375565610857,0.5,139-005,Sirsukh,9,False
500,0.4977375565610857,0.5,139-006,Dharmarajika,5,False
500,0.4977375565610857,0.5,139-007,Khader Mohra,6,False
500,0.4977375565610857,0.5,139-008,Kalawan,7,False
500,0.4977375565610857,0.5,139-009,Giri complex,1,True
500,0.4977375565610857,0.5,139-010,Kunala,11,False
500,0.4977375565610857,0.5,139-011,Jandial,16,False
500,0.4977375565610857,0.5,139-012,Lalchak / Badalpur,15,False
500,0.4977375565610857,0.5,139-013,Mohra Moradu,4,False
500,0.4977375565610857,0.5,139-014,Pippala,10,False
500,0.4977375565610857,0.5,139-015,Jaulian,3,True
500,0.4977375565610857,0.5,139-016,Lalchak mounds,13,False
500,0.4977375565610857,0.5,139-017,Bhallar,8,False
500,0.4977375565610857,0.5,139-018,Giri Mosque / tombs,2,True
500,0.5,0.5263157894736841,139-001,Khanpur Cave,14,False
500,0.5,0.5263157894736841,139-003,Bhir Mound,17,False
500,0.5,0.5263157894736841,139-004,Sirkap,12,False
500,0.5,0.5263157894736841,139-005,Sirsukh,9,False
500,0.5,0.5263157894736841,139-006,Dharmarajika,5,False
500,0.5,0.5263157894736841,139-007,Khader Mohra,6,False
500,0.5,0.5263157894736841,139-008,Kalawan,7,False
500,0.5,0.5263157894736841,139-009,Giri complex,1,True
500,0.5,0.5263157894736841,139-010,Kunala,10,False
500,0.5,0.5263157894736841,139-011,Jandial,16,False
500,0.5,0.5263157894736841,139-012,Lalchak / Badalpur,15,False
500,0.5,0.5263157894736841,139-013,Mohra Moradu,4,False
500,0.5,0.5263157894736841,139-014,Pippala,11,False
500,0.5,0.5263157894736841,139-015,Jaulian,3,True
500,0.5,0.5263157894736841,139-016,Lalchak mounds,13,False
500,0.5,0.5263157894736841,139-017,Bhallar,8,False
500,0.5,0.5263157894736841,139-018,Giri Mosque / tombs,2,True
500,0.5263157894736841,0.5327868852459015,139-001,Khanpur Cave,14,False
500,0.5263157894736841,0.5327868852459015,139-003,Bhir Mound,17,False
500,0.5263157894736841,0.5327868852459015,139-004,Sirkap,12,False
500,0.5263157894736841,0.5327868852459015,139-005,Sirsukh,9,False
500,0.5263157894736841,0.5327868852459015,139-006,Dharmarajika,4,False
500,0.5263157894736841,0.5327868852459015,139-007,Khader Mohra,6,False
500,0.5263157894736841,0.5327868852459015,139-008,Kalawan,7,False
500,0.5263157894736841,0.5327868852459015,139-009,Giri complex,1,True
500,0.5263157894736841,0.5327868852459015,139-010,Kunala,10,False
500,0.5263157894736841,0.5327868852459015,139-011,Jandial,16,False
500,0.5263157894736841,0.5327868852459015,139-012,Lalchak / Badalpur,15,False
500,0.5263157894736841,0.5327868852459015,139-013,Mohra Moradu,5,False
500,0.5263157894736841,0.5327868852459015,139-014,Pippala,11,False
500,0.5263157894736841,0.5327868852459015,139-015,Jaulian,3,True
500,0.5263157894736841,0.5327868852459015,139-016,Lalchak mounds,13,False
500,0.5263157894736841,0.5327868852459015,139-017,Bhallar,8,False
500,0.5263157894736841,0.5327868852459015,139-018,Giri Mosque / tombs,2,True
500,0.5327868852459015,0.5369127516778522,139-001,Khanpur Cave,14,False
500,0.5327868852459015,0.5369127516778522,139-003,Bhir Mound,17,False
500,0.5327868852459015,0.5369127516778522,139-004,Sirkap,12,False
500,0.5327868852459015,0.5369127516778522,139-005,Sirsukh,8,False
500,0.5327868852459015,0.5369127516778522,139-006,Dharmarajika,4,False
500,0.5327868852459015,0.5369127516778522,139-007,Khader Mohra,6,False
500,0.5327868852459015,0.5369127516778522,139-008,Kalawan,7,False
500,0.5327868852459015,0.5369127516778522,139-009,Giri complex,1,True
500,0.5327868852459015,0.5369127516778522,139-010,Kunala,10,False
500,0.5327868852459015,0.5369127516778522,139-011,Jandial,16,False
500,0.5327868852459015,0.5369127516778522,139-012,Lalchak / Badalpur,15,False
500,0.5327868852459015,0.5369127516778522,139-013,Mohra Moradu,5,False
500,0.5327868852459015,0.5369127516778522,139-014,Pippala,11,False
500,0.5327868852459015,0.5369127516778522,139-015,Jaulian,3,True
500,0.5327868852459015,0.5369127516778522,139-016,Lalchak mounds,13,False
500,0.5327868852459015,0.5369127516778522,139-017,Bhallar,9,False
500,0.5327868852459015,0.5369127516778522,139-018,Giri Mosque / tombs,2,True
500,0.5369127516778522,0.5617977528089887,139-001,Khanpur Cave,14,False
500,0.5369127516778522,0.5617977528089887,139-003,Bhir Mound,17,False
500,0.5369127516778522,0.5617977528089887,139-004,Sirkap,12,False
500,0.5369127516778522,0.5617977528089887,139-005,Sirsukh,8,False
500,0.5369127516778522,0.5617977528089887,139-006,Dharmarajika,4,False
500,0.5369127516778522,0.5617977528089887,139-007,Khader Mohra,6,False
500,0.5369127516778522,0.5617977528089887,139-008,Kalawan,7,False
500,0.5369127516778522,0.5617977528089887,139-009,Giri complex,1,True
500,0.5369127516778522,0.5617977528089887,139-010,Kunala,9,False
500,0.5369127516778522,0.5617977528089887,139-011,Jandial,16,False
500,0.5369127516778522,0.5617977528089887,139-012,Lalchak / Badalpur,15,False
500,0.5369127516778522,0.5617977528089887,139-013,Mohra Moradu,5,False
500,0.5369127516778522,0.5617977528089887,139-014,Pippala,11,False
500,0.5369127516778522,0.5617977528089887,139-015,Jaulian,3,True
500,0.5369127516778522,0.5617977528089887,139-016,Lalchak mounds,13,False
500,0.5369127516778522,0.5617977528089887,139-017,Bhallar,10,False
500,0.5369127516778522,0.5617977528089887,139-018,Giri Mosque / tombs,2,True
500,0.5617977528089887,0.5629139072847681,139-001,Khanpur Cave,14,False
500,0.5617977528089887,0.5629139072847681,139-003,Bhir Mound,17,False
500,0.5617977528089887,0.5629139072847681,139-004,Sirkap,12,False
500,0.5617977528089887,0.5629139072847681,139-005,Sirsukh,8,False
500,0.5617977528089887,0.5629139072847681,139-006,Dharmarajika,4,False
500,0.5617977528089887,0.5629139072847681,139-007,Khader Mohra,6,False
500,0.5617977528089887,0.5629139072847681,139-008,Kalawan,7,False
500,0.5617977528089887,0.5629139072847681,139-009,Giri complex,1,True
500,0.5617977528089887,0.5629139072847681,139-010,Kunala,9,False
500,0.5617977528089887,0.5629139072847681,139-011,Jandial,16,False
500,0.5617977528089887,0.5629139072847681,139-012,Lalchak / Badalpur,15,False
500,0.5617977528089887,0.5629139072847681,139-013,Mohra Moradu,5,False
500,0.5617977528089887,0.5629139072847681,139-014,Pippala,10,False
500,0.5617977528089887,0.5629139072847681,139-015,Jaulian,3,True
500,0.5617977528089887,0.5629139072847681,139-016,Lalchak mounds,13,False
500,0.5617977528089887,0.5629139072847681,139-017,Bhallar,11,False
500,0.5617977528089887,0.5629139072847681,139-018,Giri Mosque / tombs,2,True
500,0.5629139072847681,0.5637982195845695,139-001,Khanpur Cave,14,False
500,0.5629139072847681,0.5637982195845695,139-003,Bhir Mound,17,False
500,0.5629139072847681,0.5637982195845695,139-004,Sirkap,11,False
500,0.5629139072847681,0.5637982195845695,139-005,Sirsukh,8,False
500,0.5629139072847681,0.5637982195845695,139-006,Dharmarajika,4,False
500,0.5629139072847681,0.5637982195845695,139-007,Khader Mohra,6,False
500,0.5629139072847681,0.5637982195845695,139-008,Kalawan,7,False
500,0.5629139072847681,0.5637982195845695,139-009,Giri complex,1,True
500,0.5629139072847681,0.5637982195845695,139-010,Kunala,9,False
500,0.5629139072847681,0.5637982195845695,139-011,Jandial,16,False
500,0.5629139072847681,0.5637982195845695,139-012,Lalchak / Badalpur,15,False
500,0.5629139072847681,0.5637982195845695,139-013,Mohra Moradu,5,False
500,0.5629139072847681,0.5637982195845695,139-014,Pippala,10,False
500,0.5629139072847681,0.5637982195845695,139-015,Jaulian,3,True
500,0.5629139072847681,0.5637982195845695,139-016,Lalchak mounds,13,False
500,0.5629139072847681,0.5637982195845695,139-017,Bhallar,12,False
500,0.5629139072847681,0.5637982195845695,139-018,Giri Mosque / tombs,2,True
500,0.5637982195845695,0.5714285714285703,139-001,Khanpur Cave,14,False
500,0.5637982195845695,0.5714285714285703,139-003,Bhir Mound,17,False
500,0.5637982195845695,0.5714285714285703,139-004,Sirkap,10,False
500,0.5637982195845695,0.5714285714285703,139-005,Sirsukh,8,False
500,0.5637982195845695,0.5714285714285703,139-006,Dharmarajika,4,False
500,0.5637982195845695,0.5714285714285703,139-007,Khader Mohra,6,False
500,0.5637982195845695,0.5714285714285703,139-008,Kalawan,7,False
500,0.5637982195845695,0.5714285714285703,139-009,Giri complex,1,True
500,0.5637982195845695,0.5714285714285703,139-010,Kunala,9,False
500,0.5637982195845695,0.5714285714285703,139-011,Jandial,16,False
500,0.5637982195845695,0.5714285714285703,139-012,Lalchak / Badalpur,15,False
500,0.5637982195845695,0.5714285714285703,139-013,Mohra Moradu,5,False
500,0.5637982195845695,0.5714285714285703,139-014,Pippala,11,False
500,0.5637982195845695,0.5714285714285703,139-015,Jaulian,3,True
500,0.5637982195845695,0.5714285714285703,139-016,Lalchak mounds,13,False
500,0.5637982195845695,0.5714285714285703,139-017,Bhallar,12,False
500,0.5637982195845695,0.5714285714285703,139-018,Giri Mosque / tombs,2,True
500,0.5714285714285703,0.5882352941176465,139-001,Khanpur Cave,14,False
500,0.5714285714285703,0.5882352941176465,139-003,Bhir Mound,17,False
500,0.5714285714285703,0.5882352941176465,139-004,Sirkap,10,False
500,0.5714285714285703,0.5882352941176465,139-005,Sirsukh,8,False
500,0.5714285714285703,0.5882352941176465,139-006,Dharmarajika,4,False
500,0.5714285714285703,0.5882352941176465,139-007,Khader Mohra,6,False
500,0.5714285714285703,0.5882352941176465,139-008,Kalawan,7,False
500,0.5714285714285703,0.5882352941176465,139-009,Giri complex,1,True
500,0.5714285714285703,0.5882352941176465,139-010,Kunala,9,False
500,0.5714285714285703,0.5882352941176465,139-011,Jandial,16,False
500,0.5714285714285703,0.5882352941176465,139-012,Lalchak / Badalpur,15,False
500,0.5714285714285703,0.5882352941176465,139-013,Mohra Moradu,5,False
500,0.5714285714285703,0.5882352941176465,139-014,Pippala,11,False
500,0.5714285714285703,0.5882352941176465,139-015,Jaulian,2,True
500,0.5714285714285703,0.5882352941176465,139-016,Lalchak mounds,13,False
500,0.5714285714285703,0.5882352941176465,139-017,Bhallar,12,False
500,0.5714285714285703,0.5882352941176465,139-018,Giri Mosque / tombs,3,True
500,0.5882352941176465,0.6122448979591835,139-001,Khanpur Cave,14,False
500,0.5882352941176465,0.6122448979591835,139-003,Bhir Mound,16,False
500,0.5882352941176465,0.6122448979591835,139-004,Sirkap,10,False
500,0.5882352941176465,0.6122448979591835,139-005,Sirsukh,8,False
500,0.5882352941176465,0.6122448979591835,139-006,Dharmarajika,4,False
500,0.5882352941176465,0.6122448979591835,139-007,Khader Mohra,6,False
500,0.5882352941176465,0.6122448979591835,139-008,Kalawan,7,False
500,0.5882352941176465,0.6122448979591835,139-009,Giri complex,1,True
500,0.5882352941176465,0.6122448979591835,139-010,Kunala,9,False
500,0.5882352941176465,0.6122448979591835,139-011,Jandial,17,False
500,0.5882352941176465,0.6122448979591835,139-012,Lalchak / Badalpur,15,False
500,0.5882352941176465,0.6122448979591835,139-013,Mohra Moradu,5,False
500,0.5882352941176465,0.6122448979591835,139-014,Pippala,11,False
500,0.5882352941176465,0.6122448979591835,139-015,Jaulian,2,True
500,0.5882352941176465,0.6122448979591835,139-016,Lalchak mounds,13,False
500,0.5882352941176465,0.6122448979591835,139-017,Bhallar,12,False
500,0.5882352941176465,0.6122448979591835,139-018,Giri Mosque / tombs,3,True
500,0.6122448979591835,0.6145251396648048,139-001,Khanpur Cave,14,False
500,0.6122448979591835,0.6145251396648048,139-003,Bhir Mound,16,False
500,0.6122448979591835,0.6145251396648048,139-004,Sirkap,10,False
500,0.6122448979591835,0.6145251396648048,139-005,Sirsukh,8,False
500,0.6122448979591835,0.6145251396648048,139-006,Dharmarajika,4,False
500,0.6122448979591835,0.6145251396648048,139-007,Khader Mohra,7,False
500,0.6122448979591835,0.6145251396648048,139-008,Kalawan,6,False
500,0.6122448979591835,0.6145251396648048,139-009,Giri complex,1,True
500,0.6122448979591835,0.6145251396648048,139-010,Kunala,9,False
500,0.6122448979591835,0.6145251396648048,139-011,Jandial,17,False
500,0.6122448979591835,0.6145251396648048,139-012,Lalchak / Badalpur,15,False
500,0.6122448979591835,0.6145251396648048,139-013,Mohra Moradu,5,False
500,0.6122448979591835,0.6145251396648048,139-014,Pippala,11,False
500,0.6122448979591835,0.6145251396648048,139-015,Jaulian,2,True
500,0.6122448979591835,0.6145251396648048,139-016,Lalchak mounds,13,False
500,0.6122448979591835,0.6145251396648048,139-017,Bhallar,12,False
500,0.6122448979591835,0.6145251396648048,139-018,Giri Mosque / tombs,3,True
500,0.6145251396648048,0.6218487394957982,139-001,Khanpur Cave,14,False
500,0.6145251396648048,0.6218487394957982,139-003,Bhir Mound,16,False
500,0.6145251396648048,0.6218487394957982,139-004,Sirkap,10,False
500,0.6145251396648048,0.6218487394957982,139-005,Sirsukh,8,False
500,0.6145251396648048,0.6218487394957982,139-006,Dharmarajika,4,False
500,0.6145251396648048,0.6218487394957982,139-007,Khader Mohra,7,False
500,0.6145251396648048,0.6218487394957982,139-008,Kalawan,5,False
500,0.6145251396648048,0.6218487394957982,139-009,Giri complex,1,True
500,0.6145251396648048,0.6218487394957982,139-010,Kunala,9,False
500,0.6145251396648048,0.6218487394957982,139-011,Jandial,17,False
500,0.6145251396648048,0.6218487394957982,139-012,Lalchak / Badalpur,15,False
500,0.6145251396648048,0.6218487394957982,139-013,Mohra Moradu,6,False
500,0.6145251396648048,0.6218487394957982,139-014,Pippala,11,False
500,0.6145251396648048,0.6218487394957982,139-015,Jaulian,2,True
500,0.6145251396648048,0.6218487394957982,139-016,Lalchak mounds,13,False
500,0.6145251396648048,0.6218487394957982,139-017,Bhallar,12,False
500,0.6145251396648048,0.6218487394957982,139-018,Giri Mosque / tombs,3,True
500,0.6218487394957982,0.6250000000000027,139-001,Khanpur Cave,14,False
500,0.6218487394957982,0.6250000000000027,139-003,Bhir Mound,16,False
500,0.6218487394957982,0.6250000000000027,139-004,Sirkap,10,False
500,0.6218487394957982,0.6250000000000027,139-005,Sirsukh,8,False
500,0.6218487394957982,0.6250000000000027,139-006,Dharmarajika,4,False
500,0.6218487394957982,0.6250000000000027,139-007,Khader Mohra,7,False
500,0.6218487394957982,0.6250000000000027,139-008,Kalawan,5,False
500,0.6218487394957982,0.6250000000000027,139-009,Giri complex,1,True
500,0.6218487394957982,0.6250000000000027,139-010,Kunala,9,False
500,0.6218487394957982,0.6250000000000027,139-011,Jandial,17,False
500,0.6218487394957982,0.6250000000000027,139-012,Lalchak / Badalpur,15,False
500,0.6218487394957982,0.6250000000000027,139-013,Mohra Moradu,6,False
500,0.6218487394957982,0.6250000000000027,139-014,Pippala,11,False
500,0.6218487394957982,0.6250000000000027,139-015,Jaulian,2,True
500,0.6218487394957982,0.6250000000000027,139-016,Lalchak mounds,12,False
500,0.6218487394957982,0.6250000000000027,139-017,Bhallar,13,False
500,0.6218487394957982,0.6250000000000027,139-018,Giri Mosque / tombs,3,True
500,0.6250000000000027,0.6369426751592354,139-001,Khanpur Cave,14,False
500,0.6250000000000027,0.6369426751592354,139-003,Bhir Mound,16,False
500,0.6250000000000027,0.6369426751592354,139-004,Sirkap,10,False
500,0.6250000000000027,0.6369426751592354,139-005,Sirsukh,8,False
500,0.6250000000000027,0.6369426751592354,139-006,Dharmarajika,4,False
500,0.6250000000000027,0.6369426751592354,139-007,Khader Mohra,6,False
500,0.6250000000000027,0.6369426751592354,139-008,Kalawan,5,False
500,0.6250000000000027,0.6369426751592354,139-009,Giri complex,1,True
500,0.6250000000000027,0.6369426751592354,139-010,Kunala,9,False
500,0.6250000000000027,0.6369426751592354,139-011,Jandial,17,False
500,0.6250000000000027,0.6369426751592354,139-012,Lalchak / Badalpur,15,False
500,0.6250000000000027,0.6369426751592354,139-013,Mohra Moradu,7,False
500,0.6250000000000027,0.6369426751592354,139-014,Pippala,11,False
500,0.6250000000000027,0.6369426751592354,139-015,Jaulian,2,True
500,0.6250000000000027,0.6369426751592354,139-016,Lalchak mounds,12,False
500,0.6250000000000027,0.6369426751592354,139-017,Bhallar,13,False
500,0.6250000000000027,0.6369426751592354,139-018,Giri Mosque / tombs,3,True
500,0.6369426751592354,0.670731707317073,139-001,Khanpur Cave,14,False
500,0.6369426751592354,0.670731707317073,139-003,Bhir Mound,16,False
500,0.6369426751592354,0.670731707317073,139-004,Sirkap,9,False
500,0.6369426751592354,0.670731707317073,139-005,Sirsukh,8,False
500,0.6369426751592354,0.670731707317073,139-006,Dharmarajika,4,False
500,0.6369426751592354,0.670731707317073,139-007,Khader Mohra,6,False
500,0.6369426751592354,0.670731707317073,139-008,Kalawan,5,False
500,0.6369426751592354,0.670731707317073,139-009,Giri complex,1,True
500,0.6369426751592354,0.670731707317073,139-010,Kunala,10,False
500,0.6369426751592354,0.670731707317073,139-011,Jandial,17,False
500,0.6369426751592354,0.670731707317073,139-012,Lalchak / Badalpur,15,False
500,0.6369426751592354,0.670731707317073,139-013,Mohra Moradu,7,False
500,0.6369426751592354,0.670731707317073,139-014,Pippala,11,False
500,0.6369426751592354,0.670731707317073,139-015,Jaulian,2,True
500,0.6369426751592354,0.670731707317073,139-016,Lalchak mounds,12,False
500,0.6369426751592354,0.670731707317073,139-017,Bhallar,13,False
500,0.6369426751592354,0.670731707317073,139-018,Giri Mosque / tombs,3,True
500,0.670731707317073,0.6796116504854365,139-001,Khanpur Cave,14,False
500,0.670731707317073,0.6796116504854365,139-003,Bhir Mound,16,False
500,0.670731707317073,0.6796116504854365,139-004,Sirkap,9,False
500,0.670731707317073,0.6796116504854365,139-005,Sirsukh,8,False
500,0.670731707317073,0.6796116504854365,139-006,Dharmarajika,4,False
500,0.670731707317073,0.6796116504854365,139-007,Khader Mohra,6,False
500,0.670731707317073,0.6796116504854365,139-008,Kalawan,5,False
500,0.670731707317073,0.6796116504854365,139-009,Giri complex,1,True
500,0.670731707317073,0.6796116504854365,139-010,Kunala,10,False
500,0.670731707317073,0.6796116504854365,139-011,Jandial,17,False
500,0.670731707317073,0.6796116504854365,139-012,Lalchak / Badalpur,15,False
500,0.670731707317073,0.6796116504854365,139-013,Mohra Moradu,7,False
500,0.670731707317073,0.6796116504854365,139-014,Pippala,12,False
500,0.670731707317073,0.6796116504854365,139-015,Jaulian,2,True
500,0.670731707317073,0.6796116504854365,139-016,Lalchak mounds,11,False
500,0.670731707317073,0.6796116504854365,139-017,Bhallar,13,False
500,0.670731707317073,0.6796116504854365,139-018,Giri Mosque / tombs,3,True
500,0.6796116504854365,0.6896551724137931,139-001,Khanpur Cave,14,False
500,0.6796116504854365,0.6896551724137931,139-003,Bhir Mound,16,False
500,0.6796116504854365,0.6896551724137931,139-004,Sirkap,9,False
500,0.6796116504854365,0.6896551724137931,139-005,Sirsukh,8,False
500,0.6796116504854365,0.6896551724137931,139-006,Dharmarajika,3,True
500,0.6796116504854365,0.6896551724137931,139-007,Khader Mohra,6,False
500,0.6796116504854365,0.6896551724137931,139-008,Kalawan,5,False
500,0.6796116504854365,0.6896551724137931,139-009,Giri complex,1,True
500,0.6796116504854365,0.6896551724137931,139-010,Kunala,10,False
500,0.6796116504854365,0.6896551724137931,139-011,Jandial,17,False
500,0.6796116504854365,0.6896551724137931,139-012,Lalchak / Badalpur,15,False
500,0.6796116504854365,0.6896551724137931,139-013,Mohra Moradu,7,False
500,0.6796116504854365,0.6896551724137931,139-014,Pippala,12,False
500,0.6796116504854365,0.6896551724137931,139-015,Jaulian,2,True
500,0.6796116504854365,0.6896551724137931,139-016,Lalchak mounds,11,False
500,0.6796116504854365,0.6896551724137931,139-017,Bhallar,13,False
500,0.6796116504854365,0.6896551724137931,139-018,Giri Mosque / tombs,4,False
500,0.6896551724137931,0.6968641114982577,139-001,Khanpur Cave,14,False
500,0.6896551724137931,0.6968641114982577,139-003,Bhir Mound,16,False
500,0.6896551724137931,0.6968641114982577,139-004,Sirkap,7,False
500,0.6896551724137931,0.6968641114982577,139-005,Sirsukh,8,False
500,0.6896551724137931,0.6968641114982577,139-006,Dharmarajika,3,True
500,0.6896551724137931,0.6968641114982577,139-007,Khader Mohra,6,False
500,0.6896551724137931,0.6968641114982577,139-008,Kalawan,5,False
500,0.6896551724137931,0.6968641114982577,139-009,Giri complex,1,True
500,0.6896551724137931,0.6968641114982577,139-010,Kunala,10,False
500,0.6896551724137931,0.6968641114982577,139-011,Jandial,17,False
500,0.6896551724137931,0.6968641114982577,139-012,Lalchak / Badalpur,15,False
500,0.6896551724137931,0.6968641114982577,139-013,Mohra Moradu,9,False
500,0.6896551724137931,0.6968641114982577,139-014,Pippala,12,False
500,0.6896551724137931,0.6968641114982577,139-015,Jaulian,2,True
500,0.6896551724137931,0.6968641114982577,139-016,Lalchak mounds,11,False
500,0.6896551724137931,0.6968641114982577,139-017,Bhallar,13,False
500,0.6896551724137931,0.6968641114982577,139-018,Giri Mosque / tombs,4,False
500,0.6968641114982577,0.7011070110701106,139-001,Khanpur Cave,14,False
500,0.6968641114982577,0.7011070110701106,139-003,Bhir Mound,16,False
500,0.6968641114982577,0.7011070110701106,139-004,Sirkap,6,False
500,0.6968641114982577,0.7011070110701106,139-005,Sirsukh,8,False
500,0.6968641114982577,0.7011070110701106,139-006,Dharmarajika,3,True
500,0.6968641114982577,0.7011070110701106,139-007,Khader Mohra,7,False
500,0.6968641114982577,0.7011070110701106,139-008,Kalawan,5,False
500,0.6968641114982577,0.7011070110701106,139-009,Giri complex,1,True
500,0.6968641114982577,0.7011070110701106,139-010,Kunala,10,False
500,0.6968641114982577,0.7011070110701106,139-011,Jandial,17,False
500,0.6968641114982577,0.7011070110701106,139-012,Lalchak / Badalpur,15,False
500,0.6968641114982577,0.7011070110701106,139-013,Mohra Moradu,9,False
500,0.6968641114982577,0.7011070110701106,139-014,Pippala,12,False
500,0.6968641114982577,0.7011070110701106,139-015,Jaulian,2,True
500,0.6968641114982577,0.7011070110701106,139-016,Lalchak mounds,11,False
500,0.6968641114982577,0.7011070110701106,139-017,Bhallar,13,False
500,0.6968641114982577,0.7011070110701106,139-018,Giri Mosque / tombs,4,False
500,0.7011070110701106,0.7017543859649119,139-001,Khanpur Cave,14,False
500,0.7011070110701106,0.7017543859649119,139-003,Bhir Mound,16,False
500,0.7011070110701106,0.7017543859649119,139-004,Sirkap,6,False
500,0.7011070110701106,0.7017543859649119,139-005,Sirsukh,8,False
500,0.7011070110701106,0.7017543859649119,139-006,Dharmarajika,3,True
500,0.7011070110701106,0.7017543859649119,139-007,Khader Mohra,7,False
500,0.7011070110701106,0.7017543859649119,139-008,Kalawan,4,False
500,0.7011070110701106,0.7017543859649119,139-009,Giri complex,1,True
500,0.7011070110701106,0.7017543859649119,139-010,Kunala,10,False
500,0.7011070110701106,0.7017543859649119,139-011,Jandial,17,False
500,0.7011070110701106,0.7017543859649119,139-012,Lalchak / Badalpur,15,False
500,0.7011070110701106,0.7017543859649119,139-013,Mohra Moradu,9,False
500,0.7011070110701106,0.7017543859649119,139-014,Pippala,12,False
500,0.7011070110701106,0.7017543859649119,139-015,Jaulian,2,True
500,0.7011070110701106,0.7017543859649119,139-016,Lalchak mounds,11,False
500,0.7011070110701106,0.7017543859649119,139-017,Bhallar,13,False
500,0.7011070110701106,0.7017543859649119,139-018,Giri Mosque / tombs,5,False
500,0.7017543859649119,0.7182320441988951,139-001,Khanpur Cave,14,False
500,0.7017543859649119,0.7182320441988951,139-003,Bhir Mound,16,False
500,0.7017543859649119,0.7182320441988951,139-004,Sirkap,6,False
500,0.7017543859649119,0.7182320441988951,139-005,Sirsukh,7,False
500,0.7017543859649119,0.7182320441988951,139-006,Dharmarajika,3,True
500,0.7017543859649119,0.7182320441988951,139-007,Khader Mohra,8,False
500,0.7017543859649119,0.7182320441988951,139-008,Kalawan,4,False
500,0.7017543859649119,0.7182320441988951,139-009,Giri complex,1,True
500,0.7017543859649119,0.7182320441988951,139-010,Kunala,10,False
500,0.7017543859649119,0.7182320441988951,139-011,Jandial,17,False
500,0.7017543859649119,0.7182320441988951,139-012,Lalchak / Badalpur,15,False
500,0.7017543859649119,0.7182320441988951,139-013,Mohra Moradu,9,False
500,0.7017543859649119,0.7182320441988951,139-014,Pippala,12,False
500,0.7017543859649119,0.7182320441988951,139-015,Jaulian,2,True
500,0.7017543859649119,0.7182320441988951,139-016,Lalchak mounds,11,False
500,0.7017543859649119,0.7182320441988951,139-017,Bhallar,13,False
500,0.7017543859649119,0.7182320441988951,139-018,Giri Mosque / tombs,5,False
500,0.7182320441988951,0.72992700729927,139-001,Khanpur Cave,15,False
500,0.7182320441988951,0.72992700729927,139-003,Bhir Mound,16,False
500,0.7182320441988951,0.72992700729927,139-004,Sirkap,6,False
500,0.7182320441988951,0.72992700729927,139-005,Sirsukh,7,False
500,0.7182320441988951,0.72992700729927,139-006,Dharmarajika,3,True
500,0.7182320441988951,0.72992700729927,139-007,Khader Mohra,8,False
500,0.7182320441988951,0.72992700729927,139-008,Kalawan,4,False
500,0.7182320441988951,0.72992700729927,139-009,Giri complex,1,True
500,0.7182320441988951,0.72992700729927,139-010,Kunala,10,False
500,0.7182320441988951,0.72992700729927,139-011,Jandial,17,False
500,0.7182320441988951,0.72992700729927,139-012,Lalchak / Badalpur,14,False
500,0.7182320441988951,0.72992700729927,139-013,Mohra Moradu,9,False
500,0.7182320441988951,0.72992700729927,139-014,Pippala,12,False
500,0.7182320441988951,0.72992700729927,139-015,Jaulian,2,True
500,0.7182320441988951,0.72992700729927,139-016,Lalchak mounds,11,False
500,0.7182320441988951,0.72992700729927,139-017,Bhallar,13,False
500,0.7182320441988951,0.72992700729927,139-018,Giri Mosque / tombs,5,False
500,0.72992700729927,0.7352941176470589,139-001,Khanpur Cave,15,False
500,0.72992700729927,0.7352941176470589,139-003,Bhir Mound,16,False
500,0.72992700729927,0.7352941176470589,139-004,Sirkap,5,False
500,0.72992700729927,0.7352941176470589,139-005,Sirsukh,7,False
500,0.72992700729927,0.7352941176470589,139-006,Dharmarajika,3,True
500,0.72992700729927,0.7352941176470589,139-007,Khader Mohra,8,False
500,0.72992700729927,0.7352941176470589,139-008,Kalawan,4,False
500,0.72992700729927,0.7352941176470589,139-009,Giri complex,1,True
500,0.72992700729927,0.7352941176470589,139-010,Kunala,10,False
500,0.72992700729927,0.7352941176470589,139-011,Jandial,17,False
500,0.72992700729927,0.7352941176470589,139-012,Lalchak / Badalpur,14,False
500,0.72992700729927,0.7352941176470589,139-013,Mohra Moradu,9,False
500,0.72992700729927,0.7352941176470589,139-014,Pippala,12,False
500,0.72992700729927,0.7352941176470589,139-015,Jaulian,2,True
500,0.72992700729927,0.7352941176470589,139-016,Lalchak mounds,11,False
500,0.72992700729927,0.7352941176470589,139-017,Bhallar,13,False
500,0.72992700729927,0.7352941176470589,139-018,Giri Mosque / tombs,6,False
500,0.7352941176470589,0.7407407407407411,139-001,Khanpur Cave,15,False
500,0.7352941176470589,0.7407407407407411,139-003,Bhir Mound,16,False
500,0.7352941176470589,0.7407407407407411,139-004,Sirkap,5,False
500,0.7352941176470589,0.7407407407407411,139-005,Sirsukh,7,False
500,0.7352941176470589,0.7407407407407411,139-006,Dharmarajika,2,True
500,0.7352941176470589,0.7407407407407411,139-007,Khader Mohra,8,False
500,0.7352941176470589,0.7407407407407411,139-008,Kalawan,4,False
500,0.7352941176470589,0.7407407407407411,139-009,Giri complex,1,True
500,0.7352941176470589,0.7407407407407411,139-010,Kunala,10,False
500,0.7352941176470589,0.7407407407407411,139-011,Jandial,17,False
500,0.7352941176470589,0.7407407407407411,139-012,Lalchak / Badalpur,14,False
500,0.7352941176470589,0.7407407407407411,139-013,Mohra Moradu,9,False
500,0.7352941176470589,0.7407407407407411,139-014,Pippala,12,False
500,0.7352941176470589,0.7407407407407411,139-015,Jaulian,3,True
500,0.7352941176470589,0.7407407407407411,139-016,Lalchak mounds,11,False
500,0.7352941176470589,0.7407407407407411,139-017,Bhallar,13,False
500,0.7352941176470589,0.7407407407407411,139-018,Giri Mosque / tombs,6,False
500,0.7407407407407411,0.7428571428571428,139-001,Khanpur Cave,15,False
500,0.7407407407407411,0.7428571428571428,139-003,Bhir Mound,16,False
500,0.7407407407407411,0.7428571428571428,139-004,Sirkap,5,False
500,0.7407407407407411,0.7428571428571428,139-005,Sirsukh,7,False
500,0.7407407407407411,0.7428571428571428,139-006,Dharmarajika,2,True
500,0.7407407407407411,0.7428571428571428,139-007,Khader Mohra,8,False
500,0.7407407407407411,0.7428571428571428,139-008,Kalawan,4,False
500,0.7407407407407411,0.7428571428571428,139-009,Giri complex,1,True
500,0.7407407407407411,0.7428571428571428,139-010,Kunala,9,False
500,0.7407407407407411,0.7428571428571428,139-011,Jandial,17,False
500,0.7407407407407411,0.7428571428571428,139-012,Lalchak / Badalpur,14,False
500,0.7407407407407411,0.7428571428571428,139-013,Mohra Moradu,10,False
500,0.7407407407407411,0.7428571428571428,139-014,Pippala,12,False
500,0.7407407407407411,0.7428571428571428,139-015,Jaulian,3,True
500,0.7407407407407411,0.7428571428571428,139-016,Lalchak mounds,11,False
500,0.7407407407407411,0.7428571428571428,139-017,Bhallar,13,False
500,0.7407407407407411,0.7428571428571428,139-018,Giri Mosque / tombs,6,False
500,0.7428571428571428,0.7457627118644066,139-001,Khanpur Cave,15,False
500,0.7428571428571428,0.7457627118644066,139-003,Bhir Mound,16,False
500,0.7428571428571428,0.7457627118644066,139-004,Sirkap,5,False
500,0.7428571428571428,0.7457627118644066,139-005,Sirsukh,7,False
500,0.7428571428571428,0.7457627118644066,139-006,Dharmarajika,2,True
500,0.7428571428571428,0.7457627118644066,139-007,Khader Mohra,8,False
500,0.7428571428571428,0.7457627118644066,139-008,Kalawan,4,False
500,0.7428571428571428,0.7457627118644066,139-009,Giri complex,1,True
500,0.7428571428571428,0.7457627118644066,139-010,Kunala,9,False
500,0.7428571428571428,0.7457627118644066,139-011,Jandial,17,False
500,0.7428571428571428,0.7457627118644066,139-012,Lalchak / Badalpur,13,False
500,0.7428571428571428,0.7457627118644066,139-013,Mohra Moradu,10,False
500,0.7428571428571428,0.7457627118644066,139-014,Pippala,12,False
500,0.7428571428571428,0.7457627118644066,139-015,Jaulian,3,True
500,0.7428571428571428,0.7457627118644066,139-016,Lalchak mounds,11,False
500,0.7428571428571428,0.7457627118644066,139-017,Bhallar,14,False
500,0.7428571428571428,0.7457627118644066,139-018,Giri Mosque / tombs,6,False
500,0.7457627118644066,0.7462686567164183,139-001,Khanpur Cave,15,False
500,0.7457627118644066,0.7462686567164183,139-003,Bhir Mound,16,False
500,0.7457627118644066,0.7462686567164183,139-004,Sirkap,5,False
500,0.7457627118644066,0.7462686567164183,139-005,Sirsukh,6,False
500,0.7457627118644066,0.7462686567164183,139-006,Dharmarajika,2,True
500,0.7457627118644066,0.7462686567164183,139-007,Khader Mohra,8,False
500,0.7457627118644066,0.7462686567164183,139-008,Kalawan,4,False
500,0.7457627118644066,0.7462686567164183,139-009,Giri complex,1,True
500,0.7457627118644066,0.7462686567164183,139-010,Kunala,9,False
500,0.7457627118644066,0.7462686567164183,139-011,Jandial,17,False
500,0.7457627118644066,0.7462686567164183,139-012,Lalchak / Badalpur,13,False
500,0.7457627118644066,0.7462686567164183,139-013,Mohra Moradu,10,False
500,0.7457627118644066,0.7462686567164183,139-014,Pippala,12,False
500,0.7457627118644066,0.7462686567164183,139-015,Jaulian,3,True
500,0.7457627118644066,0.7462686567164183,139-016,Lalchak mounds,11,False
500,0.7457627118644066,0.7462686567164183,139-017,Bhallar,14,False
500,0.7457627118644066,0.7462686567164183,139-018,Giri Mosque / tombs,7,False
500,0.7462686567164183,0.755813953488372,139-001,Khanpur Cave,15,False
500,0.7462686567164183,0.755813953488372,139-003,Bhir Mound,16,False
500,0.7462686567164183,0.755813953488372,139-004,Sirkap,5,False
500,0.7462686567164183,0.755813953488372,139-005,Sirsukh,6,False
500,0.7462686567164183,0.755813953488372,139-006,Dharmarajika,2,True
500,0.7462686567164183,0.755813953488372,139-007,Khader Mohra,8,False
500,0.7462686567164183,0.755813953488372,139-008,Kalawan,3,True
500,0.7462686567164183,0.755813953488372,139-009,Giri complex,1,True
500,0.7462686567164183,0.755813953488372,139-010,Kunala,9,False
500,0.7462686567164183,0.755813953488372,139-011,Jandial,17,False
500,0.7462686567164183,0.755813953488372,139-012,Lalchak / Badalpur,13,False
500,0.7462686567164183,0.755813953488372,139-013,Mohra Moradu,10,False
500,0.7462686567164183,0.755813953488372,139-014,Pippala,12,False
500,0.7462686567164183,0.755813953488372,139-015,Jaulian,4,False
500,0.7462686567164183,0.755813953488372,139-016,Lalchak mounds,11,False
500,0.7462686567164183,0.755813953488372,139-017,Bhallar,14,False
500,0.7462686567164183,0.755813953488372,139-018,Giri Mosque / tombs,7,False
500,0.755813953488372,0.7624633431085046,139-001,Khanpur Cave,14,False
500,0.755813953488372,0.7624633431085046,139-003,Bhir Mound,16,False
500,0.755813953488372,0.7624633431085046,139-004,Sirkap,5,False
500,0.755813953488372,0.7624633431085046,139-005,Sirsukh,6,False
500,0.755813953488372,0.7624633431085046,139-006,Dharmarajika,2,True
500,0.755813953488372,0.7624633431085046,139-007,Khader Mohra,8,False
500,0.755813953488372,0.7624633431085046,139-008,Kalawan,3,True
500,0.755813953488372,0.7624633431085046,139-009,Giri complex,1,True
500,0.755813953488372,0.7624633431085046,139-010,Kunala,9,False
500,0.755813953488372,0.7624633431085046,139-011,Jandial,17,False
500,0.755813953488372,0.7624633431085046,139-012,Lalchak / Badalpur,13,False
500,0.755813953488372,0.7624633431085046,139-013,Mohra Moradu,10,False
500,0.755813953488372,0.7624633431085046,139-014,Pippala,12,False
500,0.755813953488372,0.7624633431085046,139-015,Jaulian,4,False
500,0.755813953488372,0.7624633431085046,139-016,Lalchak mounds,11,False
500,0.755813953488372,0.7624633431085046,139-017,Bhallar,15,False
500,0.755813953488372,0.7624633431085046,139-018,Giri Mosque / tombs,7,False
500,0.7624633431085046,0.7692307692307689,139-001,Khanpur Cave,14,False
500,0.7624633431085046,0.7692307692307689,139-003,Bhir Mound,16,False
500,0.7624633431085046,0.7692307692307689,139-004,Sirkap,4,False
500,0.7624633431085046,0.7692307692307689,139-005,Sirsukh,6,False
500,0.7624633431085046,0.7692307692307689,139-006,Dharmarajika,2,True
500,0.7624633431085046,0.7692307692307689,139-007,Khader Mohra,8,False
500,0.7624633431085046,0.7692307692307689,139-008,Kalawan,3,True
500,0.7624633431085046,0.7692307692307689,139-009,Giri complex,1,True
500,0.7624633431085046,0.7692307692307689,139-010,Kunala,9,False
500,0.7624633431085046,0.7692307692307689,139-011,Jandial,17,False
500,0.7624633431085046,0.7692307692307689,139-012,Lalchak / Badalpur,13,False
500,0.7624633431085046,0.7692307692307689,139-013,Mohra Moradu,10,False
500,0.7624633431085046,0.7692307692307689,139-014,Pippala,12,False
500,0.7624633431085046,0.7692307692307689,139-015,Jaulian,5,False
500,0.7624633431085046,0.7692307692307689,139-016,Lalchak mounds,11,False
500,0.7624633431085046,0.7692307692307689,139-017,Bhallar,15,False
500,0.7624633431085046,0.7692307692307689,139-018,Giri Mosque / tombs,7,False
500,0.7692307692307689,0.774818401937046,139-001,Khanpur Cave,14,False
500,0.7692307692307689,0.774818401937046,139-003,Bhir Mound,16,False
500,0.7692307692307689,0.774818401937046,139-004,Sirkap,4,False
500,0.7692307692307689,0.774818401937046,139-005,Sirsukh,6,False
500,0.7692307692307689,0.774818401937046,139-006,Dharmarajika,2,True
500,0.7692307692307689,0.774818401937046,139-007,Khader Mohra,9,False
500,0.7692307692307689,0.774818401937046,139-008,Kalawan,1,True
500,0.7692307692307689,0.774818401937046,139-009,Giri complex,3,True
500,0.7692307692307689,0.774818401937046,139-010,Kunala,8,False
500,0.7692307692307689,0.774818401937046,139-011,Jandial,17,False
500,0.7692307692307689,0.774818401937046,139-012,Lalchak / Badalpur,13,False
500,0.7692307692307689,0.774818401937046,139-013,Mohra Moradu,10,False
500,0.7692307692307689,0.774818401937046,139-014,Pippala,12,False
500,0.7692307692307689,0.774818401937046,139-015,Jaulian,5,False
500,0.7692307692307689,0.774818401937046,139-016,Lalchak mounds,11,False
500,0.7692307692307689,0.774818401937046,139-017,Bhallar,15,False
500,0.7692307692307689,0.774818401937046,139-018,Giri Mosque / tombs,7,False
500,0.774818401937046,0.780487804878049,139-001,Khanpur Cave,14,False
500,0.774818401937046,0.780487804878049,139-003,Bhir Mound,16,False
500,0.774818401937046,0.780487804878049,139-004,Sirkap,3,True
500,0.774818401937046,0.780487804878049,139-005,Sirsukh,6,False
500,0.774818401937046,0.780487804878049,139-006,Dharmarajika,2,True
500,0.774818401937046,0.780487804878049,139-007,Khader Mohra,9,False
500,0.774818401937046,0.780487804878049,139-008,Kalawan,1,True
500,0.774818401937046,0.780487804878049,139-009,Giri complex,4,False
500,0.774818401937046,0.780487804878049,139-010,Kunala,8,False
500,0.774818401937046,0.780487804878049,139-011,Jandial,17,False
500,0.774818401937046,0.780487804878049,139-012,Lalchak / Badalpur,13,False
500,0.774818401937046,0.780487804878049,139-013,Mohra Moradu,10,False
500,0.774818401937046,0.780487804878049,139-014,Pippala,12,False
500,0.774818401937046,0.780487804878049,139-015,Jaulian,5,False
500,0.774818401937046,0.780487804878049,139-016,Lalchak mounds,11,False
500,0.774818401937046,0.780487804878049,139-017,Bhallar,15,False
500,0.774818401937046,0.780487804878049,139-018,Giri Mosque / tombs,7,False
500,0.780487804878049,0.7857142857142856,139-001,Khanpur Cave,14,False
500,0.780487804878049,0.7857142857142856,139-003,Bhir Mound,16,False
500,0.780487804878049,0.7857142857142856,139-004,Sirkap,2,True
500,0.780487804878049,0.7857142857142856,139-005,Sirsukh,6,False
500,0.780487804878049,0.7857142857142856,139-006,Dharmarajika,3,True
500,0.780487804878049,0.7857142857142856,139-007,Khader Mohra,9,False
500,0.780487804878049,0.7857142857142856,139-008,Kalawan,1,True
500,0.780487804878049,0.7857142857142856,139-009,Giri complex,4,False
500,0.780487804878049,0.7857142857142856,139-010,Kunala,8,False
500,0.780487804878049,0.7857142857142856,139-011,Jandial,17,False
500,0.780487804878049,0.7857142857142856,139-012,Lalchak / Badalpur,13,False
500,0.780487804878049,0.7857142857142856,139-013,Mohra Moradu,10,False
500,0.780487804878049,0.7857142857142856,139-014,Pippala,12,False
500,0.780487804878049,0.7857142857142856,139-015,Jaulian,5,False
500,0.780487804878049,0.7857142857142856,139-016,Lalchak mounds,11,False
500,0.780487804878049,0.7857142857142856,139-017,Bhallar,15,False
500,0.780487804878049,0.7857142857142856,139-018,Giri Mosque / tombs,7,False
500,0.7857142857142856,0.7874015748031495,139-001,Khanpur Cave,14,False
500,0.7857142857142856,0.7874015748031495,139-003,Bhir Mound,16,False
500,0.7857142857142856,0.7874015748031495,139-004,Sirkap,1,True
500,0.7857142857142856,0.7874015748031495,139-005,Sirsukh,6,False
500,0.7857142857142856,0.7874015748031495,139-006,Dharmarajika,3,True
500,0.7857142857142856,0.7874015748031495,139-007,Khader Mohra,9,False
500,0.7857142857142856,0.7874015748031495,139-008,Kalawan,2,True
500,0.7857142857142856,0.7874015748031495,139-009,Giri complex,4,False
500,0.7857142857142856,0.7874015748031495,139-010,Kunala,8,False
500,0.7857142857142856,0.7874015748031495,139-011,Jandial,17,False
500,0.7857142857142856,0.7874015748031495,139-012,Lalchak / Badalpur,13,False
500,0.7857142857142856,0.7874015748031495,139-013,Mohra Moradu,10,False
500,0.7857142857142856,0.7874015748031495,139-014,Pippala,12,False
500,0.7857142857142856,0.7874015748031495,139-015,Jaulian,5,False
500,0.7857142857142856,0.7874015748031495,139-016,Lalchak mounds,11,False
500,0.7857142857142856,0.7874015748031495,139-017,Bhallar,15,False
500,0.7857142857142856,0.7874015748031495,139-018,Giri Mosque / tombs,7,False
500,0.7874015748031495,0.8000000000000002,139-001,Khanpur Cave,14,False
500,0.7874015748031495,0.8000000000000002,139-003,Bhir Mound,16,False
500,0.7874015748031495,0.8000000000000002,139-004,Sirkap,1,True
500,0.7874015748031495,0.8000000000000002,139-005,Sirsukh,6,False
500,0.7874015748031495,0.8000000000000002,139-006,Dharmarajika,3,True
500,0.7874015748031495,0.8000000000000002,139-007,Khader Mohra,9,False
500,0.7874015748031495,0.8000000000000002,139-008,Kalawan,2,True
500,0.7874015748031495,0.8000000000000002,139-009,Giri complex,4,False
500,0.7874015748031495,0.8000000000000002,139-010,Kunala,7,False
500,0.7874015748031495,0.8000000000000002,139-011,Jandial,17,False
500,0.7874015748031495,0.8000000000000002,139-012,Lalchak / Badalpur,13,False
500,0.7874015748031495,0.8000000000000002,139-013,Mohra Moradu,10,False
500,0.7874015748031495,0.8000000000000002,139-014,Pippala,12,False
500,0.7874015748031495,0.8000000000000002,139-015,Jaulian,5,False
500,0.7874015748031495,0.8000000000000002,139-016,Lalchak mounds,11,False
500,0.7874015748031495,0.8000000000000002,139-017,Bhallar,15,False
500,0.7874015748031495,0.8000000000000002,139-018,Giri Mosque / tombs,8,False
500,0.8000000000000002,0.8064516129032258,139-001,Khanpur Cave,14,False
500,0.8000000000000002,0.8064516129032258,139-003,Bhir Mound,16,False
500,0.8000000000000002,0.8064516129032258,139-004,Sirkap,1,True
500,0.8000000000000002,0.8064516129032258,139-005,Sirsukh,5,False
500,0.8000000000000002,0.8064516129032258,139-006,Dharmarajika,3,True
500,0.8000000000000002,0.8064516129032258,139-007,Khader Mohra,9,False
500,0.8000000000000002,0.8064516129032258,139-008,Kalawan,2,True
500,0.8000000000000002,0.8064516129032258,139-009,Giri complex,4,False
500,0.8000000000000002,0.8064516129032258,139-010,Kunala,7,False
500,0.8000000000000002,0.8064516129032258,139-011,Jandial,17,False
500,0.8000000000000002,0.8064516129032258,139-012,Lalchak / Badalpur,13,False
500,0.8000000000000002,0.8064516129032258,139-013,Mohra Moradu,10,False
500,0.8000000000000002,0.8064516129032258,139-014,Pippala,12,False
500,0.8000000000000002,0.8064516129032258,139-015,Jaulian,6,False
500,0.8000000000000002,0.8064516129032258,139-016,Lalchak mounds,11,False
500,0.8000000000000002,0.8064516129032258,139-017,Bhallar,15,False
500,0.8000000000000002,0.8064516129032258,139-018,Giri Mosque / tombs,8,False
500,0.8064516129032258,0.808080808080808,139-001,Khanpur Cave,14,False
500,0.8064516129032258,0.808080808080808,139-003,Bhir Mound,16,False
500,0.8064516129032258,0.808080808080808,139-004,Sirkap,1,True
500,0.8064516129032258,0.808080808080808,139-005,Sirsukh,5,False
500,0.8064516129032258,0.808080808080808,139-006,Dharmarajika,3,True
500,0.8064516129032258,0.808080808080808,139-007,Khader Mohra,8,False
500,0.8064516129032258,0.808080808080808,139-008,Kalawan,2,True
500,0.8064516129032258,0.808080808080808,139-009,Giri complex,4,False
500,0.8064516129032258,0.808080808080808,139-010,Kunala,7,False
500,0.8064516129032258,0.808080808080808,139-011,Jandial,17,False
500,0.8064516129032258,0.808080808080808,139-012,Lalchak / Badalpur,13,False
500,0.8064516129032258,0.808080808080808,139-013,Mohra Moradu,11,False
500,0.8064516129032258,0.808080808080808,139-014,Pippala,12,False
500,0.8064516129032258,0.808080808080808,139-015,Jaulian,6,False
500,0.8064516129032258,0.808080808080808,139-016,Lalchak mounds,10,False
500,0.8064516129032258,0.808080808080808,139-017,Bhallar,15,False
500,0.8064516129032258,0.808080808080808,139-018,Giri Mosque / tombs,9,False
500,0.808080808080808,0.8208955223880595,139-001,Khanpur Cave,14,False
500,0.808080808080808,0.8208955223880595,139-003,Bhir Mound,16,False
500,0.808080808080808,0.8208955223880595,139-004,Sirkap,1,True
500,0.808080808080808,0.8208955223880595,139-005,Sirsukh,4,False
500,0.808080808080808,0.8208955223880595,139-006,Dharmarajika,3,True
500,0.808080808080808,0.8208955223880595,139-007,Khader Mohra,8,False
500,0.808080808080808,0.8208955223880595,139-008,Kalawan,2,True
500,0.808080808080808,0.8208955223880595,139-009,Giri complex,5,False
500,0.808080808080808,0.8208955223880595,139-010,Kunala,7,False
500,0.808080808080808,0.8208955223880595,139-011,Jandial,17,False
500,0.808080808080808,0.8208955223880595,139-012,Lalchak / Badalpur,13,False
500,0.808080808080808,0.8208955223880595,139-013,Mohra Moradu,11,False
500,0.808080808080808,0.8208955223880595,139-014,Pippala,12,False
500,0.808080808080808,0.8208955223880595,139-015,Jaulian,6,False
500,0.808080808080808,0.8208955223880595,139-016,Lalchak mounds,10,False
500,0.808080808080808,0.8208955223880595,139-017,Bhallar,15,False
500,0.808080808080808,0.8208955223880595,139-018,Giri Mosque / tombs,9,False
500,0.8208955223880595,0.8273381294964026,139-001,Khanpur Cave,14,False
500,0.8208955223880595,0.8273381294964026,139-003,Bhir Mound,16,False
500,0.8208955223880595,0.8273381294964026,139-004,Sirkap,1,True
500,0.8208955223880595,0.8273381294964026,139-005,Sirsukh,4,False
500,0.8208955223880595,0.8273381294964026,139-006,Dharmarajika,3,True
500,0.8208955223880595,0.8273381294964026,139-007,Khader Mohra,8,False
500,0.8208955223880595,0.8273381294964026,139-008,Kalawan,2,True
500,0.8208955223880595,0.8273381294964026,139-009,Giri complex,5,False
500,0.8208955223880595,0.8273381294964026,139-010,Kunala,7,False
500,0.8208955223880595,0.8273381294964026,139-011,Jandial,17,False
500,0.8208955223880595,0.8273381294964026,139-012,Lalchak / Badalpur,13,False
500,0.8208955223880595,0.8273381294964026,139-013,Mohra Moradu,11,False
500,0.8208955223880595,0.8273381294964026,139-014,Pippala,12,False
500,0.8208955223880595,0.8273381294964026,139-015,Jaulian,6,False
500,0.8208955223880595,0.8273381294964026,139-016,Lalchak mounds,9,False
500,0.8208955223880595,0.8273381294964026,139-017,Bhallar,15,False
500,0.8208955223880595,0.8273381294964026,139-018,Giri Mosque / tombs,10,False
500,0.8273381294964026,0.8333333333333323,139-001,Khanpur Cave,14,False
500,0.8273381294964026,0.8333333333333323,139-003,Bhir Mound,16,False
500,0.8273381294964026,0.8333333333333323,139-004,Sirkap,1,True
500,0.8273381294964026,0.8333333333333323,139-005,Sirsukh,4,False
500,0.8273381294964026,0.8333333333333323,139-006,Dharmarajika,3,True
500,0.8273381294964026,0.8333333333333323,139-007,Khader Mohra,9,False
500,0.8273381294964026,0.8333333333333323,139-008,Kalawan,2,True
500,0.8273381294964026,0.8333333333333323,139-009,Giri complex,5,False
500,0.8273381294964026,0.8333333333333323,139-010,Kunala,7,False
500,0.8273381294964026,0.8333333333333323,139-011,Jandial,17,False
500,0.8273381294964026,0.8333333333333323,139-012,Lalchak / Badalpur,13,False
500,0.8273381294964026,0.8333333333333323,139-013,Mohra Moradu,11,False
500,0.8273381294964026,0.8333333333333323,139-014,Pippala,12,False
500,0.8273381294964026,0.8333333333333323,139-015,Jaulian,6,False
500,0.8273381294964026,0.8333333333333323,139-016,Lalchak mounds,8,False
500,0.8273381294964026,0.8333333333333323,139-017,Bhallar,15,False
500,0.8273381294964026,0.8333333333333323,139-018,Giri Mosque / tombs,10,False
500,0.8333333333333323,0.859375,139-001,Khanpur Cave,14,False
500,0.8333333333333323,0.859375,139-003,Bhir Mound,16,False
500,0.8333333333333323,0.859375,139-004,Sirkap,1,True
500,0.8333333333333323,0.859375,139-005,Sirsukh,4,False
500,0.8333333333333323,0.859375,139-006,Dharmarajika,3,True
500,0.8333333333333323,0.859375,139-007,Khader Mohra,9,False
500,0.8333333333333323,0.859375,139-008,Kalawan,2,True
500,0.8333333333333323,0.859375,139-009,Giri complex,6,False
500,0.8333333333333323,0.859375,139-010,Kunala,7,False
500,0.8333333333333323,0.859375,139-011,Jandial,17,False
500,0.8333333333333323,0.859375,139-012,Lalchak / Badalpur,13,False
500,0.8333333333333323,0.859375,139-013,Mohra Moradu,11,False
500,0.8333333333333323,0.859375,139-014,Pippala,12,False
500,0.8333333333333323,0.859375,139-015,Jaulian,5,False
500,0.8333333333333323,0.859375,139-016,Lalchak mounds,8,False
500,0.8333333333333323,0.859375,139-017,Bhallar,15,False
500,0.8333333333333323,0.859375,139-018,Giri Mosque / tombs,10,False
500,0.859375,0.8663366336633662,139-001,Khanpur Cave,14,False
500,0.859375,0.8663366336633662,139-003,Bhir Mound,16,False
500,0.859375,0.8663366336633662,139-004,Sirkap,1,True
500,0.859375,0.8663366336633662,139-005,Sirsukh,4,False
500,0.859375,0.8663366336633662,139-006,Dharmarajika,3,True
500,0.859375,0.8663366336633662,139-007,Khader Mohra,9,False
500,0.859375,0.8663366336633662,139-008,Kalawan,2,True
500,0.859375,0.8663366336633662,139-009,Giri complex,7,False
500,0.859375,0.8663366336633662,139-010,Kunala,6,False
500,0.859375,0.8663366336633662,139-011,Jandial,17,False
500,0.859375,0.8663366336633662,139-012,Lalchak / Badalpur,13,False
500,0.859375,0.8663366336633662,139-013,Mohra Moradu,11,False
500,0.859375,0.8663366336633662,139-014,Pippala,12,False
500,0.859375,0.8663366336633662,139-015,Jaulian,5,False
500,0.859375,0.8663366336633662,139-016,Lalchak mounds,8,False
500,0.859375,0.8663366336633662,139-017,Bhallar,15,False
500,0.859375,0.8663366336633662,139-018,Giri Mosque / tombs,10,False
500,0.8663366336633662,0.8695652173913035,139-001,Khanpur Cave,14,False
500,0.8663366336633662,0.8695652173913035,139-003,Bhir Mound,16,False
500,0.8663366336633662,0.8695652173913035,139-004,Sirkap,1,True
500,0.8663366336633662,0.8695652173913035,139-005,Sirsukh,4,False
500,0.8663366336633662,0.8695652173913035,139-006,Dharmarajika,3,True
500,0.8663366336633662,0.8695652173913035,139-007,Khader Mohra,9,False
500,0.8663366336633662,0.8695652173913035,139-008,Kalawan,2,True
500,0.8663366336633662,0.8695652173913035,139-009,Giri complex,8,False
500,0.8663366336633662,0.8695652173913035,139-010,Kunala,6,False
500,0.8663366336633662,0.8695652173913035,139-011,Jandial,17,False
500,0.8663366336633662,0.8695652173913035,139-012,Lalchak / Badalpur,13,False
500,0.8663366336633662,0.8695652173913035,139-013,Mohra Moradu,11,False
500,0.8663366336633662,0.8695652173913035,139-014,Pippala,12,False
500,0.8663366336633662,0.8695652173913035,139-015,Jaulian,5,False
500,0.8663366336633662,0.8695652173913035,139-016,Lalchak mounds,7,False
500,0.8663366336633662,0.8695652173913035,139-017,Bhallar,15,False
500,0.8663366336633662,0.8695652173913035,139-018,Giri Mosque / tombs,10,False
500,0.8695652173913035,0.8734939759036146,139-001,Khanpur Cave,14,False
500,0.8695652173913035,0.8734939759036146,139-003,Bhir Mound,16,False
500,0.8695652173913035,0.8734939759036146,139-004,Sirkap,1,True
500,0.8695652173913035,0.8734939759036146,139-005,Sirsukh,4,False
500,0.8695652173913035,0.8734939759036146,139-006,Dharmarajika,3,True
500,0.8695652173913035,0.8734939759036146,139-007,Khader Mohra,9,False
500,0.8695652173913035,0.8734939759036146,139-008,Kalawan,2,True
500,0.8695652173913035,0.8734939759036146,139-009,Giri complex,8,False
500,0.8695652173913035,0.8734939759036146,139-010,Kunala,5,False
500,0.8695652173913035,0.8734939759036146,139-011,Jandial,17,False
500,0.8695652173913035,0.8734939759036146,139-012,Lalchak / Badalpur,13,False
500,0.8695652173913035,0.8734939759036146,139-013,Mohra Moradu,10,False
500,0.8695652173913035,0.8734939759036146,139-014,Pippala,12,False
500,0.8695652173913035,0.8734939759036146,139-015,Jaulian,6,False
500,0.8695652173913035,0.8734939759036146,139-016,Lalchak mounds,7,False
500,0.8695652173913035,0.8734939759036146,139-017,Bhallar,15,False
500,0.8695652173913035,0.8734939759036146,139-018,Giri Mosque / tombs,11,False
500,0.8734939759036146,0.8783783783783781,139-001,Khanpur Cave,14,False
500,0.8734939759036146,0.8783783783783781,139-003,Bhir Mound,16,False
500,0.8734939759036146,0.8783783783783781,139-004,Sirkap,1,True
500,0.8734939759036146,0.8783783783783781,139-005,Sirsukh,4,False
500,0.8734939759036146,0.8783783783783781,139-006,Dharmarajika,3,True
500,0.8734939759036146,0.8783783783783781,139-007,Khader Mohra,9,False
500,0.8734939759036146,0.8783783783783781,139-008,Kalawan,2,True
500,0.8734939759036146,0.8783783783783781,139-009,Giri complex,8,False
500,0.8734939759036146,0.8783783783783781,139-010,Kunala,5,False
500,0.8734939759036146,0.8783783783783781,139-011,Jandial,17,False
500,0.8734939759036146,0.8783783783783781,139-012,Lalchak / Badalpur,13,False
500,0.8734939759036146,0.8783783783783781,139-013,Mohra Moradu,10,False
500,0.8734939759036146,0.8783783783783781,139-014,Pippala,12,False
500,0.8734939759036146,0.8783783783783781,139-015,Jaulian,7,False
500,0.8734939759036146,0.8783783783783781,139-016,Lalchak mounds,6,False
500,0.8734939759036146,0.8783783783783781,139-017,Bhallar,15,False
500,0.8734939759036146,0.8783783783783781,139-018,Giri Mosque / tombs,11,False
500,0.8783783783783781,0.8988764044943824,139-001,Khanpur Cave,14,False
500,0.8783783783783781,0.8988764044943824,139-003,Bhir Mound,16,False
500,0.8783783783783781,0.8988764044943824,139-004,Sirkap,1,True
500,0.8783783783783781,0.8988764044943824,139-005,Sirsukh,4,False
500,0.8783783783783781,0.8988764044943824,139-006,Dharmarajika,3,True
500,0.8783783783783781,0.8988764044943824,139-007,Khader Mohra,9,False
500,0.8783783783783781,0.8988764044943824,139-008,Kalawan,2,True
500,0.8783783783783781,0.8988764044943824,139-009,Giri complex,8,False
500,0.8783783783783781,0.8988764044943824,139-010,Kunala,6,False
500,0.8783783783783781,0.8988764044943824,139-011,Jandial,17,False
500,0.8783783783783781,0.8988764044943824,139-012,Lalchak / Badalpur,13,False
500,0.8783783783783781,0.8988764044943824,139-013,Mohra Moradu,10,False
500,0.8783783783783781,0.8988764044943824,139-014,Pippala,12,False
500,0.8783783783783781,0.8988764044943824,139-015,Jaulian,7,False
500,0.8783783783783781,0.8988764044943824,139-016,Lalchak mounds,5,False
500,0.8783783783783781,0.8988764044943824,139-017,Bhallar,15,False
500,0.8783783783783781,0.8988764044943824,139-018,Giri Mosque / tombs,11,False
500,0.8988764044943824,0.9302325581395349,139-001,Khanpur Cave,14,False
500,0.8988764044943824,0.9302325581395349,139-003,Bhir Mound,16,False
500,0.8988764044943824,0.9302325581395349,139-004,Sirkap,1,True
500,0.8988764044943824,0.9302325581395349,139-005,Sirsukh,3,True
500,0.8988764044943824,0.9302325581395349,139-006,Dharmarajika,4,False
500,0.8988764044943824,0.9302325581395349,139-007,Khader Mohra,9,False
500,0.8988764044943824,0.9302325581395349,139-008,Kalawan,2,True
500,0.8988764044943824,0.9302325581395349,139-009,Giri complex,8,False
500,0.8988764044943824,0.9302325581395349,139-010,Kunala,6,False
500,0.8988764044943824,0.9302325581395349,139-011,Jandial,17,False
500,0.8988764044943824,0.9302325581395349,139-012,Lalchak / Badalpur,13,False
500,0.8988764044943824,0.9302325581395349,139-013,Mohra Moradu,10,False
500,0.8988764044943824,0.9302325581395349,139-014,Pippala,12,False
500,0.8988764044943824,0.9302325581395349,139-015,Jaulian,7,False
500,0.8988764044943824,0.9302325581395349,139-016,Lalchak mounds,5,False
500,0.8988764044943824,0.9302325581395349,139-017,Bhallar,15,False
500,0.8988764044943824,0.9302325581395349,139-018,Giri Mosque / tombs,11,False
500,0.9302325581395349,0.9523809523809526,139-001,Khanpur Cave,14,False
500,0.9302325581395349,0.9523809523809526,139-003,Bhir Mound,16,False
500,0.9302325581395349,0.9523809523809526,139-004,Sirkap,1,True
500,0.9302325581395349,0.9523809523809526,139-005,Sirsukh,3,True
500,0.9302325581395349,0.9523809523809526,139-006,Dharmarajika,4,False
500,0.9302325581395349,0.9523809523809526,139-007,Khader Mohra,9,False
500,0.9302325581395349,0.9523809523809526,139-008,Kalawan,2,True
500,0.9302325581395349,0.9523809523809526,139-009,Giri complex,8,False
500,0.9302325581395349,0.9523809523809526,139-010,Kunala,6,False
500,0.9302325581395349,0.9523809523809526,139-011,Jandial,17,False
500,0.9302325581395349,0.9523809523809526,139-012,Lalchak / Badalpur,12,False
500,0.9302325581395349,0.9523809523809526,139-013,Mohra Moradu,10,False
500,0.9302325581395349,0.9523809523809526,139-014,Pippala,13,False
500,0.9302325581395349,0.9523809523809526,139-015,Jaulian,7,False
500,0.9302325581395349,0.9523809523809526,139-016,Lalchak mounds,5,False
500,0.9302325581395349,0.9523809523809526,139-017,Bhallar,15,False
500,0.9302325581395349,0.9523809523809526,139-018,Giri Mosque / tombs,11,False
500,0.9523809523809526,0.9693877551020409,139-001,Khanpur Cave,14,False
500,0.9523809523809526,0.9693877551020409,139-003,Bhir Mound,16,False
500,0.9523809523809526,0.9693877551020409,139-004,Sirkap,1,True
500,0.9523809523809526,0.9693877551020409,139-005,Sirsukh,3,True
500,0.9523809523809526,0.9693877551020409,139-006,Dharmarajika,4,False
500,0.9523809523809526,0.9693877551020409,139-007,Khader Mohra,8,False
500,0.9523809523809526,0.9693877551020409,139-008,Kalawan,2,True
500,0.9523809523809526,0.9693877551020409,139-009,Giri complex,9,False
500,0.9523809523809526,0.9693877551020409,139-010,Kunala,6,False
500,0.9523809523809526,0.9693877551020409,139-011,Jandial,17,False
500,0.9523809523809526,0.9693877551020409,139-012,Lalchak / Badalpur,12,False
500,0.9523809523809526,0.9693877551020409,139-013,Mohra Moradu,10,False
500,0.9523809523809526,0.9693877551020409,139-014,Pippala,13,False
500,0.9523809523809526,0.9693877551020409,139-015,Jaulian,7,False
500,0.9523809523809526,0.9693877551020409,139-016,Lalchak mounds,5,False
500,0.9523809523809526,0.9693877551020409,139-017,Bhallar,15,False
500,0.9523809523809526,0.9693877551020409,139-018,Giri Mosque / tombs,11,False
500,0.9693877551020409,1.0,139-001,Khanpur Cave,14,False
500,0.9693877551020409,1.0,139-003,Bhir Mound,16,False
500,0.9693877551020409,1.0,139-004,Sirkap,1,True
500,0.9693877551020409,1.0,139-005,Sirsukh,3,True
500,0.9693877551020409,1.0,139-006,Dharmarajika,5,False
500,0.9693877551020409,1.0,139-007,Khader Mohra,8,False
500,0.9693877551020409,1.0,139-008,Kalawan,2,True
500,0.9693877551020409,1.0,139-009,Giri complex,9,False
500,0.9693877551020409,1.0,139-010,Kunala,6,False
500,0.9693877551020409,1.0,139-011,Jandial,17,False
500,0.9693877551020409,1.0,139-012,Lalchak / Badalpur,12,False
500,0.9693877551020409,1.0,139-013,Mohra Moradu,10,False
500,0.9693877551020409,1.0,139-014,Pippala,13,False
500,0.9693877551020409,1.0,139-015,Jaulian,7,False
500,0.9693877551020409,1.0,139-016,Lalchak mounds,4,False
500,0.9693877551020409,1.0,139-017,Bhallar,15,False
500,0.9693877551020409,1.0,139-018,Giri Mosque / tombs,11,False
1000,0.0,0.06968641114982538,139-001,Khanpur Cave,9,False
1000,0.0,0.06968641114982538,139-003,Bhir Mound,16,False
1000,0.0,0.06968641114982538,139-004,Sirkap,14,False
1000,0.0,0.06968641114982538,139-005,Sirsukh,13,False
1000,0.0,0.06968641114982538,139-006,Dharmarajika,8,False
1000,0.0,0.06968641114982538,139-007,Khader Mohra,5,False
1000,0.0,0.06968641114982538,139-008,Kalawan,10,False
1000,0.0,0.06968641114982538,139-009,Giri complex,2,True
1000,0.0,0.06968641114982538,139-010,Kunala,12,False
1000,0.0,0.06968641114982538,139-011,Jandial,11,False
1000,0.0,0.06968641114982538,139-012,Lalchak / Badalpur,15,False
1000,0.0,0.06968641114982538,139-013,Mohra Moradu,7,False
1000,0.0,0.06968641114982538,139-014,Pippala,6,False
1000,0.0,0.06968641114982538,139-015,Jaulian,1,True
1000,0.0,0.06968641114982538,139-016,Lalchak mounds,17,False
1000,0.0,0.06968641114982538,139-017,Bhallar,3,True
1000,0.0,0.06968641114982538,139-018,Giri Mosque / tombs,4,False
1000,0.06968641114982538,0.07042253521126733,139-001,Khanpur Cave,9,False
1000,0.06968641114982538,0.07042253521126733,139-003,Bhir Mound,17,False
1000,0.06968641114982538,0.07042253521126733,139-004,Sirkap,14,False
1000,0.06968641114982538,0.07042253521126733,139-005,Sirsukh,13,False
1000,0.06968641114982538,0.07042253521126733,139-006,Dharmarajika,8,False
1000,0.06968641114982538,0.07042253521126733,139-007,Khader Mohra,5,False
1000,0.06968641114982538,0.07042253521126733,139-008,Kalawan,10,False
1000,0.06968641114982538,0.07042253521126733,139-009,Giri complex,2,True
1000,0.06968641114982538,0.07042253521126733,139-010,Kunala,12,False
1000,0.06968641114982538,0.07042253521126733,139-011,Jandial,11,False
1000,0.06968641114982538,0.07042253521126733,139-012,Lalchak / Badalpur,15,False
1000,0.06968641114982538,0.07042253521126733,139-013,Mohra Moradu,7,False
1000,0.06968641114982538,0.07042253521126733,139-014,Pippala,6,False
1000,0.06968641114982538,0.07042253521126733,139-015,Jaulian,1,True
1000,0.06968641114982538,0.07042253521126733,139-016,Lalchak mounds,16,False
1000,0.06968641114982538,0.07042253521126733,139-017,Bhallar,3,True
1000,0.06968641114982538,0.07042253521126733,139-018,Giri Mosque / tombs,4,False
1000,0.07042253521126733,0.1459854014598536,139-001,Khanpur Cave,9,False
1000,0.07042253521126733,0.1459854014598536,139-003,Bhir Mound,17,False
1000,0.07042253521126733,0.1459854014598536,139-004,Sirkap,15,False
1000,0.07042253521126733,0.1459854014598536,139-005,Sirsukh,13,False
1000,0.07042253521126733,0.1459854014598536,139-006,Dharmarajika,8,False
1000,0.07042253521126733,0.1459854014598536,139-007,Khader Mohra,5,False
1000,0.07042253521126733,0.1459854014598536,139-008,Kalawan,10,False
1000,0.07042253521126733,0.1459854014598536,139-009,Giri complex,2,True
1000,0.07042253521126733,0.1459854014598536,139-010,Kunala,12,False
1000,0.07042253521126733,0.1459854014598536,139-011,Jandial,11,False
1000,0.07042253521126733,0.1459854014598536,139-012,Lalchak / Badalpur,14,False
1000,0.07042253521126733,0.1459854014598536,139-013,Mohra Moradu,7,False
1000,0.07042253521126733,0.1459854014598536,139-014,Pippala,6,False
1000,0.07042253521126733,0.1459854014598536,139-015,Jaulian,1,True
1000,0.07042253521126733,0.1459854014598536,139-016,Lalchak mounds,16,False
1000,0.07042253521126733,0.1459854014598536,139-017,Bhallar,3,True
1000,0.07042253521126733,0.1459854014598536,139-018,Giri Mosque / tombs,4,False
1000,0.1459854014598536,0.14925373134328415,139-001,Khanpur Cave,9,False
1000,0.1459854014598536,0.14925373134328415,139-003,Bhir Mound,17,False
1000,0.1459854014598536,0.14925373134328415,139-004,Sirkap,15,False
1000,0.1459854014598536,0.14925373134328415,139-005,Sirsukh,13,False
1000,0.1459854014598536,0.14925373134328415,139-006,Dharmarajika,8,False
1000,0.1459854014598536,0.14925373134328415,139-007,Khader Mohra,5,False
1000,0.1459854014598536,0.14925373134328415,139-008,Kalawan,10,False
1000,0.1459854014598536,0.14925373134328415,139-009,Giri complex,2,True
1000,0.1459854014598536,0.14925373134328415,139-010,Kunala,11,False
1000,0.1459854014598536,0.14925373134328415,139-011,Jandial,12,False
1000,0.1459854014598536,0.14925373134328415,139-012,Lalchak / Badalpur,14,False
1000,0.1459854014598536,0.14925373134328415,139-013,Mohra Moradu,7,False
1000,0.1459854014598536,0.14925373134328415,139-014,Pippala,6,False
1000,0.1459854014598536,0.14925373134328415,139-015,Jaulian,1,True
1000,0.1459854014598536,0.14925373134328415,139-016,Lalchak mounds,16,False
1000,0.1459854014598536,0.14925373134328415,139-017,Bhallar,3,True
1000,0.1459854014598536,0.14925373134328415,139-018,Giri Mosque / tombs,4,False
1000,0.14925373134328415,0.17421602787456458,139-001,Khanpur Cave,10,False
1000,0.14925373134328415,0.17421602787456458,139-003,Bhir Mound,17,False
1000,0.14925373134328415,0.17421602787456458,139-004,Sirkap,15,False
1000,0.14925373134328415,0.17421602787456458,139-005,Sirsukh,13,False
1000,0.14925373134328415,0.17421602787456458,139-006,Dharmarajika,8,False
1000,0.14925373134328415,0.17421602787456458,139-007,Khader Mohra,5,False
1000,0.14925373134328415,0.17421602787456458,139-008,Kalawan,9,False
1000,0.14925373134328415,0.17421602787456458,139-009,Giri complex,2,True
1000,0.14925373134328415,0.17421602787456458,139-010,Kunala,11,False
1000,0.14925373134328415,0.17421602787456458,139-011,Jandial,12,False
1000,0.14925373134328415,0.17421602787456458,139-012,Lalchak / Badalpur,14,False
1000,0.14925373134328415,0.17421602787456458,139-013,Mohra Moradu,7,False
1000,0.14925373134328415,0.17421602787456458,139-014,Pippala,6,False
1000,0.14925373134328415,0.17421602787456458,139-015,Jaulian,1,True
1000,0.14925373134328415,0.17421602787456458,139-016,Lalchak mounds,16,False
1000,0.14925373134328415,0.17421602787456458,139-017,Bhallar,3,True
1000,0.14925373134328415,0.17421602787456458,139-018,Giri Mosque / tombs,4,False
1000,0.17421602787456458,0.19230769230769265,139-001,Khanpur Cave,10,False
1000,0.17421602787456458,0.19230769230769265,139-003,Bhir Mound,17,False
1000,0.17421602787456458,0.19230769230769265,139-004,Sirkap,15,False
1000,0.17421602787456458,0.19230769230769265,139-005,Sirsukh,12,False
1000,0.17421602787456458,0.19230769230769265,139-006,Dharmarajika,8,False
1000,0.17421602787456458,0.19230769230769265,139-007,Khader Mohra,5,False
1000,0.17421602787456458,0.19230769230769265,139-008,Kalawan,9,False
1000,0.17421602787456458,0.19230769230769265,139-009,Giri complex,2,True
1000,0.17421602787456458,0.19230769230769265,139-010,Kunala,11,False
1000,0.17421602787456458,0.19230769230769265,139-011,Jandial,13,False
1000,0.17421602787456458,0.19230769230769265,139-012,Lalchak / Badalpur,14,False
1000,0.17421602787456458,0.19230769230769265,139-013,Mohra Moradu,7,False
1000,0.17421602787456458,0.19230769230769265,139-014,Pippala,6,False
1000,0.17421602787456458,0.19230769230769265,139-015,Jaulian,1,True
1000,0.17421602787456458,0.19230769230769265,139-016,Lalchak mounds,16,False
1000,0.17421602787456458,0.19230769230769265,139-017,Bhallar,3,True
1000,0.17421602787456458,0.19230769230769265,139-018,Giri Mosque / tombs,4,False
1000,0.19230769230769265,0.2000000000000006,139-001,Khanpur Cave,10,False
1000,0.19230769230769265,0.2000000000000006,139-003,Bhir Mound,17,False
1000,0.19230769230769265,0.2000000000000006,139-004,Sirkap,15,False
1000,0.19230769230769265,0.2000000000000006,139-005,Sirsukh,12,False
1000,0.19230769230769265,0.2000000000000006,139-006,Dharmarajika,8,False
1000,0.19230769230769265,0.2000000000000006,139-007,Khader Mohra,5,False
1000,0.19230769230769265,0.2000000000000006,139-008,Kalawan,9,False
1000,0.19230769230769265,0.2000000000000006,139-009,Giri complex,2,True
1000,0.19230769230769265,0.2000000000000006,139-010,Kunala,11,False
1000,0.19230769230769265,0.2000000000000006,139-011,Jandial,13,False
1000,0.19230769230769265,0.2000000000000006,139-012,Lalchak / Badalpur,14,False
1000,0.19230769230769265,0.2000000000000006,139-013,Mohra Moradu,7,False
1000,0.19230769230769265,0.2000000000000006,139-014,Pippala,6,False
1000,0.19230769230769265,0.2000000000000006,139-015,Jaulian,1,True
1000,0.19230769230769265,0.2000000000000006,139-016,Lalchak mounds,16,False
1000,0.19230769230769265,0.2000000000000006,139-017,Bhallar,4,False
1000,0.19230769230769265,0.2000000000000006,139-018,Giri Mosque / tombs,3,True
1000,0.2000000000000006,0.2641509433962263,139-001,Khanpur Cave,10,False
1000,0.2000000000000006,0.2641509433962263,139-003,Bhir Mound,17,False
1000,0.2000000000000006,0.2641509433962263,139-004,Sirkap,15,False
1000,0.2000000000000006,0.2641509433962263,139-005,Sirsukh,11,False
1000,0.2000000000000006,0.2641509433962263,139-006,Dharmarajika,8,False
1000,0.2000000000000006,0.2641509433962263,139-007,Khader Mohra,5,False
1000,0.2000000000000006,0.2641509433962263,139-008,Kalawan,9,False
1000,0.2000000000000006,0.2641509433962263,139-009,Giri complex,2,True
1000,0.2000000000000006,0.2641509433962263,139-010,Kunala,12,False
1000,0.2000000000000006,0.2641509433962263,139-011,Jandial,13,False
1000,0.2000000000000006,0.2641509433962263,139-012,Lalchak / Badalpur,14,False
1000,0.2000000000000006,0.2641509433962263,139-013,Mohra Moradu,7,False
1000,0.2000000000000006,0.2641509433962263,139-014,Pippala,6,False
1000,0.2000000000000006,0.2641509433962263,139-015,Jaulian,1,True
1000,0.2000000000000006,0.2641509433962263,139-016,Lalchak mounds,16,False
1000,0.2000000000000006,0.2641509433962263,139-017,Bhallar,4,False
1000,0.2000000000000006,0.2641509433962263,139-018,Giri Mosque / tombs,3,True
1000,0.2641509433962263,0.30303030303030304,139-001,Khanpur Cave,10,False
1000,0.2641509433962263,0.30303030303030304,139-003,Bhir Mound,17,False
1000,0.2641509433962263,0.30303030303030304,139-004,Sirkap,15,False
1000,0.2641509433962263,0.30303030303030304,139-005,Sirsukh,11,False
1000,0.2641509433962263,0.30303030303030304,139-006,Dharmarajika,8,False
1000,0.2641509433962263,0.30303030303030304,139-007,Khader Mohra,5,False
1000,0.2641509433962263,0.30303030303030304,139-008,Kalawan,9,False
1000,0.2641509433962263,0.30303030303030304,139-009,Giri complex,2,True
1000,0.2641509433962263,0.30303030303030304,139-010,Kunala,12,False
1000,0.2641509433962263,0.30303030303030304,139-011,Jandial,14,False
1000,0.2641509433962263,0.30303030303030304,139-012,Lalchak / Badalpur,13,False
1000,0.2641509433962263,0.30303030303030304,139-013,Mohra Moradu,7,False
1000,0.2641509433962263,0.30303030303030304,139-014,Pippala,6,False
1000,0.2641509433962263,0.30303030303030304,139-015,Jaulian,1,True
1000,0.2641509433962263,0.30303030303030304,139-016,Lalchak mounds,16,False
1000,0.2641509433962263,0.30303030303030304,139-017,Bhallar,4,False
1000,0.2641509433962263,0.30303030303030304,139-018,Giri Mosque / tombs,3,True
1000,0.30303030303030304,0.34782608695652134,139-001,Khanpur Cave,10,False
1000,0.30303030303030304,0.34782608695652134,139-003,Bhir Mound,17,False
1000,0.30303030303030304,0.34782608695652134,139-004,Sirkap,15,False
1000,0.30303030303030304,0.34782608695652134,139-005,Sirsukh,11,False
1000,0.30303030303030304,0.34782608695652134,139-006,Dharmarajika,8,False
1000,0.30303030303030304,0.34782608695652134,139-007,Khader Mohra,4,False
1000,0.30303030303030304,0.34782608695652134,139-008,Kalawan,9,False
1000,0.30303030303030304,0.34782608695652134,139-009,Giri complex,2,True
1000,0.30303030303030304,0.34782608695652134,139-010,Kunala,12,False
1000,0.30303030303030304,0.34782608695652134,139-011,Jandial,14,False
1000,0.30303030303030304,0.34782608695652134,139-012,Lalchak / Badalpur,13,False
1000,0.30303030303030304,0.34782608695652134,139-013,Mohra Moradu,7,False
1000,0.30303030303030304,0.34782608695652134,139-014,Pippala,6,False
1000,0.30303030303030304,0.34782608695652134,139-015,Jaulian,1,True
1000,0.30303030303030304,0.34782608695652134,139-016,Lalchak mounds,16,False
1000,0.30303030303030304,0.34782608695652134,139-017,Bhallar,5,False
1000,0.30303030303030304,0.34782608695652134,139-018,Giri Mosque / tombs,3,True
1000,0.34782608695652134,0.37735849056603826,139-001,Khanpur Cave,10,False
1000,0.34782608695652134,0.37735849056603826,139-003,Bhir Mound,17,False
1000,0.34782608695652134,0.37735849056603826,139-004,Sirkap,16,False
1000,0.34782608695652134,0.37735849056603826,139-005,Sirsukh,11,False
1000,0.34782608695652134,0.37735849056603826,139-006,Dharmarajika,8,False
1000,0.34782608695652134,0.37735849056603826,139-007,Khader Mohra,4,False
1000,0.34782608695652134,0.37735849056603826,139-008,Kalawan,9,False
1000,0.34782608695652134,0.37735849056603826,139-009,Giri complex,2,True
1000,0.34782608695652134,0.37735849056603826,139-010,Kunala,12,False
1000,0.34782608695652134,0.37735849056603826,139-011,Jandial,14,False
1000,0.34782608695652134,0.37735849056603826,139-012,Lalchak / Badalpur,13,False
1000,0.34782608695652134,0.37735849056603826,139-013,Mohra Moradu,7,False
1000,0.34782608695652134,0.37735849056603826,139-014,Pippala,6,False
1000,0.34782608695652134,0.37735849056603826,139-015,Jaulian,1,True
1000,0.34782608695652134,0.37735849056603826,139-016,Lalchak mounds,15,False
1000,0.34782608695652134,0.37735849056603826,139-017,Bhallar,5,False
1000,0.34782608695652134,0.37735849056603826,139-018,Giri Mosque / tombs,3,True
1000,0.37735849056603826,0.39062500000000006,139-001,Khanpur Cave,10,False
1000,0.37735849056603826,0.39062500000000006,139-003,Bhir Mound,17,False
1000,0.37735849056603826,0.39062500000000006,139-004,Sirkap,16,False
1000,0.37735849056603826,0.39062500000000006,139-005,Sirsukh,11,False
1000,0.37735849056603826,0.39062500000000006,139-006,Dharmarajika,8,False
1000,0.37735849056603826,0.39062500000000006,139-007,Khader Mohra,4,False
1000,0.37735849056603826,0.39062500000000006,139-008,Kalawan,9,False
1000,0.37735849056603826,0.39062500000000006,139-009,Giri complex,2,True
1000,0.37735849056603826,0.39062500000000006,139-010,Kunala,12,False
1000,0.37735849056603826,0.39062500000000006,139-011,Jandial,14,False
1000,0.37735849056603826,0.39062500000000006,139-012,Lalchak / Badalpur,13,False
1000,0.37735849056603826,0.39062500000000006,139-013,Mohra Moradu,6,False
1000,0.37735849056603826,0.39062500000000006,139-014,Pippala,7,False
1000,0.37735849056603826,0.39062500000000006,139-015,Jaulian,1,True
1000,0.37735849056603826,0.39062500000000006,139-016,Lalchak mounds,15,False
1000,0.37735849056603826,0.39062500000000006,139-017,Bhallar,5,False
1000,0.37735849056603826,0.39062500000000006,139-018,Giri Mosque / tombs,3,True
1000,0.39062500000000006,0.3932584269662925,139-001,Khanpur Cave,10,False
1000,0.39062500000000006,0.3932584269662925,139-003,Bhir Mound,17,False
1000,0.39062500000000006,0.3932584269662925,139-004,Sirkap,16,False
1000,0.39062500000000006,0.3932584269662925,139-005,Sirsukh,11,False
1000,0.39062500000000006,0.3932584269662925,139-006,Dharmarajika,8,False
1000,0.39062500000000006,0.3932584269662925,139-007,Khader Mohra,4,False
1000,0.39062500000000006,0.3932584269662925,139-008,Kalawan,9,False
1000,0.39062500000000006,0.3932584269662925,139-009,Giri complex,2,True
1000,0.39062500000000006,0.3932584269662925,139-010,Kunala,13,False
1000,0.39062500000000006,0.3932584269662925,139-011,Jandial,14,False
1000,0.39062500000000006,0.3932584269662925,139-012,Lalchak / Badalpur,12,False
1000,0.39062500000000006,0.3932584269662925,139-013,Mohra Moradu,6,False
1000,0.39062500000000006,0.3932584269662925,139-014,Pippala,7,False
1000,0.39062500000000006,0.3932584269662925,139-015,Jaulian,1,True
1000,0.39062500000000006,0.3932584269662925,139-016,Lalchak mounds,15,False
1000,0.39062500000000006,0.3932584269662925,139-017,Bhallar,5,False
1000,0.39062500000000006,0.3932584269662925,139-018,Giri Mosque / tombs,3,True
1000,0.3932584269662925,0.3966005665722378,139-001,Khanpur Cave,11,False
1000,0.3932584269662925,0.3966005665722378,139-003,Bhir Mound,17,False
1000,0.3932584269662925,0.3966005665722378,139-004,Sirkap,16,False
1000,0.3932584269662925,0.3966005665722378,139-005,Sirsukh,10,False
1000,0.3932584269662925,0.3966005665722378,139-006,Dharmarajika,8,False
1000,0.3932584269662925,0.3966005665722378,139-007,Khader Mohra,4,False
1000,0.3932584269662925,0.3966005665722378,139-008,Kalawan,9,False
1000,0.3932584269662925,0.3966005665722378,139-009,Giri complex,2,True
1000,0.3932584269662925,0.3966005665722378,139-010,Kunala,13,False
1000,0.3932584269662925,0.3966005665722378,139-011,Jandial,14,False
1000,0.3932584269662925,0.3966005665722378,139-012,Lalchak / Badalpur,12,False
1000,0.3932584269662925,0.3966005665722378,139-013,Mohra Moradu,6,False
1000,0.3932584269662925,0.3966005665722378,139-014,Pippala,7,False
1000,0.3932584269662925,0.3966005665722378,139-015,Jaulian,1,True
1000,0.3932584269662925,0.3966005665722378,139-016,Lalchak mounds,15,False
1000,0.3932584269662925,0.3966005665722378,139-017,Bhallar,5,False
1000,0.3932584269662925,0.3966005665722378,139-018,Giri Mosque / tombs,3,True
1000,0.3966005665722378,0.4255319148936167,139-001,Khanpur Cave,11,False
1000,0.3966005665722378,0.4255319148936167,139-003,Bhir Mound,17,False
1000,0.3966005665722378,0.4255319148936167,139-004,Sirkap,16,False
1000,0.3966005665722378,0.4255319148936167,139-005,Sirsukh,10,False
1000,0.3966005665722378,0.4255319148936167,139-006,Dharmarajika,8,False
1000,0.3966005665722378,0.4255319148936167,139-007,Khader Mohra,4,False
1000,0.3966005665722378,0.4255319148936167,139-008,Kalawan,9,False
1000,0.3966005665722378,0.4255319148936167,139-009,Giri complex,2,True
1000,0.3966005665722378,0.4255319148936167,139-010,Kunala,13,False
1000,0.3966005665722378,0.4255319148936167,139-011,Jandial,15,False
1000,0.3966005665722378,0.4255319148936167,139-012,Lalchak / Badalpur,12,False
1000,0.3966005665722378,0.4255319148936167,139-013,Mohra Moradu,6,False
1000,0.3966005665722378,0.4255319148936167,139-014,Pippala,7,False
1000,0.3966005665722378,0.4255319148936167,139-015,Jaulian,1,True
1000,0.3966005665722378,0.4255319148936167,139-016,Lalchak mounds,14,False
1000,0.3966005665722378,0.4255319148936167,139-017,Bhallar,5,False
1000,0.3966005665722378,0.4255319148936167,139-018,Giri Mosque / tombs,3,True
1000,0.4255319148936167,0.47619047619047616,139-001,Khanpur Cave,11,False
1000,0.4255319148936167,0.47619047619047616,139-003,Bhir Mound,17,False
1000,0.4255319148936167,0.47619047619047616,139-004,Sirkap,16,False
1000,0.4255319148936167,0.47619047619047616,139-005,Sirsukh,10,False
1000,0.4255319148936167,0.47619047619047616,139-006,Dharmarajika,8,False
1000,0.4255319148936167,0.47619047619047616,139-007,Khader Mohra,3,True
1000,0.4255319148936167,0.47619047619047616,139-008,Kalawan,9,False
1000,0.4255319148936167,0.47619047619047616,139-009,Giri complex,2,True
1000,0.4255319148936167,0.47619047619047616,139-010,Kunala,13,False
1000,0.4255319148936167,0.47619047619047616,139-011,Jandial,15,False
1000,0.4255319148936167,0.47619047619047616,139-012,Lalchak / Badalpur,12,False
1000,0.4255319148936167,0.47619047619047616,139-013,Mohra Moradu,6,False
1000,0.4255319148936167,0.47619047619047616,139-014,Pippala,7,False
1000,0.4255319148936167,0.47619047619047616,139-015,Jaulian,1,True
1000,0.4255319148936167,0.47619047619047616,139-016,Lalchak mounds,14,False
1000,0.4255319148936167,0.47619047619047616,139-017,Bhallar,5,False
1000,0.4255319148936167,0.47619047619047616,139-018,Giri Mosque / tombs,4,False
1000,0.47619047619047616,0.4878048780487807,139-001,Khanpur Cave,11,False
1000,0.47619047619047616,0.4878048780487807,139-003,Bhir Mound,17,False
1000,0.47619047619047616,0.4878048780487807,139-004,Sirkap,16,False
1000,0.47619047619047616,0.4878048780487807,139-005,Sirsukh,10,False
1000,0.47619047619047616,0.4878048780487807,139-006,Dharmarajika,8,False
1000,0.47619047619047616,0.4878048780487807,139-007,Khader Mohra,3,True
1000,0.47619047619047616,0.4878048780487807,139-008,Kalawan,9,False
1000,0.47619047619047616,0.4878048780487807,139-009,Giri complex,2,True
1000,0.47619047619047616,0.4878048780487807,139-010,Kunala,13,False
1000,0.47619047619047616,0.4878048780487807,139-011,Jandial,15,False
1000,0.47619047619047616,0.4878048780487807,139-012,Lalchak / Badalpur,12,False
1000,0.47619047619047616,0.4878048780487807,139-013,Mohra Moradu,5,False
1000,0.47619047619047616,0.4878048780487807,139-014,Pippala,7,False
1000,0.47619047619047616,0.4878048780487807,139-015,Jaulian,1,True
1000,0.47619047619047616,0.4878048780487807,139-016,Lalchak mounds,14,False
1000,0.47619047619047616,0.4878048780487807,139-017,Bhallar,6,False
1000,0.47619047619047616,0.4878048780487807,139-018,Giri Mosque / tombs,4,False
1000,0.4878048780487807,0.49586776859504134,139-001,Khanpur Cave,11,False
1000,0.4878048780487807,0.49586776859504134,139-003,Bhir Mound,17,False
1000,0.4878048780487807,0.49586776859504134,139-004,Sirkap,15,False
1000,0.4878048780487807,0.49586776859504134,139-005,Sirsukh,10,False
1000,0.4878048780487807,0.49586776859504134,139-006,Dharmarajika,7,False
1000,0.4878048780487807,0.49586776859504134,139-007,Khader Mohra,3,True
1000,0.4878048780487807,0.49586776859504134,139-008,Kalawan,9,False
1000,0.4878048780487807,0.49586776859504134,139-009,Giri complex,2,True
1000,0.4878048780487807,0.49586776859504134,139-010,Kunala,13,False
1000,0.4878048780487807,0.49586776859504134,139-011,Jandial,16,False
1000,0.4878048780487807,0.49586776859504134,139-012,Lalchak / Badalpur,12,False
1000,0.4878048780487807,0.49586776859504134,139-013,Mohra Moradu,5,False
1000,0.4878048780487807,0.49586776859504134,139-014,Pippala,8,False
1000,0.4878048780487807,0.49586776859504134,139-015,Jaulian,1,True
1000,0.4878048780487807,0.49586776859504134,139-016,Lalchak mounds,14,False
1000,0.4878048780487807,0.49586776859504134,139-017,Bhallar,6,False
1000,0.4878048780487807,0.49586776859504134,139-018,Giri Mosque / tombs,4,False
1000,0.49586776859504134,0.5025125628140702,139-001,Khanpur Cave,11,False
1000,0.49586776859504134,0.5025125628140702,139-003,Bhir Mound,17,False
1000,0.49586776859504134,0.5025125628140702,139-004,Sirkap,15,False
1000,0.49586776859504134,0.5025125628140702,139-005,Sirsukh,10,False
1000,0.49586776859504134,0.5025125628140702,139-006,Dharmarajika,6,False
1000,0.49586776859504134,0.5025125628140702,139-007,Khader Mohra,3,True
1000,0.49586776859504134,0.5025125628140702,139-008,Kalawan,9,False
1000,0.49586776859504134,0.5025125628140702,139-009,Giri complex,2,True
1000,0.49586776859504134,0.5025125628140702,139-010,Kunala,13,False
1000,0.49586776859504134,0.5025125628140702,139-011,Jandial,16,False
1000,0.49586776859504134,0.5025125628140702,139-012,Lalchak / Badalpur,12,False
1000,0.49586776859504134,0.5025125628140702,139-013,Mohra Moradu,5,False
1000,0.49586776859504134,0.5025125628140702,139-014,Pippala,8,False
1000,0.49586776859504134,0.5025125628140702,139-015,Jaulian,1,True
1000,0.49586776859504134,0.5025125628140702,139-016,Lalchak mounds,14,False
1000,0.49586776859504134,0.5025125628140702,139-017,Bhallar,7,False
1000,0.49586776859504134,0.5025125628140702,139-018,Giri Mosque / tombs,4,False
1000,0.5025125628140702,0.5263157894736841,139-001,Khanpur Cave,11,False
1000,0.5025125628140702,0.5263157894736841,139-003,Bhir Mound,17,False
1000,0.5025125628140702,0.5263157894736841,139-004,Sirkap,15,False
1000,0.5025125628140702,0.5263157894736841,139-005,Sirsukh,10,False
1000,0.5025125628140702,0.5263157894736841,139-006,Dharmarajika,6,False
1000,0.5025125628140702,0.5263157894736841,139-007,Khader Mohra,3,True
1000,0.5025125628140702,0.5263157894736841,139-008,Kalawan,9,False
1000,0.5025125628140702,0.5263157894736841,139-009,Giri complex,2,True
1000,0.5025125628140702,0.5263157894736841,139-010,Kunala,13,False
1000,0.5025125628140702,0.5263157894736841,139-011,Jandial,16,False
1000,0.5025125628140702,0.5263157894736841,139-012,Lalchak / Badalpur,12,False
1000,0.5025125628140702,0.5263157894736841,139-013,Mohra Moradu,5,False
1000,0.5025125628140702,0.5263157894736841,139-014,Pippala,7,False
1000,0.5025125628140702,0.5263157894736841,139-015,Jaulian,1,True
1000,0.5025125628140702,0.5263157894736841,139-016,Lalchak mounds,14,False
1000,0.5025125628140702,0.5263157894736841,139-017,Bhallar,8,False
1000,0.5025125628140702,0.5263157894736841,139-018,Giri Mosque / tombs,4,False
1000,0.5263157894736841,0.5405405405405407,139-001,Khanpur Cave,11,False
1000,0.5263157894736841,0.5405405405405407,139-003,Bhir Mound,17,False
1000,0.5263157894736841,0.5405405405405407,139-004,Sirkap,15,False
1000,0.5263157894736841,0.5405405405405407,139-005,Sirsukh,10,False
1000,0.5263157894736841,0.5405405405405407,139-006,Dharmarajika,6,False
1000,0.5263157894736841,0.5405405405405407,139-007,Khader Mohra,2,True
1000,0.5263157894736841,0.5405405405405407,139-008,Kalawan,9,False
1000,0.5263157894736841,0.5405405405405407,139-009,Giri complex,3,True
1000,0.5263157894736841,0.5405405405405407,139-010,Kunala,13,False
1000,0.5263157894736841,0.5405405405405407,139-011,Jandial,16,False
1000,0.5263157894736841,0.5405405405405407,139-012,Lalchak / Badalpur,12,False
1000,0.5263157894736841,0.5405405405405407,139-013,Mohra Moradu,5,False
1000,0.5263157894736841,0.5405405405405407,139-014,Pippala,7,False
1000,0.5263157894736841,0.5405405405405407,139-015,Jaulian,1,True
1000,0.5263157894736841,0.5405405405405407,139-016,Lalchak mounds,14,False
1000,0.5263157894736841,0.5405405405405407,139-017,Bhallar,8,False
1000,0.5263157894736841,0.5405405405405407,139-018,Giri Mosque / tombs,4,False
1000,0.5405405405405407,0.5555555555555555,139-001,Khanpur Cave,11,False
1000,0.5405405405405407,0.5555555555555555,139-003,Bhir Mound,17,False
1000,0.5405405405405407,0.5555555555555555,139-004,Sirkap,15,False
1000,0.5405405405405407,0.5555555555555555,139-005,Sirsukh,10,False
1000,0.5405405405405407,0.5555555555555555,139-006,Dharmarajika,5,False
1000,0.5405405405405407,0.5555555555555555,139-007,Khader Mohra,2,True
1000,0.5405405405405407,0.5555555555555555,139-008,Kalawan,9,False
1000,0.5405405405405407,0.5555555555555555,139-009,Giri complex,3,True
1000,0.5405405405405407,0.5555555555555555,139-010,Kunala,13,False
1000,0.5405405405405407,0.5555555555555555,139-011,Jandial,16,False
1000,0.5405405405405407,0.5555555555555555,139-012,Lalchak / Badalpur,12,False
1000,0.5405405405405407,0.5555555555555555,139-013,Mohra Moradu,6,False
1000,0.5405405405405407,0.5555555555555555,139-014,Pippala,7,False
1000,0.5405405405405407,0.5555555555555555,139-015,Jaulian,1,True
1000,0.5405405405405407,0.5555555555555555,139-016,Lalchak mounds,14,False
1000,0.5405405405405407,0.5555555555555555,139-017,Bhallar,8,False
1000,0.5405405405405407,0.5555555555555555,139-018,Giri Mosque / tombs,4,False
1000,0.5555555555555555,0.5714285714285716,139-001,Khanpur Cave,11,False
1000,0.5555555555555555,0.5714285714285716,139-003,Bhir Mound,17,False
1000,0.5555555555555555,0.5714285714285716,139-004,Sirkap,15,False
1000,0.5555555555555555,0.5714285714285716,139-005,Sirsukh,10,False
1000,0.5555555555555555,0.5714285714285716,139-006,Dharmarajika,5,False
1000,0.5555555555555555,0.5714285714285716,139-007,Khader Mohra,2,True
1000,0.5555555555555555,0.5714285714285716,139-008,Kalawan,9,False
1000,0.5555555555555555,0.5714285714285716,139-009,Giri complex,3,True
1000,0.5555555555555555,0.5714285714285716,139-010,Kunala,14,False
1000,0.5555555555555555,0.5714285714285716,139-011,Jandial,16,False
1000,0.5555555555555555,0.5714285714285716,139-012,Lalchak / Badalpur,12,False
1000,0.5555555555555555,0.5714285714285716,139-013,Mohra Moradu,6,False
1000,0.5555555555555555,0.5714285714285716,139-014,Pippala,7,False
1000,0.5555555555555555,0.5714285714285716,139-015,Jaulian,1,True
1000,0.5555555555555555,0.5714285714285716,139-016,Lalchak mounds,13,False
1000,0.5555555555555555,0.5714285714285716,139-017,Bhallar,8,False
1000,0.5555555555555555,0.5714285714285716,139-018,Giri Mosque / tombs,4,False
1000,0.5714285714285716,0.5769230769230768,139-001,Khanpur Cave,11,False
1000,0.5714285714285716,0.5769230769230768,139-003,Bhir Mound,17,False
1000,0.5714285714285716,0.5769230769230768,139-004,Sirkap,15,False
1000,0.5714285714285716,0.5769230769230768,139-005,Sirsukh,10,False
1000,0.5714285714285716,0.5769230769230768,139-006,Dharmarajika,5,False
1000,0.5714285714285716,0.5769230769230768,139-007,Khader Mohra,2,True
1000,0.5714285714285716,0.5769230769230768,139-008,Kalawan,8,False
1000,0.5714285714285716,0.5769230769230768,139-009,Giri complex,3,True
1000,0.5714285714285716,0.5769230769230768,139-010,Kunala,14,False
1000,0.5714285714285716,0.5769230769230768,139-011,Jandial,16,False
1000,0.5714285714285716,0.5769230769230768,139-012,Lalchak / Badalpur,12,False
1000,0.5714285714285716,0.5769230769230768,139-013,Mohra Moradu,6,False
1000,0.5714285714285716,0.5769230769230768,139-014,Pippala,7,False
1000,0.5714285714285716,0.5769230769230768,139-015,Jaulian,1,True
1000,0.5714285714285716,0.5769230769230768,139-016,Lalchak mounds,13,False
1000,0.5714285714285716,0.5769230769230768,139-017,Bhallar,9,False
1000,0.5714285714285716,0.5769230769230768,139-018,Giri Mosque / tombs,4,False
1000,0.5769230769230768,0.6177606177606177,139-001,Khanpur Cave,12,False
1000,0.5769230769230768,0.6177606177606177,139-003,Bhir Mound,17,False
1000,0.5769230769230768,0.6177606177606177,139-004,Sirkap,15,False
1000,0.5769230769230768,0.6177606177606177,139-005,Sirsukh,10,False
1000,0.5769230769230768,0.6177606177606177,139-006,Dharmarajika,5,False
1000,0.5769230769230768,0.6177606177606177,139-007,Khader Mohra,2,True
1000,0.5769230769230768,0.6177606177606177,139-008,Kalawan,8,False
1000,0.5769230769230768,0.6177606177606177,139-009,Giri complex,3,True
1000,0.5769230769230768,0.6177606177606177,139-010,Kunala,14,False
1000,0.5769230769230768,0.6177606177606177,139-011,Jandial,16,False
1000,0.5769230769230768,0.6177606177606177,139-012,Lalchak / Badalpur,11,False
1000,0.5769230769230768,0.6177606177606177,139-013,Mohra Moradu,6,False
1000,0.5769230769230768,0.6177606177606177,139-014,Pippala,7,False
1000,0.5769230769230768,0.6177606177606177,139-015,Jaulian,1,True
1000,0.5769230769230768,0.6177606177606177,139-016,Lalchak mounds,13,False
1000,0.5769230769230768,0.6177606177606177,139-017,Bhallar,9,False
1000,0.5769230769230768,0.6177606177606177,139-018,Giri Mosque / tombs,4,False
1000,0.6177606177606177,0.634517766497462,139-001,Khanpur Cave,12,False
1000,0.6177606177606177,0.634517766497462,139-003,Bhir Mound,17,False
1000,0.6177606177606177,0.634517766497462,139-004,Sirkap,15,False
1000,0.6177606177606177,0.634517766497462,139-005,Sirsukh,10,False
1000,0.6177606177606177,0.634517766497462,139-006,Dharmarajika,4,False
1000,0.6177606177606177,0.634517766497462,139-007,Khader Mohra,2,True
1000,0.6177606177606177,0.634517766497462,139-008,Kalawan,8,False
1000,0.6177606177606177,0.634517766497462,139-009,Giri complex,3,True
1000,0.6177606177606177,0.634517766497462,139-010,Kunala,14,False
1000,0.6177606177606177,0.634517766497462,139-011,Jandial,16,False
1000,0.6177606177606177,0.634517766497462,139-012,Lalchak / Badalpur,11,False
1000,0.6177606177606177,0.634517766497462,139-013,Mohra Moradu,6,False
1000,0.6177606177606177,0.634517766497462,139-014,Pippala,7,False
1000,0.6177606177606177,0.634517766497462,139-015,Jaulian,1,True
1000,0.6177606177606177,0.634517766497462,139-016,Lalchak mounds,13,False
1000,0.6177606177606177,0.634517766497462,139-017,Bhallar,9,False
1000,0.6177606177606177,0.634517766497462,139-018,Giri Mosque / tombs,5,False
1000,0.634517766497462,0.6451612903225806,139-001,Khanpur Cave,12,False
1000,0.634517766497462,0.6451612903225806,139-003,Bhir Mound,17,False
1000,0.634517766497462,0.6451612903225806,139-004,Sirkap,15,False
1000,0.634517766497462,0.6451612903225806,139-005,Sirsukh,9,False
1000,0.634517766497462,0.6451612903225806,139-006,Dharmarajika,4,False
1000,0.634517766497462,0.6451612903225806,139-007,Khader Mohra,2,True
1000,0.634517766497462,0.6451612903225806,139-008,Kalawan,8,False
1000,0.634517766497462,0.6451612903225806,139-009,Giri complex,3,True
1000,0.634517766497462,0.6451612903225806,139-010,Kunala,14,False
1000,0.634517766497462,0.6451612903225806,139-011,Jandial,16,False
1000,0.634517766497462,0.6451612903225806,139-012,Lalchak / Badalpur,11,False
1000,0.634517766497462,0.6451612903225806,139-013,Mohra Moradu,6,False
1000,0.634517766497462,0.6451612903225806,139-014,Pippala,7,False
1000,0.634517766497462,0.6451612903225806,139-015,Jaulian,1,True
1000,0.634517766497462,0.6451612903225806,139-016,Lalchak mounds,13,False
1000,0.634517766497462,0.6451612903225806,139-017,Bhallar,10,False
1000,0.634517766497462,0.6451612903225806,139-018,Giri Mosque / tombs,5,False
1000,0.6451612903225806,0.6557377049180326,139-001,Khanpur Cave,12,False
1000,0.6451612903225806,0.6557377049180326,139-003,Bhir Mound,17,False
1000,0.6451612903225806,0.6557377049180326,139-004,Sirkap,15,False
1000,0.6451612903225806,0.6557377049180326,139-005,Sirsukh,9,False
1000,0.6451612903225806,0.6557377049180326,139-006,Dharmarajika,3,True
1000,0.6451612903225806,0.6557377049180326,139-007,Khader Mohra,2,True
1000,0.6451612903225806,0.6557377049180326,139-008,Kalawan,8,False
1000,0.6451612903225806,0.6557377049180326,139-009,Giri complex,4,False
1000,0.6451612903225806,0.6557377049180326,139-010,Kunala,14,False
1000,0.6451612903225806,0.6557377049180326,139-011,Jandial,16,False
1000,0.6451612903225806,0.6557377049180326,139-012,Lalchak / Badalpur,11,False
1000,0.6451612903225806,0.6557377049180326,139-013,Mohra Moradu,6,False
1000,0.6451612903225806,0.6557377049180326,139-014,Pippala,7,False
1000,0.6451612903225806,0.6557377049180326,139-015,Jaulian,1,True
1000,0.6451612903225806,0.6557377049180326,139-016,Lalchak mounds,13,False
1000,0.6451612903225806,0.6557377049180326,139-017,Bhallar,10,False
1000,0.6451612903225806,0.6557377049180326,139-018,Giri Mosque / tombs,5,False
1000,0.6557377049180326,0.6622516556291396,139-001,Khanpur Cave,13,False
1000,0.6557377049180326,0.6622516556291396,139-003,Bhir Mound,17,False
1000,0.6557377049180326,0.6622516556291396,139-004,Sirkap,15,False
1000,0.6557377049180326,0.6622516556291396,139-005,Sirsukh,9,False
1000,0.6557377049180326,0.6622516556291396,139-006,Dharmarajika,3,True
1000,0.6557377049180326,0.6622516556291396,139-007,Khader Mohra,2,True
1000,0.6557377049180326,0.6622516556291396,139-008,Kalawan,8,False
1000,0.6557377049180326,0.6622516556291396,139-009,Giri complex,4,False
1000,0.6557377049180326,0.6622516556291396,139-010,Kunala,14,False
1000,0.6557377049180326,0.6622516556291396,139-011,Jandial,16,False
1000,0.6557377049180326,0.6622516556291396,139-012,Lalchak / Badalpur,11,False
1000,0.6557377049180326,0.6622516556291396,139-013,Mohra Moradu,6,False
1000,0.6557377049180326,0.6622516556291396,139-014,Pippala,7,False
1000,0.6557377049180326,0.6622516556291396,139-015,Jaulian,1,True
1000,0.6557377049180326,0.6622516556291396,139-016,Lalchak mounds,12,False
1000,0.6557377049180326,0.6622516556291396,139-017,Bhallar,10,False
1000,0.6557377049180326,0.6622516556291396,139-018,Giri Mosque / tombs,5,False
1000,0.6622516556291396,0.6756756756756754,139-001,Khanpur Cave,13,False
1000,0.6622516556291396,0.6756756756756754,139-003,Bhir Mound,17,False
1000,0.6622516556291396,0.6756756756756754,139-004,Sirkap,15,False
1000,0.6622516556291396,0.6756756756756754,139-005,Sirsukh,9,False
1000,0.6622516556291396,0.6756756756756754,139-006,Dharmarajika,3,True
1000,0.6622516556291396,0.6756756756756754,139-007,Khader Mohra,2,True
1000,0.6622516556291396,0.6756756756756754,139-008,Kalawan,7,False
1000,0.6622516556291396,0.6756756756756754,139-009,Giri complex,4,False
1000,0.6622516556291396,0.6756756756756754,139-010,Kunala,14,False
1000,0.6622516556291396,0.6756756756756754,139-011,Jandial,16,False
1000,0.6622516556291396,0.6756756756756754,139-012,Lalchak / Badalpur,11,False
1000,0.6622516556291396,0.6756756756756754,139-013,Mohra Moradu,6,False
1000,0.6622516556291396,0.6756756756756754,139-014,Pippala,8,False
1000,0.6622516556291396,0.6756756756756754,139-015,Jaulian,1,True
1000,0.6622516556291396,0.6756756756756754,139-016,Lalchak mounds,12,False
1000,0.6622516556291396,0.6756756756756754,139-017,Bhallar,10,False
1000,0.6622516556291396,0.6756756756756754,139-018,Giri Mosque / tombs,5,False
1000,0.6756756756756754,0.7142857142857141,139-001,Khanpur Cave,13,False
1000,0.6756756756756754,0.7142857142857141,139-003,Bhir Mound,17,False
1000,0.6756756756756754,0.7142857142857141,139-004,Sirkap,15,False
1000,0.6756756756756754,0.7142857142857141,139-005,Sirsukh,9,False
1000,0.6756756756756754,0.7142857142857141,139-006,Dharmarajika,3,True
1000,0.6756756756756754,0.7142857142857141,139-007,Khader Mohra,2,True
1000,0.6756756756756754,0.7142857142857141,139-008,Kalawan,7,False
1000,0.6756756756756754,0.7142857142857141,139-009,Giri complex,4,False
1000,0.6756756756756754,0.7142857142857141,139-010,Kunala,14,False
1000,0.6756756756756754,0.7142857142857141,139-011,Jandial,16,False
1000,0.6756756756756754,0.7142857142857141,139-012,Lalchak / Badalpur,11,False
1000,0.6756756756756754,0.7142857142857141,139-013,Mohra Moradu,5,False
1000,0.6756756756756754,0.7142857142857141,139-014,Pippala,8,False
1000,0.6756756756756754,0.7142857142857141,139-015,Jaulian,1,True
1000,0.6756756756756754,0.7142857142857141,139-016,Lalchak mounds,12,False
1000,0.6756756756756754,0.7142857142857141,139-017,Bhallar,10,False
1000,0.6756756756756754,0.7142857142857141,139-018,Giri Mosque / tombs,6,False
1000,0.7142857142857141,0.7228915662650602,139-001,Khanpur Cave,13,False
1000,0.7142857142857141,0.7228915662650602,139-003,Bhir Mound,17,False
1000,0.7142857142857141,0.7228915662650602,139-004,Sirkap,15,False
1000,0.7142857142857141,0.7228915662650602,139-005,Sirsukh,9,False
1000,0.7142857142857141,0.7228915662650602,139-006,Dharmarajika,3,True
1000,0.7142857142857141,0.7228915662650602,139-007,Khader Mohra,1,True
1000,0.7142857142857141,0.7228915662650602,139-008,Kalawan,7,False
1000,0.7142857142857141,0.7228915662650602,139-009,Giri complex,5,False
1000,0.7142857142857141,0.7228915662650602,139-010,Kunala,14,False
1000,0.7142857142857141,0.7228915662650602,139-011,Jandial,16,False
1000,0.7142857142857141,0.7228915662650602,139-012,Lalchak / Badalpur,11,False
1000,0.7142857142857141,0.7228915662650602,139-013,Mohra Moradu,4,False
1000,0.7142857142857141,0.7228915662650602,139-014,Pippala,8,False
1000,0.7142857142857141,0.7228915662650602,139-015,Jaulian,2,True
1000,0.7142857142857141,0.7228915662650602,139-016,Lalchak mounds,12,False
1000,0.7142857142857141,0.7228915662650602,139-017,Bhallar,10,False
1000,0.7142857142857141,0.7228915662650602,139-018,Giri Mosque / tombs,6,False
1000,0.7228915662650602,0.7258064516129032,139-001,Khanpur Cave,13,False
1000,0.7228915662650602,0.7258064516129032,139-003,Bhir Mound,17,False
1000,0.7228915662650602,0.7258064516129032,139-004,Sirkap,15,False
1000,0.7228915662650602,0.7258064516129032,139-005,Sirsukh,9,False
1000,0.7228915662650602,0.7258064516129032,139-006,Dharmarajika,2,True
1000,0.7228915662650602,0.7258064516129032,139-007,Khader Mohra,1,True
1000,0.7228915662650602,0.7258064516129032,139-008,Kalawan,7,False
1000,0.7228915662650602,0.7258064516129032,139-009,Giri complex,5,False
1000,0.7228915662650602,0.7258064516129032,139-010,Kunala,14,False
1000,0.7228915662650602,0.7258064516129032,139-011,Jandial,16,False
1000,0.7228915662650602,0.7258064516129032,139-012,Lalchak / Badalpur,11,False
1000,0.7228915662650602,0.7258064516129032,139-013,Mohra Moradu,4,False
1000,0.7228915662650602,0.7258064516129032,139-014,Pippala,8,False
1000,0.7228915662650602,0.7258064516129032,139-015,Jaulian,3,True
1000,0.7228915662650602,0.7258064516129032,139-016,Lalchak mounds,12,False
1000,0.7228915662650602,0.7258064516129032,139-017,Bhallar,10,False
1000,0.7228915662650602,0.7258064516129032,139-018,Giri Mosque / tombs,6,False
1000,0.7258064516129032,0.7272727272727274,139-001,Khanpur Cave,13,False
1000,0.7258064516129032,0.7272727272727274,139-003,Bhir Mound,17,False
1000,0.7258064516129032,0.7272727272727274,139-004,Sirkap,15,False
1000,0.7258064516129032,0.7272727272727274,139-005,Sirsukh,9,False
1000,0.7258064516129032,0.7272727272727274,139-006,Dharmarajika,2,True
1000,0.7258064516129032,0.7272727272727274,139-007,Khader Mohra,1,True
1000,0.7258064516129032,0.7272727272727274,139-008,Kalawan,7,False
1000,0.7258064516129032,0.7272727272727274,139-009,Giri complex,5,False
1000,0.7258064516129032,0.7272727272727274,139-010,Kunala,14,False
1000,0.7258064516129032,0.7272727272727274,139-011,Jandial,16,False
1000,0.7258064516129032,0.7272727272727274,139-012,Lalchak / Badalpur,10,False
1000,0.7258064516129032,0.7272727272727274,139-013,Mohra Moradu,4,False
1000,0.7258064516129032,0.7272727272727274,139-014,Pippala,8,False
1000,0.7258064516129032,0.7272727272727274,139-015,Jaulian,3,True
1000,0.7258064516129032,0.7272727272727274,139-016,Lalchak mounds,12,False
1000,0.7258064516129032,0.7272727272727274,139-017,Bhallar,11,False
1000,0.7258064516129032,0.7272727272727274,139-018,Giri Mosque / tombs,6,False
1000,0.7272727272727274,0.7317073170731708,139-001,Khanpur Cave,13,False
1000,0.7272727272727274,0.7317073170731708,139-003,Bhir Mound,17,False
1000,0.7272727272727274,0.7317073170731708,139-004,Sirkap,15,False
1000,0.7272727272727274,0.7317073170731708,139-005,Sirsukh,9,False
1000,0.7272727272727274,0.7317073170731708,139-006,Dharmarajika,1,True
1000,0.7272727272727274,0.7317073170731708,139-007,Khader Mohra,2,True
1000,0.7272727272727274,0.7317073170731708,139-008,Kalawan,7,False
1000,0.7272727272727274,0.7317073170731708,139-009,Giri complex,5,False
1000,0.7272727272727274,0.7317073170731708,139-010,Kunala,14,False
1000,0.7272727272727274,0.7317073170731708,139-011,Jandial,16,False
1000,0.7272727272727274,0.7317073170731708,139-012,Lalchak / Badalpur,10,False
1000,0.7272727272727274,0.7317073170731708,139-013,Mohra Moradu,4,False
1000,0.7272727272727274,0.7317073170731708,139-014,Pippala,8,False
1000,0.7272727272727274,0.7317073170731708,139-015,Jaulian,3,True
1000,0.7272727272727274,0.7317073170731708,139-016,Lalchak mounds,12,False
1000,0.7272727272727274,0.7317073170731708,139-017,Bhallar,11,False
1000,0.7272727272727274,0.7317073170731708,139-018,Giri Mosque / tombs,6,False
1000,0.7317073170731708,0.7391304347826088,139-001,Khanpur Cave,13,False
1000,0.7317073170731708,0.7391304347826088,139-003,Bhir Mound,17,False
1000,0.7317073170731708,0.7391304347826088,139-004,Sirkap,15,False
1000,0.7317073170731708,0.7391304347826088,139-005,Sirsukh,9,False
1000,0.7317073170731708,0.7391304347826088,139-006,Dharmarajika,1,True
1000,0.7317073170731708,0.7391304347826088,139-007,Khader Mohra,2,True
1000,0.7317073170731708,0.7391304347826088,139-008,Kalawan,6,False
1000,0.7317073170731708,0.7391304347826088,139-009,Giri complex,5,False
1000,0.7317073170731708,0.7391304347826088,139-010,Kunala,14,False
1000,0.7317073170731708,0.7391304347826088,139-011,Jandial,16,False
1000,0.7317073170731708,0.7391304347826088,139-012,Lalchak / Badalpur,10,False
1000,0.7317073170731708,0.7391304347826088,139-013,Mohra Moradu,4,False
1000,0.7317073170731708,0.7391304347826088,139-014,Pippala,8,False
1000,0.7317073170731708,0.7391304347826088,139-015,Jaulian,3,True
1000,0.7317073170731708,0.7391304347826088,139-016,Lalchak mounds,12,False
1000,0.7317073170731708,0.7391304347826088,139-017,Bhallar,11,False
1000,0.7317073170731708,0.7391304347826088,139-018,Giri Mosque / tombs,7,False
1000,0.7391304347826088,0.7518796992481204,139-001,Khanpur Cave,13,False
1000,0.7391304347826088,0.7518796992481204,139-003,Bhir Mound,17,False
1000,0.7391304347826088,0.7518796992481204,139-004,Sirkap,15,False
1000,0.7391304347826088,0.7518796992481204,139-005,Sirsukh,9,False
1000,0.7391304347826088,0.7518796992481204,139-006,Dharmarajika,1,True
1000,0.7391304347826088,0.7518796992481204,139-007,Khader Mohra,2,True
1000,0.7391304347826088,0.7518796992481204,139-008,Kalawan,6,False
1000,0.7391304347826088,0.7518796992481204,139-009,Giri complex,5,False
1000,0.7391304347826088,0.7518796992481204,139-010,Kunala,14,False
1000,0.7391304347826088,0.7518796992481204,139-011,Jandial,16,False
1000,0.7391304347826088,0.7518796992481204,139-012,Lalchak / Badalpur,10,False
1000,0.7391304347826088,0.7518796992481204,139-013,Mohra Moradu,4,False
1000,0.7391304347826088,0.7518796992481204,139-014,Pippala,8,False
1000,0.7391304347826088,0.7518796992481204,139-015,Jaulian,3,True
1000,0.7391304347826088,0.7518796992481204,139-016,Lalchak mounds,11,False
1000,0.7391304347826088,0.7518796992481204,139-017,Bhallar,12,False
1000,0.7391304347826088,0.7518796992481204,139-018,Giri Mosque / tombs,7,False
1000,0.7518796992481204,0.7692307692307696,139-001,Khanpur Cave,13,False
1000,0.7518796992481204,0.7692307692307696,139-003,Bhir Mound,17,False
1000,0.7518796992481204,0.7692307692307696,139-004,Sirkap,15,False
1000,0.7518796992481204,0.7692307692307696,139-005,Sirsukh,9,False
1000,0.7518796992481204,0.7692307692307696,139-006,Dharmarajika,1,True
1000,0.7518796992481204,0.7692307692307696,139-007,Khader Mohra,2,True
1000,0.7518796992481204,0.7692307692307696,139-008,Kalawan,5,False
1000,0.7518796992481204,0.7692307692307696,139-009,Giri complex,6,False
1000,0.7518796992481204,0.7692307692307696,139-010,Kunala,14,False
1000,0.7518796992481204,0.7692307692307696,139-011,Jandial,16,False
1000,0.7518796992481204,0.7692307692307696,139-012,Lalchak / Badalpur,10,False
1000,0.7518796992481204,0.7692307692307696,139-013,Mohra Moradu,4,False
1000,0.7518796992481204,0.7692307692307696,139-014,Pippala,8,False
1000,0.7518796992481204,0.7692307692307696,139-015,Jaulian,3,True
1000,0.7518796992481204,0.7692307692307696,139-016,Lalchak mounds,11,False
1000,0.7518796992481204,0.7692307692307696,139-017,Bhallar,12,False
1000,0.7518796992481204,0.7692307692307696,139-018,Giri Mosque / tombs,7,False
1000,0.7692307692307696,0.7931034482758621,139-001,Khanpur Cave,13,False
1000,0.7692307692307696,0.7931034482758621,139-003,Bhir Mound,17,False
1000,0.7692307692307696,0.7931034482758621,139-004,Sirkap,15,False
1000,0.7692307692307696,0.7931034482758621,139-005,Sirsukh,8,False
1000,0.7692307692307696,0.7931034482758621,139-006,Dharmarajika,1,True
1000,0.7692307692307696,0.7931034482758621,139-007,Khader Mohra,2,True
1000,0.7692307692307696,0.7931034482758621,139-008,Kalawan,5,False
1000,0.7692307692307696,0.7931034482758621,139-009,Giri complex,6,False
1000,0.7692307692307696,0.7931034482758621,139-010,Kunala,14,False
1000,0.7692307692307696,0.7931034482758621,139-011,Jandial,16,False
1000,0.7692307692307696,0.7931034482758621,139-012,Lalchak / Badalpur,10,False
1000,0.7692307692307696,0.7931034482758621,139-013,Mohra Moradu,4,False
1000,0.7692307692307696,0.7931034482758621,139-014,Pippala,9,False
1000,0.7692307692307696,0.7931034482758621,139-015,Jaulian,3,True
1000,0.7692307692307696,0.7931034482758621,139-016,Lalchak mounds,11,False
1000,0.7692307692307696,0.7931034482758621,139-017,Bhallar,12,False
1000,0.7692307692307696,0.7931034482758621,139-018,Giri Mosque / tombs,7,False
1000,0.7931034482758621,0.7954545454545459,139-001,Khanpur Cave,13,False
1000,0.7931034482758621,0.7954545454545459,139-003,Bhir Mound,17,False
1000,0.7931034482758621,0.7954545454545459,139-004,Sirkap,15,False
1000,0.7931034482758621,0.7954545454545459,139-005,Sirsukh,7,False
1000,0.7931034482758621,0.7954545454545459,139-006,Dharmarajika,1,True
1000,0.7931034482758621,0.7954545454545459,139-007,Khader Mohra,2,True
1000,0.7931034482758621,0.7954545454545459,139-008,Kalawan,5,False
1000,0.7931034482758621,0.7954545454545459,139-009,Giri complex,6,False
1000,0.7931034482758621,0.7954545454545459,139-010,Kunala,14,False
1000,0.7931034482758621,0.7954545454545459,139-011,Jandial,16,False
1000,0.7931034482758621,0.7954545454545459,139-012,Lalchak / Badalpur,10,False
1000,0.7931034482758621,0.7954545454545459,139-013,Mohra Moradu,4,False
1000,0.7931034482758621,0.7954545454545459,139-014,Pippala,9,False
1000,0.7931034482758621,0.7954545454545459,139-015,Jaulian,3,True
1000,0.7931034482758621,0.7954545454545459,139-016,Lalchak mounds,11,False
1000,0.7931034482758621,0.7954545454545459,139-017,Bhallar,12,False
1000,0.7931034482758621,0.7954545454545459,139-018,Giri Mosque / tombs,8,False
1000,0.7954545454545459,0.8064516129032259,139-001,Khanpur Cave,13,False
1000,0.7954545454545459,0.8064516129032259,139-003,Bhir Mound,17,False
1000,0.7954545454545459,0.8064516129032259,139-004,Sirkap,15,False
1000,0.7954545454545459,0.8064516129032259,139-005,Sirsukh,7,False
1000,0.7954545454545459,0.8064516129032259,139-006,Dharmarajika,1,True
1000,0.7954545454545459,0.8064516129032259,139-007,Khader Mohra,2,True
1000,0.7954545454545459,0.8064516129032259,139-008,Kalawan,5,False
1000,0.7954545454545459,0.8064516129032259,139-009,Giri complex,6,False
1000,0.7954545454545459,0.8064516129032259,139-010,Kunala,14,False
1000,0.7954545454545459,0.8064516129032259,139-011,Jandial,16,False
1000,0.7954545454545459,0.8064516129032259,139-012,Lalchak / Badalpur,11,False
1000,0.7954545454545459,0.8064516129032259,139-013,Mohra Moradu,4,False
1000,0.7954545454545459,0.8064516129032259,139-014,Pippala,9,False
1000,0.7954545454545459,0.8064516129032259,139-015,Jaulian,3,True
1000,0.7954545454545459,0.8064516129032259,139-016,Lalchak mounds,10,False
1000,0.7954545454545459,0.8064516129032259,139-017,Bhallar,12,False
1000,0.7954545454545459,0.8064516129032259,139-018,Giri Mosque / tombs,8,False
1000,0.8064516129032259,0.8163265306122456,139-001,Khanpur Cave,13,False
1000,0.8064516129032259,0.8163265306122456,139-003,Bhir Mound,17,False
1000,0.8064516129032259,0.8163265306122456,139-004,Sirkap,15,False
1000,0.8064516129032259,0.8163265306122456,139-005,Sirsukh,6,False
1000,0.8064516129032259,0.8163265306122456,139-006,Dharmarajika,1,True
1000,0.8064516129032259,0.8163265306122456,139-007,Khader Mohra,2,True
1000,0.8064516129032259,0.8163265306122456,139-008,Kalawan,5,False
1000,0.8064516129032259,0.8163265306122456,139-009,Giri complex,7,False
1000,0.8064516129032259,0.8163265306122456,139-010,Kunala,14,False
1000,0.8064516129032259,0.8163265306122456,139-011,Jandial,16,False
1000,0.8064516129032259,0.8163265306122456,139-012,Lalchak / Badalpur,11,False
1000,0.8064516129032259,0.8163265306122456,139-013,Mohra Moradu,4,False
1000,0.8064516129032259,0.8163265306122456,139-014,Pippala,9,False
1000,0.8064516129032259,0.8163265306122456,139-015,Jaulian,3,True
1000,0.8064516129032259,0.8163265306122456,139-016,Lalchak mounds,10,False
1000,0.8064516129032259,0.8163265306122456,139-017,Bhallar,12,False
1000,0.8064516129032259,0.8163265306122456,139-018,Giri Mosque / tombs,8,False
1000,0.8163265306122456,0.8333333333333336,139-001,Khanpur Cave,13,False
1000,0.8163265306122456,0.8333333333333336,139-003,Bhir Mound,17,False
1000,0.8163265306122456,0.8333333333333336,139-004,Sirkap,15,False
1000,0.8163265306122456,0.8333333333333336,139-005,Sirsukh,6,False
1000,0.8163265306122456,0.8333333333333336,139-006,Dharmarajika,1,True
1000,0.8163265306122456,0.8333333333333336,139-007,Khader Mohra,2,True
1000,0.8163265306122456,0.8333333333333336,139-008,Kalawan,4,False
1000,0.8163265306122456,0.8333333333333336,139-009,Giri complex,7,False
1000,0.8163265306122456,0.8333333333333336,139-010,Kunala,14,False
1000,0.8163265306122456,0.8333333333333336,139-011,Jandial,16,False
1000,0.8163265306122456,0.8333333333333336,139-012,Lalchak / Badalpur,11,False
1000,0.8163265306122456,0.8333333333333336,139-013,Mohra Moradu,5,False
1000,0.8163265306122456,0.8333333333333336,139-014,Pippala,9,False
1000,0.8163265306122456,0.8333333333333336,139-015,Jaulian,3,True
1000,0.8163265306122456,0.8333333333333336,139-016,Lalchak mounds,10,False
1000,0.8163265306122456,0.8333333333333336,139-017,Bhallar,12,False
1000,0.8163265306122456,0.8333333333333336,139-018,Giri Mosque / tombs,8,False
1000,0.8333333333333336,0.8421052631578941,139-001,Khanpur Cave,12,False
1000,0.8333333333333336,0.8421052631578941,139-003,Bhir Mound,17,False
1000,0.8333333333333336,0.8421052631578941,139-004,Sirkap,15,False
1000,0.8333333333333336,0.8421052631578941,139-005,Sirsukh,6,False
1000,0.8333333333333336,0.8421052631578941,139-006,Dharmarajika,1,True
1000,0.8333333333333336,0.8421052631578941,139-007,Khader Mohra,2,True
1000,0.8333333333333336,0.8421052631578941,139-008,Kalawan,4,False
1000,0.8333333333333336,0.8421052631578941,139-009,Giri complex,7,False
1000,0.8333333333333336,0.8421052631578941,139-010,Kunala,14,False
1000,0.8333333333333336,0.8421052631578941,139-011,Jandial,16,False
1000,0.8333333333333336,0.8421052631578941,139-012,Lalchak / Badalpur,11,False
1000,0.8333333333333336,0.8421052631578941,139-013,Mohra Moradu,5,False
1000,0.8333333333333336,0.8421052631578941,139-014,Pippala,9,False
1000,0.8333333333333336,0.8421052631578941,139-015,Jaulian,3,True
1000,0.8333333333333336,0.8421052631578941,139-016,Lalchak mounds,10,False
1000,0.8333333333333336,0.8421052631578941,139-017,Bhallar,13,False
1000,0.8333333333333336,0.8421052631578941,139-018,Giri Mosque / tombs,8,False
1000,0.8421052631578941,0.8474576271186441,139-001,Khanpur Cave,12,False
1000,0.8421052631578941,0.8474576271186441,139-003,Bhir Mound,17,False
1000,0.8421052631578941,0.8474576271186441,139-004,Sirkap,15,False
1000,0.8421052631578941,0.8474576271186441,139-005,Sirsukh,6,False
1000,0.8421052631578941,0.8474576271186441,139-006,Dharmarajika,1,True
1000,0.8421052631578941,0.8474576271186441,139-007,Khader Mohra,2,True
1000,0.8421052631578941,0.8474576271186441,139-008,Kalawan,4,False
1000,0.8421052631578941,0.8474576271186441,139-009,Giri complex,7,False
1000,0.8421052631578941,0.8474576271186441,139-010,Kunala,14,False
1000,0.8421052631578941,0.8474576271186441,139-011,Jandial,16,False
1000,0.8421052631578941,0.8474576271186441,139-012,Lalchak / Badalpur,11,False
1000,0.8421052631578941,0.8474576271186441,139-013,Mohra Moradu,5,False
1000,0.8421052631578941,0.8474576271186441,139-014,Pippala,8,False
1000,0.8421052631578941,0.8474576271186441,139-015,Jaulian,3,True
1000,0.8421052631578941,0.8474576271186441,139-016,Lalchak mounds,10,False
1000,0.8421052631578941,0.8474576271186441,139-017,Bhallar,13,False
1000,0.8421052631578941,0.8474576271186441,139-018,Giri Mosque / tombs,9,False
1000,0.8474576271186441,0.8695652173913039,139-001,Khanpur Cave,12,False
1000,0.8474576271186441,0.8695652173913039,139-003,Bhir Mound,17,False
1000,0.8474576271186441,0.8695652173913039,139-004,Sirkap,15,False
1000,0.8474576271186441,0.8695652173913039,139-005,Sirsukh,6,False
1000,0.8474576271186441,0.8695652173913039,139-006,Dharmarajika,1,True
1000,0.8474576271186441,0.8695652173913039,139-007,Khader Mohra,2,True
1000,0.8474576271186441,0.8695652173913039,139-008,Kalawan,3,True
1000,0.8474576271186441,0.8695652173913039,139-009,Giri complex,7,False
1000,0.8474576271186441,0.8695652173913039,139-010,Kunala,14,False
1000,0.8474576271186441,0.8695652173913039,139-011,Jandial,16,False
1000,0.8474576271186441,0.8695652173913039,139-012,Lalchak / Badalpur,11,False
1000,0.8474576271186441,0.8695652173913039,139-013,Mohra Moradu,5,False
1000,0.8474576271186441,0.8695652173913039,139-014,Pippala,8,False
1000,0.8474576271186441,0.8695652173913039,139-015,Jaulian,4,False
1000,0.8474576271186441,0.8695652173913039,139-016,Lalchak mounds,10,False
1000,0.8474576271186441,0.8695652173913039,139-017,Bhallar,13,False
1000,0.8474576271186441,0.8695652173913039,139-018,Giri Mosque / tombs,9,False
1000,0.8695652173913039,0.8928571428571429,139-001,Khanpur Cave,12,False
1000,0.8695652173913039,0.8928571428571429,139-003,Bhir Mound,17,False
1000,0.8695652173913039,0.8928571428571429,139-004,Sirkap,15,False
1000,0.8695652173913039,0.8928571428571429,139-005,Sirsukh,6,False
1000,0.8695652173913039,0.8928571428571429,139-006,Dharmarajika,1,True
1000,0.8695652173913039,0.8928571428571429,139-007,Khader Mohra,2,True
1000,0.8695652173913039,0.8928571428571429,139-008,Kalawan,3,True
1000,0.8695652173913039,0.8928571428571429,139-009,Giri complex,8,False
1000,0.8695652173913039,0.8928571428571429,139-010,Kunala,14,False
1000,0.8695652173913039,0.8928571428571429,139-011,Jandial,16,False
1000,0.8695652173913039,0.8928571428571429,139-012,Lalchak / Badalpur,11,False
1000,0.8695652173913039,0.8928571428571429,139-013,Mohra Moradu,4,False
1000,0.8695652173913039,0.8928571428571429,139-014,Pippala,7,False
1000,0.8695652173913039,0.8928571428571429,139-015,Jaulian,5,False
1000,0.8695652173913039,0.8928571428571429,139-016,Lalchak mounds,10,False
1000,0.8695652173913039,0.8928571428571429,139-017,Bhallar,13,False
1000,0.8695652173913039,0.8928571428571429,139-018,Giri Mosque / tombs,9,False
1000,0.8928571428571429,0.898876404494382,139-001,Khanpur Cave,12,False
1000,0.8928571428571429,0.898876404494382,139-003,Bhir Mound,17,False
1000,0.8928571428571429,0.898876404494382,139-004,Sirkap,15,False
1000,0.8928571428571429,0.898876404494382,139-005,Sirsukh,5,False
1000,0.8928571428571429,0.898876404494382,139-006,Dharmarajika,1,True
1000,0.8928571428571429,0.898876404494382,139-007,Khader Mohra,2,True
1000,0.8928571428571429,0.898876404494382,139-008,Kalawan,3,True
1000,0.8928571428571429,0.898876404494382,139-009,Giri complex,8,False
1000,0.8928571428571429,0.898876404494382,139-010,Kunala,14,False
1000,0.8928571428571429,0.898876404494382,139-011,Jandial,16,False
1000,0.8928571428571429,0.898876404494382,139-012,Lalchak / Badalpur,11,False
1000,0.8928571428571429,0.898876404494382,139-013,Mohra Moradu,4,False
1000,0.8928571428571429,0.898876404494382,139-014,Pippala,7,False
1000,0.8928571428571429,0.898876404494382,139-015,Jaulian,6,False
1000,0.8928571428571429,0.898876404494382,139-016,Lalchak mounds,10,False
1000,0.8928571428571429,0.898876404494382,139-017,Bhallar,13,False
1000,0.8928571428571429,0.898876404494382,139-018,Giri Mosque / tombs,9,False
1000,0.898876404494382,0.9016393442622952,139-001,Khanpur Cave,12,False
1000,0.898876404494382,0.9016393442622952,139-003,Bhir Mound,17,False
1000,0.898876404494382,0.9016393442622952,139-004,Sirkap,15,False
1000,0.898876404494382,0.9016393442622952,139-005,Sirsukh,5,False
1000,0.898876404494382,0.9016393442622952,139-006,Dharmarajika,1,True
1000,0.898876404494382,0.9016393442622952,139-007,Khader Mohra,2,True
1000,0.898876404494382,0.9016393442622952,139-008,Kalawan,3,True
1000,0.898876404494382,0.9016393442622952,139-009,Giri complex,8,False
1000,0.898876404494382,0.9016393442622952,139-010,Kunala,14,False
1000,0.898876404494382,0.9016393442622952,139-011,Jandial,16,False
1000,0.898876404494382,0.9016393442622952,139-012,Lalchak / Badalpur,11,False
1000,0.898876404494382,0.9016393442622952,139-013,Mohra Moradu,4,False
1000,0.898876404494382,0.9016393442622952,139-014,Pippala,7,False
1000,0.898876404494382,0.9016393442622952,139-015,Jaulian,6,False
1000,0.898876404494382,0.9016393442622952,139-016,Lalchak mounds,9,False
1000,0.898876404494382,0.9016393442622952,139-017,Bhallar,13,False
1000,0.898876404494382,0.9016393442622952,139-018,Giri Mosque / tombs,10,False
1000,0.9016393442622952,0.9042553191489362,139-001,Khanpur Cave,12,False
1000,0.9016393442622952,0.9042553191489362,139-003,Bhir Mound,17,False
1000,0.9016393442622952,0.9042553191489362,139-004,Sirkap,15,False
1000,0.9016393442622952,0.9042553191489362,139-005,Sirsukh,5,False
1000,0.9016393442622952,0.9042553191489362,139-006,Dharmarajika,1,True
1000,0.9016393442622952,0.9042553191489362,139-007,Khader Mohra,2,True
1000,0.9016393442622952,0.9042553191489362,139-008,Kalawan,3,True
1000,0.9016393442622952,0.9042553191489362,139-009,Giri complex,8,False
1000,0.9016393442622952,0.9042553191489362,139-010,Kunala,13,False
1000,0.9016393442622952,0.9042553191489362,139-011,Jandial,16,False
1000,0.9016393442622952,0.9042553191489362,139-012,Lalchak / Badalpur,11,False
1000,0.9016393442622952,0.9042553191489362,139-013,Mohra Moradu,4,False
1000,0.9016393442622952,0.9042553191489362,139-014,Pippala,7,False
1000,0.9016393442622952,0.9042553191489362,139-015,Jaulian,6,False
1000,0.9016393442622952,0.9042553191489362,139-016,Lalchak mounds,9,False
1000,0.9016393442622952,0.9042553191489362,139-017,Bhallar,14,False
1000,0.9016393442622952,0.9042553191489362,139-018,Giri Mosque / tombs,10,False
1000,0.9042553191489362,0.9154929577464792,139-001,Khanpur Cave,12,False
1000,0.9042553191489362,0.9154929577464792,139-003,Bhir Mound,17,False
1000,0.9042553191489362,0.9154929577464792,139-004,Sirkap,15,False
1000,0.9042553191489362,0.9154929577464792,139-005,Sirsukh,5,False
1000,0.9042553191489362,0.9154929577464792,139-006,Dharmarajika,1,True
1000,0.9042553191489362,0.9154929577464792,139-007,Khader Mohra,2,True
1000,0.9042553191489362,0.9154929577464792,139-008,Kalawan,3,True
1000,0.9042553191489362,0.9154929577464792,139-009,Giri complex,9,False
1000,0.9042553191489362,0.9154929577464792,139-010,Kunala,13,False
1000,0.9042553191489362,0.9154929577464792,139-011,Jandial,16,False
1000,0.9042553191489362,0.9154929577464792,139-012,Lalchak / Badalpur,11,False
1000,0.9042553191489362,0.9154929577464792,139-013,Mohra Moradu,4,False
1000,0.9042553191489362,0.9154929577464792,139-014,Pippala,7,False
1000,0.9042553191489362,0.9154929577464792,139-015,Jaulian,6,False
1000,0.9042553191489362,0.9154929577464792,139-016,Lalchak mounds,8,False
1000,0.9042553191489362,0.9154929577464792,139-017,Bhallar,14,False
1000,0.9042553191489362,0.9154929577464792,139-018,Giri Mosque / tombs,10,False
1000,0.9154929577464792,0.9195402298850577,139-001,Khanpur Cave,12,False
1000,0.9154929577464792,0.9195402298850577,139-003,Bhir Mound,17,False
1000,0.9154929577464792,0.9195402298850577,139-004,Sirkap,15,False
1000,0.9154929577464792,0.9195402298850577,139-005,Sirsukh,4,False
1000,0.9154929577464792,0.9195402298850577,139-006,Dharmarajika,1,True
1000,0.9154929577464792,0.9195402298850577,139-007,Khader Mohra,2,True
1000,0.9154929577464792,0.9195402298850577,139-008,Kalawan,3,True
1000,0.9154929577464792,0.9195402298850577,139-009,Giri complex,9,False
1000,0.9154929577464792,0.9195402298850577,139-010,Kunala,13,False
1000,0.9154929577464792,0.9195402298850577,139-011,Jandial,16,False
1000,0.9154929577464792,0.9195402298850577,139-012,Lalchak / Badalpur,11,False
1000,0.9154929577464792,0.9195402298850577,139-013,Mohra Moradu,5,False
1000,0.9154929577464792,0.9195402298850577,139-014,Pippala,7,False
1000,0.9154929577464792,0.9195402298850577,139-015,Jaulian,6,False
1000,0.9154929577464792,0.9195402298850577,139-016,Lalchak mounds,8,False
1000,0.9154929577464792,0.9195402298850577,139-017,Bhallar,14,False
1000,0.9154929577464792,0.9195402298850577,139-018,Giri Mosque / tombs,10,False
1000,0.9195402298850577,0.9210526315789477,139-001,Khanpur Cave,12,False
1000,0.9195402298850577,0.9210526315789477,139-003,Bhir Mound,17,False
1000,0.9195402298850577,0.9210526315789477,139-004,Sirkap,15,False
1000,0.9195402298850577,0.9210526315789477,139-005,Sirsukh,4,False
1000,0.9195402298850577,0.9210526315789477,139-006,Dharmarajika,1,True
1000,0.9195402298850577,0.9210526315789477,139-007,Khader Mohra,2,True
1000,0.9195402298850577,0.9210526315789477,139-008,Kalawan,3,True
1000,0.9195402298850577,0.9210526315789477,139-009,Giri complex,9,False
1000,0.9195402298850577,0.9210526315789477,139-010,Kunala,13,False
1000,0.9195402298850577,0.9210526315789477,139-011,Jandial,16,False
1000,0.9195402298850577,0.9210526315789477,139-012,Lalchak / Badalpur,11,False
1000,0.9195402298850577,0.9210526315789477,139-013,Mohra Moradu,5,False
1000,0.9195402298850577,0.9210526315789477,139-014,Pippala,8,False
1000,0.9195402298850577,0.9210526315789477,139-015,Jaulian,6,False
1000,0.9195402298850577,0.9210526315789477,139-016,Lalchak mounds,7,False
1000,0.9195402298850577,0.9210526315789477,139-017,Bhallar,14,False
1000,0.9195402298850577,0.9210526315789477,139-018,Giri Mosque / tombs,10,False
1000,0.9210526315789477,0.9328358208955222,139-001,Khanpur Cave,12,False
1000,0.9210526315789477,0.9328358208955222,139-003,Bhir Mound,17,False
1000,0.9210526315789477,0.9328358208955222,139-004,Sirkap,15,False
1000,0.9210526315789477,0.9328358208955222,139-005,Sirsukh,4,False
1000,0.9210526315789477,0.9328358208955222,139-006,Dharmarajika,1,True
1000,0.9210526315789477,0.9328358208955222,139-007,Khader Mohra,3,True
1000,0.9210526315789477,0.9328358208955222,139-008,Kalawan,2,True
1000,0.9210526315789477,0.9328358208955222,139-009,Giri complex,9,False
1000,0.9210526315789477,0.9328358208955222,139-010,Kunala,13,False
1000,0.9210526315789477,0.9328358208955222,139-011,Jandial,16,False
1000,0.9210526315789477,0.9328358208955222,139-012,Lalchak / Badalpur,11,False
1000,0.9210526315789477,0.9328358208955222,139-013,Mohra Moradu,5,False
1000,0.9210526315789477,0.9328358208955222,139-014,Pippala,8,False
1000,0.9210526315789477,0.9328358208955222,139-015,Jaulian,6,False
1000,0.9210526315789477,0.9328358208955222,139-016,Lalchak mounds,7,False
1000,0.9210526315789477,0.9328358208955222,139-017,Bhallar,14,False
1000,0.9210526315789477,0.9328358208955222,139-018,Giri Mosque / tombs,10,False
1000,0.9328358208955222,0.9374999999999999,139-001,Khanpur Cave,12,False
1000,0.9328358208955222,0.9374999999999999,139-003,Bhir Mound,17,False
1000,0.9328358208955222,0.9374999999999999,139-004,Sirkap,15,False
1000,0.9328358208955222,0.9374999999999999,139-005,Sirsukh,4,False
1000,0.9328358208955222,0.9374999999999999,139-006,Dharmarajika,1,True
1000,0.9328358208955222,0.9374999999999999,139-007,Khader Mohra,3,True
1000,0.9328358208955222,0.9374999999999999,139-008,Kalawan,2,True
1000,0.9328358208955222,0.9374999999999999,139-009,Giri complex,9,False
1000,0.9328358208955222,0.9374999999999999,139-010,Kunala,13,False
1000,0.9328358208955222,0.9374999999999999,139-011,Jandial,16,False
1000,0.9328358208955222,0.9374999999999999,139-012,Lalchak / Badalpur,10,False
1000,0.9328358208955222,0.9374999999999999,139-013,Mohra Moradu,5,False
1000,0.9328358208955222,0.9374999999999999,139-014,Pippala,8,False
1000,0.9328358208955222,0.9374999999999999,139-015,Jaulian,6,False
1000,0.9328358208955222,0.9374999999999999,139-016,Lalchak mounds,7,False
1000,0.9328358208955222,0.9374999999999999,139-017,Bhallar,14,False
1000,0.9328358208955222,0.9374999999999999,139-018,Giri Mosque / tombs,11,False
1000,0.9374999999999999,0.9693877551020409,139-001,Khanpur Cave,12,False
1000,0.9374999999999999,0.9693877551020409,139-003,Bhir Mound,17,False
1000,0.9374999999999999,0.9693877551020409,139-004,Sirkap,15,False
1000,0.9374999999999999,0.9693877551020409,139-005,Sirsukh,4,False
1000,0.9374999999999999,0.9693877551020409,139-006,Dharmarajika,1,True
1000,0.9374999999999999,0.9693877551020409,139-007,Khader Mohra,3,True
1000,0.9374999999999999,0.9693877551020409,139-008,Kalawan,2,True
1000,0.9374999999999999,0.9693877551020409,139-009,Giri complex,10,False
1000,0.9374999999999999,0.9693877551020409,139-010,Kunala,13,False
1000,0.9374999999999999,0.9693877551020409,139-011,Jandial,16,False
1000,0.9374999999999999,0.9693877551020409,139-012,Lalchak / Badalpur,9,False
1000,0.9374999999999999,0.9693877551020409,139-013,Mohra Moradu,5,False
1000,0.9374999999999999,0.9693877551020409,139-014,Pippala,8,False
1000,0.9374999999999999,0.9693877551020409,139-015,Jaulian,6,False
1000,0.9374999999999999,0.9693877551020409,139-016,Lalchak mounds,7,False
1000,0.9374999999999999,0.9693877551020409,139-017,Bhallar,14,False
1000,0.9374999999999999,0.9693877551020409,139-018,Giri Mosque / tombs,11,False
1000,0.9693877551020409,0.9826589595375723,139-001,Khanpur Cave,12,False
1000,0.9693877551020409,0.9826589595375723,139-003,Bhir Mound,17,False
1000,0.9693877551020409,0.9826589595375723,139-004,Sirkap,15,False
1000,0.9693877551020409,0.9826589595375723,139-005,Sirsukh,3,True
1000,0.9693877551020409,0.9826589595375723,139-006,Dharmarajika,1,True
1000,0.9693877551020409,0.9826589595375723,139-007,Khader Mohra,4,False
1000,0.9693877551020409,0.9826589595375723,139-008,Kalawan,2,True
1000,0.9693877551020409,0.9826589595375723,139-009,Giri complex,10,False
1000,0.9693877551020409,0.9826589595375723,139-010,Kunala,13,False
1000,0.9693877551020409,0.9826589595375723,139-011,Jandial,16,False
1000,0.9693877551020409,0.9826589595375723,139-012,Lalchak / Badalpur,9,False
1000,0.9693877551020409,0.9826589595375723,139-013,Mohra Moradu,5,False
1000,0.9693877551020409,0.9826589595375723,139-014,Pippala,8,False
1000,0.9693877551020409,0.9826589595375723,139-015,Jaulian,6,False
1000,0.9693877551020409,0.9826589595375723,139-016,Lalchak mounds,7,False
1000,0.9693877551020409,0.9826589595375723,139-017,Bhallar,14,False
1000,0.9693877551020409,0.9826589595375723,139-018,Giri Mosque / tombs,11,False
1000,0.9826589595375723,1.0,139-001,Khanpur Cave,12,False
1000,0.9826589595375723,1.0,139-003,Bhir Mound,17,False
1000,0.9826589595375723,1.0,139-004,Sirkap,15,False
1000,0.9826589595375723,1.0,139-005,Sirsukh,3,True
1000,0.9826589595375723,1.0,139-006,Dharmarajika,1,True
1000,0.9826589595375723,1.0,139-007,Khader Mohra,4,False
1000,0.9826589595375723,1.0,139-008,Kalawan,2,True
1000,0.9826589595375723,1.0,139-009,Giri complex,10,False
1000,0.9826589595375723,1.0,139-010,Kunala,13,False
1000,0.9826589595375723,1.0,139-011,Jandial,16,False
1000,0.9826589595375723,1.0,139-012,Lalchak / Badalpur,8,False
1000,0.9826589595375723,1.0,139-013,Mohra Moradu,5,False
1000,0.9826589595375723,1.0,139-014,Pippala,9,False
1000,0.9826589595375723,1.0,139-015,Jaulian,7,False
1000,0.9826589595375723,1.0,139-016,Lalchak mounds,6,False
1000,0.9826589595375723,1.0,139-017,Bhallar,14,False
1000,0.9826589595375723,1.0,139-018,Giri Mosque / tombs,11,False
