component_id,component_name,radius_m,epoch_id,label_year,valid_cells,ndvi_median,ndvi_p10,ndvi_p90,ndbi_median,ndbi_p10,ndbi_p90,mndwi_median,mndwi_p10,mndwi_p90,bsi_median,bsi_p10,bsi_p90,classified_cells,lc_class_1_share,lc_class_2_share,lc_class_3_share,lc_class_4_share,lc_class_5_share,lc_class_6_share,ndvi_pressure,mndwi_pressure,ndbi_pressure,built_share_pressure,bare_share_pressure,surface_cover_pressure,landscape_pressure_score,terrain_susceptibility_score,slope_pressure,wetness_pressure,drainage_proximity_pressure,climate_extreme_score,integrated_exposure_score,local_priority_score
139-001,Khanpur Cave,250,E2004,2004,220,0.4086701273918152,0.21503320336341858,0.5035776495933533,-0.02854399010539055,-0.16299642622470856,0.1217917799949646,-0.4361443519592285,-0.45511630177497864,-0.35319218039512634,0.04606784135103226,-0.07566595822572708,0.17551584541797638,220,0.06363636363636363,0.14545454545454545,0.2681818181818182,0.12272727272727273,0.4,0.0,0.5588235294117647,0.7705882352941177,0.711764705882353,0.48823529411764705,0.9470588235294117,0.6352941176470588,0.7029411764705882,0.4411764705882353,0.6176470588235294,0.38235294117647056,0.3235294117647059,0.5166666666666666,0.55359477124183,0.5720588235294117
139-001,Khanpur Cave,250,E2009,2009,220,0.37891262769699097,0.2301509827375412,0.488587349653244,-0.019633824005723,-0.15929986536502838,0.10650352388620377,-0.4336964190006256,-0.45870423316955566,-0.33617496490478516,0.05744108557701111,-0.06938216835260391,0.16353119909763336,220,0.08636363636363636,0.1318181818181818,0.30454545454545456,0.05909090909090909,0.41818181818181815,0.0,0.7823529411764706,0.7235294117647059,0.7941176470588235,0.5705882352941176,0.9117647058823529,0.788235294117647,0.7558823529411764,0.4411764705882353,0.6176470588235294,0.38235294117647056,0.3235294117647059,0.462037037037037,0.5530319535221496,0.5985294117647059
139-001,Khanpur Cave,250,E2014,2014,220,0.40449821949005127,0.2320936620235443,0.5508301258087158,-0.023679083213210106,-0.16871358454227448,0.10650324821472168,-0.4280737638473511,-0.4677553176879883,-0.3580250144004822,0.04919940233230591,-0.08115663379430771,0.15266230702400208,220,0.07272727272727272,0.15,0.2409090909090909,0.1409090909090909,0.39545454545454545,0.0,0.5823529411764706,0.5941176470588235,0.7470588235294118,0.5352941176470588,0.9588235294117647,0.6647058823529413,0.6294117647058823,0.4411764705882353,0.6176470588235294,0.38235294117647056,0.3235294117647059,0.4842592592592592,0.5182824981844589,0.5352941176470588
139-001,Khanpur Cave,250,E2019,2019,218,0.40044721961021423,0.1982269138097763,0.6080723404884338,-0.03189494460821152,-0.1917320191860199,0.1295115202665329,-0.41909199953079224,-0.46685653924942017,-0.3509664833545685,0.047851480543613434,-0.10987318307161331,0.1736554652452469,218,0.06422018348623854,0.23394495412844038,0.2018348623853211,0.16972477064220184,0.3302752293577982,0.0,0.6058823529411764,0.40588235294117647,0.6882352941176471,0.5,0.9941176470588236,0.6470588235294117,0.526470588235294,0.4411764705882353,0.6176470588235294,0.38235294117647056,0.3235294117647059,0.3138888888888889,0.42717864923747273,0.48382352941176465
139-001,Khanpur Cave,250,E2024,2024,220,0.4657241106033325,0.2016037255525589,0.6332364678382874,-0.07880468666553497,-0.2316913604736328,0.11235012114048004,-0.41807985305786133,-0.47882547974586487,-0.3676525950431824,0.002049550414085388,-0.14280644059181213,0.16870200634002686,220,0.10909090909090909,0.16818181818181818,0.2,0.32727272727272727,0.19545454545454546,0.0,0.3235294117647059,0.38235294117647056,0.34705882352941175,0.6529411764705882,0.9823529411764705,0.33529411764705885,0.3588235294117647,0.4411764705882353,0.6176470588235294,0.38235294117647056,0.3235294117647059,0.5259259259259259,0.4419753086419753,0.4
139-003,Bhir Mound,250,E2004,2004,218,0.3761088252067566,0.24700181186199188,0.4463525414466858,0.0014321792405098677,-0.06980609893798828,0.0648094043135643,-0.4252602756023407,-0.47054705023765564,-0.37128233909606934,0.07082410156726837,0.004673672839999199,0.1313260793685913,218,0.16055045871559634,0.05045871559633028,0.44954128440366975,0.009174311926605505,0.3302752293577982,0.0,0.8176470588235294,0.5352941176470588,0.9,0.7941176470588235,0.8588235294117647,0.8588235294117648,0.6970588235294117,0.2647058823529412,0.38235294117647056,0.2647058823529412,0.14705882352941177,0.5166666666666666,0.49281045751633984,0.4808823529411764
139-003,Bhir Mound,250,E2009,2009,218,0.359279990196228,0.23889482021331787,0.4304760694503784,0.0009965321514755487,-0.06545162945985794,0.05446889251470566,-0.425512433052063,-0.46516287326812744,-0.35187456011772156,0.07222985476255417,0.013712354004383087,0.12677274644374847,218,0.24311926605504589,0.045871559633027525,0.3440366972477064,0.009174311926605505,0.3577981651376147,0.0,0.8764705882352941,0.5470588235294118,0.8764705882352941,0.9705882352941176,0.8411764705882353,0.8764705882352941,0.711764705882353,0.2647058823529412,0.38235294117647056,0.2647058823529412,0.14705882352941177,0.462037037037037,0.4795025417574437,0.4882352941176471
139-003,Bhir Mound,250,E2014,2014,202,0.4592898488044739,0.2489694058895111,0.5545228719711304,-0.049395911395549774,-0.120208740234375,0.039305396378040314,-0.44247961044311523,-0.49862873554229736,-0.34101957082748413,0.017666824162006378,-0.046639345586299896,0.10909827053546906,202,0.18811881188118812,0.01485148514851485,0.23267326732673269,0.09405940594059406,0.47029702970297027,0.0,0.3352941176470588,0.8294117647058824,0.5117647058823529,0.8764705882352941,0.7588235294117647,0.4235294117647058,0.6264705882352941,0.2647058823529412,0.38235294117647056,0.2647058823529412,0.14705882352941177,0.4842592592592592,0.45847857661583147,0.4455882352941176
139-003,Bhir Mound,250,E2019,2019,152,0.4520912766456604,0.3756144046783447,0.5210358500480652,-0.045249469578266144,-0.11160331219434738,0.002979711862280965,-0.453946053981781,-0.4747748076915741,-0.39161261916160583,0.025105975568294525,-0.032733816653490067,0.06715281307697296,152,0.06578947368421052,0.0,0.29605263157894735,0.09868421052631579,0.5394736842105263,0.0,0.38235294117647056,0.888235294117647,0.5705882352941176,0.5117647058823529,0.3235294117647059,0.4764705882352941,0.6823529411764706,0.2647058823529412,0.38235294117647056,0.2647058823529412,0.14705882352941177,0.3138888888888889,0.42031590413943354,0.47352941176470587
139-003,Bhir Mound,250,E2024,2024,205,0.4699966013431549,0.29966333508491516,0.5615787506103516,-0.061597757041454315,-0.14408466219902039,0.013405621983110905,-0.4357256591320038,-0.4679192304611206,-0.33295193314552307,0.01285824179649353,-0.06568585336208344,0.08113329857587814,205,0.23902439024390243,0.0,0.2,0.2048780487804878,0.35609756097560974,0.0,0.28823529411764703,0.7588235294117647,0.4294117647058823,0.9235294117647059,0.3235294117647059,0.35882352941176465,0.5588235294117647,0.2647058823529412,0.38235294117647056,0.2647058823529412,0.14705882352941177,0.5259259259259259,0.44981844589687725,0.4117647058823529
139-004,Sirkap (fortified city),250,E2004,2004,219,0.31075242161750793,0.26026052236557007,0.4544609785079956,0.03287586197257042,-0.06746658682823181,0.06104611977934837,-0.4300796687602997,-0.4581452012062073,-0.4033938944339752,0.10821005702018738,0.012084399349987507,0.1384991556406021,219,0.0,0.0136986301369863,0.6621004566210046,0.0091324200913242,0.3150684931506849,0.0,0.9705882352941176,0.6411764705882353,0.9588235294117647,0.12352941176470589,0.7411764705882353,0.9647058823529412,0.8029411764705883,0.2647058823529412,0.2647058823529412,0.3235294117647059,0.20588235294117646,0.5166666666666666,0.5281045751633987,0.5338235294117647
139-004,Sirkap (fortified city),250,E2009,2009,219,0.29445523023605347,0.23515555262565613,0.42550623416900635,0.04505958780646324,-0.03642722964286804,0.07773283869028091,-0.42654329538345337,-0.4548778235912323,-0.40103691816329956,0.11801429092884064,0.030323754996061325,0.1470663845539093,219,0.0182648401826484,0.1415525114155251,0.5251141552511416,0.0,0.3150684931506849,0.0,0.9823529411764705,0.5705882352941176,0.9941176470588236,0.4117647058823529,0.9352941176470588,0.9882352941176471,0.7794117647058824,0.2647058823529412,0.2647058823529412,0.3235294117647059,0.20588235294117646,0.462037037037037,0.5020515613652868,0.5220588235294118
139-004,Sirkap (fortified city),250,E2014,2014,219,0.3285945951938629,0.24092286825180054,0.5103806257247925,0.018025677651166916,-0.08050313591957092,0.07289531081914902,-0.40534114837646484,-0.46608564257621765,-0.37820833921432495,0.0859866812825203,-0.012018800713121891,0.13407841324806213,219,0.136986301369863,0.0182648401826484,0.54337899543379,0.0821917808219178,0.2191780821917808,0.0,0.9470588235294117,0.18235294117647058,0.9470588235294117,0.7352941176470589,0.7823529411764706,0.9470588235294117,0.5647058823529412,0.2647058823529412,0.2647058823529412,0.3235294117647059,0.20588235294117646,0.4842592592592592,0.43789034132171384,0.41470588235294115
139-004,Sirkap (fortified city),250,E2019,2019,219,0.39746204018592834,0.29709938168525696,0.5226053595542908,-0.014020527713000774,-0.07325255870819092,0.03483176231384277,-0.4296317994594574,-0.4750698208808899,-0.39199239015579224,0.05553615838289261,-0.011356007307767868,0.10284726321697235,219,0.0410958904109589,0.0,0.7031963470319634,0.0776255707762557,0.1780821917808219,0.0,0.6294117647058823,0.6294117647058823,0.8294117647058824,0.4647058823529412,0.3235294117647059,0.7294117647058824,0.6794117647058824,0.2647058823529412,0.2647058823529412,0.3235294117647059,0.20588235294117646,0.3138888888888889,0.4193355119825708,0.47205882352941175
139-004,Sirkap (fortified city),250,E2024,2024,219,0.42457327246665955,0.276787668466568,0.5888208150863647,-0.037107743322849274,-0.1492663323879242,0.05816701799631119,-0.43987879157066345,-0.4707590937614441,-0.402980774641037,0.035391755402088165,-0.07367118448019028,0.11794542521238327,219,0.0228310502283105,0.0045662100456621,0.5342465753424658,0.2054794520547945,0.2328767123287671,0.0,0.5,0.7941176470588235,0.6411764705882353,0.4294117647058823,0.6823529411764706,0.5705882352941176,0.6823529411764706,0.2647058823529412,0.2647058823529412,0.3235294117647059,0.20588235294117646,0.5259259259259259,0.49099491648511256,0.47352941176470587
139-005,Sirsukh (fortified ruined city),250,E2004,2004,220,0.4535936713218689,0.3480023741722107,0.5001429319381714,-0.06115564703941345,-0.12659908831119537,0.016980407759547234,-0.4346964359283447,-0.45806270837783813,-0.41459956765174866,0.013948106206953526,-0.036998387426137924,0.08895286917686462,220,0.0,0.0,0.6045454545454545,0.09090909090909091,0.30454545454545456,0.0,0.37058823529411766,0.7352941176470589,0.4411764705882353,0.12352941176470589,0.3235294117647059,0.40588235294117647,0.5705882352941176,0.4313725490196078,0.08823529411764706,0.9411764705882353,0.2647058823529412,0.5166666666666666,0.5062091503267974,0.5009803921568627
139-005,Sirsukh (fortified ruined city),250,E2009,2009,220,0.44384753704071045,0.3493710458278656,0.512880265712738,-0.06268888711929321,-0.11688733100891113,0.0076200044713914394,-0.4327507019042969,-0.44937634468078613,-0.413840651512146,0.010863141156733036,-0.04034700244665146,0.07942437380552292,220,0.0,0.0,0.75,0.10454545454545454,0.14545454545454545,0.0,0.4176470588235294,0.7,0.40588235294117647,0.12352941176470589,0.3235294117647059,0.4117647058823529,0.5558823529411765,0.4313725490196078,0.08823529411764706,0.9411764705882353,0.2647058823529412,0.462037037037037,0.4830973129992738,0.4936274509803922
139-005,Sirsukh (fortified ruined city),250,E2014,2014,220,0.49761998653411865,0.39681732654571533,0.6108987331390381,-0.10105745494365692,-0.1931537538766861,-0.005836052354425192,-0.43172043561935425,-0.46018725633621216,-0.41347283124923706,-0.01959935575723648,-0.11646615713834763,0.059343066066503525,220,0.00909090909090909,0.01818181818181818,0.36818181818181817,0.4590909090909091,0.14545454545454545,0.0,0.2647058823529412,0.6647058823529411,0.2411764705882353,0.3058823529411765,0.7705882352941177,0.2529411764705882,0.4588235294117647,0.4313725490196078,0.08823529411764706,0.9411764705882353,0.2647058823529412,0.4842592592592592,0.45815177923021055,0.44509803921568625
139-005,Sirsukh (fortified ruined city),250,E2019,2019,220,0.5246029496192932,0.4241449236869812,0.6090677380561829,-0.13406360149383545,-0.20375686883926392,-0.0503687858581543,-0.4208154082298279,-0.4419640004634857,-0.40042054653167725,-0.046903908252716064,-0.11836909502744675,0.027115171775221825,220,0.004545454545454545,0.0,0.4090909090909091,0.5454545454545454,0.04090909090909091,0.0,0.19411764705882353,0.4411764705882353,0.14705882352941177,0.2529411764705882,0.3235294117647059,0.17058823529411765,0.3058823529411765,0.4313725490196078,0.08823529411764706,0.9411764705882353,0.2647058823529412,0.3138888888888889,0.35038126361655775,0.3686274509803922
139-005,Sirsukh (fortified ruined city),250,E2024,2024,220,0.5286792516708374,0.4203551411628723,0.5928874611854553,-0.11309895664453506,-0.16509267687797546,-0.038327209651470184,-0.4496169686317444,-0.47422733902931213,-0.42354816198349,-0.038180988281965256,-0.09004833549261093,0.03650577366352081,220,0.0,0.0,0.35,0.38636363636363635,0.2636363636363636,0.0,0.17058823529411765,0.8647058823529412,0.20588235294117646,0.12352941176470589,0.3235294117647059,0.18823529411764706,0.5264705882352941,0.4313725490196078,0.08823529411764706,0.9411764705882353,0.2647058823529412,0.5259259259259259,0.4945896877269426,0.47892156862745094
139-006,Dharmarajika stupa and monastery,250,E2004,2004,219,0.39385178685188293,0.2655070126056671,0.47249892354011536,-0.023039691150188446,-0.0940731093287468,0.048968665301799774,-0.44196435809135437,-0.46336787939071655,-0.4027937948703766,0.05855861306190491,-0.01399950496852398,0.1335863471031189,219,0.0,0.0410958904109589,0.6210045662100456,0.0410958904109589,0.2968036529680365,0.0,0.6529411764705882,0.8176470588235294,0.7588235294117647,0.12352941176470589,0.8294117647058824,0.7058823529411764,0.7617647058823529,0.5588235294117647,0.3235294117647059,0.7941176470588235,0.5588235294117647,0.5166666666666666,0.6124183006535947,0.6602941176470588
139-006,Dharmarajika stupa and monastery,250,E2009,2009,219,0.3897852301597595,0.25335392355918884,0.45515426993370056,-0.019850801676511765,-0.09102623164653778,0.042468685656785965,-0.4167212247848511,-0.4520382583141327,-0.3898463547229767,0.055862050503492355,-0.01353551261126995,0.12587830424308777,219,0.0045662100456621,0.0958904109589041,0.639269406392694,0.0136986301369863,0.2465753424657534,0.0,0.6647058823529411,0.34705882352941175,0.7823529411764706,0.27058823529411763,0.9,0.7235294117647059,0.5352941176470588,0.5588235294117647,0.3235294117647059,0.7941176470588235,0.5588235294117647,0.462037037037037,0.5187182280319536,0.5470588235294118
139-006,Dharmarajika stupa and monastery,250,E2014,2014,219,0.43322810530662537,0.2750485837459564,0.6039023399353027,-0.04739423468708992,-0.17207397520542145,0.023168914020061493,-0.43263256549835205,-0.473612517118454,-0.37195706367492676,0.025045713409781456,-0.0962088480591774,0.10565844178199768,219,0.0136986301369863,0.0228310502283105,0.5114155251141552,0.2420091324200913,0.2100456621004566,0.0,0.48823529411764705,0.6882352941176471,0.5352941176470588,0.32941176470588235,0.7941176470588235,0.5117647058823529,0.6,0.5588235294117647,0.3235294117647059,0.7941176470588235,0.5588235294117647,0.4842592592592592,0.5476942628903413,0.5794117647058823
139-006,Dharmarajika stupa and monastery,250,E2019,2019,219,0.4553259313106537,0.3392031490802765,0.5815459489822388,-0.06253275275230408,-0.17377501726150513,0.0071314359083771706,-0.43531906604766846,-0.4702361226081848,-0.3936275243759155,0.017236551269888878,-0.09246457368135452,0.08209741860628128,219,0.0045662100456621,0.0,0.4794520547945205,0.2557077625570776,0.2602739726027397,0.0,0.3588235294117647,0.7470588235294118,0.4176470588235294,0.27058823529411763,0.3235294117647059,0.38823529411764707,0.5676470588235294,0.5588235294117647,0.3235294117647059,0.7941176470588235,0.5588235294117647,0.3138888888888889,0.480119825708061,0.5632352941176471
139-006,Dharmarajika stupa and monastery,250,E2024,2024,219,0.4673420190811157,0.3112705647945404,0.6280909776687622,-0.08109711110591888,-0.21565578877925873,0.023569321259856224,-0.43120887875556946,-0.46243733167648315,-0.3940812647342682,-0.0004778332950081676,-0.134389266371727,0.09884607046842575,219,0.0,0.0273972602739726,0.5251141552511416,0.2694063926940639,0.1780821917808219,0.0,0.3,0.6529411764705882,0.3235294117647059,0.12352941176470589,0.8058823529411765,0.31176470588235294,0.4823529411764706,0.5588235294117647,0.3235294117647059,0.7941176470588235,0.5588235294117647,0.5259259259259259,0.5223674655047205,0.5205882352941177
139-007,Khader Mohra (Akhuri),250,E2004,2004,220,0.3778929114341736,0.3129756450653076,0.5175348520278931,-0.035524506121873856,-0.19647231698036194,0.051532261073589325,-0.4068632125854492,-0.46566280722618103,-0.3153740465641022,0.04280804470181465,-0.1067543476819992,0.11841025948524475,220,0.12272727272727273,0.0,0.3,0.15,0.42727272727272725,0.0,0.8058823529411765,0.21764705882352942,0.6529411764705882,0.7,0.3235294117647059,0.7294117647058824,0.4735294117647059,0.6372549019607843,0.9705882352941176,0.08823529411764706,0.8529411764705882,0.5166666666666666,0.5424836601307189,0.5553921568627451
139-007,Khader Mohra (Akhuri),250,E2009,2009,220,0.38227182626724243,0.29553842544555664,0.5513758063316345,-0.038440898060798645,-0.20795458555221558,0.06969209760427475,-0.4043898582458496,-0.4578762948513031,-0.34044724702835083,0.03468244522809982,-0.12643998861312866,0.13192467391490936,220,0.1590909090909091,0.0,0.36818181818181817,0.19090909090909092,0.2818181818181818,0.0,0.7235294117647059,0.14705882352941177,0.6294117647058823,0.7705882352941177,0.3235294117647059,0.6764705882352942,0.411764705882353,0.6372549019607843,0.9705882352941176,0.08823529411764706,0.8529411764705882,0.462037037037037,0.5036855482933914,0.5245098039215687
139-007,Khader Mohra (Akhuri),250,E2014,2014,220,0.3785058259963989,0.309337317943573,0.6880178451538086,-0.03488820046186447,-0.3470483720302582,0.06045606732368469,-0.40639176964759827,-0.4454796016216278,-0.30645665526390076,0.04515543952584267,-0.26450085639953613,0.1195940300822258,220,0.1,0.0,0.2318181818181818,0.25,0.41818181818181815,0.0,0.7941176470588235,0.20588235294117646,0.6764705882352942,0.6176470588235294,0.3235294117647059,0.7352941176470589,0.47058823529411764,0.6372549019607843,0.9705882352941176,0.08823529411764706,0.8529411764705882,0.4842592592592592,0.5307007988380538,0.553921568627451
139-007,Khader Mohra (Akhuri),250,E2019,2019,220,0.3995441794395447,0.3081773817539215,0.6924439072608948,-0.05562802404165268,-0.34549781680107117,0.046517450362443924,-0.39106565713882446,-0.43592363595962524,-0.3003770112991333,0.027424229308962822,-0.26144662499427795,0.10917466878890991,220,0.11363636363636363,0.004545454545454545,0.20909090909090908,0.29545454545454547,0.37727272727272726,0.0,0.6176470588235294,0.03529411764705882,0.4764705882352941,0.6647058823529411,0.6647058823529411,0.5470588235294118,0.2911764705882353,0.6372549019607843,0.9705882352941176,0.08823529411764706,0.8529411764705882,0.3138888888888889,0.4141067538126362,0.4642156862745098
139-007,Khader Mohra (Akhuri),250,E2024,2024,220,0.5365327596664429,0.42388537526130676,0.7560530304908752,-0.1381262242794037,-0.35837703943252563,-0.027095019817352295,-0.42314931750297546,-0.46449849009513855,-0.3736751675605774,-0.051718808710575104,-0.2876937687397003,0.046481285244226456,220,0.01818181818181818,0.0,0.15,0.5363636363636364,0.29545454545454547,0.0,0.14705882352941177,0.5117647058823529,0.13529411764705881,0.38823529411764707,0.3235294117647059,0.1411764705882353,0.32647058823529407,0.6372549019607843,0.9705882352941176,0.08823529411764706,0.8529411764705882,0.5259259259259259,0.4965504720406681,0.48186274509803917
139-008,Kalawan group of buildings,250,E2004,2004,220,0.38111114501953125,0.328622043132782,0.4510171711444855,-0.003072751685976982,-0.06674814224243164,0.042352717369794846,-0.4604091942310333,-0.48024386167526245,-0.4091074764728546,0.07288794964551926,0.01255384273827076,0.11209285259246826,220,0.00909090909090909,0.0,0.35909090909090907,0.00909090909090909,0.6227272727272727,0.0,0.7470588235294118,0.9235294117647059,0.8647058823529412,0.3058823529411765,0.3235294117647059,0.8058823529411765,0.8647058823529412,0.3627450980392157,0.4411764705882353,0.20588235294117646,0.4411764705882353,0.5166666666666666,0.5813725490196079,0.6137254901960785
139-008,Kalawan group of buildings,250,E2009,2009,220,0.36962708830833435,0.3126365542411804,0.4369095265865326,0.0013290185015648603,-0.0583985410630703,0.050885800272226334,-0.45463573932647705,-0.48529815673828125,-0.39711254835128784,0.07536973059177399,0.0213435348123312,0.11718304455280304,220,0.03636363636363636,0.0,0.29545454545454547,0.0,0.6681818181818182,0.0,0.8529411764705882,0.9,0.888235294117647,0.4411764705882353,0.3235294117647059,0.8705882352941177,0.8852941176470588,0.3627450980392157,0.4411764705882353,0.20588235294117646,0.4411764705882353,0.462037037037037,0.5700254175744371,0.6240196078431373
139-008,Kalawan group of buildings,250,E2014,2014,220,0.3793463706970215,0.3025815188884735,0.48927590250968933,0.007652475498616695,-0.07971103489398956,0.06301067024469376,-0.4434022009372711,-0.48572421073913574,-0.397378146648407,0.0742630660533905,-0.005942144431173801,0.12130700796842575,220,0.01818181818181818,0.04090909090909091,0.31363636363636366,0.06363636363636363,0.5636363636363636,0.0,0.7705882352941177,0.8411764705882353,0.9352941176470588,0.38823529411764707,0.8176470588235294,0.8529411764705883,0.8470588235294119,0.3627450980392157,0.4411764705882353,0.20588235294117646,0.4411764705882353,0.4842592592592592,0.5646877269426289,0.6049019607843138
139-008,Kalawan group of buildings,250,E2019,2019,220,0.4423191249370575,0.37039729952812195,0.5346314311027527,-0.04376278817653656,-0.12511470913887024,0.0017123271245509386,-0.4505850672721863,-0.48458990454673767,-0.40193596482276917,0.030626263469457626,-0.044791191816329956,0.07451178878545761,220,0.0,0.0,0.2545454545454545,0.14545454545454545,0.6,0.0,0.4294117647058823,0.8764705882352941,0.5823529411764706,0.12352941176470589,0.3235294117647059,0.5058823529411764,0.6911764705882353,0.3627450980392157,0.4411764705882353,0.20588235294117646,0.4411764705882353,0.3138888888888889,0.4559368191721133,0.5269607843137255
139-008,Kalawan group of buildings,250,E2024,2024,220,0.5389856100082397,0.42891258001327515,0.609224259853363,-0.12008039653301239,-0.19104395806789398,-0.05136410519480705,-0.4605129063129425,-0.49150386452674866,-0.41371235251426697,-0.040299419313669205,-0.11180824041366577,0.025127945467829704,220,0.0,0.0,0.1318181818181818,0.3090909090909091,0.5590909090909091,0.0,0.12352941176470589,0.9352941176470588,0.18235294117647058,0.12352941176470589,0.3235294117647059,0.15294117647058825,0.5441176470588236,0.3627450980392157,0.4411764705882353,0.20588235294117646,0.4411764705882353,0.5259259259259259,0.4775962236746551,0.45343137254901966
139-009,Giri complex of monuments,250,E2004,2004,214,0.550095796585083,0.4829978942871094,0.6020787358283997,-0.1534760594367981,-0.23092839121818542,-0.07305722683668137,-0.4324811100959778,-0.4783889651298523,-0.38781648874282837,-0.07324008643627167,-0.14514362812042236,3.490777453407645e-05,214,0.0,0.0,0.07009345794392523,0.6915887850467289,0.2383177570093458,0.0,0.07647058823529412,0.6764705882352942,0.1,0.12352941176470589,0.3235294117647059,0.08823529411764706,0.3823529411764706,0.5392156862745098,0.7352941176470589,0.14705882352941177,0.7352941176470589,0.5166666666666666,0.47941176470588237,0.4607843137254902
139-009,Giri complex of monuments,250,E2009,2009,214,0.518130898475647,0.44489869475364685,0.5858319997787476,-0.14606979489326477,-0.2154962569475174,-0.04577760398387909,-0.42716920375823975,-0.4668174386024475,-0.38527125120162964,-0.06613393127918243,-0.13432347774505615,0.019690897315740585,214,0.0,0.0,0.10747663551401869,0.616822429906542,0.2757009345794392,0.0,0.20588235294117646,0.5823529411764706,0.12352941176470589,0.12352941176470589,0.3235294117647059,0.16470588235294117,0.3735294117647059,0.5392156862745098,0.7352941176470589,0.14705882352941177,0.7352941176470589,0.462037037037037,0.4582607116920842,0.45637254901960783
139-009,Giri complex of monuments,250,E2014,2014,214,0.6094837188720703,0.47277742624282837,0.6851534843444824,-0.17164592444896698,-0.26876145601272583,-0.03705601021647453,-0.4648666977882385,-0.49197518825531006,-0.430559366941452,-0.09476760029792786,-0.1875120997428894,0.033653903752565384,214,0.0,0.0,0.03271028037383177,0.7149532710280374,0.2523364485981308,0.0,0.041176470588235294,0.9588235294117647,0.06470588235294118,0.12352941176470589,0.3235294117647059,0.05294117647058824,0.5058823529411764,0.5392156862745098,0.7352941176470589,0.14705882352941177,0.7352941176470589,0.4842592592592592,0.5097857661583151,0.5225490196078431
139-009,Giri complex of monuments,250,E2019,2019,214,0.624665379524231,0.4883708655834198,0.7016202807426453,-0.19095471501350403,-0.30116385221481323,-0.07378628849983215,-0.46002882719039917,-0.48688676953315735,-0.42274507880210876,-0.1140122264623642,-0.21561187505722046,0.004207222256809473,214,0.0,0.0,0.0514018691588785,0.7476635514018691,0.20093457943925233,0.0,0.029411764705882353,0.9117647058823529,0.029411764705882353,0.12352941176470589,0.3235294117647059,0.029411764705882353,0.47058823529411764,0.5392156862745098,0.7352941176470589,0.14705882352941177,0.7352941176470589,0.3138888888888889,0.4412309368191721,0.5049019607843137
139-009,Giri complex of monuments,250,E2024,2024,214,0.6628482341766357,0.5406546592712402,0.7301334738731384,-0.23174360394477844,-0.3218517303466797,-0.11868724972009659,-0.4637450575828552,-0.48808082938194275,-0.433738112449646,-0.15208353102207184,-0.24301445484161377,-0.03890000283718109,214,0.0,0.0,0.004672897196261682,0.9065420560747663,0.08878504672897196,0.0,0.0058823529411764705,0.9470588235294117,0.0058823529411764705,0.12352941176470589,0.3235294117647059,0.0058823529411764705,0.4764705882352941,0.5392156862745098,0.7352941176470589,0.14705882352941177,0.7352941176470589,0.5259259259259259,0.5138707334785766,0.5078431372549019
139-010,Kunala stupa and monastery,250,E2004,2004,219,0.3225996792316437,0.23401255905628204,0.4042136073112488,0.036971356719732285,-0.07446681708097458,0.08117935806512833,-0.42111828923225403,-0.4534713625907898,-0.381598562002182,0.10959581285715103,0.010071606375277042,0.15613505244255066,219,0.0821917808219178,0.1324200913242009,0.6301369863013698,0.0045662100456621,0.1506849315068493,0.0,0.9588235294117647,0.45294117647058824,0.9705882352941176,0.5588235294117647,0.9235294117647059,0.9647058823529412,0.7088235294117647,0.46078431372549017,0.5,0.5,0.38235294117647056,0.5166666666666666,0.5620915032679739,0.5848039215686275
139-010,Kunala stupa and monastery,250,E2009,2009,219,0.29412931203842163,0.23308447003364563,0.38076940178871155,0.040724169462919235,-0.07937486469745636,0.07703153789043427,-0.4051070809364319,-0.4337603747844696,-0.354855477809906,0.11088547110557556,0.003239385550841689,0.14816178381443024,219,0.182648401826484,0.1506849315068493,0.589041095890411,0.0,0.0776255707762557,0.0,0.9941176470588236,0.17058823529411765,0.9823529411764705,0.8529411764705882,0.9705882352941176,0.9882352941176471,0.5794117647058824,0.46078431372549017,0.5,0.5,0.38235294117647056,0.462037037037037,0.5007443718228032,0.5200980392156863
139-010,Kunala stupa and monastery,250,E2014,2014,219,0.35065239667892456,0.24215395748615265,0.4838447570800781,0.005092981271445751,-0.10801033675670624,0.07289531081914902,-0.40212202072143555,-0.45854446291923523,-0.3751892149448395,0.07316331565380096,-0.027520200237631798,0.13528820872306824,219,0.0684931506849315,0.0593607305936073,0.5799086757990868,0.0639269406392694,0.228310502283105,0.0,0.9117647058823529,0.08823529411764706,0.9235294117647059,0.5235294117647059,0.888235294117647,0.9176470588235295,0.5029411764705882,0.46078431372549017,0.5,0.5,0.38235294117647056,0.4842592592592592,0.48266158315177915,0.48186274509803917
139-010,Kunala stupa and monastery,250,E2019,2019,219,0.3749519884586334,0.2692597210407257,0.5011032819747925,-0.009978634305298328,-0.12193923443555832,0.05804508924484253,-0.4079687297344208,-0.45389673113822937,-0.37714728713035583,0.06433957070112228,-0.0422823503613472,0.12194713950157166,219,0.0136986301369863,0.0,0.634703196347032,0.0730593607305936,0.2785388127853881,0.0,0.8411764705882353,0.2529411764705882,0.8529411764705882,0.32941176470588235,0.3235294117647059,0.8470588235294118,0.55,0.46078431372549017,0.5,0.5,0.38235294117647056,0.3138888888888889,0.441557734204793,0.5053921568627451
139-010,Kunala stupa and monastery,250,E2024,2024,219,0.43504011631011963,0.2808198630809784,0.5934724807739258,-0.04930892586708069,-0.19264572858810425,0.05699153617024422,-0.42604944109916687,-0.46223413944244385,-0.3956662714481354,0.028066858649253845,-0.1103682816028595,0.11943650245666504,219,0.0182648401826484,0.0091324200913242,0.547945205479452,0.2557077625570776,0.1689497716894977,0.0,0.4647058823529412,0.5588235294117647,0.5235294117647059,0.4117647058823529,0.711764705882353,0.49411764705882355,0.5264705882352941,0.46078431372549017,0.5,0.5,0.38235294117647056,0.5259259259259259,0.5043936092955701,0.4936274509803922
139-011,Jandial complex,250,E2004,2004,223,0.34566551446914673,0.2989966571331024,0.4188428223133087,0.002652866067364812,-0.061086900532245636,0.042742472141981125,-0.41886231303215027,-0.451814204454422,-0.3789145052433014,0.07807254046201706,0.023559411987662315,0.11397799104452133,223,0.09865470852017937,0.0,0.8385650224215246,0.0,0.06278026905829596,0.0,0.9352941176470588,0.3941176470588235,0.9117647058823529,0.5823529411764706,0.3235294117647059,0.9235294117647059,0.6588235294117647,0.46078431372549017,0.20588235294117646,0.6764705882352942,0.5,0.5166666666666666,0.5454248366013071,0.5598039215686275
139-011,Jandial complex,250,E2009,2009,223,0.3493207097053528,0.29533687233924866,0.41388416290283203,-0.024062320590019226,-0.07336937636137009,0.03570346534252167,-0.39524465799331665,-0.426079660654068,-0.37275567650794983,0.05200888216495514,0.007931905798614025,0.10485821962356567,223,0.16591928251121077,0.0,0.8161434977578476,0.0,0.017937219730941704,0.0,0.9235294117647059,0.07647058823529412,0.7352941176470589,0.8058823529411765,0.3235294117647059,0.8294117647058824,0.4529411764705883,0.46078431372549017,0.20588235294117646,0.6764705882352942,0.5,0.462037037037037,0.4585875090777052,0.45686274509803926
139-011,Jandial complex,250,E2014,2014,223,0.3851248025894165,0.27581825852394104,0.5001108050346375,-0.025963596999645233,-0.12190570682287216,0.03574424237012863,-0.3918660283088684,-0.4405112564563751,-0.35443204641342163,0.04799584299325943,-0.040506765246391296,0.1019330620765686,223,0.24663677130044842,0.013452914798206279,0.600896860986547,0.026905829596412557,0.11210762331838565,0.0,0.7,0.052941176470588235,0.7235294117647059,0.9823529411764705,0.7235294117647059,0.7117647058823529,0.38235294117647056,0.46078431372549017,0.20588235294117646,0.6764705882352942,0.5,0.4842592592592592,0.44246550472040663,0.42156862745098034
139-011,Jandial complex,250,E2019,2019,223,0.38026294112205505,0.2657032907009125,0.4944583773612976,-0.042098432779312134,-0.1258642077445984,0.02833215519785881,-0.38173291087150574,-0.43260905146598816,-0.33582159876823425,0.03912326693534851,-0.039047639816999435,0.10084842890501022,223,0.3094170403587444,0.0,0.5919282511210763,0.017937219730941704,0.08071748878923767,0.0,0.7588235294117647,0.0058823529411764705,0.5941176470588235,0.9941176470588236,0.3235294117647059,0.6764705882352942,0.3411764705882353,0.46078431372549017,0.20588235294117646,0.6764705882352942,0.5,0.3138888888888889,0.3719498910675381,0.40098039215686276
139-011,Jandial complex,250,E2024,2024,223,0.41625267267227173,0.29372113943099976,0.5643211007118225,-0.056678757071495056,-0.17226625978946686,0.014225666411221027,-0.39070215821266174,-0.43277132511138916,-0.34492889046669006,0.024587063118815422,-0.08646345883607864,0.08409252017736435,223,0.242152466367713,0.0,0.6412556053811659,0.053811659192825115,0.06278026905829596,0.0,0.5235294117647059,0.01764705882352941,0.45294117647058824,0.9588235294117647,0.3235294117647059,0.4882352941176471,0.2529411764705883,0.46078431372549017,0.20588235294117646,0.6764705882352942,0.5,0.5259259259259259,0.41321713870733473,0.3568627450980392
139-012,Lalchak and Badalpur Buddhist stuppa,250,E2004,2004,218,0.45696794986724854,0.3967526853084564,0.51485276222229,-0.08489546179771423,-0.13644857704639435,-0.030799970030784607,-0.4238312840461731,-0.44544631242752075,-0.4002547562122345,-0.001996314851567149,-0.05285011604428291,0.05049090087413788,218,0.013761467889908258,0.0,0.6376146788990825,0.1559633027522936,0.1926605504587156,0.0,0.34705882352941175,0.5235294117647059,0.3,0.34705882352941175,0.3235294117647059,0.32352941176470584,0.4235294117647059,0.2843137254901961,0.029411764705882353,0.7352941176470589,0.08823529411764706,0.5166666666666666,0.4081699346405229,0.353921568627451
139-012,Lalchak and Badalpur Buddhist stuppa,250,E2009,2009,218,0.46706199645996094,0.3993450701236725,0.5257850885391235,-0.09895803034305573,-0.1462320238351822,-0.049351416528224945,-0.4192318320274353,-0.447451114654541,-0.3860061466693878,-0.016427788883447647,-0.0627577155828476,0.027942489832639694,218,0.03669724770642202,0.0,0.591743119266055,0.17889908256880735,0.1926605504587156,0.0,0.31176470588235294,0.4176470588235294,0.2647058823529412,0.45294117647058824,0.3235294117647059,0.28823529411764703,0.3529411764705882,0.2843137254901961,0.029411764705882353,0.7352941176470589,0.08823529411764706,0.462037037037037,0.3664306463326071,0.31862745098039214
139-012,Lalchak and Badalpur Buddhist stuppa,250,E2014,2014,218,0.5076805949211121,0.3756243586540222,0.6151120662689209,-0.11454803496599197,-0.21303190290927887,-0.023745238780975342,-0.4225143790245056,-0.4536453187465668,-0.3722923696041107,-0.03214098513126373,-0.12481050193309784,0.051591213792562485,218,0.10091743119266056,0.0,0.3577981651376147,0.4724770642201835,0.06880733944954129,0.0,0.21764705882352942,0.48823529411764705,0.19411764705882353,0.6411764705882353,0.3235294117647059,0.20588235294117646,0.34705882352941175,0.2843137254901961,0.029411764705882353,0.7352941176470589,0.08823529411764706,0.4842592592592592,0.371877269426289,0.3156862745098039
139-012,Lalchak and Badalpur Buddhist stuppa,250,E2019,2019,217,0.5019766092300415,0.34559956192970276,0.5780817270278931,-0.13255153596401215,-0.20093970000743866,-0.04532167688012123,-0.40248391032218933,-0.4379885494709015,-0.33764129877090454,-0.041262973099946976,-0.10722072422504425,0.037583816796541214,217,0.20276497695852536,0.0,0.3087557603686636,0.4423963133640553,0.04608294930875576,0.0,0.2529411764705882,0.11176470588235295,0.1588235294117647,0.9,0.3235294117647059,0.20588235294117646,0.1588235294117647,0.2843137254901961,0.029411764705882353,0.7352941176470589,0.08823529411764706,0.3138888888888889,0.2523420479302832,0.2215686274509804
139-012,Lalchak and Badalpur Buddhist stuppa,250,E2024,2024,218,0.5489324331283569,0.39103397727012634,0.6324981451034546,-0.1583940088748932,-0.21560369431972504,-0.07469205558300018,-0.42853453755378723,-0.46496152877807617,-0.36576512455940247,-0.0716141015291214,-0.1329651176929474,0.0125553198158741,218,0.0779816513761468,0.0,0.39908256880733944,0.46788990825688076,0.05504587155963303,0.0,0.08823529411764706,0.6176470588235294,0.08823529411764706,0.5470588235294118,0.3235294117647059,0.08823529411764706,0.35294117647058826,0.2843137254901961,0.029411764705882353,0.7352941176470589,0.08823529411764706,0.5259259259259259,0.38772694262890345,0.3186274509803922
139-013,Mohra Moradu stupa and monastery,250,E2004,2004,222,0.38136452436447144,0.309330016374588,0.5326514840126038,-0.04159465804696083,-0.20248845219612122,0.054688382893800735,-0.40443792939186096,-0.46399036049842834,-0.310463547706604,0.03746340423822403,-0.11594155430793762,0.1186586543917656,222,0.12612612612612611,0.0,0.2747747747747748,0.18468468468468469,0.4144144144144144,0.0,0.7352941176470589,0.1588235294117647,0.6058823529411764,0.711764705882353,0.3235294117647059,0.6705882352941177,0.4147058823529412,0.6372549019607843,0.9117647058823529,0.029411764705882353,0.9705882352941176,0.5166666666666666,0.5228758169934641,0.5259803921568628
139-013,Mohra Moradu stupa and monastery,250,E2009,2009,222,0.3876684904098511,0.2928255796432495,0.5538118481636047,-0.047008782625198364,-0.21161818504333496,0.07056282460689545,-0.402275413274765,-0.4573971629142761,-0.33549878001213074,0.0264216847717762,-0.13270273804664612,0.1324492245912552,222,0.18018018018018017,0.0,0.32432432432432434,0.22072072072072071,0.2747747747747748,0.0,0.6764705882352942,0.1,0.5470588235294118,0.8411764705882353,0.3235294117647059,0.611764705882353,0.3558823529411765,0.6372549019607843,0.9117647058823529,0.029411764705882353,0.9705882352941176,0.462037037037037,0.48505809731299926,0.4965686274509804
139-013,Mohra Moradu stupa and monastery,250,E2014,2014,222,0.3827361464500427,0.30943331122398376,0.6938908696174622,-0.03947591409087181,-0.34943246841430664,0.06141252815723419,-0.4078245759010315,-0.4465605318546295,-0.3053816854953766,0.03833789750933647,-0.266350120306015,0.12053284049034119,222,0.0990990990990991,0.0,0.1981981981981982,0.2927927927927928,0.4099099099099099,0.0,0.711764705882353,0.2411764705882353,0.6176470588235294,0.5941176470588235,0.3235294117647059,0.6647058823529413,0.4529411764705883,0.6372549019607843,0.9117647058823529,0.029411764705882353,0.9705882352941176,0.4842592592592592,0.5248184458968773,0.5450980392156863
139-013,Mohra Moradu stupa and monastery,250,E2019,2019,222,0.4021712839603424,0.3057360053062439,0.6927570700645447,-0.0697094202041626,-0.3496881127357483,0.05168483406305313,-0.39106565713882446,-0.4366615414619446,-0.2956456243991852,0.014553552493453026,-0.2672812342643738,0.11284654587507248,222,0.12162162162162163,0.0045045045045045045,0.18018018018018017,0.3333333333333333,0.36036036036036034,0.0,0.5941176470588235,0.03529411764705882,0.37058823529411766,0.6882352941176471,0.6529411764705882,0.4823529411764706,0.25882352941176473,0.6372549019607843,0.9117647058823529,0.029411764705882353,0.9705882352941176,0.3138888888888889,0.40332244008714596,0.4480392156862745
139-013,Mohra Moradu stupa and monastery,250,E2024,2024,222,0.5445899963378906,0.4236157238483429,0.762449324131012,-0.15148817002773285,-0.3703356087207794,-0.02360004372894764,-0.42186206579208374,-0.46467679738998413,-0.3731691241264343,-0.06665625423192978,-0.29317548871040344,0.047556404024362564,222,0.018018018018018018,0.0,0.14864864864864866,0.5540540540540541,0.27927927927927926,0.0,0.1,0.4764705882352941,0.11176470588235295,0.37058823529411766,0.3235294117647059,0.10588235294117648,0.29117647058823526,0.6372549019607843,0.9117647058823529,0.029411764705882353,0.9705882352941176,0.5259259259259259,0.4847857661583152,0.46421568627450976
139-014,Pippala stupa and monastery,250,E2004,2004,218,0.4164581894874573,0.321158230304718,0.5188960433006287,-0.052331745624542236,-0.12871995568275452,0.018847396597266197,-0.42067283391952515,-0.44567054510116577,-0.3800201117992401,0.02620171383023262,-0.043186210095882416,0.09509836882352829,218,0.11467889908256881,0.0,0.6559633027522935,0.13761467889908258,0.09174311926605505,0.0,0.5117647058823529,0.4294117647058823,0.48823529411764705,0.6764705882352942,0.3235294117647059,0.5,0.4647058823529412,0.6372549019607844,0.6764705882352942,0.6176470588235294,0.6176470588235294,0.5166666666666666,0.5395424836601307,0.5509803921568628
139-014,Pippala stupa and monastery,250,E2009,2009,218,0.4073912799358368,0.3137357234954834,0.507965087890625,-0.05166229233145714,-0.12755000591278076,0.0197733324021101,-0.4117926359176636,-0.43726053833961487,-0.3752637207508087,0.027325492352247238,-0.04984141141176224,0.08960118889808655,218,0.13302752293577982,0.0,0.7064220183486238,0.0963302752293578,0.06422018348623854,0.0,0.5705882352941176,0.28823529411764703,0.5,0.7235294117647059,0.3235294117647059,0.5352941176470588,0.4117647058823529,0.6372549019607844,0.6764705882352942,0.6176470588235294,0.6176470588235294,0.462037037037037,0.5036855482933914,0.5245098039215687
139-014,Pippala stupa and monastery,250,E2014,2014,218,0.3966013491153717,0.28972846269607544,0.5696621537208557,-0.03502173721790314,-0.15285183489322662,0.03564930334687233,-0.4075166583061218,-0.45233726501464844,-0.3537794351577759,0.04469618201255798,-0.0779753029346466,0.10198131948709488,218,0.1559633027522936,0.05045871559633028,0.43577981651376146,0.20642201834862386,0.15137614678899083,0.0,0.6411764705882353,0.22941176470588234,0.6647058823529411,0.7588235294117647,0.8588235294117647,0.6529411764705882,0.4411764705882353,0.6372549019607844,0.6764705882352942,0.6176470588235294,0.6176470588235294,0.4842592592592592,0.5208968772694264,0.5392156862745099
139-014,Pippala stupa and monastery,250,E2019,2019,217,0.409261018037796,0.2724740505218506,0.6118190884590149,-0.056368280202150345,-0.20454157888889313,0.03193604201078415,-0.3936152458190918,-0.44420376420021057,-0.3398062288761139,0.027335433289408684,-0.1190837100148201,0.10080321878194809,217,0.23963133640552994,0.055299539170506916,0.3548387096774194,0.25806451612903225,0.09216589861751152,0.0,0.5470588235294118,0.06470588235294118,0.4647058823529412,0.9352941176470588,0.8764705882352941,0.5058823529411764,0.2852941176470588,0.6372549019607844,0.6764705882352942,0.6176470588235294,0.6176470588235294,0.3138888888888889,0.4121459694989107,0.4612745098039216
139-014,Pippala stupa and monastery,250,E2024,2024,218,0.4375935196876526,0.32124194502830505,0.5830733776092529,-0.0683496743440628,-0.16652150452136993,0.0086361113935709,-0.4083099365234375,-0.4471314549446106,-0.3585655391216278,0.017017817124724388,-0.08181346207857132,0.08467642217874527,218,0.1834862385321101,0.0,0.5091743119266054,0.2018348623853211,0.10550458715596331,0.0,0.45294117647058824,0.2647058823529412,0.38235294117647056,0.8647058823529412,0.3235294117647059,0.41764705882352937,0.3411764705882353,0.6372549019607844,0.6764705882352942,0.6176470588235294,0.6176470588235294,0.5259259259259259,0.5014524328249819,0.48921568627450984
139-015,Jaulian stupa and monastery,250,E2004,2004,220,0.356581449508667,0.29560258984565735,0.43886640667915344,-0.011765826493501663,-0.1169217973947525,0.04651118442416191,-0.40927812457084656,-0.4641141891479492,-0.3353436291217804,0.0655793696641922,-0.021842341870069504,0.11260227859020233,220,0.17727272727272728,0.0,0.4636363636363636,0.045454545454545456,0.31363636363636366,0.0,0.9,0.27647058823529413,0.8411764705882353,0.8294117647058824,0.3235294117647059,0.8705882352941177,0.5735294117647058,0.8137254901960783,0.7941176470588235,0.8529411764705882,0.7941176470588235,0.5166666666666666,0.634640522875817,0.6936274509803921
139-015,Jaulian stupa and monastery,250,E2009,2009,220,0.3581775426864624,0.29841887950897217,0.445622980594635,-0.016687069088220596,-0.10611008107662201,0.06160343065857887,-0.415324330329895,-0.4652182161808014,-0.36391565203666687,0.05967389792203903,-0.027990931645035744,0.12620869278907776,220,0.1409090909090909,0.0,0.5045454545454545,0.031818181818181815,0.32272727272727275,0.0,0.888235294117647,0.31176470588235294,0.8058823529411765,0.7470588235294118,0.3235294117647059,0.8470588235294118,0.5794117647058823,0.8137254901960783,0.7941176470588235,0.8529411764705882,0.7941176470588235,0.462037037037037,0.6183914306463326,0.6965686274509804
139-015,Jaulian stupa and monastery,250,E2014,2014,220,0.38564616441726685,0.3231068551540375,0.48676761984825134,-0.015710974112153053,-0.1173187717795372,0.05172635614871979,-0.4157412350177765,-0.4591987133026123,-0.34638383984565735,0.05763369798660278,-0.03311450406908989,0.11193516850471497,220,0.1,0.0,0.33636363636363636,0.07727272727272727,0.4863636363636364,0.0,0.6882352941176471,0.3235294117647059,0.8176470588235294,0.6176470588235294,0.3235294117647059,0.7529411764705882,0.538235294117647,0.8137254901960783,0.7941176470588235,0.8529411764705882,0.7941176470588235,0.4842592592592592,0.6120733478576615,0.6759803921568627
139-015,Jaulian stupa and monastery,250,E2019,2019,220,0.4730490446090698,0.37066128849983215,0.5882266163825989,-0.11167709529399872,-0.19852404296398163,-0.03085649013519287,-0.4179488718509674,-0.4823857545852661,-0.3468859791755676,-0.025143129751086235,-0.10551117360591888,0.04951920732855797,220,0.1,0.0,0.17272727272727273,0.30454545454545456,0.42272727272727273,0.0,0.27647058823529413,0.3588235294117647,0.22941176470588234,0.6176470588235294,0.3235294117647059,0.2529411764705882,0.3058823529411765,0.8137254901960783,0.7941176470588235,0.8529411764705882,0.7941176470588235,0.3138888888888889,0.4778322440087146,0.5598039215686275
139-015,Jaulian stupa and monastery,250,E2024,2024,220,0.5989766716957092,0.44629591703414917,0.6902639865875244,-0.19252507388591766,-0.27562323212623596,-0.07558091729879379,-0.4283483922481537,-0.4720863997936249,-0.3757564425468445,-0.10588210821151733,-0.19130083918571472,0.00048505276208743453,220,0.05,0.0,0.12727272727272726,0.759090909090909,0.06363636363636363,0.0,0.052941176470588235,0.6058823529411764,0.01764705882352941,0.4764705882352941,0.3235294117647059,0.03529411764705882,0.3205882352941176,0.8137254901960783,0.7941176470588235,0.8529411764705882,0.7941176470588235,0.5259259259259259,0.5534132171387073,0.567156862745098
139-016,Lalchak mounds,250,E2004,2004,217,0.4492645263671875,0.34894075989723206,0.49842312932014465,-0.07957044243812561,-0.13517031073570251,0.004650616552680731,-0.42313727736473083,-0.44253331422805786,-0.4076228141784668,0.0038114902563393116,-0.04437757655978203,0.079694963991642,217,0.0,0.0,0.5806451612903226,0.07834101382488479,0.34101382488479265,0.0,0.3941176470588235,0.5,0.3352941176470588,0.12352941176470589,0.3235294117647059,0.36470588235294116,0.4323529411764706,0.3725490196078431,0.14705882352941177,0.9411764705882353,0.029411764705882353,0.5166666666666666,0.44052287581699345,0.4024509803921569
139-016,Lalchak mounds,250,E2009,2009,217,0.437905877828598,0.3457428216934204,0.5228856801986694,-0.0819140076637268,-0.1375647336244583,0.00029786324012093246,-0.42129477858543396,-0.43859121203422546,-0.39536094665527344,0.002798222005367279,-0.058151084929704666,0.07964622229337692,217,0.013824884792626729,0.0,0.7511520737327189,0.15668202764976957,0.07834101382488479,0.0,0.4411764705882353,0.4647058823529412,0.31176470588235294,0.3588235294117647,0.3235294117647059,0.3764705882352941,0.42058823529411765,0.3725490196078431,0.14705882352941177,0.9411764705882353,0.029411764705882353,0.462037037037037,0.41839143064633255,0.39656862745098037
139-016,Lalchak mounds,250,E2014,2014,217,0.592842161655426,0.48230797052383423,0.7064841985702515,-0.17968717217445374,-0.2950366139411926,-0.08448576927185059,-0.433415949344635,-0.45996594429016113,-0.4080389142036438,-0.09393453598022461,-0.212214857339859,-0.005097610875964165,217,0.004608294930875576,0.0,0.0967741935483871,0.7972350230414746,0.10138248847926268,0.0,0.06470588235294118,0.711764705882353,0.041176470588235294,0.28823529411764703,0.3235294117647059,0.05294117647058824,0.3823529411764706,0.3725490196078431,0.14705882352941177,0.9411764705882353,0.029411764705882353,0.4842592592592592,0.4130537400145243,0.37745098039215685
139-016,Lalchak mounds,250,E2019,2019,217,0.5444275140762329,0.4473242461681366,0.6170573234558105,-0.16267596185207367,-0.23783841729164124,-0.046513631939888,-0.41798150539398193,-0.4436750113964081,-0.3914332985877991,-0.07420893013477325,-0.14084061980247498,0.029601573944091797,217,0.0,0.0,0.33640552995391704,0.6267281105990783,0.03686635944700461,0.0,0.11176470588235295,0.37058823529411766,0.07647058823529412,0.12352941176470589,0.3235294117647059,0.09411764705882353,0.2323529411764706,0.3725490196078431,0.14705882352941177,0.9411764705882353,0.029411764705882353,0.3138888888888889,0.3062636165577342,0.30245098039215684
139-016,Lalchak mounds,250,E2024,2024,217,0.5045789480209351,0.4083796441555023,0.5913928747177124,-0.11269333213567734,-0.1822124719619751,-0.037934958934783936,-0.4397760331630707,-0.46167513728141785,-0.41919487714767456,-0.030376138165593147,-0.09757089614868164,0.037032511085271835,217,0.0,0.0,0.41013824884792627,0.35023041474654376,0.23963133640552994,0.0,0.22941176470588234,0.7823529411764706,0.21764705882352942,0.12352941176470589,0.3235294117647059,0.22352941176470587,0.5029411764705882,0.3725490196078431,0.14705882352941177,0.9411764705882353,0.029411764705882353,0.5259259259259259,0.46713870733478574,0.4377450980392157
139-017,Buddhist remains around Bhallar stupa,250,E2004,2004,219,0.3759267330169678,0.3120039701461792,0.4514613449573517,-0.03009750135242939,-0.12645213305950165,0.028368163853883743,-0.40585091710090637,-0.4404985308647156,-0.3560001254081726,0.04533278942108154,-0.03878728672862053,0.10102485865354538,219,0.1598173515981735,0.0136986301369863,0.6301369863013698,0.0639269406392694,0.1324200913242009,0.0,0.8294117647058824,0.19411764705882353,0.7,0.7823529411764706,0.7411764705882353,0.7647058823529411,0.4794117647058823,0.5980392156862745,0.5588235294117647,0.5588235294117647,0.6764705882352942,0.5166666666666666,0.5313725490196078,0.5387254901960784
139-017,Buddhist remains around Bhallar stupa,250,E2009,2009,219,0.36593371629714966,0.3074764013290405,0.44086042046546936,-0.021011436358094215,-0.11374935507774353,0.03230925276875496,-0.40255916118621826,-0.4467388689517975,-0.3581240773200989,0.052698273211717606,-0.03453771770000458,0.10172045230865479,219,0.2420091324200913,0.0,0.6210045662100456,0.0182648401826484,0.1187214611872146,0.0,0.8647058823529412,0.12352941176470589,0.7705882352941177,0.9470588235294117,0.3235294117647059,0.8176470588235294,0.47058823529411764,0.5980392156862745,0.5588235294117647,0.5588235294117647,0.6764705882352942,0.462037037037037,0.5102214960058097,0.5343137254901961
139-017,Buddhist remains around Bhallar stupa,250,E2014,2014,213,0.4095076322555542,0.2955320477485657,0.535047173500061,-0.04697674885392189,-0.13830114901065826,0.022444671019911766,-0.41274699568748474,-0.4650256335735321,-0.36768001317977905,0.030027607455849648,-0.05180151388049126,0.09510510414838791,213,0.16901408450704225,0.004694835680751174,0.39906103286384975,0.13145539906103287,0.29577464788732394,0.0,0.5352941176470588,0.3,0.5588235294117647,0.8176470588235294,0.7,0.5470588235294118,0.42352941176470593,0.5980392156862745,0.5588235294117647,0.5588235294117647,0.6764705882352942,0.4842592592592592,0.5019426289034131,0.5107843137254902
139-017,Buddhist remains around Bhallar stupa,250,E2019,2019,219,0.4335514008998871,0.3067276179790497,0.5435551404953003,-0.06379693746566772,-0.16781459748744965,0.003613933688029647,-0.4036156237125397,-0.4633745849132538,-0.3425532579421997,0.016750559210777283,-0.07772479951381683,0.07951021194458008,219,0.2146118721461187,0.0045662100456621,0.2876712328767123,0.1552511415525114,0.3378995433789954,0.0,0.4764705882352941,0.13529411764705881,0.3941176470588235,0.9117647058823529,0.6823529411764706,0.43529411764705883,0.2852941176470588,0.5980392156862745,0.5588235294117647,0.5588235294117647,0.6764705882352942,0.3138888888888889,0.3990740740740741,0.44166666666666665
139-017,Buddhist remains around Bhallar stupa,250,E2024,2024,219,0.4439898729324341,0.2717936336994171,0.575602114200592,-0.07288651168346405,-0.17587660253047943,0.03634344041347504,-0.41660377383232117,-0.4706212282180786,-0.361356258392334,0.011188040487468243,-0.09301970154047012,0.10253117233514786,219,0.2009132420091324,0.0,0.3242009132420091,0.2785388127853881,0.1963470319634703,0.0,0.40588235294117647,0.3352941176470588,0.3588235294117647,0.888235294117647,0.3235294117647059,0.38235294117647056,0.35882352941176465,0.5980392156862745,0.5588235294117647,0.5588235294117647,0.6764705882352942,0.5259259259259259,0.4942628903413217,0.4784313725490196
139-018,Giri Mosque and tombs,250,E2004,2004,219,0.5384989380836487,0.4456789195537567,0.6274721622467041,-0.1237630844116211,-0.25116685032844543,-0.024152299389243126,-0.4416521489620209,-0.4755762219429016,-0.37771931290626526,-0.047816816717386246,-0.16281011700630188,0.04587836563587189,219,0.0,0.0,0.0958904109589041,0.5753424657534246,0.3287671232876712,0.0,0.13529411764705881,0.8058823529411765,0.17058823529411765,0.12352941176470589,0.3235294117647059,0.15294117647058825,0.47941176470588237,0.7352941176470588,0.8529411764705882,0.4411764705882353,0.9117647058823529,0.5166666666666666,0.5771241830065359,0.6073529411764705
139-018,Giri Mosque and tombs,250,E2009,2009,219,0.5026785731315613,0.4126760959625244,0.5969694256782532,-0.09641122817993164,-0.22088731825351715,0.00647764140740037,-0.44884684681892395,-0.48355770111083984,-0.3854258060455322,-0.02800535224378109,-0.14402224123477936,0.06759627908468246,219,0.0,0.0,0.1506849315068493,0.4611872146118721,0.3881278538812785,0.0,0.2411764705882353,0.8529411764705882,0.27647058823529413,0.12352941176470589,0.3235294117647059,0.25882352941176473,0.5558823529411765,0.7352941176470588,0.8529411764705882,0.4411764705882353,0.9117647058823529,0.462037037037037,0.5844045025417574,0.6455882352941176
139-018,Giri Mosque and tombs,250,E2014,2014,219,0.5281989574432373,0.4165857434272766,0.6400242447853088,-0.09549693018198013,-0.22040818631649017,0.017215130850672722,-0.4735402464866638,-0.4947357773780823,-0.4353347420692444,-0.02440917305648327,-0.14090605080127716,0.07365158945322037,219,0.0,0.0,0.0547945205479452,0.4474885844748858,0.4977168949771689,0.0,0.18235294117647058,0.9941176470588236,0.28823529411764703,0.12352941176470589,0.3235294117647059,0.23529411764705882,0.6147058823529412,0.7352941176470588,0.8529411764705882,0.4411764705882353,0.9117647058823529,0.4842592592592592,0.6114197530864197,0.675
139-018,Giri Mosque and tombs,250,E2019,2019,219,0.5289149284362793,0.37507766485214233,0.662033200263977,-0.10065731406211853,-0.23343591392040253,0.03247231990098953,-0.46632713079452515,-0.48916736245155334,-0.4230426251888275,-0.024009283632040024,-0.15557552874088287,0.09313693642616272,219,0.0,0.0,0.1278538812785388,0.3789954337899543,0.4931506849315068,0.0,0.1588235294117647,0.9705882352941176,0.2529411764705882,0.12352941176470589,0.3235294117647059,0.20588235294117646,0.5882352941176471,0.7352941176470588,0.8529411764705882,0.4411764705882353,0.9117647058823529,0.3138888888888889,0.5458061002178649,0.6617647058823529
139-018,Giri Mosque and tombs,250,E2024,2024,219,0.628342866897583,0.5047805905342102,0.7293673157691956,-0.1762988269329071,-0.2737511992454529,-0.07864236831665039,-0.4692588448524475,-0.4917657673358917,-0.43702232837677,-0.10577266663312912,-0.20353731513023376,-0.00501965032890439,219,0.0,0.0,0.0319634703196347,0.771689497716895,0.1963470319634703,0.0,0.01764705882352941,0.9823529411764705,0.052941176470588235,0.12352941176470589,0.3235294117647059,0.03529411764705882,0.5088235294117647,0.7352941176470588,0.8529411764705882,0.4411764705882353,0.9117647058823529,0.5259259259259259,0.5900145243282499,0.6220588235294118
139-001,Khanpur Cave,500,E2004,2004,871,0.3680725395679474,0.23093225061893463,0.5044877529144287,-0.022779567167162895,-0.17434708774089813,0.10830790549516678,-0.41781896352767944,-0.45509618520736694,-0.3517124056816101,0.052559517323970795,-0.08124054223299026,0.16409674286842346,871,0.14121699196326062,0.1113662456946039,0.41446613088404133,0.11710677382319173,0.2158438576349024,0.0,0.711764705882353,0.45294117647058824,0.6294117647058823,0.7588235294117647,0.9352941176470588,0.6705882352941177,0.5617647058823529,0.4411764705882353,0.6176470588235294,0.3235294117647059,0.38235294117647056,0.5166666666666666,0.5065359477124183,0.5014705882352941
139-001,Khanpur Cave,500,E2009,2009,871,0.346601665019989,0.21182923018932343,0.4767153561115265,-0.012237423099577427,-0.15325824916362762,0.12653017044067383,-0.41813018918037415,-0.4565170407295227,-0.3446846306324005,0.0620109923183918,-0.0627417266368866,0.18288753926753998,871,0.21699196326061998,0.15269804822043628,0.34443168771526983,0.040183696900114814,0.24569460390355913,0.0,0.8647058823529412,0.4647058823529412,0.7470588235294118,0.8647058823529412,0.9823529411764705,0.8058823529411765,0.6352941176470588,0.4411764705882353,0.6176470588235294,0.3235294117647059,0.38235294117647056,0.462037037037037,0.512835875090777,0.538235294117647
139-001,Khanpur Cave,500,E2014,2014,858,0.3670114278793335,0.21408432722091675,0.5667889714241028,-0.01335315965116024,-0.20547965168952942,0.13042178750038147,-0.41688472032546997,-0.45478135347366333,-0.3433529734611511,0.06266289949417114,-0.10803668946027756,0.1762847602367401,858,0.16783216783216784,0.14685314685314685,0.2529137529137529,0.14335664335664336,0.289044289044289,0.0,0.7235294117647059,0.4294117647058823,0.7235294117647059,0.7941176470588235,0.9588235294117647,0.7235294117647059,0.5764705882352941,0.4411764705882353,0.6176470588235294,0.3235294117647059,0.38235294117647056,0.4842592592592592,0.5006354393609295,0.5088235294117647
139-001,Khanpur Cave,500,E2019,2019,802,0.3714892566204071,0.20482346415519714,0.6024132966995239,-0.02626914530992508,-0.24329641461372375,0.1327250897884369,-0.4102442264556885,-0.4514716565608978,-0.3372710645198822,0.05518334358930588,-0.1327444612979889,0.1757107824087143,802,0.1633416458852868,0.185785536159601,0.2344139650872818,0.17581047381546136,0.24064837905236908,0.0,0.6529411764705882,0.2411764705882353,0.6058823529411764,0.7823529411764706,0.9941176470588236,0.6294117647058823,0.43529411764705883,0.4411764705882353,0.6176470588235294,0.3235294117647059,0.38235294117647056,0.3138888888888889,0.3967864923747277,0.43823529411764706
139-001,Khanpur Cave,500,E2024,2024,858,0.43565067648887634,0.23910361528396606,0.6225318312644958,-0.06765076518058777,-0.22427058219909668,0.09496702998876572,-0.418300986289978,-0.46743687987327576,-0.34548914432525635,0.014001548290252686,-0.13173703849315643,0.14914685487747192,858,0.1794871794871795,0.07692307692307693,0.25874125874125875,0.25990675990675993,0.22494172494172493,0.0,0.3588235294117647,0.4764705882352941,0.37058823529411766,0.8294117647058824,0.9,0.3647058823529412,0.42058823529411765,0.4411764705882353,0.6176470588235294,0.3235294117647059,0.38235294117647056,0.5259259259259259,0.46256354393609295,0.4308823529411765
139-003,Bhir Mound,500,E2004,2004,874,0.32192760705947876,0.24152350425720215,0.4381678104400635,0.01365356333553791,-0.08308599144220352,0.05989830940961838,-0.4013636112213135,-0.44841569662094116,-0.3559524416923523,0.08484664559364319,-0.002479825634509325,0.13050474226474762,874,0.28604118993135014,0.032036613272311214,0.5526315789473685,0.021739130434782608,0.10755148741418764,0.0,0.9352941176470588,0.12352941176470589,0.9,0.9235294117647059,0.7823529411764706,0.9176470588235295,0.5205882352941177,0.38235294117647056,0.2647058823529412,0.7352941176470589,0.14705882352941177,0.5166666666666666,0.4732026143790849,0.4514705882352941
139-003,Bhir Mound,500,E2009,2009,874,0.30521446466445923,0.227720245718956,0.4194439947605133,0.015325302258133888,-0.06172780692577362,0.0585535392165184,-0.3919426202774048,-0.4465413987636566,-0.34000998735427856,0.08525486290454865,0.01500106230378151,0.12638399004936218,874,0.4290617848970252,0.04004576659038902,0.408466819221968,0.005720823798627002,0.11670480549199085,0.0,0.9705882352941176,0.041176470588235294,0.9352941176470588,0.9941176470588236,0.8411764705882353,0.9529411764705882,0.4970588235294117,0.38235294117647056,0.2647058823529412,0.7352941176470589,0.14705882352941177,0.462037037037037,0.44714960058097314,0.43970588235294117
139-003,Bhir Mound,500,E2014,2014,714,0.3493131101131439,0.2265886664390564,0.532788097858429,-0.007720716297626495,-0.1128268614411354,0.05127616226673126,-0.39859217405319214,-0.4776384234428406,-0.3152628540992737,0.06563915312290192,-0.03919326514005661,0.11647988110780716,714,0.33613445378151263,0.01680672268907563,0.38795518207282914,0.0742296918767507,0.18487394957983194,0.0,0.8294117647058824,0.1,0.8176470588235294,0.9470588235294117,0.6647058823529411,0.8235294117647058,0.4617647058823529,0.38235294117647056,0.2647058823529412,0.7352941176470589,0.14705882352941177,0.4842592592592592,0.44279230210602755,0.4220588235294117
139-003,Bhir Mound,500,E2019,2019,490,0.40658169984817505,0.25013741850852966,0.4999173879623413,-0.027382222935557365,-0.09436772018671036,0.035163845866918564,-0.4090679883956909,-0.4658670723438263,-0.3352832794189453,0.047266557812690735,-0.014506673440337181,0.10255458205938339,490,0.25510204081632654,0.0163265306122449,0.4306122448979592,0.04897959183673469,0.24897959183673468,0.0,0.4647058823529412,0.21764705882352942,0.5941176470588235,0.9,0.6529411764705882,0.5294117647058824,0.3735294117647059,0.38235294117647056,0.2647058823529412,0.7352941176470589,0.14705882352941177,0.3138888888888889,0.3565904139433551,0.3779411764705882
139-003,Bhir Mound,500,E2024,2024,738,0.3906523585319519,0.23325379192829132,0.5562387704849243,-0.032577358186244965,-0.14184263348579407,0.03132204711437225,-0.3925777077674866,-0.45878836512565613,-0.301077276468277,0.0424882248044014,-0.06334240734577179,0.09841222316026688,738,0.4078590785907859,0.0,0.3130081300813008,0.12872628726287264,0.15040650406504066,0.0,0.5352941176470588,0.052941176470588235,0.5470588235294118,0.9705882352941176,0.15294117647058825,0.5411764705882354,0.2970588235294118,0.38235294117647056,0.2647058823529412,0.7352941176470589,0.14705882352941177,0.5259259259259259,0.40177923021060274,0.3397058823529412
139-004,Sirkap (fortified city),500,E2004,2004,874,0.3071971833705902,0.24651634693145752,0.4299054443836212,0.031463272869586945,-0.06094041466712952,0.07174310833215714,-0.41849589347839355,-0.4505082964897156,-0.39455458521842957,0.10707443207502365,0.020339341834187508,0.14591585099697113,874,0.03546910755148741,0.05148741418764302,0.7528604118993135,0.008009153318077803,0.15217391304347827,0.0,0.9588235294117647,0.48823529411764705,0.9705882352941176,0.34705882352941175,0.8647058823529412,0.9647058823529412,0.7264705882352941,0.3627450980392157,0.3235294117647059,0.5588235294117647,0.20588235294117646,0.5166666666666666,0.5352941176470588,0.5446078431372549
139-004,Sirkap (fortified city),500,E2009,2009,874,0.2934733033180237,0.23061291873455048,0.4101165235042572,0.03697779029607773,-0.048387255519628525,0.07981649041175842,-0.4139089584350586,-0.4464661777019501,-0.3839755952358246,0.11087089776992798,0.025613410398364067,0.1488417387008667,874,0.08009153318077804,0.15217391304347827,0.6224256292906178,0.0,0.14530892448512586,0.0,0.9941176470588236,0.34705882352941175,0.9941176470588236,0.5823529411764706,0.9705882352941176,0.9941176470588236,0.6705882352941177,0.3627450980392157,0.3235294117647059,0.5588235294117647,0.20588235294117646,0.462037037037037,0.49845679012345684,0.5166666666666667
139-004,Sirkap (fortified city),500,E2014,2014,874,0.32698580622673035,0.233514666557312,0.48015183210372925,0.014055118896067142,-0.08203468471765518,0.07471466064453125,-0.39802026748657227,-0.45503512024879456,-0.37149888277053833,0.08463667333126068,-0.009104294702410698,0.13588538765907288,874,0.15903890160183065,0.03546910755148741,0.6189931350114416,0.04691075514874142,0.13958810068649885,0.0,0.9117647058823529,0.08823529411764706,0.9235294117647059,0.7705882352941177,0.7941176470588235,0.9176470588235295,0.5029411764705882,0.3627450980392157,0.3235294117647059,0.5588235294117647,0.20588235294117646,0.4842592592592592,0.4499818445896877,0.432843137254902
139-004,Sirkap (fortified city),500,E2019,2019,874,0.3708495497703552,0.26866376399993896,0.4964819848537445,-0.009724866598844528,-0.08598002046346664,0.051840998232364655,-0.40857893228530884,-0.4593711197376251,-0.37764251232147217,0.06294068694114685,-0.010282911360263824,0.11709143966436386,874,0.08924485125858124,0.010297482837528604,0.7185354691075515,0.05491990846681922,0.12700228832951946,0.0,0.6764705882352942,0.19411764705882353,0.8058823529411765,0.6176470588235294,0.5,0.7411764705882353,0.4676470588235294,0.3627450980392157,0.3235294117647059,0.5588235294117647,0.20588235294117646,0.3138888888888889,0.3814270152505446,0.4151960784313725
139-004,Sirkap (fortified city),500,E2024,2024,874,0.3939923942089081,0.26544395089149475,0.5629622340202332,-0.021446455270051956,-0.13737498223781586,0.06413453817367554,-0.42321592569351196,-0.4630444347858429,-0.3905603885650635,0.051769912242889404,-0.059128209948539734,0.12379001826047897,874,0.04004576659038902,0.014874141876430207,0.6350114416475973,0.14530892448512586,0.16475972540045766,0.0,0.5,0.6176470588235294,0.6529411764705882,0.37058823529411766,0.6058823529411764,0.5764705882352941,0.5970588235294118,0.3627450980392157,0.3235294117647059,0.5588235294117647,0.20588235294117646,0.5259259259259259,0.49524328249818445,0.4799019607843137
139-005,Sirsukh (fortified ruined city),500,E2004,2004,871,0.4442678987979889,0.36763879656791687,0.5037376284599304,-0.07073955982923508,-0.12642572820186615,0.002506424207240343,-0.42624449729919434,-0.45253750681877136,-0.40080225467681885,0.011237835511565208,-0.04129452630877495,0.07536312192678452,871,0.016073478760045924,0.002296211251435132,0.5671641791044776,0.1446613088404133,0.269804822043628,0.0,0.3235294117647059,0.711764705882353,0.34705882352941175,0.21764705882352942,0.4176470588235294,0.33529411764705885,0.5235294117647059,0.4411764705882353,0.14705882352941177,0.9117647058823529,0.2647058823529412,0.5166666666666666,0.49379084967320264,0.4823529411764706
139-005,Sirsukh (fortified ruined city),500,E2009,2009,871,0.43891119956970215,0.35266631841659546,0.5105093717575073,-0.07096643000841141,-0.12749919295310974,0.0004076913755852729,-0.4234320819377899,-0.447692334651947,-0.3969932496547699,0.006774836219847202,-0.050361763685941696,0.07733333855867386,871,0.006888633754305396,0.0,0.7428243398392652,0.1377726750861079,0.11251435132032148,0.0,0.34705882352941175,0.6294117647058823,0.3235294117647059,0.14705882352941177,0.15294117647058825,0.33529411764705885,0.4823529411764706,0.4411764705882353,0.14705882352941177,0.9117647058823529,0.2647058823529412,0.462037037037037,0.4618554829339143,0.46176470588235297
139-005,Sirsukh (fortified ruined city),500,E2014,2014,871,0.5007065534591675,0.357169508934021,0.6632691025733948,-0.10429651290178299,-0.25114908814430237,0.003891881089657545,-0.42644065618515015,-0.45353782176971436,-0.398886501789093,-0.022569170221686363,-0.16960178315639496,0.07518287003040314,871,0.040183696900114814,0.011481056257175661,0.35361653272101035,0.48794489092996557,0.10677382319173363,0.0,0.22941176470588234,0.7352941176470589,0.2647058823529412,0.38235294117647056,0.5529411764705883,0.24705882352941178,0.4911764705882353,0.4411764705882353,0.14705882352941177,0.9117647058823529,0.2647058823529412,0.4842592592592592,0.4722040668119099,0.4661764705882353
139-005,Sirsukh (fortified ruined city),500,E2019,2019,871,0.49385181069374084,0.3771010935306549,0.6027339696884155,-0.1250942349433899,-0.22435642778873444,-0.021880339831113815,-0.4146023094654083,-0.4385441839694977,-0.3833426237106323,-0.03413219004869461,-0.130431666970253,0.049527913331985474,871,0.05166475315729047,0.0,0.5120551090700345,0.399540757749713,0.03673938002296211,0.0,0.2411764705882353,0.38235294117647056,0.18235294117647058,0.4411764705882353,0.15294117647058825,0.21176470588235294,0.29705882352941176,0.4411764705882353,0.14705882352941177,0.9117647058823529,0.2647058823529412,0.3138888888888889,0.35070806100217866,0.36911764705882355
139-005,Sirsukh (fortified ruined city),500,E2024,2024,871,0.5078336000442505,0.39715275168418884,0.5896350741386414,-0.10624739527702332,-0.17242729663848877,-0.03036664053797722,-0.4389353096485138,-0.4677242636680603,-0.39745965600013733,-0.026964588090777397,-0.09163074195384979,0.044682424515485764,871,0.03214695752009185,0.0,0.4397244546498278,0.34902411021814006,0.1791044776119403,0.0,0.19411764705882353,0.9,0.2529411764705882,0.3235294117647059,0.15294117647058825,0.22352941176470587,0.5617647058823529,0.4411764705882353,0.14705882352941177,0.9117647058823529,0.2647058823529412,0.5259259259259259,0.5096223674655047,0.5014705882352941
139-006,Dharmarajika stupa and monastery,500,E2004,2004,870,0.34703415632247925,0.25799596309661865,0.4487192928791046,0.010938392952084541,-0.06373469531536102,0.05700107663869858,-0.4325818419456482,-0.4673892855644226,-0.4031907916069031,0.0897708535194397,0.015399472787976265,0.13739818334579468,870,0.004597701149425287,0.05172413793103448,0.6310344827586207,0.014942528735632184,0.29770114942528736,0.0,0.8411764705882353,0.8411764705882353,0.888235294117647,0.12352941176470589,0.8764705882352941,0.8647058823529412,0.8529411764705883,0.5196078431372549,0.38235294117647056,0.6176470588235294,0.5588235294117647,0.5166666666666666,0.6297385620915033,0.6862745098039216
139-006,Dharmarajika stupa and monastery,500,E2009,2009,870,0.3236190974712372,0.24948230385780334,0.4250986576080322,0.019611265510320663,-0.05347226560115814,0.057988185435533524,-0.4167252779006958,-0.46473997831344604,-0.39322012662887573,0.09583175182342529,0.0225034411996603,0.13362102210521698,870,0.010344827586206896,0.11494252873563218,0.5551724137931034,0.0034482758620689655,0.3160919540229885,0.0,0.9235294117647059,0.4176470588235294,0.9470588235294117,0.1588235294117647,0.9470588235294117,0.9352941176470588,0.6764705882352942,0.5196078431372549,0.38235294117647056,0.6176470588235294,0.5588235294117647,0.462037037037037,0.5527051561365287,0.5980392156862746
139-006,Dharmarajika stupa and monastery,500,E2014,2014,870,0.3520100712776184,0.2551327645778656,0.5068665742874146,0.005857118405401707,-0.0914367288351059,0.05470360070466995,-0.41605931520462036,-0.4701472222805023,-0.36989960074424744,0.07924195379018784,-0.01789248175919056,0.12227426469326019,870,0.05632183908045977,0.04597701149425287,0.5735632183908046,0.07586206896551724,0.2482758620689655,0.0,0.8176470588235294,0.40588235294117647,0.8647058823529412,0.4764705882352941,0.8529411764705882,0.8411764705882353,0.6235294117647059,0.5196078431372549,0.38235294117647056,0.6176470588235294,0.5588235294117647,0.4842592592592592,0.5424655047204067,0.5715686274509804
139-006,Dharmarajika stupa and monastery,500,E2019,2019,870,0.40947529673576355,0.3051263093948364,0.5258417129516602,-0.028590627014636993,-0.11429775506258011,0.02148955501616001,-0.4240792393684387,-0.4721989333629608,-0.3816685676574707,0.046445704996585846,-0.034810326993465424,0.0963173657655716,870,0.017241379310344827,0.0011494252873563218,0.5942528735632184,0.10459770114942529,0.2827586206896552,0.0,0.45294117647058824,0.6529411764705882,0.5823529411764706,0.22941176470588234,0.36470588235294116,0.5176470588235295,0.5852941176470589,0.5196078431372549,0.38235294117647056,0.6176470588235294,0.5588235294117647,0.3138888888888889,0.4729302832244009,0.5524509803921569
139-006,Dharmarajika stupa and monastery,500,E2024,2024,870,0.4508886933326721,0.3089974522590637,0.5866602659225464,-0.06714771687984467,-0.16828230023384094,0.017590956762433052,-0.42917248606681824,-0.4756610095500946,-0.3889809250831604,0.011419737711548805,-0.08977881819009781,0.09442684054374695,870,0.005747126436781609,0.02528735632183908,0.5183908045977011,0.1793103448275862,0.271264367816092,0.0,0.31176470588235294,0.7588235294117647,0.38235294117647056,0.13529411764705881,0.7470588235294118,0.34705882352941175,0.5529411764705883,0.5196078431372549,0.38235294117647056,0.6176470588235294,0.5588235294117647,0.5259259259259259,0.5328249818445897,0.5362745098039217
139-007,Khader Mohra (Akhuri),500,E2004,2004,871,0.3790982961654663,0.32126954197883606,0.47476592659950256,-0.036232564598321915,-0.15806129574775696,0.051204316318035126,-0.41271185874938965,-0.4688114523887634,-0.323346346616745,0.04265002906322479,-0.05964755266904831,0.11708202958106995,871,0.10677382319173363,0.011481056257175661,0.3283582089552239,0.09070034443168772,0.4626865671641791,0.0,0.5941176470588235,0.28823529411764703,0.5117647058823529,0.6882352941176471,0.5529411764705883,0.5529411764705883,0.42058823529411765,0.5588235294117646,0.8529411764705882,0.029411764705882353,0.7941176470588235,0.5166666666666666,0.4986928104575163,0.4897058823529411
139-007,Khader Mohra (Akhuri),500,E2009,2009,871,0.3745420277118683,0.29554644227027893,0.48389482498168945,-0.03463033214211464,-0.14819544553756714,0.0651305764913559,-0.41063565015792847,-0.4580623209476471,-0.33957645297050476,0.04245314374566078,-0.06257754564285278,0.1320715695619583,871,0.16991963260619977,0.002296211251435132,0.37657864523536166,0.1010332950631458,0.35017221584385766,0.0,0.6294117647058823,0.2529411764705882,0.5352941176470588,0.8058823529411765,0.4176470588235294,0.5823529411764705,0.41764705882352937,0.5588235294117646,0.8529411764705882,0.029411764705882353,0.7941176470588235,0.462037037037037,0.47950254175744367,0.488235294117647
139-007,Khader Mohra (Akhuri),500,E2014,2014,871,0.391315221786499,0.3141784369945526,0.5504087209701538,-0.04114050045609474,-0.20441359281539917,0.05651744082570076,-0.4153493344783783,-0.4581226110458374,-0.3176766633987427,0.03692421689629555,-0.10319939255714417,0.11610226333141327,871,0.04707233065442021,0.016073478760045924,0.23765786452353616,0.1584385763490241,0.5407577497129736,0.0,0.5235294117647059,0.3941176470588235,0.4294117647058823,0.4294117647058823,0.6352941176470588,0.4764705882352941,0.43529411764705883,0.5588235294117646,0.8529411764705882,0.029411764705882353,0.7941176470588235,0.4842592592592592,0.4927923021060276,0.4970588235294117
139-007,Khader Mohra (Akhuri),500,E2019,2019,871,0.41531869769096375,0.3083135187625885,0.5767127275466919,-0.07088577002286911,-0.23609913885593414,0.04765782505273819,-0.4072195589542389,-0.44668370485305786,-0.3027113676071167,0.01298013236373663,-0.1413469910621643,0.11137089133262634,871,0.06199770378874857,0.018369690011481057,0.20780711825487944,0.2606199770378875,0.45120551090700345,0.0,0.4235294117647059,0.18235294117647058,0.3352941176470588,0.5176470588235295,0.6882352941176471,0.37941176470588234,0.28088235294117647,0.5588235294117646,0.8529411764705882,0.029411764705882353,0.7941176470588235,0.3138888888888889,0.3845315904139433,0.41985294117647054
139-007,Khader Mohra (Akhuri),500,E2024,2024,871,0.5082968473434448,0.40941986441612244,0.6546245217323303,-0.11434293538331985,-0.264221727848053,-0.017408788204193115,-0.43193235993385315,-0.47051236033439636,-0.37059617042541504,-0.02868781052529812,-0.17348389327526093,0.05404992774128914,871,0.021814006888633754,0.001148105625717566,0.14580941446613088,0.39724454649827784,0.43398392652123996,0.0,0.18235294117647058,0.8294117647058824,0.20588235294117646,0.2529411764705882,0.3352941176470588,0.1941176470588235,0.5117647058823529,0.5588235294117646,0.8529411764705882,0.029411764705882353,0.7941176470588235,0.5259259259259259,0.5321713870733478,0.5352941176470587
139-008,Kalawan group of buildings,500,E2004,2004,875,0.361090749502182,0.2707289755344391,0.4510813355445862,0.004470660351216793,-0.07615793496370316,0.05300131440162659,-0.43855324387550354,-0.46851953864097595,-0.39283159375190735,0.08197284489870071,0.005156333092600107,0.1317068636417389,875,0.038857142857142854,0.038857142857142854,0.5097142857142857,0.02057142857142857,0.392,0.0,0.7823529411764706,0.888235294117647,0.8529411764705882,0.3588235294117647,0.8176470588235294,0.8176470588235294,0.8529411764705882,0.4705882352941176,0.4411764705882353,0.47058823529411764,0.5,0.5166666666666666,0.6133986928104574,0.6617647058823529
139-008,Kalawan group of buildings,500,E2009,2009,875,0.3462654948234558,0.2568318545818329,0.4363859295845032,0.010735281743109226,-0.07264257222414017,0.05770924687385559,-0.42469483613967896,-0.4680699408054352,-0.38633304834365845,0.08281318098306656,0.007061661221086979,0.13112810254096985,875,0.061714285714285715,0.08228571428571428,0.4422857142857143,0.010285714285714285,0.4034285714285714,0.0,0.8764705882352941,0.6764705882352942,0.8764705882352941,0.5,0.9117647058823529,0.8764705882352941,0.7764705882352941,0.4705882352941176,0.4411764705882353,0.47058823529411764,0.5,0.462037037037037,0.5696986201888162,0.6235294117647059
139-008,Kalawan group of buildings,500,E2014,2014,875,0.3656013011932373,0.26392635703086853,0.5455897450447083,0.0029716778080910444,-0.13336223363876343,0.05943337082862854,-0.426351934671402,-0.4720596373081207,-0.37089842557907104,0.07407525181770325,-0.05351897329092026,0.12287730723619461,875,0.056,0.032,0.4057142857142857,0.11428571428571428,0.392,0.0,0.7352941176470589,0.7235294117647059,0.8411764705882353,0.4647058823529412,0.7705882352941177,0.7882352941176471,0.7558823529411764,0.4705882352941176,0.4411764705882353,0.47058823529411764,0.5,0.4842592592592592,0.5702432824981843,0.613235294117647
139-008,Kalawan group of buildings,500,E2019,2019,875,0.4184981882572174,0.31716158986091614,0.556527316570282,-0.030298717319965363,-0.1505696177482605,0.021390508860349655,-0.4303780794143677,-0.47442197799682617,-0.3780762851238251,0.04304293543100357,-0.06797584891319275,0.09503386914730072,875,0.03314285714285714,0.001142857142857143,0.4125714285714286,0.15771428571428572,0.3954285714285714,0.0,0.40588235294117647,0.8058823529411765,0.5588235294117647,0.3352941176470588,0.31176470588235294,0.4823529411764706,0.6441176470588236,0.4705882352941176,0.4411764705882353,0.47058823529411764,0.5,0.3138888888888889,0.47619825708061003,0.5573529411764706
139-008,Kalawan group of buildings,500,E2024,2024,875,0.4836149215698242,0.31538325548171997,0.6131768822669983,-0.08646170049905777,-0.20101191103458405,0.011388796381652355,-0.4329427480697632,-0.4770206809043884,-0.38738545775413513,-0.005820338148623705,-0.11751249432563782,0.08873292058706284,875,0.018285714285714287,0.025142857142857144,0.3554285714285714,0.248,0.35314285714285715,0.0,0.27647058823529413,0.8529411764705882,0.28823529411764703,0.2411764705882353,0.7352941176470589,0.2823529411764706,0.5676470588235294,0.4705882352941176,0.4411764705882353,0.47058823529411764,0.5,0.5259259259259259,0.5213870733478576,0.5191176470588235
139-009,Giri complex of monuments,500,E2004,2004,874,0.542160153388977,0.4540861248970032,0.6120544672012329,-0.15033701062202454,-0.25150933861732483,-0.05088275298476219,-0.43396514654159546,-0.4733435809612274,-0.3576241433620453,-0.07043983787298203,-0.15917865931987762,0.0252560842782259,874,0.0,0.0,0.09153318077803203,0.6464530892448512,0.2620137299771167,0.0,0.13529411764705881,0.8647058823529412,0.11176470588235295,0.023529411764705882,0.15294117647058825,0.12352941176470589,0.49411764705882355,0.676470588235294,0.7941176470588235,0.2647058823529412,0.9705882352941176,0.5166666666666666,0.5624183006535947,0.5852941176470587
139-009,Giri complex of monuments,500,E2009,2009,874,0.4930008351802826,0.4039338529109955,0.5807534456253052,-0.11426102370023727,-0.2124820053577423,-0.011467513628304005,-0.42938703298568726,-0.4709260165691376,-0.3570939004421234,-0.036307383328676224,-0.12914079427719116,0.05696088820695877,874,0.011441647597254004,0.0,0.20594965675057209,0.459954233409611,0.32265446224256294,0.0,0.2529411764705882,0.7705882352941177,0.21764705882352942,0.18235294117647058,0.15294117647058825,0.23529411764705882,0.5029411764705882,0.676470588235294,0.7941176470588235,0.2647058823529412,0.9705882352941176,0.462037037037037,0.5471496005809731,0.5897058823529411
139-009,Giri complex of monuments,500,E2014,2014,872,0.5702353715896606,0.4345575273036957,0.677579939365387,-0.1507890820503235,-0.28620919585227966,-0.020142972469329834,-0.4570188522338867,-0.49139609932899475,-0.37629789113998413,-0.07320841401815414,-0.19757875800132751,0.04670003429055214,872,0.0011467889908256881,0.0,0.0676605504587156,0.6238532110091743,0.3073394495412844,0.0,0.06470588235294118,0.9823529411764705,0.08823529411764706,0.08823529411764706,0.15294117647058825,0.07647058823529412,0.5294117647058824,0.676470588235294,0.7941176470588235,0.2647058823529412,0.9705882352941176,0.4842592592592592,0.5633805374001452,0.6029411764705882
139-009,Giri complex of monuments,500,E2019,2019,871,0.5424619317054749,0.3831650912761688,0.6806377172470093,-0.13703285157680511,-0.28296637535095215,-0.001366542070172727,-0.4496994912624359,-0.48500874638557434,-0.3843662440776825,-0.054882243275642395,-0.19440966844558716,0.06824217736721039,871,0.004592422502870264,0.012629161882893225,0.1010332950631458,0.5166475315729047,0.365097588978186,0.0,0.12352941176470589,0.9352941176470588,0.1588235294117647,0.11176470588235295,0.5823529411764706,0.1411764705882353,0.538235294117647,0.676470588235294,0.7941176470588235,0.2647058823529412,0.9705882352941176,0.3138888888888889,0.5095315904139434,0.6073529411764705
139-009,Giri complex of monuments,500,E2024,2024,874,0.6325656175613403,0.5029746294021606,0.7297542691230774,-0.20445480942726135,-0.3134707808494568,-0.0794079378247261,-0.45923179388046265,-0.48904362320899963,-0.41282087564468384,-0.12202374637126923,-0.2324400693178177,-0.005435208790004253,874,0.0011441647597254005,0.0,0.04233409610983982,0.7929061784897025,0.16361556064073227,0.0,0.01764705882352941,0.9941176470588236,0.01764705882352941,0.07058823529411765,0.15294117647058825,0.01764705882352941,0.5058823529411764,0.676470588235294,0.7941176470588235,0.2647058823529412,0.9705882352941176,0.5259259259259259,0.5694262890341321,0.5911764705882352
139-010,Kunala stupa and monastery,500,E2004,2004,872,0.3203945457935333,0.24992699921131134,0.4122108519077301,0.027997205033898354,-0.05571330711245537,0.07325921207666397,-0.42343926429748535,-0.45717617869377136,-0.3920648694038391,0.10282455384731293,0.02610139548778534,0.14840617775917053,872,0.06422018348623854,0.0768348623853211,0.6158256880733946,0.008027522935779817,0.23509174311926606,0.0,0.9470588235294117,0.6411764705882353,0.9588235294117647,0.5352941176470588,0.888235294117647,0.9529411764705882,0.7970588235294118,0.46078431372549017,0.6764705882352942,0.38235294117647056,0.3235294117647059,0.5166666666666666,0.5915032679738562,0.628921568627451
139-010,Kunala stupa and monastery,500,E2009,2009,872,0.30164635181427,0.2391311228275299,0.39663955569267273,0.03232135623693466,-0.049759626388549805,0.07604595273733139,-0.4145629107952118,-0.4509448707103729,-0.3733757436275482,0.10554090887308121,0.027856305241584778,0.14368034899234772,872,0.11697247706422019,0.09288990825688073,0.5894495412844036,0.0045871559633027525,0.19610091743119265,0.0,0.9823529411764705,0.37058823529411766,0.9823529411764705,0.7235294117647059,0.9235294117647059,0.9823529411764705,0.6764705882352942,0.46078431372549017,0.6764705882352942,0.38235294117647056,0.3235294117647059,0.462037037037037,0.5330973129992738,0.5686274509803921
139-010,Kunala stupa and monastery,500,E2014,2014,872,0.33975422382354736,0.24452273547649384,0.4713219702243805,0.013966168276965618,-0.07857140898704529,0.07277343422174454,-0.40531808137893677,-0.45878711342811584,-0.37537437677383423,0.08436828851699829,-0.001055025844834745,0.1335260272026062,872,0.10321100917431193,0.03669724770642202,0.5378440366972477,0.04243119266055046,0.2798165137614679,0.0,0.9,0.14705882352941177,0.9117647058823529,0.6529411764705882,0.8058823529411765,0.9058823529411765,0.5264705882352941,0.46078431372549017,0.6764705882352942,0.38235294117647056,0.3235294117647059,0.4842592592592592,0.4905047204066812,0.4936274509803922
139-010,Kunala stupa and monastery,500,E2019,2019,872,0.37095481157302856,0.27436795830726624,0.4935906231403351,-0.009928625077009201,-0.09533599764108658,0.04811552166938782,-0.4135550260543823,-0.4574275612831116,-0.37590286135673523,0.06428965926170349,-0.018652180209755898,0.11320959031581879,872,0.06536697247706422,0.01261467889908257,0.5928899082568807,0.052752293577981654,0.2763761467889908,0.0,0.6647058823529411,0.3352941176470588,0.7941176470588235,0.5470588235294118,0.5705882352941176,0.7294117647058823,0.5323529411764706,0.46078431372549017,0.6764705882352942,0.38235294117647056,0.3235294117647059,0.3138888888888889,0.43567538126361655,0.4965686274509804
139-010,Kunala stupa and monastery,500,E2024,2024,872,0.425961971282959,0.2807766795158386,0.5731873512268066,-0.04102317988872528,-0.1600387543439865,0.049428101629018784,-0.4246430993080139,-0.4630456566810608,-0.390761137008667,0.03393629938364029,-0.07909735292196274,0.11533351987600327,872,0.028669724770642203,0.011467889908256881,0.49311926605504586,0.19036697247706422,0.2763761467889908,0.0,0.3941176470588235,0.6647058823529411,0.4411764705882353,0.31176470588235294,0.5352941176470588,0.41764705882352937,0.5411764705882353,0.46078431372549017,0.6764705882352942,0.38235294117647056,0.3235294117647059,0.5259259259259259,0.5092955700798838,0.5009803921568627
139-011,Jandial complex,500,E2004,2004,870,0.36214500665664673,0.3021785616874695,0.45815831422805786,-0.01125835906714201,-0.09082707017660141,0.040561493486166,-0.41961416602134705,-0.44925475120544434,-0.37822163105010986,0.06438353657722473,-0.007606239058077335,0.11139318346977234,870,0.1,0.0022988505747126436,0.7850574712643679,0.020689655172413793,0.09195402298850575,0.0,0.7705882352941177,0.5235294117647059,0.7588235294117647,0.6294117647058823,0.4411764705882353,0.7647058823529411,0.6441176470588235,0.4411764705882353,0.20588235294117646,0.6764705882352942,0.4411764705882353,0.5166666666666666,0.5339869281045752,0.5426470588235294
139-011,Jandial complex,500,E2009,2009,870,0.3456953763961792,0.2688732147216797,0.4472227096557617,-0.010994038544595242,-0.10211226344108582,0.03897232562303543,-0.3977649211883545,-0.42982354760169983,-0.3589092493057251,0.06245717406272888,-0.021180182695388794,0.10753092914819717,870,0.2597701149425287,0.0034482758620689655,0.7011494252873564,0.006896551724137931,0.028735632183908046,0.0,0.888235294117647,0.07647058823529412,0.7705882352941177,0.9117647058823529,0.45294117647058824,0.8294117647058823,0.4529411764705882,0.4411764705882353,0.20588235294117646,0.6764705882352942,0.4411764705882353,0.462037037037037,0.45205156136528685,0.44705882352941173
139-011,Jandial complex,500,E2014,2014,867,0.3562959134578705,0.26355627179145813,0.5073345899581909,-0.016154352575540543,-0.12448146194219589,0.0457225926220417,-0.3900505304336548,-0.4395553171634674,-0.34272536635398865,0.05893467366695404,-0.04144039750099182,0.11080192029476166,867,0.33794694348327564,0.00461361014994233,0.5178777393310265,0.0657439446366782,0.07381776239907728,0.0,0.8058823529411765,0.01764705882352941,0.711764705882353,0.9588235294117647,0.4647058823529412,0.7588235294117647,0.38823529411764707,0.4411764705882353,0.20588235294117646,0.6764705882352942,0.4411764705882353,0.4842592592592592,0.43789034132171384,0.41470588235294115
139-011,Jandial complex,500,E2019,2019,858,0.359489381313324,0.24921712279319763,0.5214945077896118,-0.020319953560829163,-0.1441151201725006,0.038012582808732986,-0.38117921352386475,-0.4344629645347595,-0.3284374475479126,0.057806745171546936,-0.05400325357913971,0.10503162443637848,858,0.4230769230769231,0.0,0.4347319347319347,0.09557109557109557,0.046620046620046623,0.0,0.7941176470588235,0.0058823529411764705,0.6764705882352942,0.9823529411764705,0.15294117647058825,0.7352941176470589,0.37058823529411766,0.4411764705882353,0.20588235294117646,0.6764705882352942,0.4411764705882353,0.3138888888888889,0.37521786492374726,0.40588235294117647
139-011,Jandial complex,500,E2024,2024,868,0.4011480212211609,0.266916424036026,0.5667912364006042,-0.044438187032938004,-0.16774189472198486,0.03141680732369423,-0.3943135440349579,-0.44624435901641846,-0.3358553946018219,0.03385227173566818,-0.08154843747615814,0.09859783202409744,868,0.3317972350230415,0.001152073732718894,0.4930875576036866,0.10599078341013825,0.06797235023041474,0.0,0.4764705882352941,0.06470588235294118,0.4176470588235294,0.9352941176470588,0.3941176470588235,0.44705882352941173,0.25588235294117645,0.4411764705882353,0.20588235294117646,0.6764705882352942,0.4411764705882353,0.5259259259259259,0.4076615831517792,0.34852941176470587
139-012,Lalchak and Badalpur Buddhist stuppa,500,E2004,2004,872,0.4648914635181427,0.38339704275131226,0.529751718044281,-0.09653645753860474,-0.15458227694034576,-0.028664154931902885,-0.41996335983276367,-0.4385197162628174,-0.3992167115211487,-0.011026578024029732,-0.06689847260713577,0.051898449659347534,872,0.011467889908256881,0.0,0.5676605504587156,0.28325688073394495,0.13761467889908258,0.0,0.28823529411764703,0.5470588235294118,0.27647058823529413,0.19411764705882353,0.15294117647058825,0.2823529411764706,0.4147058823529412,0.3137254901960784,0.058823529411764705,0.7941176470588235,0.08823529411764706,0.5166666666666666,0.4150326797385621,0.36421568627450984
139-012,Lalchak and Badalpur Buddhist stuppa,500,E2009,2009,872,0.48556727170944214,0.4063560366630554,0.5462480187416077,-0.11569106578826904,-0.17532707750797272,-0.05398184061050415,-0.414450466632843,-0.43989336490631104,-0.3858265280723572,-0.03208550810813904,-0.09173282980918884,0.02614620141685009,872,0.027522935779816515,0.0,0.5825688073394495,0.2706422018348624,0.11926605504587157,0.0,0.2647058823529412,0.3588235294117647,0.19411764705882353,0.3,0.15294117647058825,0.22941176470588237,0.29411764705882354,0.3137254901960784,0.058823529411764705,0.7941176470588235,0.08823529411764706,0.462037037037037,0.35662672476397966,0.303921568627451
139-012,Lalchak and Badalpur Buddhist stuppa,500,E2014,2014,872,0.5293232202529907,0.37451913952827454,0.6531277298927307,-0.14225760102272034,-0.25429943203926086,-0.020743651315569878,-0.4219130277633667,-0.4456492066383362,-0.38662245869636536,-0.053803496062755585,-0.16792042553424835,0.05601930245757103,872,0.06880733944954129,0.0,0.29243119266055045,0.5665137614678899,0.07224770642201835,0.0,0.14705882352941177,0.5941176470588235,0.13529411764705881,0.5588235294117647,0.15294117647058825,0.1411764705882353,0.36764705882352944,0.3137254901960784,0.058823529411764705,0.7941176470588235,0.08823529411764706,0.4842592592592592,0.3885439360929557,0.34068627450980393
139-012,Lalchak and Badalpur Buddhist stuppa,500,E2019,2019,866,0.5431039333343506,0.3991846442222595,0.6520716547966003,-0.17209309339523315,-0.2677114009857178,-0.06850602477788925,-0.4131113588809967,-0.43846410512924194,-0.36468565464019775,-0.07670949399471283,-0.17295578122138977,0.021458180621266365,866,0.10392609699769054,0.0,0.20438799076212472,0.6547344110854504,0.03695150115473441,0.0,0.11176470588235295,0.3,0.052941176470588235,0.6647058823529411,0.15294117647058825,0.08235294117647059,0.19117647058823528,0.3137254901960784,0.058823529411764705,0.7941176470588235,0.08823529411764706,0.3138888888888889,0.2729302832244009,0.25245098039215685
139-012,Lalchak and Badalpur Buddhist stuppa,500,E2024,2024,871,0.571389377117157,0.4343109130859375,0.6531270146369934,-0.16774064302444458,-0.24002166092395782,-0.0745503380894661,-0.4376829266548157,-0.46130096912384033,-0.38547760248184204,-0.08094371110200882,-0.15607216954231262,0.009752829559147358,871,0.04362801377726751,0.0,0.26406429391504016,0.6142365097588978,0.07807118254879448,0.0,0.052941176470588235,0.8764705882352941,0.07647058823529412,0.4176470588235294,0.15294117647058825,0.06470588235294118,0.47058823529411764,0.3137254901960784,0.058823529411764705,0.7941176470588235,0.08823529411764706,0.5259259259259259,0.4367465504720407,0.39215686274509803
139-013,Mohra Moradu stupa and monastery,500,E2004,2004,871,0.37922438979148865,0.3181293308734894,0.47476592659950256,-0.039121631532907486,-0.15947824716567993,0.05273601412773132,-0.4118773937225342,-0.46738094091415405,-0.32330864667892456,0.04209224879741669,-0.060863252729177475,0.11824262142181396,871,0.10907003444316878,0.010332950631458095,0.3467278989667049,0.08955223880597014,0.4443168771526981,0.0,0.5823529411764706,0.2647058823529412,0.4764705882352941,0.7,0.5117647058823529,0.5294117647058824,0.3970588235294118,0.5784313725490197,0.9117647058823529,0.08823529411764706,0.7352941176470589,0.5166666666666666,0.4973856209150327,0.48774509803921573
139-013,Mohra Moradu stupa and monastery,500,E2009,2009,871,0.3756785988807678,0.29396340250968933,0.48389482498168945,-0.036064863204956055,-0.14819544553756714,0.0676727145910263,-0.4093112647533417,-0.45657479763031006,-0.3405439853668213,0.04083375632762909,-0.06257754564285278,0.13266094028949738,871,0.17336394948335246,0.002296211251435132,0.3869115958668197,0.1010332950631458,0.33639494833524686,0.0,0.6176470588235294,0.22941176470588234,0.5235294117647059,0.8176470588235294,0.4176470588235294,0.5705882352941176,0.39999999999999997,0.5784313725490197,0.9117647058823529,0.08823529411764706,0.7352941176470589,0.462037037037037,0.48015613652868555,0.48921568627450984
139-013,Mohra Moradu stupa and monastery,500,E2014,2014,871,0.39001649618148804,0.3102315068244934,0.5527012944221497,-0.03987587243318558,-0.20771999657154083,0.06085451692342758,-0.41355136036872864,-0.45688745379447937,-0.3176766633987427,0.03800766542553902,-0.1086343303322792,0.11894255876541138,871,0.05281285878300804,0.016073478760045924,0.24339839265212398,0.1618828932261768,0.5258323765786452,0.0,0.5470588235294118,0.3235294117647059,0.4647058823529412,0.45294117647058824,0.6352941176470588,0.5058823529411764,0.41470588235294115,0.5784313725490197,0.9117647058823529,0.08823529411764706,0.7352941176470589,0.4842592592592592,0.4924655047204067,0.4965686274509804
139-013,Mohra Moradu stupa and monastery,500,E2019,2019,871,0.41531869769096375,0.30615660548210144,0.5747495293617249,-0.06957853585481644,-0.23609913885593414,0.054382096976041794,-0.4061495363712311,-0.44457343220710754,-0.3027113676071167,0.014619331806898117,-0.1413469910621643,0.11737055331468582,871,0.06199770378874857,0.02066590126291619,0.21010332950631458,0.2617680826636051,0.4454649827784156,0.0,0.4235294117647059,0.1588235294117647,0.3588235294117647,0.5176470588235295,0.711764705882353,0.3911764705882353,0.275,0.5784313725490197,0.9117647058823529,0.08823529411764706,0.7352941176470589,0.3138888888888889,0.3891067538126362,0.42671568627450984
139-013,Mohra Moradu stupa and monastery,500,E2024,2024,871,0.5061436891555786,0.3982882499694824,0.6546245217323303,-0.11243543028831482,-0.264221727848053,-0.009611628018319607,-0.42974093556404114,-0.4693896770477295,-0.36990195512771606,-0.02683718129992485,-0.17348389327526093,0.05848265066742897,871,0.024110218140068886,0.0057405281285878304,0.1584385763490241,0.4018369690011481,0.40987370838117104,0.0,0.20588235294117646,0.7823529411764706,0.22941176470588234,0.28823529411764703,0.4764705882352941,0.21764705882352942,0.5,0.5784313725490197,0.9117647058823529,0.08823529411764706,0.7352941176470589,0.5259259259259259,0.5347857661583152,0.5392156862745099
139-014,Pippala stupa and monastery,500,E2004,2004,872,0.38317573070526123,0.3080945312976837,0.49244996905326843,-0.024384755641222,-0.11365672200918198,0.06160015985369682,-0.43099358677864075,-0.46803179383277893,-0.3831630349159241,0.055057741701602936,-0.02860327996313572,0.12464503943920135,872,0.08486238532110092,0.0011467889908256881,0.5149082568807339,0.0768348623853211,0.32224770642201833,0.0,0.5588235294117647,0.8176470588235294,0.6176470588235294,0.6058823529411764,0.3235294117647059,0.5882352941176471,0.7029411764705882,0.5490196078431372,0.5588235294117647,0.47058823529411764,0.6176470588235294,0.5166666666666666,0.5895424836601307,0.6259803921568627
139-014,Pippala stupa and monastery,500,E2009,2009,872,0.37152448296546936,0.2959432899951935,0.46515119075775146,-0.02009071409702301,-0.1096375361084938,0.078512042760849,-0.42150968313217163,-0.469501793384552,-0.3744123578071594,0.05627795681357384,-0.028082532808184624,0.14024993777275085,872,0.10550458715596331,0.0,0.588302752293578,0.04357798165137615,0.2626146788990826,0.0,0.6411764705882353,0.5588235294117647,0.6882352941176471,0.6764705882352942,0.15294117647058825,0.6647058823529413,0.611764705882353,0.5490196078431372,0.5588235294117647,0.47058823529411764,0.6176470588235294,0.462037037037037,0.5409404502541757,0.580392156862745
139-014,Pippala stupa and monastery,500,E2014,2014,872,0.37637999653816223,0.28868839144706726,0.5001736879348755,-0.0044280411675572395,-0.11791090667247772,0.07617408037185669,-0.4177568554878235,-0.4642011821269989,-0.36983105540275574,0.06779308617115021,-0.03139154985547066,0.12872707843780518,872,0.08256880733944955,0.016055045871559634,0.463302752293578,0.09518348623853211,0.34288990825688076,0.0,0.6058823529411764,0.4411764705882353,0.8294117647058824,0.5941176470588235,0.6176470588235294,0.7176470588235294,0.5794117647058823,0.5490196078431372,0.5588235294117647,0.47058823529411764,0.6176470588235294,0.4842592592592592,0.537563543936093,0.5642156862745098
139-014,Pippala stupa and monastery,500,E2019,2019,871,0.3987109661102295,0.28064262866973877,0.5317394137382507,-0.038198087364435196,-0.15478812158107758,0.06622442603111267,-0.4087512791156769,-0.44518211483955383,-0.3539646863937378,0.0431765578687191,-0.06332971900701523,0.12571558356285095,871,0.12169919632606199,0.03903559127439724,0.4902411021814007,0.1113662456946039,0.23765786452353616,0.0,0.48823529411764705,0.20588235294117646,0.5,0.7352941176470589,0.8294117647058824,0.49411764705882355,0.35,0.5490196078431372,0.5588235294117647,0.47058823529411764,0.6176470588235294,0.3138888888888889,0.4043028322440087,0.4495098039215686
139-014,Pippala stupa and monastery,500,E2024,2024,872,0.42995619773864746,0.3208649158477783,0.565222442150116,-0.051972635090351105,-0.16498613357543945,0.03192247077822685,-0.4188007116317749,-0.4557531476020813,-0.37541458010673523,0.028325403109192848,-0.07630858570337296,0.09891047328710556,872,0.06995412844036697,0.0194954128440367,0.49655963302752293,0.15022935779816513,0.26376146788990823,0.0,0.38235294117647056,0.5117647058823529,0.40588235294117647,0.5705882352941176,0.7,0.3941176470588235,0.4529411764705882,0.5490196078431372,0.5588235294117647,0.47058823529411764,0.6176470588235294,0.5259259259259259,0.5092955700798838,0.5009803921568627
139-015,Jaulian stupa and monastery,500,E2004,2004,870,0.3623836636543274,0.3030141294002533,0.4782928228378296,-0.013134283944964409,-0.11955414712429047,0.049134112894535065,-0.4218340516090393,-0.46535807847976685,-0.3486078977584839,0.06475470215082169,-0.028088513761758804,0.11863498389720917,870,0.135632183908046,0.0011494252873563218,0.43333333333333335,0.06551724137931035,0.364367816091954,0.0,0.7588235294117647,0.5823529411764706,0.7352941176470589,0.7470588235294118,0.36470588235294116,0.7470588235294118,0.6647058823529413,0.6176470588235294,0.7352941176470589,0.20588235294117646,0.9117647058823529,0.5166666666666666,0.5996732026143791,0.6411764705882353
139-015,Jaulian stupa and monastery,500,E2009,2009,870,0.36886996030807495,0.3017110526561737,0.4741121232509613,-0.017462365329265594,-0.121303491294384,0.060032911598682404,-0.4215691089630127,-0.46780189871788025,-0.3701787292957306,0.056566573679447174,-0.03886054828763008,0.12671013176441193,870,0.11609195402298851,0.0011494252873563218,0.4781609195402299,0.07011494252873564,0.33448275862068966,0.0,0.7,0.5705882352941176,0.7,0.711764705882353,0.36470588235294116,0.7,0.6352941176470588,0.6176470588235294,0.7352941176470589,0.20588235294117646,0.9117647058823529,0.462037037037037,0.5716594045025417,0.6264705882352941
139-015,Jaulian stupa and monastery,500,E2014,2014,870,0.4095269441604614,0.3360322415828705,0.5421383380889893,-0.03892954811453819,-0.1477174311876297,0.04318457469344139,-0.42507821321487427,-0.4617236852645874,-0.3613348603248596,0.04074038937687874,-0.06665726006031036,0.10386991500854492,870,0.05862068965517241,0.0011494252873563218,0.3252873563218391,0.14482758620689656,0.47011494252873565,0.0,0.4411764705882353,0.7,0.48823529411764705,0.48823529411764705,0.36470588235294116,0.4647058823529412,0.5823529411764705,0.6176470588235294,0.7352941176470589,0.20588235294117646,0.9117647058823529,0.4842592592592592,0.5614197530864197,0.6
139-015,Jaulian stupa and monastery,500,E2019,2019,870,0.4609904885292053,0.36287254095077515,0.576602041721344,-0.07957842946052551,-0.19103403389453888,-0.0043497649021446705,-0.4286290407180786,-0.47486037015914917,-0.36304375529289246,0.0019269975600764155,-0.09906946867704391,0.06900910288095474,870,0.04252873563218391,0.0,0.2160919540229885,0.2735632183908046,0.46781609195402296,0.0,0.3,0.7470588235294118,0.3,0.40588235294117647,0.15294117647058825,0.3,0.5235294117647059,0.6176470588235294,0.7352941176470589,0.20588235294117646,0.9117647058823529,0.3138888888888889,0.4850217864923747,0.5705882352941176
139-015,Jaulian stupa and monastery,500,E2024,2024,870,0.5629627704620361,0.43760642409324646,0.6658617854118347,-0.14137521386146545,-0.24722300469875336,-0.047086138278245926,-0.4412961006164551,-0.4768350422382355,-0.38826417922973633,-0.061943717300891876,-0.16487260162830353,0.027485597878694534,870,0.022988505747126436,0.0,0.1632183908045977,0.5896551724137931,0.22413793103448276,0.0,0.07647058823529412,0.9235294117647059,0.14705882352941177,0.27647058823529413,0.15294117647058825,0.11176470588235295,0.5176470588235295,0.6176470588235294,0.7352941176470589,0.20588235294117646,0.9117647058823529,0.5259259259259259,0.5537400145243282,0.5676470588235294
139-016,Lalchak mounds,500,E2004,2004,875,0.4399475157260895,0.36772289872169495,0.5153379440307617,-0.07344640791416168,-0.1423497349023819,-0.003641970921307802,-0.4250093698501587,-0.45245444774627686,-0.4000718593597412,0.009841981343925,-0.05407097935676575,0.07306347787380219,875,0.001142857142857143,0.0,0.6331428571428571,0.1337142857142857,0.232,0.0,0.3352941176470588,0.6882352941176471,0.31176470588235294,0.052941176470588235,0.15294117647058825,0.32352941176470584,0.5058823529411764,0.3333333333333333,0.058823529411764705,0.9117647058823529,0.029411764705882353,0.5166666666666666,0.45196078431372544,0.41960784313725485
139-016,Lalchak mounds,500,E2009,2009,875,0.4334559440612793,0.3540562689304352,0.5161463618278503,-0.06656859815120697,-0.13513900339603424,-0.002358822850510478,-0.42226654291152954,-0.4455650746822357,-0.3958975374698639,0.012825694866478443,-0.05438391491770744,0.07156794518232346,875,0.011428571428571429,0.0,0.7714285714285715,0.13028571428571428,0.08685714285714285,0.0,0.37058823529411766,0.6058823529411764,0.3941176470588235,0.17058823529411765,0.15294117647058825,0.38235294117647056,0.4941176470588235,0.3333333333333333,0.058823529411764705,0.9117647058823529,0.029411764705882353,0.462037037037037,0.4298293391430646,0.4137254901960784
139-016,Lalchak mounds,500,E2014,2014,875,0.5495789647102356,0.3882451355457306,0.7065092325210571,-0.15050260722637177,-0.30183565616607666,-0.013459648005664349,-0.4298003017902374,-0.45223310589790344,-0.40501561760902405,-0.0652753934264183,-0.22152085602283478,0.060236744582653046,875,0.022857142857142857,0.010285714285714285,0.272,0.5977142857142858,0.09714285714285714,0.0,0.1,0.7941176470588235,0.1,0.2647058823529412,0.48823529411764705,0.1,0.44705882352941173,0.3333333333333333,0.058823529411764705,0.9117647058823529,0.029411764705882353,0.4842592592592592,0.42155047204066803,0.3901960784313725
139-016,Lalchak mounds,500,E2019,2019,875,0.5014322400093079,0.4020949900150299,0.6131389737129211,-0.13481324911117554,-0.23517528176307678,-0.0417485237121582,-0.4131357669830322,-0.43531668186187744,-0.383612722158432,-0.042754922062158585,-0.13873600959777832,0.033485397696495056,875,0.04114285714285714,0.0,0.5222857142857142,0.40114285714285713,0.03542857142857143,0.0,0.21764705882352942,0.31176470588235294,0.17058823529411765,0.3941176470588235,0.15294117647058825,0.19411764705882353,0.2529411764705882,0.3333333333333333,0.058823529411764705,0.9117647058823529,0.029411764705882353,0.3138888888888889,0.3000544662309368,0.29313725490196074
139-016,Lalchak mounds,500,E2024,2024,875,0.5167385935783386,0.4136163890361786,0.6017759442329407,-0.11021753400564194,-0.18714620172977448,-0.039000436663627625,-0.4408414959907532,-0.4664262533187866,-0.40988636016845703,-0.030949344858527184,-0.1029648706316948,0.03601127117872238,875,0.014857142857142857,0.0,0.40685714285714286,0.3702857142857143,0.208,0.0,0.17058823529411765,0.9117647058823529,0.2411764705882353,0.20588235294117646,0.15294117647058825,0.20588235294117646,0.5588235294117647,0.3333333333333333,0.058823529411764705,0.9117647058823529,0.029411764705882353,0.5259259259259259,0.4726942628903413,0.446078431372549
139-017,Buddhist remains around Bhallar stupa,500,E2004,2004,870,0.37039893865585327,0.2811819911003113,0.45991620421409607,-0.022493459284305573,-0.12340476363897324,0.051402151584625244,-0.41233164072036743,-0.44309014081954956,-0.366906076669693,0.052695974707603455,-0.03942844644188881,0.12522026896476746,870,0.10229885057471265,0.020689655172413793,0.7045977011494253,0.07586206896551724,0.09655172413793103,0.0,0.6882352941176471,0.27647058823529413,0.6411764705882353,0.6411764705882353,0.7235294117647059,0.6647058823529413,0.4705882352941177,0.6960784313725489,0.5,0.9117647058823529,0.6764705882352942,0.5166666666666666,0.561111111111111,0.5833333333333333
139-017,Buddhist remains around Bhallar stupa,500,E2009,2009,870,0.3470039367675781,0.25732454657554626,0.44101446866989136,-0.010201612487435341,-0.10986357927322388,0.058626554906368256,-0.4065537750720978,-0.43911612033843994,-0.3487268090248108,0.06335976719856262,-0.03113921917974949,0.12715335190296173,870,0.20919540229885059,0.026436781609195402,0.6333333333333333,0.04367816091954023,0.08735632183908046,0.0,0.8529411764705882,0.17058823529411765,0.7823529411764706,0.8529411764705882,0.7588235294117647,0.8176470588235294,0.49411764705882355,0.6960784313725489,0.5,0.9117647058823529,0.6764705882352942,0.462037037037037,0.5507443718228031,0.5950980392156862
139-017,Buddhist remains around Bhallar stupa,500,E2014,2014,837,0.3640596866607666,0.24578852951526642,0.5368736982345581,-0.02062666416168213,-0.15348398685455322,0.052894383668899536,-0.3986468017101288,-0.44939154386520386,-0.3528027832508087,0.05762459710240364,-0.06294991075992584,0.12199144065380096,837,0.22102747909199522,0.017921146953405017,0.4635603345280765,0.12664277180406214,0.17084826762246116,0.0,0.7470588235294118,0.11176470588235295,0.6647058823529411,0.8764705882352941,0.6764705882352942,0.7058823529411764,0.4088235294117647,0.6960784313725489,0.5,0.9117647058823529,0.6764705882352942,0.4842592592592592,0.5297204066811909,0.5524509803921568
139-017,Buddhist remains around Bhallar stupa,500,E2019,2019,835,0.38137298822402954,0.27795445919036865,0.525521457195282,-0.04002523422241211,-0.15699319541454315,0.0318613238632679,-0.3910723328590393,-0.4397725462913513,-0.3323366045951843,0.042408253997564316,-0.06734251230955124,0.10308882594108582,835,0.25389221556886227,0.013173652694610778,0.43832335329341315,0.11017964071856287,0.1844311377245509,0.0,0.5705882352941176,0.029411764705882353,0.45294117647058824,0.888235294117647,0.5941176470588235,0.5117647058823529,0.27058823529411763,0.6960784313725489,0.5,0.9117647058823529,0.6764705882352942,0.3138888888888889,0.4268518518518518,0.4833333333333333
139-017,Buddhist remains around Bhallar stupa,500,E2024,2024,870,0.3937521278858185,0.23743054270744324,0.5610611438751221,-0.029964428395032883,-0.1667652279138565,0.0580114908516407,-0.40410417318344116,-0.4514583349227905,-0.3474908471107483,0.045834511518478394,-0.08333610743284225,0.12442908436059952,870,0.20804597701149424,0.010344827586206896,0.4586206896551724,0.167816091954023,0.15517241379310345,0.0,0.5117647058823529,0.13529411764705881,0.5705882352941176,0.8411764705882353,0.5235294117647059,0.5411764705882353,0.338235294117647,0.6960784313725489,0.5,0.9117647058823529,0.6764705882352942,0.5259259259259259,0.520079883805374,0.517156862745098
139-018,Giri Mosque and tombs,500,E2004,2004,874,0.5530498623847961,0.48789432644844055,0.6198729276657104,-0.17137977480888367,-0.2787364423274994,-0.0708998292684555,-0.4185892939567566,-0.4721424877643585,-0.3259811997413635,-0.08890414237976074,-0.18242838978767395,0.0004441860946826637,874,0.0,0.0,0.036613272311212815,0.7551487414187643,0.20823798627002288,0.0,0.08823529411764706,0.5,0.06470588235294118,0.023529411764705882,0.15294117647058825,0.07647058823529412,0.28823529411764703,0.6568627450980392,0.9705882352941176,0.14705882352941177,0.8529411764705882,0.5166666666666666,0.4872549019607843,0.4725490196078431
139-018,Giri Mosque and tombs,500,E2009,2009,874,0.5253363847732544,0.43857333064079285,0.5982346534729004,-0.14895816147327423,-0.24157245457172394,-0.031658828258514404,-0.4198586344718933,-0.47155243158340454,-0.33806684613227844,-0.07420745491981506,-0.15766817331314087,0.03525788336992264,874,0.004576659038901602,0.0,0.08810068649885583,0.6441647597254004,0.2631578947368421,0.0,0.1588235294117647,0.5352941176470588,0.12352941176470589,0.1,0.15294117647058825,0.1411764705882353,0.3382352941176471,0.6568627450980392,0.9705882352941176,0.14705882352941177,0.8529411764705882,0.462037037037037,0.4857116920842411,0.49754901960784315
139-018,Giri Mosque and tombs,500,E2014,2014,874,0.5801501274108887,0.4640693664550781,0.696044385433197,-0.17327746748924255,-0.30965787172317505,-0.04518629238009453,-0.45288223028182983,-0.4927625060081482,-0.3273523151874542,-0.09443593770265579,-0.22045844793319702,0.02268032170832157,874,0.0,0.0,0.019450800915331808,0.6967963386727689,0.2837528604118993,0.0,0.041176470588235294,0.9588235294117647,0.041176470588235294,0.023529411764705882,0.15294117647058825,0.041176470588235294,0.5,0.6568627450980392,0.9705882352941176,0.14705882352941177,0.8529411764705882,0.4842592592592592,0.5470406681190995,0.5784313725490196
139-018,Giri Mosque and tombs,500,E2019,2019,874,0.581217348575592,0.4213804006576538,0.7057077288627625,-0.17729371786117554,-0.32329264283180237,-0.03911332041025162,-0.45159319043159485,-0.4873706102371216,-0.34525030851364136,-0.09556534141302109,-0.23651379346847534,0.03419841080904007,874,0.0,0.0,0.041189931350114416,0.6464530892448512,0.3123569794050343,0.0,0.029411764705882353,0.9470588235294117,0.029411764705882353,0.023529411764705882,0.15294117647058825,0.029411764705882353,0.48823529411764705,0.6568627450980392,0.9705882352941176,0.14705882352941177,0.8529411764705882,0.3138888888888889,0.48632897603485836,0.5725490196078431
139-018,Giri Mosque and tombs,500,E2024,2024,874,0.6498733758926392,0.5512411594390869,0.7279499173164368,-0.21371175348758698,-0.2979665994644165,-0.10489105433225632,-0.4562477469444275,-0.49049273133277893,-0.40808460116386414,-0.13838905096054077,-0.2194281667470932,-0.03182615339756012,874,0.0011441647597254005,0.0,0.018306636155606407,0.8718535469107551,0.10869565217391304,0.0,0.0058823529411764705,0.9705882352941176,0.0058823529411764705,0.07058823529411765,0.15294117647058825,0.0058823529411764705,0.48823529411764705,0.6568627450980392,0.9705882352941176,0.14705882352941177,0.8529411764705882,0.5259259259259259,0.5570079883805373,0.5725490196078431
139-001,Khanpur Cave,1000,E2004,2004,3493,0.33672699332237244,0.1919597089290619,0.4632898271083832,-0.0016212613554671407,-0.11662557721138,0.09296878427267075,-0.4076211154460907,-0.45234495401382446,-0.3381998836994171,0.0746355801820755,-0.026455380022525787,0.15057472884655,3493,0.24735184655024334,0.09705124534783853,0.43458345261952475,0.042656742055539654,0.17835671342685372,0.0,0.8764705882352941,0.20588235294117646,0.7705882352941177,0.8647058823529412,0.9235294117647059,0.8235294117647058,0.5147058823529411,0.4803921568627451,0.38235294117647056,0.5588235294117647,0.5,0.5166666666666666,0.503921568627451,0.49754901960784315
139-001,Khanpur Cave,1000,E2009,2009,3493,0.3192817270755768,0.1725955605506897,0.4493463337421417,0.00964518915861845,-0.10669873654842377,0.13992567360401154,-0.4077945947647095,-0.4532083570957184,-0.3445477783679962,0.08140604943037033,-0.024065710604190826,0.1864953190088272,3493,0.2668193529916977,0.15430861723446893,0.37331806470083023,0.020898940738620097,0.18465502433438305,0.0,0.9352941176470588,0.21764705882352942,0.8764705882352941,0.9,0.9705882352941176,0.9058823529411765,0.5617647058823529,0.4803921568627451,0.38235294117647056,0.5588235294117647,0.5,0.462037037037037,0.501397966594045,0.5210784313725491
139-001,Khanpur Cave,1000,E2014,2014,3272,0.34981071949005127,0.1976546198129654,0.5296118855476379,0.0024674576707184315,-0.15000829100608826,0.1422482579946518,-0.4138700067996979,-0.45470041036605835,-0.3438180685043335,0.07506611943244934,-0.06186298280954361,0.17828813195228577,3272,0.1965158924205379,0.15617359413202933,0.32182151589242053,0.105440097799511,0.2200488997555012,0.0,0.7352941176470589,0.37058823529411766,0.7941176470588235,0.7941176470588235,0.9823529411764705,0.7647058823529411,0.5676470588235294,0.4803921568627451,0.38235294117647056,0.5588235294117647,0.5,0.4842592592592592,0.5107661583151779,0.5240196078431373
139-001,Khanpur Cave,1000,E2019,2019,2948,0.3479853570461273,0.2048277109861374,0.5543962717056274,-0.01072080247104168,-0.18612931668758392,0.13921160995960236,-0.40671199560165405,-0.4496842920780182,-0.33059611916542053,0.0694233849644661,-0.09065715223550797,0.17594687640666962,2948,0.21743554952510177,0.1719810040705563,0.2669606512890095,0.13331071913161466,0.21031207598371776,0.0,0.7705882352941177,0.19411764705882353,0.7352941176470589,0.8176470588235294,0.9941176470588236,0.7529411764705882,0.47352941176470587,0.4803921568627451,0.38235294117647056,0.5588235294117647,0.5,0.3138888888888889,0.42260348583877994,0.47696078431372546
139-001,Khanpur Cave,1000,E2024,2024,3266,0.40490472316741943,0.24132108688354492,0.6087708473205566,-0.048923470079898834,-0.2123694121837616,0.094660684466362,-0.41582465171813965,-0.461810827255249,-0.3346123695373535,0.03288399428129196,-0.12140548229217529,0.1435035765171051,3266,0.2232088181261482,0.052663808940600125,0.30067360685854255,0.19503980404164115,0.22841396203306796,0.0,0.4764705882352941,0.4411764705882353,0.45294117647058824,0.8294117647058824,0.8411764705882353,0.4647058823529412,0.45294117647058824,0.4803921568627451,0.38235294117647056,0.5588235294117647,0.5,0.5259259259259259,0.48641975308641977,0.4666666666666667
139-003,Bhir Mound,1000,E2004,2004,3489,0.31480807065963745,0.2216206192970276,0.4463232457637787,0.01252331305295229,-0.08869262784719467,0.06097443401813507,-0.3996322453022003,-0.44041353464126587,-0.3391517102718353,0.084952712059021,-0.006449395325034857,0.13176065683364868,3489,0.3287474921180854,0.0352536543422184,0.5362568071080539,0.02522212668386357,0.07451991974777873,0.0,0.9705882352941176,0.1,0.9235294117647059,0.9588235294117647,0.7588235294117647,0.9470588235294117,0.5235294117647059,0.34313725490196073,0.2647058823529412,0.6764705882352942,0.08823529411764706,0.5166666666666666,0.4611111111111111,0.43333333333333335
139-003,Bhir Mound,1000,E2009,2009,3481,0.29610735177993774,0.21286392211914062,0.409003883600235,0.016537027433514595,-0.056509170681238174,0.06165066361427307,-0.38879403471946716,-0.43066442012786865,-0.3270556330680847,0.08831144124269485,0.018924415111541748,0.129420667886734,3481,0.4357943119793163,0.06722206262568227,0.41597242171789717,0.0017236426314277506,0.07928756104567652,0.0,0.9941176470588236,0.029411764705882353,0.9470588235294117,0.9941176470588236,0.8647058823529412,0.9705882352941176,0.5,0.34313725490196073,0.2647058823529412,0.6764705882352942,0.08823529411764706,0.462037037037037,0.4350580973129992,0.42156862745098034
139-003,Bhir Mound,1000,E2014,2014,2381,0.3482879400253296,0.23629838228225708,0.5060669779777527,-0.0038774353452026844,-0.10302184522151947,0.06264150887727737,-0.399859756231308,-0.44785863161087036,-0.3395127058029175,0.06950771808624268,-0.024026378989219666,0.1242239773273468,2381,0.28475430491390175,0.03485930281394372,0.47795044099118017,0.05291894162116758,0.1495170096598068,0.0,0.7588235294117647,0.11176470588235295,0.7588235294117647,0.9117647058823529,0.7470588235294118,0.7588235294117647,0.43529411764705883,0.34313725490196073,0.2647058823529412,0.6764705882352942,0.08823529411764706,0.4842592592592592,0.4208968772694262,0.38921568627450975
139-003,Bhir Mound,1000,E2019,2019,2003,0.37742751836776733,0.24826711416244507,0.517604649066925,-0.018664320930838585,-0.11978529393672943,0.046035055071115494,-0.402418315410614,-0.4532153904438019,-0.33510923385620117,0.055081434547901154,-0.0370931550860405,0.11079858988523483,2003,0.28856714927608584,0.014977533699450823,0.4797803295057414,0.07189216175736396,0.14478282576135795,0.0,0.6882352941176471,0.13529411764705881,0.7,0.9235294117647059,0.6529411764705882,0.6941176470588235,0.41470588235294115,0.34313725490196073,0.2647058823529412,0.6764705882352942,0.08823529411764706,0.3138888888888889,0.35724400871459694,0.37892156862745097
139-003,Bhir Mound,1000,E2024,2024,2787,0.40102165937423706,0.2426622062921524,0.5558464527130127,-0.046242665499448776,-0.14545966684818268,0.0349375382065773,-0.39499858021736145,-0.44756922125816345,-0.3115370571613312,0.030646171420812607,-0.06581109762191772,0.10256518423557281,2787,0.3376390383925368,0.00968783638320775,0.41657696447793324,0.09616074632221026,0.13993541442411195,0.0,0.5,0.06470588235294118,0.4647058823529412,0.9705882352941176,0.5235294117647059,0.4823529411764706,0.2735294117647059,0.34313725490196073,0.2647058823529412,0.6764705882352942,0.08823529411764706,0.5259259259259259,0.3808641975308642,0.30833333333333335
139-004,Sirkap (fortified city),1000,E2004,2004,3494,0.34073808789253235,0.2548179030418396,0.44155651330947876,0.004210165701806545,-0.09160400927066803,0.06291792541742325,-0.4154340624809265,-0.4488537311553955,-0.3726460337638855,0.08058978617191315,-0.006387814879417419,0.13683152198791504,3494,0.10303377218088151,0.028048082427017746,0.7200915855752719,0.007727532913566113,0.14109902690326273,0.0,0.8294117647058824,0.40588235294117647,0.8176470588235294,0.5705882352941176,0.6882352941176471,0.8235294117647058,0.6147058823529412,0.40196078431372545,0.3235294117647059,0.6176470588235294,0.2647058823529412,0.5166666666666666,0.5111111111111111,0.5083333333333333
139-004,Sirkap (fortified city),1000,E2009,2009,3494,0.31684058904647827,0.2400093525648117,0.4084022641181946,0.015987450256943703,-0.0615585520863533,0.06752821803092957,-0.4086281657218933,-0.4408719837665558,-0.3601516783237457,0.08842550963163376,0.015521860681474209,0.1359281837940216,3494,0.19032627361190613,0.06153405838580424,0.6210646823125358,0.0028620492272467086,0.12421293646250715,0.0,0.9588235294117647,0.22941176470588234,0.9352941176470588,0.7705882352941177,0.8529411764705882,0.9470588235294117,0.5882352941176471,0.40196078431372545,0.3235294117647059,0.6176470588235294,0.2647058823529412,0.462037037037037,0.4840777051561365,0.4950980392156863
139-004,Sirkap (fortified city),1000,E2014,2014,3284,0.3367748558521271,0.24304988980293274,0.4872951805591583,0.007858553901314735,-0.09554027020931244,0.0691974014043808,-0.40044906735420227,-0.45216232538223267,-0.36422884464263916,0.07897379994392395,-0.014999603852629662,0.13074955344200134,3284,0.19031668696711326,0.030755176613885507,0.5429354445797807,0.04202192448233861,0.19397076735688185,0.0,0.8647058823529412,0.12352941176470589,0.8529411764705882,0.7588235294117647,0.7352941176470589,0.8588235294117648,0.4911764705882353,0.40196078431372545,0.3235294117647059,0.6176470588235294,0.2647058823529412,0.4842592592592592,0.4591321713870733,0.44656862745098036
139-004,Sirkap (fortified city),1000,E2019,2019,3250,0.3731158375740051,0.2687408924102783,0.5101567506790161,-0.01778312772512436,-0.1210414320230484,0.04179698973894119,-0.40502023696899414,-0.4487000107765198,-0.35632944107055664,0.057408981025218964,-0.036883365362882614,0.10921385884284973,3250,0.16,0.01323076923076923,0.5904615384615385,0.06676923076923078,0.16953846153846153,0.0,0.7,0.17058823529411765,0.7235294117647059,0.7352941176470589,0.6058823529411764,0.7117647058823529,0.4411764705882353,0.40196078431372545,0.3235294117647059,0.6176470588235294,0.2647058823529412,0.3138888888888889,0.3856753812636165,0.42156862745098034
139-004,Sirkap (fortified city),1000,E2024,2024,3447,0.4140927791595459,0.26721274852752686,0.5643762350082397,-0.044699084013700485,-0.1550556868314743,0.043472472578287125,-0.41220730543136597,-0.4562082886695862,-0.35252922773361206,0.03234487026929855,-0.07190527021884918,0.10912677645683289,3447,0.16391064693936758,0.00899332753118654,0.5030461270670148,0.13548012764722947,0.18856977081520163,0.0,0.4647058823529412,0.3,0.48823529411764705,0.7470588235294118,0.48823529411764705,0.4764705882352941,0.388235294117647,0.40196078431372545,0.3235294117647059,0.6176470588235294,0.2647058823529412,0.5259259259259259,0.4387073347857661,0.3950980392156862
139-005,Sirsukh (fortified ruined city),1000,E2004,2004,3493,0.43103763461112976,0.3521042764186859,0.5129713416099548,-0.06712070107460022,-0.13995973765850067,0.0054587991908192635,-0.42213645577430725,-0.4471498727798462,-0.39456096291542053,0.015712251886725426,-0.052847735583782196,0.08167896419763565,3493,0.016890924706555968,0.0008588605782994561,0.6879473232178643,0.15030060120240482,0.14400229029487546,0.0,0.40588235294117647,0.6647058823529411,0.4,0.07647058823529412,0.08823529411764706,0.40294117647058825,0.5338235294117647,0.41176470588235287,0.11764705882352941,0.9117647058823529,0.20588235294117646,0.5166666666666666,0.48741830065359476,0.4727941176470588
139-005,Sirsukh (fortified ruined city),1000,E2009,2009,3493,0.4241166114807129,0.33896392583847046,0.5105053186416626,-0.061858173459768295,-0.13101080060005188,0.006171044427901506,-0.419073224067688,-0.44290339946746826,-0.39173272252082825,0.01637996733188629,-0.05209023505449295,0.08110404759645462,3493,0.03435442313197824,0.000286286859433152,0.762668193529917,0.11079301460062983,0.0918980818780418,0.0,0.4411764705882353,0.5588235294117647,0.4294117647058823,0.12352941176470589,0.01764705882352941,0.43529411764705883,0.4970588235294118,0.41176470588235287,0.11764705882352941,0.9117647058823529,0.20588235294117646,0.462037037037037,0.45695352214960056,0.4544117647058823
139-005,Sirsukh (fortified ruined city),1000,E2014,2014,3489,0.4670295715332031,0.3154411017894745,0.6548700928688049,-0.0812332034111023,-0.2536609470844269,0.025361841544508934,-0.4211428463459015,-0.44714561104774475,-0.38845953345298767,-0.0010962990345433354,-0.16642700135707855,0.09580346941947937,3489,0.07967899111493265,0.005732301519059902,0.4373746059042706,0.35339638865004297,0.12381771281169389,0.0,0.3,0.6058823529411764,0.31176470588235294,0.4294117647058823,0.34705882352941175,0.3058823529411765,0.45588235294117646,0.41176470588235287,0.11764705882352941,0.9117647058823529,0.20588235294117646,0.4842592592592592,0.45063543936092954,0.43382352941176466
139-005,Sirsukh (fortified ruined city),1000,E2019,2019,3443,0.4796431064605713,0.34326210618019104,0.6211864948272705,-0.1144513264298439,-0.24473340809345245,-0.010263005271553993,-0.4087499976158142,-0.43500059843063354,-0.36439958214759827,-0.02314854972064495,-0.1511377990245819,0.06679093837738037,3443,0.10891664246296834,0.0002904443799012489,0.5088585535869881,0.34156259076386875,0.0403717688062736,0.0,0.2529411764705882,0.2411764705882353,0.18235294117647058,0.6294117647058823,0.029411764705882353,0.21764705882352942,0.22941176470588237,0.41176470588235287,0.11764705882352941,0.9117647058823529,0.20588235294117646,0.3138888888888889,0.318355119825708,0.3205882352941176
139-005,Sirsukh (fortified ruined city),1000,E2024,2024,3490,0.483761727809906,0.352449506521225,0.5996951460838318,-0.094710573554039,-0.18659856915473938,-0.011583156883716583,-0.43036699295043945,-0.4629096984863281,-0.3743016719818115,-0.013408221304416656,-0.10212484002113342,0.06267642974853516,3490,0.0836676217765043,0.001146131805157593,0.49083094555873924,0.2842406876790831,0.14011461318051577,0.0,0.2411764705882353,0.8647058823529412,0.2647058823529412,0.4764705882352941,0.1588235294117647,0.2529411764705882,0.5588235294117647,0.41176470588235287,0.11764705882352941,0.9117647058823529,0.20588235294117646,0.5259259259259259,0.4988380537400145,0.48529411764705876
139-006,Dharmarajika stupa and monastery,1000,E2004,2004,3494,0.34345269203186035,0.2637591063976288,0.4501172602176666,0.009694010019302368,-0.08421320468187332,0.05527495592832565,-0.42752981185913086,-0.46091488003730774,-0.3891848027706146,0.08798563480377197,-0.0014164808671921492,0.13408006727695465,3494,0.04092730394962794,0.04979965655409273,0.5941614195764167,0.04922724670864339,0.2658843732112192,0.0,0.8058823529411765,0.8058823529411765,0.888235294117647,0.17058823529411765,0.8294117647058824,0.8470588235294118,0.8264705882352941,0.4803921568627451,0.4411764705882353,0.4411764705882353,0.5588235294117647,0.5166666666666666,0.6078431372549019,0.6534313725490196
139-006,Dharmarajika stupa and monastery,1000,E2009,2009,3494,0.32239192724227905,0.25013983249664307,0.43540021777153015,0.01903623901307583,-0.08292295038700104,0.05828172340989113,-0.41481876373291016,-0.4537185728549957,-0.3806803226470947,0.09419767558574677,-0.0011716666631400585,0.13294413685798645,3494,0.07784773898111047,0.10646823125357756,0.5206067544361763,0.031482541499713794,0.2635947338294219,0.0,0.9235294117647059,0.38235294117647056,0.9823529411764705,0.40588235294117647,0.9588235294117647,0.9529411764705882,0.6676470588235294,0.4803921568627451,0.4411764705882353,0.4411764705882353,0.5588235294117647,0.462037037037037,0.5366920842411038,0.5740196078431372
139-006,Dharmarajika stupa and monastery,1000,E2014,2014,3492,0.35639357566833496,0.2560325860977173,0.5449833273887634,0.0037453609984368086,-0.1291740983724594,0.05549229308962822,-0.418073445558548,-0.46971726417541504,-0.3669232130050659,0.07728008925914764,-0.049399469047784805,0.12218033522367477,3492,0.09221076746849943,0.037800687285223365,0.4699312714776632,0.1036655211912944,0.2963917525773196,0.0,0.7235294117647059,0.5117647058823529,0.8058823529411765,0.5470588235294118,0.7823529411764706,0.7647058823529411,0.638235294117647,0.4803921568627451,0.4411764705882353,0.4411764705882353,0.5588235294117647,0.4842592592592592,0.5342955700798838,0.5593137254901961
139-006,Dharmarajika stupa and monastery,1000,E2019,2019,3492,0.3998904824256897,0.29959291219711304,0.5686612725257874,-0.026946747675538063,-0.15193994343280792,0.0246222335845232,-0.4221200942993164,-0.46988674998283386,-0.37569719552993774,0.04978296905755997,-0.07702422887086868,0.09831956773996353,3492,0.07101947308132875,0.001145475372279496,0.4968499427262314,0.14948453608247422,0.28150057273768614,0.0,0.5117647058823529,0.6529411764705882,0.6176470588235294,0.37058823529411766,0.14705882352941177,0.5647058823529412,0.6088235294117648,0.4803921568627451,0.4411764705882353,0.4411764705882353,0.5588235294117647,0.3138888888888889,0.46770152505446627,0.544607843137255
139-006,Dharmarajika stupa and monastery,1000,E2024,2024,3494,0.47806939482688904,0.31492310762405396,0.6335634589195251,-0.08120421320199966,-0.2142723798751831,0.010563517920672894,-0.43302881717681885,-0.4833880066871643,-0.3843945860862732,-0.0007244333392009139,-0.13384507596492767,0.08614838868379593,3494,0.04493417286777333,0.007155123068116772,0.38494562106468233,0.25071551230681166,0.3122495706926159,0.0,0.2647058823529412,0.9,0.3235294117647059,0.20588235294117646,0.4176470588235294,0.29411764705882354,0.5970588235294118,0.4803921568627451,0.4411764705882353,0.4411764705882353,0.5588235294117647,0.5259259259259259,0.5344589687726943,0.5387254901960784
139-007,Khader Mohra (Akhuri),1000,E2004,2004,3493,0.3853459358215332,0.3252730369567871,0.47633257508277893,-0.02699563466012478,-0.12527497112751007,0.03783553093671799,-0.4267084300518036,-0.4761975407600403,-0.35555267333984375,0.05344640836119652,-0.033287253230810165,0.11150237172842026,3493,0.06699112510735757,0.009161179501860864,0.37904380188949327,0.06899513312338963,0.47580876037789865,0.0,0.6294117647058823,0.7705882352941177,0.6058823529411764,0.3235294117647059,0.5058823529411764,0.6176470588235294,0.6941176470588235,0.5980392156862745,0.7941176470588235,0.20588235294117646,0.7941176470588235,0.5166666666666666,0.6029411764705882,0.646078431372549
139-007,Khader Mohra (Akhuri),1000,E2009,2009,3493,0.3790520429611206,0.30297961831092834,0.47530853748321533,-0.026650942862033844,-0.11706699430942535,0.05242537707090378,-0.4242600202560425,-0.4706988036632538,-0.3648349642753601,0.05093295872211456,-0.03539561480283737,0.12413839995861053,3493,0.11022044088176353,0.004580589750930432,0.4217005439450329,0.07271686229602062,0.3907815631262525,0.0,0.6764705882352942,0.7235294117647059,0.6411764705882353,0.6529411764705882,0.3,0.6588235294117648,0.6911764705882353,0.5980392156862745,0.7941176470588235,0.20588235294117646,0.7941176470588235,0.462037037037037,0.5837509077705155,0.6446078431372548
139-007,Khader Mohra (Akhuri),1000,E2014,2014,3490,0.39630216360092163,0.3121180832386017,0.5530940294265747,-0.03217392414808273,-0.15870118141174316,0.052278004586696625,-0.4278755784034729,-0.47094061970710754,-0.35612988471984863,0.0457303524017334,-0.07141268253326416,0.1137414276599884,3490,0.04699140401146132,0.0169054441260745,0.29312320916905443,0.13782234957020056,0.5051575931232092,0.0,0.5352941176470588,0.8411764705882353,0.5705882352941176,0.21764705882352942,0.6764705882352942,0.5529411764705883,0.6970588235294117,0.5980392156862745,0.7941176470588235,0.20588235294117646,0.7941176470588235,0.4842592592592592,0.5931190994916484,0.6475490196078431
139-007,Khader Mohra (Akhuri),1000,E2019,2019,3487,0.43888047337532043,0.301730215549469,0.5997165441513062,-0.07531961053609848,-0.20620529353618622,0.04577476531267166,-0.4183768033981323,-0.45712313055992126,-0.34386661648750305,0.008227244950830936,-0.11739058047533035,0.1112820953130722,3487,0.061944364783481504,0.030398623458560366,0.27244049326068254,0.2658445655291081,0.3693719529681675,0.0,0.38235294117647056,0.5235294117647059,0.34705882352941175,0.27647058823529413,0.7235294117647059,0.36470588235294116,0.4441176470588235,0.5980392156862745,0.7941176470588235,0.20588235294117646,0.7941176470588235,0.3138888888888889,0.45201525054466224,0.521078431372549
139-007,Khader Mohra (Akhuri),1000,E2024,2024,3493,0.49962106347084045,0.3551296889781952,0.6372501850128174,-0.10553540289402008,-0.21505960822105408,0.005410613026469946,-0.4335595667362213,-0.4780868589878082,-0.37786364555358887,-0.021145617589354515,-0.13297118246555328,0.07837332040071487,3493,0.04151159461780704,0.00858860578299456,0.2619524763813341,0.36129401660463784,0.32665330661322645,0.0,0.1588235294117647,0.9235294117647059,0.20588235294117646,0.18235294117647058,0.4470588235294118,0.18235294117647058,0.5529411764705883,0.5980392156862745,0.7941176470588235,0.20588235294117646,0.7941176470588235,0.5259259259259259,0.5589687726942628,0.5754901960784313
139-008,Kalawan group of buildings,1000,E2004,2004,3498,0.3449563682079315,0.2654758393764496,0.4422402083873749,0.00875286664813757,-0.08681363612413406,0.05703740939497948,-0.42625147104263306,-0.4607289135456085,-0.3832339346408844,0.08703280985355377,-0.003214476862922311,0.1348930299282074,3498,0.06946826758147513,0.04488279016580903,0.582904516866781,0.032590051457975985,0.2701543739279588,0.0,0.7941176470588235,0.7588235294117647,0.8647058823529412,0.34705882352941175,0.8058823529411765,0.8294117647058823,0.7941176470588235,0.46078431372549017,0.5588235294117647,0.38235294117647056,0.4411764705882353,0.5166666666666666,0.5905228758169935,0.6274509803921569
139-008,Kalawan group of buildings,1000,E2009,2009,3498,0.3238481879234314,0.25202885270118713,0.4200902581214905,0.01671692356467247,-0.07587836682796478,0.05968586727976799,-0.413057804107666,-0.4530358910560608,-0.37449225783348083,0.09111571311950684,0.004744099918752909,0.13279075920581818,3498,0.120926243567753,0.0880503144654088,0.51915380217267,0.02115494568324757,0.2507146941109205,0.0,0.9117647058823529,0.31176470588235294,0.9588235294117647,0.7,0.888235294117647,0.9352941176470588,0.6235294117647059,0.46078431372549017,0.5588235294117647,0.38235294117647056,0.4411764705882353,0.462037037037037,0.5154502541757443,0.542156862745098
139-008,Kalawan group of buildings,1000,E2014,2014,3496,0.3496606945991516,0.25973400473594666,0.5081971883773804,0.005243320949375629,-0.10711213946342468,0.057823263108730316,-0.41378095746040344,-0.4645213186740875,-0.36621344089508057,0.07779905200004578,-0.029929867014288902,0.12370039522647858,3496,0.09553775743707094,0.03832951945080092,0.4751144164759725,0.07808924485125858,0.31292906178489704,0.0,0.7470588235294118,0.3588235294117647,0.8294117647058824,0.5588235294117647,0.7941176470588235,0.7882352941176471,0.573529411764706,0.46078431372549017,0.5588235294117647,0.38235294117647056,0.4411764705882353,0.4842592592592592,0.5061909949164851,0.5171568627450981
139-008,Kalawan group of buildings,1000,E2019,2019,3496,0.3907884359359741,0.29073476791381836,0.5422854423522949,-0.026577284559607506,-0.1364356130361557,0.03035024181008339,-0.4175263047218323,-0.46288543939590454,-0.3684895634651184,0.050747573375701904,-0.05610918253660202,0.10187990963459015,3496,0.07637299771167048,0.012299771167048055,0.48426773455377575,0.1215675057208238,0.30549199084668194,0.0,0.5705882352941176,0.4764705882352941,0.6529411764705882,0.3941176470588235,0.5705882352941176,0.611764705882353,0.5441176470588236,0.46078431372549017,0.5588235294117647,0.38235294117647056,0.4411764705882353,0.3138888888888889,0.4395969498910675,0.5024509803921569
139-008,Kalawan group of buildings,1000,E2024,2024,3498,0.4688715934753418,0.3180553615093231,0.6041145920753479,-0.07897971570491791,-0.19003553688526154,0.01159477885812521,-0.42757222056388855,-0.4741397500038147,-0.3825644254684448,0.0017530042678117752,-0.10759734362363815,0.08557338267564774,3498,0.04859919954259577,0.0065751858204688395,0.400800457404231,0.22612921669525443,0.31789594053744996,0.0,0.28823529411764703,0.8176470588235294,0.3352941176470588,0.2411764705882353,0.37058823529411766,0.31176470588235294,0.5647058823529412,0.46078431372549017,0.5588235294117647,0.38235294117647056,0.4411764705882353,0.5259259259259259,0.5171387073347857,0.5127450980392156
139-009,Giri complex of monuments,1000,E2004,2004,3483,0.5369659066200256,0.42654523253440857,0.620502769947052,-0.16435956954956055,-0.2827484905719757,-0.03519869223237038,-0.4176025092601776,-0.47370296716690063,-0.30027228593826294,-0.08035790920257568,-0.1843426525592804,0.04068494960665703,3483,0.012919896640826873,0.0008613264427217916,0.09244903818547229,0.6256101062302613,0.2681596325007178,0.0,0.08823529411764706,0.48823529411764705,0.06470588235294118,0.01764705882352941,0.12352941176470589,0.07647058823529412,0.2823529411764706,0.6568627450980392,0.9117647058823529,0.08823529411764706,0.9705882352941176,0.5166666666666666,0.4852941176470588,0.4696078431372549
139-009,Giri complex of monuments,1000,E2009,2009,3483,0.4857774078845978,0.3776792287826538,0.5839329361915588,-0.11747568100690842,-0.24385592341423035,-0.00048365123802796006,-0.4184197783470154,-0.47337135672569275,-0.31911370158195496,-0.039270225912332535,-0.1565006673336029,0.07305998355150223,3483,0.03588860178007465,0.001435544071202986,0.16221648004593742,0.4303761125466552,0.37008326155612975,0.0,0.21764705882352942,0.5352941176470588,0.17058823529411765,0.14705882352941177,0.18823529411764706,0.19411764705882353,0.36470588235294116,0.6568627450980392,0.9117647058823529,0.08823529411764706,0.9705882352941176,0.462037037037037,0.49453522149600576,0.5107843137254902
139-009,Giri complex of monuments,1000,E2014,2014,3476,0.5457407236099243,0.4052826762199402,0.7037315368652344,-0.1687169373035431,-0.3697075843811035,-0.018019486218690872,-0.43734368681907654,-0.4881574511528015,-0.1920873522758484,-0.08604835718870163,-0.26292484998703003,0.05714745074510574,3476,0.013521288837744535,0.0031645569620253164,0.0785385500575374,0.5923475258918297,0.31242807825086305,0.0,0.06470588235294118,0.9470588235294117,0.052941176470588235,0.029411764705882353,0.2529411764705882,0.058823529411764705,0.5029411764705882,0.6568627450980392,0.9117647058823529,0.08823529411764706,0.9705882352941176,0.4842592592592592,0.5480210602759622,0.5799019607843137
139-009,Giri complex of monuments,1000,E2019,2019,3462,0.532585859298706,0.3810482919216156,0.6921337842941284,-0.16083648800849915,-0.3343012034893036,-0.01882491633296013,-0.4353877902030945,-0.48534491658210754,-0.2381068915128708,-0.07690945267677307,-0.23860928416252136,0.06055884808301926,3462,0.01848642403235124,0.0031773541305603697,0.08665511265164645,0.5363951473136915,0.35528596187175043,0.0,0.1,0.9352941176470588,0.11176470588235295,0.1,0.2647058823529412,0.10588235294117648,0.5205882352941177,0.6568627450980392,0.9117647058823529,0.08823529411764706,0.9705882352941176,0.3138888888888889,0.4971132897603486,0.5887254901960784
139-009,Giri complex of monuments,1000,E2024,2024,3475,0.6348135471343994,0.49277952313423157,0.7285773754119873,-0.21234090626239777,-0.32304444909095764,-0.082265205681324,-0.4505937695503235,-0.4873526990413666,-0.3748834729194641,-0.13157813251018524,-0.23811647295951843,-0.00523736048489809,3475,0.011510791366906475,0.0005755395683453237,0.05611510791366906,0.7807194244604316,0.1510791366906475,0.0,0.0058823529411764705,0.9941176470588236,0.0058823529411764705,0.0058823529411764705,0.052941176470588235,0.0058823529411764705,0.5,0.6568627450980392,0.9117647058823529,0.08823529411764706,0.9705882352941176,0.5259259259259259,0.5609295570079883,0.5784313725490196
139-010,Kunala stupa and monastery,1000,E2004,2004,3496,0.3397185206413269,0.26117730140686035,0.4332018196582794,0.010651916265487671,-0.08193321526050568,0.06373138725757599,-0.4216715693473816,-0.4554951786994934,-0.3848516047000885,0.08810393512248993,0.0035527274012565613,0.13802163302898407,3496,0.06664759725400457,0.028890160183066362,0.7005148741418764,0.007723112128146453,0.19622425629290619,0.0,0.8411764705882353,0.6294117647058823,0.9117647058823529,0.3,0.7,0.8764705882352941,0.7529411764705882,0.4411764705882353,0.5,0.5,0.3235294117647059,0.5166666666666666,0.5702614379084967,0.5970588235294118
139-010,Kunala stupa and monastery,1000,E2009,2009,3496,0.3187647759914398,0.2448197603225708,0.41114798188209534,0.020460329949855804,-0.05840572342276573,0.06925731897354126,-0.41313454508781433,-0.4489416480064392,-0.3737296462059021,0.09307622909545898,0.01823248155415058,0.13828575611114502,3496,0.1312929061784897,0.07465675057208238,0.5995423340961098,0.002860411899313501,0.19164759725400457,0.0,0.9470588235294117,0.3235294117647059,0.9941176470588236,0.711764705882353,0.8764705882352941,0.9705882352941176,0.6470588235294118,0.4411764705882353,0.5,0.5,0.3235294117647059,0.462037037037037,0.5167574437182281,0.5441176470588236
139-010,Kunala stupa and monastery,1000,E2014,2014,3433,0.33853062987327576,0.24678754806518555,0.4857347309589386,0.01016667578369379,-0.0942353829741478,0.06983935087919235,-0.4044061601161957,-0.45341578125953674,-0.36992213129997253,0.08184465020895004,-0.014821972697973251,0.1309504359960556,3433,0.13865423827556073,0.03670259248470725,0.5514127585202447,0.04631517623070201,0.2269152344887853,0.0,0.8529411764705882,0.1588235294117647,0.9,0.7235294117647059,0.7705882352941177,0.8764705882352941,0.5176470588235293,0.4411764705882353,0.5,0.5,0.3235294117647059,0.4842592592592592,0.4810275962236746,0.4794117647058823
139-010,Kunala stupa and monastery,1000,E2019,2019,3413,0.3810482919216156,0.28109660744667053,0.5172736644744873,-0.021652214229106903,-0.12514261901378632,0.03969377651810646,-0.4097071588039398,-0.45426884293556213,-0.3660123646259308,0.054059334099292755,-0.04073122888803482,0.10747487843036652,3413,0.11866393202461178,0.012305889246996778,0.5774978025197773,0.07383533548198067,0.21769704072663346,0.0,0.6529411764705882,0.27647058823529413,0.6764705882352942,0.6882352941176471,0.5823529411764706,0.6647058823529413,0.4705882352941177,0.4411764705882353,0.5,0.5,0.3235294117647059,0.3138888888888889,0.40855119825708064,0.4558823529411765
139-010,Kunala stupa and monastery,1000,E2024,2024,3486,0.43095147609710693,0.285234272480011,0.5713236331939697,-0.05438455939292908,-0.1592252552509308,0.03859395906329155,-0.4171920418739319,-0.45994120836257935,-0.37271323800086975,0.023358654230833054,-0.07537296414375305,0.10493935644626617,3486,0.10441767068273092,0.00889271371199082,0.49713138267355134,0.14974182444061962,0.23981640849110727,0.0,0.4176470588235294,0.45294117647058824,0.4411764705882353,0.5941176470588235,0.4764705882352941,0.4294117647058824,0.4411764705882353,0.4411764705882353,0.5,0.5,0.3235294117647059,0.5259259259259259,0.46942628903413214,0.4411764705882353
139-011,Jandial complex,1000,E2004,2004,3495,0.3843028247356415,0.2959546744823456,0.4886060059070587,-0.030444566160440445,-0.1295756697654724,0.037450160831213,-0.41556134819984436,-0.4464617073535919,-0.37709760665893555,0.04691315442323685,-0.04250408709049225,0.10916057229042053,3495,0.08326180257510729,0.0031473533619456365,0.7648068669527897,0.06638054363376251,0.08240343347639485,0.0,0.6411764705882353,0.4176470588235294,0.5823529411764706,0.45294117647058824,0.22941176470588234,0.611764705882353,0.5147058823529412,0.46078431372549017,0.20588235294117646,0.7941176470588235,0.38235294117647056,0.5166666666666666,0.4973856209150327,0.48774509803921573
139-011,Jandial complex,1000,E2009,2009,3495,0.36142411828041077,0.2740158140659332,0.45505785942077637,-0.019508473575115204,-0.09767413139343262,0.039692871272563934,-0.4058336317539215,-0.4368739426136017,-0.36406344175338745,0.055255789309740067,-0.018202755600214005,0.10885229706764221,3495,0.19141630901287554,0.010014306151645207,0.7141630901287553,0.022317596566523604,0.06208869814020029,0.0,0.711764705882353,0.18235294117647058,0.6882352941176471,0.7823529411764706,0.5352941176470588,0.7,0.4411764705882353,0.46078431372549017,0.20588235294117646,0.7941176470588235,0.38235294117647056,0.462037037037037,0.45466594045025416,0.4509803921568627
139-011,Jandial complex,1000,E2014,2014,3424,0.3871411681175232,0.2724967896938324,0.5103801488876343,-0.02561555989086628,-0.12451927363872528,0.042824894189834595,-0.4034312963485718,-0.44626888632774353,-0.35492172837257385,0.047849755734205246,-0.04035406932234764,0.10869497805833817,3424,0.22780373831775702,0.004672897196261682,0.5554906542056075,0.08820093457943926,0.12383177570093458,0.0,0.6058823529411764,0.14705882352941177,0.6647058823529411,0.8411764705882353,0.3235294117647059,0.6352941176470588,0.3911764705882353,0.46078431372549017,0.20588235294117646,0.7941176470588235,0.38235294117647056,0.4842592592592592,0.4454066811909949,0.42598039215686273
139-011,Jandial complex,1000,E2019,2019,3415,0.40106549859046936,0.274158239364624,0.5486794114112854,-0.04110729694366455,-0.16951881349086761,0.030081141740083694,-0.39748895168304443,-0.4417768716812134,-0.3360484838485718,0.03647415712475777,-0.0770605131983757,0.09881320595741272,3415,0.2890190336749634,0.0005856515373352855,0.48872620790629573,0.1411420204978038,0.08052708638360176,0.0,0.48823529411764705,0.07647058823529412,0.5235294117647059,0.9352941176470588,0.07647058823529412,0.5058823529411764,0.29117647058823526,0.46078431372549017,0.20588235294117646,0.7941176470588235,0.38235294117647056,0.3138888888888889,0.35528322440087146,0.37598039215686274
139-011,Jandial complex,1000,E2024,2024,3483,0.43959352374076843,0.29679688811302185,0.5698922872543335,-0.06506317853927612,-0.16568590700626373,0.018604228273034096,-0.40925484895706177,-0.4555748999118805,-0.348341166973114,0.012225904501974583,-0.08086150139570236,0.08700739592313766,3483,0.20987654320987653,0.0017226528854435831,0.5162216480045937,0.16020671834625322,0.1119724375538329,0.0,0.3588235294117647,0.2647058823529412,0.4176470588235294,0.8058823529411765,0.20588235294117646,0.38823529411764707,0.3264705882352941,0.46078431372549017,0.20588235294117646,0.7941176470588235,0.38235294117647056,0.5259259259259259,0.43772694262890344,0.39362745098039215
139-012,Lalchak and Badalpur Buddhist stuppa,1000,E2004,2004,3488,0.465667188167572,0.32819700241088867,0.5495324730873108,-0.09766804426908493,-0.17319947481155396,-0.002954507479444146,-0.41725754737854004,-0.4415695071220398,-0.3760147988796234,-0.012695744633674622,-0.08620964735746384,0.07502838224172592,3488,0.09059633027522936,0.0045871559633027525,0.4506880733944954,0.31565366972477066,0.13618119266055045,0.0022935779816513763,0.31176470588235294,0.4647058823529412,0.2529411764705882,0.5352941176470588,0.31176470588235294,0.2823529411764706,0.3735294117647059,0.392156862745098,0.11764705882352941,0.9117647058823529,0.14705882352941177,0.5166666666666666,0.42745098039215684,0.38284313725490193
139-012,Lalchak and Badalpur Buddhist stuppa,1000,E2009,2009,3488,0.4754302501678467,0.3512222468852997,0.5518617033958435,-0.11058579385280609,-0.18135157227516174,-0.01570993661880493,-0.4135856628417969,-0.4398491382598877,-0.3749394416809082,-0.02840568870306015,-0.09759943187236786,0.05917249619960785,3488,0.0845756880733945,0.008887614678899083,0.5341169724770642,0.2666284403669725,0.10579128440366972,0.0,0.27647058823529413,0.34705882352941175,0.19411764705882353,0.48823529411764705,0.4647058823529412,0.23529411764705882,0.29117647058823526,0.392156862745098,0.11764705882352941,0.9117647058823529,0.14705882352941177,0.462037037037037,0.38179012345679003,0.3416666666666666
139-012,Lalchak and Badalpur Buddhist stuppa,1000,E2014,2014,3341,0.5219039916992188,0.35818716883659363,0.6612104177474976,-0.13144278526306152,-0.26179733872413635,-0.00415821373462677,-0.42220374941825867,-0.4481935203075409,-0.3854001760482788,-0.045195091515779495,-0.17538496851921082,0.07134831696748734,3341,0.06884166417240348,0.008081412750673452,0.2666866207722239,0.5441484585453457,0.11224184375935349,0.0,0.13529411764705881,0.6764705882352942,0.13529411764705881,0.3352941176470588,0.4294117647058823,0.13529411764705881,0.40588235294117647,0.392156862745098,0.11764705882352941,0.9117647058823529,0.14705882352941177,0.4842592592592592,0.4274328249818446,0.3990196078431372
139-012,Lalchak and Badalpur Buddhist stuppa,1000,E2019,2019,3324,0.5466647744178772,0.378558874130249,0.6849358081817627,-0.17081576585769653,-0.28991323709487915,-0.03742753714323044,-0.4156478941440582,-0.44062888622283936,-0.3696959912776947,-0.07760775089263916,-0.2026483118534088,0.04277975112199783,3324,0.08634175691937425,0.011131167268351384,0.22683513838748495,0.6212394705174489,0.054452466907340555,0.0,0.052941176470588235,0.4294117647058823,0.041176470588235294,0.5,0.5470588235294118,0.047058823529411764,0.23823529411764705,0.392156862745098,0.11764705882352941,0.9117647058823529,0.14705882352941177,0.3138888888888889,0.31476034858387797,0.31519607843137254
139-012,Lalchak and Badalpur Buddhist stuppa,1000,E2024,2024,3406,0.5682411193847656,0.41644540429115295,0.6766722202301025,-0.1615520417690277,-0.2627451419830322,-0.054172854870557785,-0.4384450614452362,-0.4629771113395691,-0.3881629705429077,-0.07704927027225494,-0.17980079352855682,0.02436361089348793,3406,0.05226071638285379,0.0008807985907222549,0.24251321197886083,0.585143863769818,0.11920140927774515,0.0,0.029411764705882353,0.9705882352941176,0.1,0.2647058823529412,0.13529411764705881,0.06470588235294118,0.5176470588235295,0.392156862745098,0.11764705882352941,0.9117647058823529,0.14705882352941177,0.5259259259259259,0.47857661583151784,0.4549019607843137
139-013,Mohra Moradu stupa and monastery,1000,E2004,2004,3493,0.38552093505859375,0.32559624314308167,0.47651392221450806,-0.027398552745580673,-0.12505751848220825,0.0379965715110302,-0.42680639028549194,-0.4761858582496643,-0.3561403155326843,0.05332198366522789,-0.033245015889406204,0.11144442856311798,3493,0.06670483824792442,0.009161179501860864,0.38505582593758947,0.0698539937016891,0.46922416261093614,0.0,0.6176470588235294,0.7823529411764706,0.5941176470588235,0.31176470588235294,0.5058823529411764,0.6058823529411765,0.6941176470588235,0.5392156862745098,0.7352941176470589,0.14705882352941177,0.7352941176470589,0.5166666666666666,0.5833333333333334,0.6166666666666667
139-013,Mohra Moradu stupa and monastery,1000,E2009,2009,3493,0.37986284494400024,0.3034595549106598,0.4757198095321655,-0.026860525831580162,-0.11732182651758194,0.05286034569144249,-0.424327552318573,-0.47089141607284546,-0.3654952645301819,0.05051865428686142,-0.035654157400131226,0.12413839995861053,3493,0.10764385914686515,0.0031491554537646724,0.4314342971657601,0.07243057543658746,0.38534211279702263,0.0,0.6647058823529411,0.7352941176470589,0.6294117647058823,0.6176470588235294,0.2411764705882353,0.6470588235294117,0.6911764705882353,0.5392156862745098,0.7352941176470589,0.14705882352941177,0.7352941176470589,0.462037037037037,0.5641430646332607,0.6151960784313726
139-013,Mohra Moradu stupa and monastery,1000,E2014,2014,3490,0.3970367908477783,0.31290295720100403,0.5533335208892822,-0.033197879791259766,-0.15955989062786102,0.052596449851989746,-0.42729508876800537,-0.470632404088974,-0.3567849397659302,0.04491855204105377,-0.07180935889482498,0.11396646499633789,3490,0.048137535816618914,0.016332378223495703,0.29914040114613183,0.14040114613180515,0.4959885386819484,0.0,0.5235294117647059,0.7941176470588235,0.5588235294117647,0.22941176470588234,0.6647058823529411,0.5411764705882354,0.6676470588235295,0.5392156862745098,0.7352941176470589,0.14705882352941177,0.7352941176470589,0.4842592592592592,0.5637073347857662,0.6034313725490197
139-013,Mohra Moradu stupa and monastery,1000,E2019,2019,3487,0.43936872482299805,0.3029928505420685,0.5996258854866028,-0.07529903948307037,-0.20648175477981567,0.045235469937324524,-0.4177362024784088,-0.4568968713283539,-0.3439441919326782,0.008227244950830936,-0.11739058047533035,0.11034552752971649,3487,0.06423860051620305,0.028964726125609408,0.2793232004588471,0.26469744766274733,0.3627760252365931,0.0,0.37058823529411766,0.5,0.3588235294117647,0.28823529411764703,0.711764705882353,0.3647058823529412,0.4323529411764706,0.5392156862745098,0.7352941176470589,0.14705882352941177,0.7352941176470589,0.3138888888888889,0.4284858387799564,0.4857843137254902
139-013,Mohra Moradu stupa and monastery,1000,E2024,2024,3493,0.49973174929618835,0.3565050959587097,0.6374510526657104,-0.10535097867250443,-0.21537548303604126,0.004557761829346418,-0.43348363041877747,-0.47804200649261475,-0.37786364555358887,-0.021297428756952286,-0.13376960158348083,0.07765410840511322,3493,0.041797881477240194,0.00858860578299456,0.2668193529916977,0.35957629544803893,0.32321786430002863,0.0,0.14705882352941177,0.9117647058823529,0.21764705882352942,0.19411764705882353,0.4470588235294118,0.1823529411764706,0.5470588235294118,0.5392156862745098,0.7352941176470589,0.14705882352941177,0.7352941176470589,0.5259259259259259,0.5374001452432825,0.5431372549019609
139-014,Pippala stupa and monastery,1000,E2004,2004,3491,0.39139214158058167,0.3177030682563782,0.5071712732315063,-0.03986901417374611,-0.13919705152511597,0.04442188888788223,-0.42417004704475403,-0.4670840799808502,-0.36578112840652466,0.04265002906322479,-0.051155198365449905,0.11358433961868286,3491,0.08020624462904612,0.006874820968203953,0.46863362933256947,0.11830421082784302,0.32598109424233745,0.0,0.5588235294117647,0.711764705882353,0.5352941176470588,0.4411764705882353,0.3941176470588235,0.5470588235294118,0.6294117647058823,0.5588235294117647,0.6764705882352942,0.3235294117647059,0.6764705882352942,0.5166666666666666,0.5683006535947712,0.5941176470588235
139-014,Pippala stupa and monastery,1000,E2009,2009,3491,0.39283448457717896,0.30901214480400085,0.4973698854446411,-0.0397079735994339,-0.1294008046388626,0.05542243272066116,-0.4212316572666168,-0.4639631509780884,-0.37006300687789917,0.03704235702753067,-0.048903293907642365,0.12090672552585602,3491,0.10398166714408479,0.0014322543683758235,0.5316528215411057,0.09710684617588083,0.26582641077055286,0.0,0.5470588235294118,0.6176470588235294,0.5470588235294118,0.5823529411764706,0.17058823529411765,0.5470588235294118,0.5823529411764706,0.5588235294117647,0.6764705882352942,0.3235294117647059,0.6764705882352942,0.462037037037037,0.5344045025417574,0.5705882352941176
139-014,Pippala stupa and monastery,1000,E2014,2014,3481,0.41578230261802673,0.30958208441734314,0.5700609087944031,-0.04549364745616913,-0.17540748417377472,0.05312548205256462,-0.41967645287513733,-0.46076908707618713,-0.35765138268470764,0.033206507563591,-0.08913245797157288,0.11461390554904938,3481,0.08790577420281528,0.01235277219189888,0.3634013214593508,0.20080436656133294,0.33553576558460213,0.0,0.45294117647058824,0.5705882352941176,0.4764705882352941,0.5117647058823529,0.5941176470588235,0.4647058823529412,0.5176470588235293,0.5588235294117647,0.6764705882352942,0.3235294117647059,0.6764705882352942,0.4842592592592592,0.5202432824981844,0.538235294117647
139-014,Pippala stupa and monastery,1000,E2019,2019,3478,0.44889402389526367,0.31181010603904724,0.5831688046455383,-0.08171860873699188,-0.20224177837371826,0.03136615455150604,-0.41118407249450684,-0.45016008615493774,-0.34197068214416504,0.001996734645217657,-0.10840343683958054,0.10086283087730408,3478,0.11328349626221966,0.01437607820586544,0.3464634847613571,0.2619321449108683,0.2639447958596895,0.0,0.34705882352941175,0.28823529411764703,0.3,0.6647058823529411,0.6411764705882353,0.32352941176470584,0.30588235294117644,0.5588235294117647,0.6764705882352942,0.3235294117647059,0.6764705882352942,0.3138888888888889,0.3928649237472767,0.4323529411764706
139-014,Pippala stupa and monastery,1000,E2024,2024,3489,0.49749556183815,0.35215213894844055,0.6343882083892822,-0.10228218138217926,-0.22197793424129486,0.004255376290529966,-0.427701860666275,-0.46866747736930847,-0.37084659934043884,-0.0203500147908926,-0.13816478848457336,0.07658710330724716,3489,0.07136715391229578,0.0060189165950128975,0.3404987102321582,0.35912869016910287,0.2229865290914302,0.0,0.17058823529411765,0.8294117647058824,0.22941176470588234,0.38235294117647056,0.3588235294117647,0.2,0.5147058823529412,0.5588235294117647,0.6764705882352942,0.3235294117647059,0.6764705882352942,0.5259259259259259,0.5331517792302106,0.536764705882353
139-015,Jaulian stupa and monastery,1000,E2004,2004,3491,0.3903939425945282,0.31066063046455383,0.5497496128082275,-0.04289572685956955,-0.17592403292655945,0.045291781425476074,-0.42280858755111694,-0.4709114730358124,-0.33477917313575745,0.04160836711525917,-0.0871410220861435,0.1148010790348053,3491,0.10598682325981094,0.011458034947006588,0.33657977656831856,0.17187052420509882,0.3741048410197651,0.0,0.5823529411764706,0.6882352941176471,0.5117647058823529,0.6058823529411764,0.5588235294117647,0.5470588235294118,0.6176470588235294,0.6568627450980392,0.8529411764705882,0.2647058823529412,0.8529411764705882,0.5166666666666666,0.5970588235294118,0.6372549019607843
139-015,Jaulian stupa and monastery,1000,E2009,2009,3491,0.38785362243652344,0.3081444799900055,0.525631308555603,-0.04322361573576927,-0.157780721783638,0.05449682101607323,-0.4209088981151581,-0.468922883272171,-0.35145315527915955,0.036333564668893814,-0.07530544698238373,0.12222714722156525,3491,0.10913778287023776,0.0037238613577771414,0.39959896877685475,0.15754798052134059,0.3299914064737898,0.0,0.5941176470588235,0.5941176470588235,0.5,0.6411764705882353,0.28823529411764703,0.5470588235294118,0.5705882352941176,0.6568627450980392,0.8529411764705882,0.2647058823529412,0.8529411764705882,0.462037037037037,0.563162672476398,0.6137254901960785
139-015,Jaulian stupa and monastery,1000,E2014,2014,3486,0.45175641775131226,0.3207886517047882,0.6530241966247559,-0.07009916752576828,-0.24736635386943817,0.04511062800884247,-0.4254305064678192,-0.47426387667655945,-0.35080286860466003,0.010106170549988747,-0.1616898477077484,0.10801447927951813,3486,0.07028112449799197,0.013482501434308663,0.24899598393574296,0.2983362019506598,0.3689041881812966,0.0,0.3352941176470588,0.7470588235294118,0.37058823529411766,0.3588235294117647,0.6176470588235294,0.3529411764705882,0.55,0.6568627450980392,0.8529411764705882,0.2647058823529412,0.8529411764705882,0.4842592592592592,0.5637073347857662,0.6034313725490197
139-015,Jaulian stupa and monastery,1000,E2019,2019,3448,0.4635946750640869,0.3236801028251648,0.6350333094596863,-0.08590202778577805,-0.2491588443517685,0.020910143852233887,-0.42027249932289124,-0.46923306584358215,-0.34398868680000305,-0.0009563355124555528,-0.16143424808979034,0.09075804054737091,3448,0.07859628770301624,0.014211136890951276,0.22157772621809746,0.29147331786542924,0.3941415313225058,0.0,0.3235294117647059,0.5823529411764706,0.28823529411764703,0.4176470588235294,0.6294117647058823,0.3058823529411765,0.44411764705882356,0.6568627450980392,0.8529411764705882,0.2647058823529412,0.8529411764705882,0.3138888888888889,0.47162309368191724,0.5504901960784314
139-015,Jaulian stupa and monastery,1000,E2024,2024,3490,0.5444291830062866,0.3804781138896942,0.6822241544723511,-0.13299289345741272,-0.260537326335907,-0.01558521669358015,-0.43828773498535156,-0.48398807644844055,-0.3776307702064514,-0.05034042149782181,-0.17986907064914703,0.058531008660793304,3490,0.0495702005730659,0.006876790830945559,0.17822349570200574,0.48911174785100286,0.27621776504297996,0.0,0.07647058823529412,0.9588235294117647,0.12352941176470589,0.2529411764705882,0.40588235294117647,0.1,0.5294117647058824,0.6568627450980392,0.8529411764705882,0.2647058823529412,0.8529411764705882,0.5259259259259259,0.5707334785766158,0.5931372549019608
139-016,Lalchak mounds,1000,E2004,2004,3489,0.432150274515152,0.3505573272705078,0.5203045010566711,-0.06712070107460022,-0.14451897144317627,0.0051950979977846146,-0.4231571555137634,-0.4476388096809387,-0.39732906222343445,0.01569002866744995,-0.05853140726685524,0.08097841590642929,3489,0.01662367440527372,0.0008598452278589854,0.6560619088564058,0.16910289481226712,0.15735167669819433,0.0,0.3941176470588235,0.7,0.4,0.06470588235294118,0.10588235294117647,0.3970588235294118,0.5485294117647059,0.3235294117647059,0.029411764705882353,0.9117647058823529,0.029411764705882353,0.5166666666666666,0.4629084967320261,0.4360294117647059
139-016,Lalchak mounds,1000,E2009,2009,3489,0.42902758717536926,0.33666709065437317,0.5193153023719788,-0.06718496233224869,-0.14338797330856323,0.007102504838258028,-0.41856053471565247,-0.44325000047683716,-0.38931864500045776,0.011772270314395428,-0.06280517578125,0.0821775421500206,3489,0.03869303525365434,0.0008598452278589854,0.7431928919461164,0.11837202636858699,0.09888220120378331,0.0,0.4294117647058823,0.5470588235294118,0.38235294117647056,0.1588235294117647,0.10588235294117647,0.40588235294117647,0.47647058823529415,0.3235294117647059,0.029411764705882353,0.9117647058823529,0.029411764705882353,0.462037037037037,0.420679012345679,0.4
139-016,Lalchak mounds,1000,E2014,2014,3485,0.4838181734085083,0.31341084837913513,0.6650732159614563,-0.09400403499603271,-0.26379039883613586,0.024517258629202843,-0.42184364795684814,-0.44756072759628296,-0.3856811225414276,-0.012642384506762028,-0.1790904402732849,0.09495449811220169,3485,0.08350071736011477,0.006599713055954089,0.412051649928264,0.39626972740315636,0.10157819225251076,0.0,0.22941176470588234,0.6411764705882353,0.27647058823529413,0.4647058823529412,0.38235294117647056,0.2529411764705882,0.4470588235294118,0.3235294117647059,0.029411764705882353,0.9117647058823529,0.029411764705882353,0.4842592592592592,0.418282498184459,0.38529411764705884
139-016,Lalchak mounds,1000,E2019,2019,3429,0.48700517416000366,0.33812567591667175,0.6296184659004211,-0.12196771055459976,-0.25179311633110046,-0.00939461961388588,-0.408976674079895,-0.4358530044555664,-0.3633449673652649,-0.030344152823090553,-0.15961411595344543,0.06785188615322113,3429,0.11344415281423155,0.0005832604257801109,0.49285505978419364,0.3648293963254593,0.028288130650335374,0.0,0.20588235294117646,0.2529411764705882,0.1588235294117647,0.6764705882352942,0.06470588235294118,0.18235294117647058,0.21764705882352942,0.3235294117647059,0.029411764705882353,0.9117647058823529,0.029411764705882353,0.3138888888888889,0.28502178649237475,0.2705882352941177
139-016,Lalchak mounds,1000,E2024,2024,3483,0.49251043796539307,0.3492436110973358,0.6118034720420837,-0.10220178216695786,-0.19907870888710022,-0.011202282272279263,-0.42989832162857056,-0.4632551670074463,-0.371772825717926,-0.019582241773605347,-0.11497468501329422,0.06324999034404755,3483,0.08814240597186333,0.001435544071202986,0.4590869939707149,0.3161068044788975,0.13522825150732126,0.0,0.19411764705882353,0.8529411764705882,0.2411764705882353,0.5235294117647059,0.18823529411764706,0.21764705882352942,0.5352941176470588,0.3235294117647059,0.029411764705882353,0.9117647058823529,0.029411764705882353,0.5259259259259259,0.4615831517792302,0.4294117647058824
139-017,Buddhist remains around Bhallar stupa,1000,E2004,2004,3494,0.3260107636451721,0.16805140674114227,0.4351760745048523,0.005688736215233803,-0.1013684868812561,0.07115013152360916,-0.39870738983154297,-0.436543732881546,-0.31138721108436584,0.08109091222286224,-0.017986083403229713,0.13483954966068268,3494,0.3002289639381797,0.048654836863194044,0.5578133943903835,0.03262736119061248,0.06067544361763022,0.0,0.888235294117647,0.08823529411764706,0.8411764705882353,0.9470588235294117,0.8176470588235294,0.8647058823529412,0.47647058823529415,0.6568627450980392,0.6176470588235294,0.7352941176470589,0.6176470588235294,0.5166666666666666,0.5499999999999999,0.5666666666666667
139-017,Buddhist remains around Bhallar stupa,1000,E2009,2009,3494,0.30493423342704773,0.1513652503490448,0.41312530636787415,0.0172404944896698,-0.08750176429748535,0.08061832934617996,-0.39193013310432434,-0.4328034818172455,-0.30917802453041077,0.09009237587451935,-0.00644773431122303,0.14128276705741882,3494,0.3397252432741843,0.09759587864911276,0.49084144247281053,0.01917572982255295,0.05266170578133944,0.0,0.9823529411764705,0.041176470588235294,0.9705882352941176,0.9823529411764705,0.9352941176470588,0.9764705882352941,0.5088235294117647,0.6568627450980392,0.6176470588235294,0.7352941176470589,0.6176470588235294,0.462037037037037,0.5425744371822803,0.5828431372549019
139-017,Buddhist remains around Bhallar stupa,1000,E2014,2014,2919,0.3242760896682739,0.20724862813949585,0.48861223459243774,-0.000287380360532552,-0.12106442451477051,0.07100290060043335,-0.3866725564002991,-0.4328436851501465,-0.32452407479286194,0.07826700061559677,-0.03151048719882965,0.13669715821743011,2919,0.262761219595752,0.09763617677286741,0.4614594039054471,0.07159986296676944,0.1065433367591641,0.0,0.9,0.01764705882352941,0.7823529411764706,0.8764705882352941,0.9470588235294117,0.8411764705882353,0.4294117647058824,0.6568627450980392,0.6176470588235294,0.7352941176470589,0.6176470588235294,0.4842592592592592,0.5235112563543937,0.5431372549019609
139-017,Buddhist remains around Bhallar stupa,1000,E2019,2019,2911,0.345770001411438,0.19216258823871613,0.4821263551712036,-0.018188336864113808,-0.13291925191879272,0.05614890903234482,-0.3833741247653961,-0.4243409037590027,-0.3036888539791107,0.062439076602458954,-0.03874439746141434,0.12723176181316376,2911,0.2665750601167983,0.08828581243558914,0.45139127447612504,0.0663002404671934,0.12744761250429407,0.0,0.7823529411764706,0.0058823529411764705,0.711764705882353,0.888235294117647,0.9,0.7470588235294118,0.3764705882352941,0.6568627450980392,0.6176470588235294,0.7352941176470589,0.6176470588235294,0.3138888888888889,0.449074074074074,0.5166666666666666
139-017,Buddhist remains around Bhallar stupa,1000,E2024,2024,3266,0.3416663706302643,0.1756162941455841,0.5209028720855713,-0.007244106847792864,-0.13012948632240295,0.07242784649133682,-0.39349040389060974,-0.440970778465271,-0.3079950213432312,0.07086791098117828,-0.04557821899652481,0.13898643851280212,3266,0.23055725658297613,0.09522351500306185,0.4503980404164115,0.0964482547458665,0.12737293325168403,0.0,0.8176470588235294,0.052941176470588235,0.7470588235294118,0.8529411764705882,0.9117647058823529,0.7823529411764706,0.4176470588235294,0.6568627450980392,0.6176470588235294,0.7352941176470589,0.6176470588235294,0.5259259259259259,0.5334785766158315,0.5372549019607843
139-018,Giri Mosque and tombs,1000,E2004,2004,3491,0.5313573479652405,0.3985341489315033,0.6227130889892578,-0.16156181693077087,-0.28529322147369385,-0.020878314971923828,-0.41487056016921997,-0.47210246324539185,-0.30918392539024353,-0.07725658267736435,-0.18822342157363892,0.05657634139060974,3491,0.0146089945574334,0.0005729017473503294,0.12431967917502149,0.5889429962761387,0.27155542824405615,0.0,0.11176470588235295,0.3941176470588235,0.08823529411764706,0.052941176470588235,0.041176470588235294,0.1,0.24705882352941178,0.6372549019607843,0.9705882352941176,0.029411764705882353,0.9117647058823529,0.5166666666666666,0.46699346405228753,0.442156862745098
139-018,Giri Mosque and tombs,1000,E2009,2009,3491,0.4943636655807495,0.3603947162628174,0.5917727947235107,-0.12783750891685486,-0.250578910112381,0.0053324042819440365,-0.41355693340301514,-0.4700354337692261,-0.31898659467697144,-0.048976656049489975,-0.16369971632957458,0.079090915620327,3491,0.03466055571469493,0.0022916069894013177,0.17817244342595245,0.47694070466914923,0.3079346892008021,0.0,0.18235294117647058,0.3352941176470588,0.14705882352941177,0.13529411764705881,0.21764705882352942,0.16470588235294117,0.25,0.6372549019607843,0.9705882352941176,0.029411764705882353,0.9117647058823529,0.462037037037037,0.44976397966594045,0.44362745098039214
139-018,Giri Mosque and tombs,1000,E2014,2014,3483,0.5531600713729858,0.3925212025642395,0.720405101776123,-0.18171831965446472,-0.37468430399894714,-0.009253334254026413,-0.43299174308776855,-0.48744767904281616,-0.16829204559326172,-0.09779921174049377,-0.26920583844184875,0.06342187523841858,3483,0.017226528854435832,0.005455067470571347,0.08728107952914155,0.6141257536606374,0.2759115704852139,0.0,0.041176470588235294,0.888235294117647,0.029411764705882353,0.08823529411764706,0.3352941176470588,0.03529411764705882,0.4617647058823529,0.6372549019607843,0.9705882352941176,0.029411764705882353,0.9117647058823529,0.4842592592592592,0.5277596223674654,0.5495098039215686
139-018,Giri Mosque and tombs,1000,E2019,2019,3466,0.5245875120162964,0.3700560927391052,0.700816810131073,-0.161577045917511,-0.3348177671432495,-0.015738261863589287,-0.4322758913040161,-0.48438310623168945,-0.23346993327140808,-0.0772576779127121,-0.2416938841342926,0.06508296728134155,3466,0.023658395845354875,0.003462204270051933,0.10213502596653203,0.5354875937680323,0.33525678015002885,0.0,0.12352941176470589,0.8764705882352941,0.07647058823529412,0.11176470588235295,0.27647058823529413,0.1,0.48823529411764705,0.6372549019607843,0.9705882352941176,0.029411764705882353,0.9117647058823529,0.3138888888888889,0.4797930283224401,0.5627450980392157
139-018,Giri Mosque and tombs,1000,E2024,2024,3477,0.6282167434692383,0.4741838872432709,0.7338172197341919,-0.20925791561603546,-0.3299831748008728,-0.0715651661157608,-0.4474499523639679,-0.48828744888305664,-0.37017056345939636,-0.12821727991104126,-0.2437492161989212,0.007685367949306965,3477,0.014380212827149842,0.0,0.07880356629278114,0.732815645671556,0.1740005752085131,0.0,0.01764705882352941,0.9823529411764705,0.01764705882352941,0.041176470588235294,0.0058823529411764705,0.01764705882352941,0.5,0.6372549019607843,0.9705882352941176,0.029411764705882353,0.9117647058823529,0.5259259259259259,0.55439360929557,0.5686274509803921
