{
  "type": "FeatureCollection",
  "features": [
    {
      "type": "Feature",
      "properties": {
        "component_id": "139-001",
        "name": "Khanpur Cave",
        "radius_m": 250,
        "geometry_role": "analytical_neighbourhood",
        "is_legal_buffer": false
      },
      "geometry": {
        "type": "Polygon",
        "coordinates": [
          [
            [
              306708.264,
              3741856.876
            ],
            [
              306707.729,
              3741873.227
            ],
            [
              306706.125,
              3741889.508
            ],
            [
              306703.46,
              3741905.649
            ],
            [
              306699.745,
              3741921.581
            ],
            [
              306694.997,
              3741937.236
            ],
            [
              306689.234,
              3741952.547
            ],
            [
              306682.482,
              3741967.448
            ],
            [
              306674.77,
              3741981.876
            ],
            [
              306666.131,
              3741995.769
            ],
            [
              306656.602,
              3742009.066
            ],
            [
              306646.224,
              3742021.712
            ],
            [
              306635.041,
              3742033.653
            ],
            [
              306623.1,
              3742044.836
            ],
            [
              306610.454,
              3742055.214
            ],
            [
              306597.157,
              3742064.743
            ],
            [
              306583.264,
              3742073.382
            ],
            [
              306568.836,
              3742081.094
            ],
            [
              306553.935,
              3742087.846
            ],
            [
              306538.624,
              3742093.609
            ],
            [
              306522.969,
              3742098.357
            ],
            [
              306507.037,
              3742102.072
            ],
            [
              306490.896,
              3742104.737
            ],
            [
              306474.615,
              3742106.341
            ],
            [
              306458.264,
              3742106.876
            ],
            [
              306441.913,
              3742106.341
            ],
            [
              306425.632,
              3742104.737
            ],
            [
              306409.491,
              3742102.072
            ],
            [
              306393.559,
              3742098.357
            ],
            [
              306377.904,
              3742093.609
            ],
            [
              306362.593,
              3742087.846
            ],
            [
              306347.692,
              3742081.094
            ],
            [
              306333.264,
              3742073.382
            ],
            [
              306319.371,
              3742064.743
            ],
            [
              306306.074,
              3742055.214
            ],
            [
              306293.428,
              3742044.836
            ],
            [
              306281.487,
              3742033.653
            ],
            [
              306270.304,
              3742021.712
            ],
            [
              306259.926,
              3742009.066
            ],
            [
              306250.397,
              3741995.769
            ],
            [
              306241.758,
              3741981.876
            ],
            [
              306234.046,
              3741967.448
            ],
            [
              306227.294,
              3741952.547
            ],
            [
              306221.531,
              3741937.236
            ],
            [
              306216.783,
              3741921.581
            ],
            [
              306213.068,
              3741905.649
            ],
            [
              306210.403,
              3741889.508
            ],
            [
              306208.799,
              3741873.227
            ],
            [
              306208.264,
              3741856.876
            ],
            [
              306208.799,
              3741840.525
            ],
            [
              306210.403,
              3741824.244
            ],
            [
              306213.068,
              3741808.103
            ],
            [
              306216.783,
              3741792.171
            ],
            [
              306221.531,
              3741776.516
            ],
            [
              306227.294,
              3741761.205
            ],
            [
              306234.046,
              3741746.304
            ],
            [
              306241.758,
              3741731.876
            ],
            [
              306250.397,
              3741717.983
            ],
            [
              306259.926,
              3741704.686
            ],
            [
              306270.304,
              3741692.04
            ],
            [
              306281.487,
              3741680.099
            ],
            [
              306293.428,
              3741668.916
            ],
            [
              306306.074,
              3741658.538
            ],
            [
              306319.371,
              3741649.009
            ],
            [
              306333.264,
              3741640.37
            ],
            [
              306347.692,
              3741632.658
            ],
            [
              306362.593,
              3741625.906
            ],
            [
              306377.904,
              3741620.143
            ],
            [
              306393.559,
              3741615.395
            ],
            [
              306409.491,
              3741611.68
            ],
            [
              306425.632,
              3741609.015
            ],
            [
              306441.913,
              3741607.411
            ],
            [
              306458.264,
              3741606.876
            ],
            [
              306474.615,
              3741607.411
            ],
            [
              306490.896,
              3741609.015
            ],
            [
              306507.037,
              3741611.68
            ],
            [
              306522.969,
              3741615.395
            ],
            [
              306538.624,
              3741620.143
            ],
            [
              306553.935,
              3741625.906
            ],
            [
              306568.836,
              3741632.658
            ],
            [
              306583.264,
              3741640.37
            ],
            [
              306597.157,
              3741649.009
            ],
            [
              306610.454,
              3741658.538
            ],
            [
              306623.1,
              3741668.916
            ],
            [
              306635.041,
              3741680.099
            ],
            [
              306646.224,
              3741692.04
            ],
            [
              306656.602,
              3741704.686
            ],
            [
              306666.131,
              3741717.983
            ],
            [
              306674.77,
              3741731.876
            ],
            [
              306682.482,
              3741746.304
            ],
            [
              306689.234,
              3741761.205
            ],
            [
              306694.997,
              3741776.516
            ],
            [
              306699.745,
              3741792.171
            ],
            [
              306703.46,
              3741808.103
            ],
            [
              306706.125,
              3741824.244
            ],
            [
              306707.729,
              3741840.525
            ],
            [
              306708.264,
              3741856.876
            ]
          ]
        ]
      }
    },
    {
      "type": "Feature",
      "properties": {
        "component_id": "139-001",
        "name": "Khanpur Cave",
        "radius_m": 500,
        "geometry_role": "analytical_neighbourhood",
        "is_legal_buffer": false
      },
      "geometry": {
        "type": "Polygon",
        "coordinates": [
          [
            [
              306958.264,
              3741856.876
            ],
            [
              306957.193,
              3741889.578
            ],
            [
              306953.986,
              3741922.139
            ],
            [
              306948.657,
              3741954.421
            ],
            [
              306941.227,
              3741986.286
            ],
            [
              306931.729,
              3742017.596
            ],
            [
              306920.204,
              3742048.218
            ],
            [
              306906.7,
              3742078.02
            ],
            [
              306891.277,
              3742106.876
            ],
            [
              306873.999,
              3742134.661
            ],
            [
              306854.941,
              3742161.257
            ],
            [
              306834.184,
              3742186.549
            ],
            [
              306811.817,
              3742210.429
            ],
            [
              306787.937,
              3742232.796
            ],
            [
              306762.645,
              3742253.553
            ],
            [
              306736.049,
              3742272.611
            ],
            [
              306708.264,
              3742289.889
            ],
            [
              306679.408,
              3742305.312
            ],
            [
              306649.606,
              3742318.816
            ],
            [
              306618.984,
              3742330.341
            ],
            [
              306587.674,
              3742339.839
            ],
            [
              306555.809,
              3742347.269
            ],
            [
              306523.527,
              3742352.598
            ],
            [
              306490.966,
              3742355.805
            ],
            [
              306458.264,
              3742356.876
            ],
            [
              306425.562,
              3742355.805
            ],
            [
              306393.001,
              3742352.598
            ],
            [
              306360.719,
              3742347.269
            ],
            [
              306328.854,
              3742339.839
            ],
            [
              306297.544,
              3742330.341
            ],
            [
              306266.922,
              3742318.816
            ],
            [
              306237.12,
              3742305.312
            ],
            [
              306208.264,
              3742289.889
            ],
            [
              306180.479,
              3742272.611
            ],
            [
              306153.883,
              3742253.553
            ],
            [
              306128.591,
              3742232.796
            ],
            [
              306104.711,
              3742210.429
            ],
            [
              306082.344,
              3742186.549
            ],
            [
              306061.587,
              3742161.257
            ],
            [
              306042.529,
              3742134.661
            ],
            [
              306025.251,
              3742106.876
            ],
            [
              306009.828,
              3742078.02
            ],
            [
              305996.324,
              3742048.218
            ],
            [
              305984.799,
              3742017.596
            ],
            [
              305975.301,
              3741986.286
            ],
            [
              305967.871,
              3741954.421
            ],
            [
              305962.542,
              3741922.139
            ],
            [
              305959.335,
              3741889.578
            ],
            [
              305958.264,
              3741856.876
            ],
            [
              305959.335,
              3741824.174
            ],
            [
              305962.542,
              3741791.613
            ],
            [
              305967.871,
              3741759.331
            ],
            [
              305975.301,
              3741727.466
            ],
            [
              305984.799,
              3741696.156
            ],
            [
              305996.324,
              3741665.534
            ],
            [
              306009.828,
              3741635.732
            ],
            [
              306025.251,
              3741606.876
            ],
            [
              306042.529,
              3741579.091
            ],
            [
              306061.587,
              3741552.495
            ],
            [
              306082.344,
              3741527.203
            ],
            [
              306104.711,
              3741503.323
            ],
            [
              306128.591,
              3741480.956
            ],
            [
              306153.883,
              3741460.199
            ],
            [
              306180.479,
              3741441.141
            ],
            [
              306208.264,
              3741423.863
            ],
            [
              306237.12,
              3741408.44
            ],
            [
              306266.922,
              3741394.936
            ],
            [
              306297.544,
              3741383.411
            ],
            [
              306328.854,
              3741373.913
            ],
            [
              306360.719,
              3741366.483
            ],
            [
              306393.001,
              3741361.154
            ],
            [
              306425.562,
              3741357.947
            ],
            [
              306458.264,
              3741356.876
            ],
            [
              306490.966,
              3741357.947
            ],
            [
              306523.527,
              3741361.154
            ],
            [
              306555.809,
              3741366.483
            ],
            [
              306587.674,
              3741373.913
            ],
            [
              306618.984,
              3741383.411
            ],
            [
              306649.606,
              3741394.936
            ],
            [
              306679.408,
              3741408.44
            ],
            [
              306708.264,
              3741423.863
            ],
            [
              306736.049,
              3741441.141
            ],
            [
              306762.645,
              3741460.199
            ],
            [
              306787.937,
              3741480.956
            ],
            [
              306811.817,
              3741503.323
            ],
            [
              306834.184,
              3741527.203
            ],
            [
              306854.941,
              3741552.495
            ],
            [
              306873.999,
              3741579.091
            ],
            [
              306891.277,
              3741606.876
            ],
            [
              306906.7,
              3741635.732
            ],
            [
              306920.204,
              3741665.534
            ],
            [
              306931.729,
              3741696.156
            ],
            [
              306941.227,
              3741727.466
            ],
            [
              306948.657,
              3741759.331
            ],
            [
              306953.986,
              3741791.613
            ],
            [
              306957.193,
              3741824.174
            ],
            [
              306958.264,
              3741856.876
            ]
          ]
        ]
      }
    },
    {
      "type": "Feature",
      "properties": {
        "component_id": "139-001",
        "name": "Khanpur Cave",
        "radius_m": 1000,
        "geometry_role": "analytical_neighbourhood",
        "is_legal_buffer": false
      },
      "geometry": {
        "type": "Polygon",
        "coordinates": [
          [
            [
              307458.264,
              3741856.876
            ],
            [
              307456.123,
              3741922.279
            ],
            [
              307449.709,
              3741987.402
            ],
            [
              307439.049,
              3742051.966
            ],
            [
              307424.19,
              3742115.695
            ],
            [
              307405.194,
              3742178.315
            ],
            [
              307382.144,
              3742239.559
            ],
            [
              307355.137,
              3742299.165
            ],
            [
              307324.289,
              3742356.876
            ],
            [
              307289.734,
              3742412.446
            ],
            [
              307251.617,
              3742465.637
            ],
            [
              307210.104,
              3742516.222
            ],
            [
              307165.371,
              3742563.983
            ],
            [
              307117.61,
              3742608.716
            ],
            [
              307067.025,
              3742650.229
            ],
            [
              307013.834,
              3742688.346
            ],
            [
              306958.264,
              3742722.901
            ],
            [
              306900.553,
              3742753.749
            ],
            [
              306840.947,
              3742780.756
            ],
            [
              306779.703,
              3742803.806
            ],
            [
              306717.083,
              3742822.802
            ],
            [
              306653.354,
              3742837.661
            ],
            [
              306588.79,
              3742848.321
            ],
            [
              306523.667,
              3742854.735
            ],
            [
              306458.264,
              3742856.876
            ],
            [
              306392.861,
              3742854.735
            ],
            [
              306327.738,
              3742848.321
            ],
            [
              306263.174,
              3742837.661
            ],
            [
              306199.445,
              3742822.802
            ],
            [
              306136.825,
              3742803.806
            ],
            [
              306075.581,
              3742780.756
            ],
            [
              306015.975,
              3742753.749
            ],
            [
              305958.264,
              3742722.901
            ],
            [
              305902.694,
              3742688.346
            ],
            [
              305849.503,
              3742650.229
            ],
            [
              305798.918,
              3742608.716
            ],
            [
              305751.157,
              3742563.983
            ],
            [
              305706.424,
              3742516.222
            ],
            [
              305664.911,
              3742465.637
            ],
            [
              305626.794,
              3742412.446
            ],
            [
              305592.239,
              3742356.876
            ],
            [
              305561.391,
              3742299.165
            ],
            [
              305534.384,
              3742239.559
            ],
            [
              305511.334,
              3742178.315
            ],
            [
              305492.338,
              3742115.695
            ],
            [
              305477.479,
              3742051.966
            ],
            [
              305466.819,
              3741987.402
            ],
            [
              305460.405,
              3741922.279
            ],
            [
              305458.264,
              3741856.876
            ],
            [
              305460.405,
              3741791.473
            ],
            [
              305466.819,
              3741726.35
            ],
            [
              305477.479,
              3741661.786
            ],
            [
              305492.338,
              3741598.057
            ],
            [
              305511.334,
              3741535.437
            ],
            [
              305534.384,
              3741474.193
            ],
            [
              305561.391,
              3741414.587
            ],
            [
              305592.239,
              3741356.876
            ],
            [
              305626.794,
              3741301.306
            ],
            [
              305664.911,
              3741248.115
            ],
            [
              305706.424,
              3741197.53
            ],
            [
              305751.157,
              3741149.769
            ],
            [
              305798.918,
              3741105.036
            ],
            [
              305849.503,
              3741063.523
            ],
            [
              305902.694,
              3741025.406
            ],
            [
              305958.264,
              3740990.851
            ],
            [
              306015.975,
              3740960.003
            ],
            [
              306075.581,
              3740932.996
            ],
            [
              306136.825,
              3740909.946
            ],
            [
              306199.445,
              3740890.95
            ],
            [
              306263.174,
              3740876.091
            ],
            [
              306327.738,
              3740865.431
            ],
            [
              306392.861,
              3740859.017
            ],
            [
              306458.264,
              3740856.876
            ],
            [
              306523.667,
              3740859.017
            ],
            [
              306588.79,
              3740865.431
            ],
            [
              306653.354,
              3740876.091
            ],
            [
              306717.083,
              3740890.95
            ],
            [
              306779.703,
              3740909.946
            ],
            [
              306840.947,
              3740932.996
            ],
            [
              306900.553,
              3740960.003
            ],
            [
              306958.264,
              3740990.851
            ],
            [
              307013.834,
              3741025.406
            ],
            [
              307067.025,
              3741063.523
            ],
            [
              307117.61,
              3741105.036
            ],
            [
              307165.371,
              3741149.769
            ],
            [
              307210.104,
              3741197.53
            ],
            [
              307251.617,
              3741248.115
            ],
            [
              307289.734,
              3741301.306
            ],
            [
              307324.289,
              3741356.876
            ],
            [
              307355.137,
              3741414.587
            ],
            [
              307382.144,
              3741474.193
            ],
            [
              307405.194,
              3741535.437
            ],
            [
              307424.19,
              3741598.057
            ],
            [
              307439.049,
              3741661.786
            ],
            [
              307449.709,
              3741726.35
            ],
            [
              307456.123,
              3741791.473
            ],
            [
              307458.264,
              3741856.876
            ]
          ]
        ]
      }
    },
    {
      "type": "Feature",
      "properties": {
        "component_id": "139-003",
        "name": "Bhir Mound",
        "radius_m": 250,
        "geometry_role": "analytical_neighbourhood",
        "is_legal_buffer": false
      },
      "geometry": {
        "type": "Polygon",
        "coordinates": [
          [
            [
              298248.859,
              3735901.569
            ],
            [
              298248.324,
              3735917.92
            ],
            [
              298246.72,
              3735934.201
            ],
            [
              298244.055,
              3735950.342
            ],
            [
              298240.34,
              3735966.274
            ],
            [
              298235.592,
              3735981.929
            ],
            [
              298229.829,
              3735997.24
            ],
            [
              298223.077,
              3736012.141
            ],
            [
              298215.365,
              3736026.569
            ],
            [
              298206.726,
              3736040.462
            ],
            [
              298197.197,
              3736053.759
            ],
            [
              298186.819,
              3736066.405
            ],
            [
              298175.636,
              3736078.346
            ],
            [
              298163.695,
              3736089.529
            ],
            [
              298151.049,
              3736099.907
            ],
            [
              298137.752,
              3736109.436
            ],
            [
              298123.859,
              3736118.075
            ],
            [
              298109.431,
              3736125.787
            ],
            [
              298094.53,
              3736132.539
            ],
            [
              298079.219,
              3736138.302
            ],
            [
              298063.564,
              3736143.05
            ],
            [
              298047.632,
              3736146.765
            ],
            [
              298031.491,
              3736149.43
            ],
            [
              298015.21,
              3736151.034
            ],
            [
              297998.859,
              3736151.569
            ],
            [
              297982.508,
              3736151.034
            ],
            [
              297966.227,
              3736149.43
            ],
            [
              297950.086,
              3736146.765
            ],
            [
              297934.154,
              3736143.05
            ],
            [
              297918.499,
              3736138.302
            ],
            [
              297903.188,
              3736132.539
            ],
            [
              297888.287,
              3736125.787
            ],
            [
              297873.859,
              3736118.075
            ],
            [
              297859.966,
              3736109.436
            ],
            [
              297846.669,
              3736099.907
            ],
            [
              297834.023,
              3736089.529
            ],
            [
              297822.082,
              3736078.346
            ],
            [
              297810.899,
              3736066.405
            ],
            [
              297800.521,
              3736053.759
            ],
            [
              297790.992,
              3736040.462
            ],
            [
              297782.353,
              3736026.569
            ],
            [
              297774.641,
              3736012.141
            ],
            [
              297767.889,
              3735997.24
            ],
            [
              297762.126,
              3735981.929
            ],
            [
              297757.378,
              3735966.274
            ],
            [
              297753.663,
              3735950.342
            ],
            [
              297750.998,
              3735934.201
            ],
            [
              297749.394,
              3735917.92
            ],
            [
              297748.859,
              3735901.569
            ],
            [
              297749.394,
              3735885.218
            ],
            [
              297750.998,
              3735868.937
            ],
            [
              297753.663,
              3735852.796
            ],
            [
              297757.378,
              3735836.864
            ],
            [
              297762.126,
              3735821.209
            ],
            [
              297767.889,
              3735805.898
            ],
            [
              297774.641,
              3735790.997
            ],
            [
              297782.353,
              3735776.569
            ],
            [
              297790.992,
              3735762.676
            ],
            [
              297800.521,
              3735749.379
            ],
            [
              297810.899,
              3735736.733
            ],
            [
              297822.082,
              3735724.792
            ],
            [
              297834.023,
              3735713.609
            ],
            [
              297846.669,
              3735703.231
            ],
            [
              297859.966,
              3735693.702
            ],
            [
              297873.859,
              3735685.063
            ],
            [
              297888.287,
              3735677.351
            ],
            [
              297903.188,
              3735670.599
            ],
            [
              297918.499,
              3735664.836
            ],
            [
              297934.154,
              3735660.088
            ],
            [
              297950.086,
              3735656.373
            ],
            [
              297966.227,
              3735653.708
            ],
            [
              297982.508,
              3735652.104
            ],
            [
              297998.859,
              3735651.569
            ],
            [
              298015.21,
              3735652.104
            ],
            [
              298031.491,
              3735653.708
            ],
            [
              298047.632,
              3735656.373
            ],
            [
              298063.564,
              3735660.088
            ],
            [
              298079.219,
              3735664.836
            ],
            [
              298094.53,
              3735670.599
            ],
            [
              298109.431,
              3735677.351
            ],
            [
              298123.859,
              3735685.063
            ],
            [
              298137.752,
              3735693.702
            ],
            [
              298151.049,
              3735703.231
            ],
            [
              298163.695,
              3735713.609
            ],
            [
              298175.636,
              3735724.792
            ],
            [
              298186.819,
              3735736.733
            ],
            [
              298197.197,
              3735749.379
            ],
            [
              298206.726,
              3735762.676
            ],
            [
              298215.365,
              3735776.569
            ],
            [
              298223.077,
              3735790.997
            ],
            [
              298229.829,
              3735805.898
            ],
            [
              298235.592,
              3735821.209
            ],
            [
              298240.34,
              3735836.864
            ],
            [
              298244.055,
              3735852.796
            ],
            [
              298246.72,
              3735868.937
            ],
            [
              298248.324,
              3735885.218
            ],
            [
              298248.859,
              3735901.569
            ]
          ]
        ]
      }
    },
    {
      "type": "Feature",
      "properties": {
        "component_id": "139-003",
        "name": "Bhir Mound",
        "radius_m": 500,
        "geometry_role": "analytical_neighbourhood",
        "is_legal_buffer": false
      },
      "geometry": {
        "type": "Polygon",
        "coordinates": [
          [
            [
              298498.859,
              3735901.569
            ],
            [
              298497.788,
              3735934.271
            ],
            [
              298494.581,
              3735966.832
            ],
            [
              298489.252,
              3735999.114
            ],
            [
              298481.822,
              3736030.979
            ],
            [
              298472.324,
              3736062.289
            ],
            [
              298460.799,
              3736092.911
            ],
            [
              298447.295,
              3736122.713
            ],
            [
              298431.872,
              3736151.569
            ],
            [
              298414.594,
              3736179.354
            ],
            [
              298395.536,
              3736205.95
            ],
            [
              298374.779,
              3736231.242
            ],
            [
              298352.412,
              3736255.122
            ],
            [
              298328.532,
              3736277.489
            ],
            [
              298303.24,
              3736298.246
            ],
            [
              298276.644,
              3736317.304
            ],
            [
              298248.859,
              3736334.582
            ],
            [
              298220.003,
              3736350.005
            ],
            [
              298190.201,
              3736363.509
            ],
            [
              298159.579,
              3736375.034
            ],
            [
              298128.269,
              3736384.532
            ],
            [
              298096.404,
              3736391.962
            ],
            [
              298064.122,
              3736397.291
            ],
            [
              298031.561,
              3736400.498
            ],
            [
              297998.859,
              3736401.569
            ],
            [
              297966.157,
              3736400.498
            ],
            [
              297933.596,
              3736397.291
            ],
            [
              297901.314,
              3736391.962
            ],
            [
              297869.449,
              3736384.532
            ],
            [
              297838.139,
              3736375.034
            ],
            [
              297807.517,
              3736363.509
            ],
            [
              297777.715,
              3736350.005
            ],
            [
              297748.859,
              3736334.582
            ],
            [
              297721.074,
              3736317.304
            ],
            [
              297694.478,
              3736298.246
            ],
            [
              297669.186,
              3736277.489
            ],
            [
              297645.306,
              3736255.122
            ],
            [
              297622.939,
              3736231.242
            ],
            [
              297602.182,
              3736205.95
            ],
            [
              297583.124,
              3736179.354
            ],
            [
              297565.846,
              3736151.569
            ],
            [
              297550.423,
              3736122.713
            ],
            [
              297536.919,
              3736092.911
            ],
            [
              297525.394,
              3736062.289
            ],
            [
              297515.896,
              3736030.979
            ],
            [
              297508.466,
              3735999.114
            ],
            [
              297503.137,
              3735966.832
            ],
            [
              297499.93,
              3735934.271
            ],
            [
              297498.859,
              3735901.569
            ],
            [
              297499.93,
              3735868.867
            ],
            [
              297503.137,
              3735836.306
            ],
            [
              297508.466,
              3735804.024
            ],
            [
              297515.896,
              3735772.159
            ],
            [
              297525.394,
              3735740.849
            ],
            [
              297536.919,
              3735710.227
            ],
            [
              297550.423,
              3735680.425
            ],
            [
              297565.846,
              3735651.569
            ],
            [
              297583.124,
              3735623.784
            ],
            [
              297602.182,
              3735597.188
            ],
            [
              297622.939,
              3735571.896
            ],
            [
              297645.306,
              3735548.016
            ],
            [
              297669.186,
              3735525.649
            ],
            [
              297694.478,
              3735504.892
            ],
            [
              297721.074,
              3735485.834
            ],
            [
              297748.859,
              3735468.556
            ],
            [
              297777.715,
              3735453.133
            ],
            [
              297807.517,
              3735439.629
            ],
            [
              297838.139,
              3735428.104
            ],
            [
              297869.449,
              3735418.606
            ],
            [
              297901.314,
              3735411.176
            ],
            [
              297933.596,
              3735405.847
            ],
            [
              297966.157,
              3735402.64
            ],
            [
              297998.859,
              3735401.569
            ],
            [
              298031.561,
              3735402.64
            ],
            [
              298064.122,
              3735405.847
            ],
            [
              298096.404,
              3735411.176
            ],
            [
              298128.269,
              3735418.606
            ],
            [
              298159.579,
              3735428.104
            ],
            [
              298190.201,
              3735439.629
            ],
            [
              298220.003,
              3735453.133
            ],
            [
              298248.859,
              3735468.556
            ],
            [
              298276.644,
              3735485.834
            ],
            [
              298303.24,
              3735504.892
            ],
            [
              298328.532,
              3735525.649
            ],
            [
              298352.412,
              3735548.016
            ],
            [
              298374.779,
              3735571.896
            ],
            [
              298395.536,
              3735597.188
            ],
            [
              298414.594,
              3735623.784
            ],
            [
              298431.872,
              3735651.569
            ],
            [
              298447.295,
              3735680.425
            ],
            [
              298460.799,
              3735710.227
            ],
            [
              298472.324,
              3735740.849
            ],
            [
              298481.822,
              3735772.159
            ],
            [
              298489.252,
              3735804.024
            ],
            [
              298494.581,
              3735836.306
            ],
            [
              298497.788,
              3735868.867
            ],
            [
              298498.859,
              3735901.569
            ]
          ]
        ]
      }
    },
    {
      "type": "Feature",
      "properties": {
        "component_id": "139-003",
        "name": "Bhir Mound",
        "radius_m": 1000,
        "geometry_role": "analytical_neighbourhood",
        "is_legal_buffer": false
      },
      "geometry": {
        "type": "Polygon",
        "coordinates": [
          [
            [
              298998.859,
              3735901.569
            ],
            [
              298996.718,
              3735966.972
            ],
            [
              298990.304,
              3736032.095
            ],
            [
              298979.644,
              3736096.659
            ],
            [
              298964.785,
              3736160.388
            ],
            [
              298945.789,
              3736223.008
            ],
            [
              298922.739,
              3736284.252
            ],
            [
              298895.732,
              3736343.858
            ],
            [
              298864.884,
              3736401.569
            ],
            [
              298830.329,
              3736457.139
            ],
            [
              298792.212,
              3736510.33
            ],
            [
              298750.699,
              3736560.915
            ],
            [
              298705.966,
              3736608.676
            ],
            [
              298658.205,
              3736653.409
            ],
            [
              298607.62,
              3736694.922
            ],
            [
              298554.429,
              3736733.039
            ],
            [
              298498.859,
              3736767.594
            ],
            [
              298441.148,
              3736798.442
            ],
            [
              298381.542,
              3736825.449
            ],
            [
              298320.298,
              3736848.499
            ],
            [
              298257.678,
              3736867.495
            ],
            [
              298193.949,
              3736882.354
            ],
            [
              298129.385,
              3736893.014
            ],
            [
              298064.262,
              3736899.428
            ],
            [
              297998.859,
              3736901.569
            ],
            [
              297933.456,
              3736899.428
            ],
            [
              297868.333,
              3736893.014
            ],
            [
              297803.769,
              3736882.354
            ],
            [
              297740.04,
              3736867.495
            ],
            [
              297677.42,
              3736848.499
            ],
            [
              297616.176,
              3736825.449
            ],
            [
              297556.57,
              3736798.442
            ],
            [
              297498.859,
              3736767.594
            ],
            [
              297443.289,
              3736733.039
            ],
            [
              297390.098,
              3736694.922
            ],
            [
              297339.513,
              3736653.409
            ],
            [
              297291.752,
              3736608.676
            ],
            [
              297247.019,
              3736560.915
            ],
            [
              297205.506,
              3736510.33
            ],
            [
              297167.389,
              3736457.139
            ],
            [
              297132.834,
              3736401.569
            ],
            [
              297101.986,
              3736343.858
            ],
            [
              297074.979,
              3736284.252
            ],
            [
              297051.929,
              3736223.008
            ],
            [
              297032.933,
              3736160.388
            ],
            [
              297018.074,
              3736096.659
            ],
            [
              297007.414,
              3736032.095
            ],
            [
              297001.0,
              3735966.972
            ],
            [
              296998.859,
              3735901.569
            ],
            [
              297001.0,
              3735836.166
            ],
            [
              297007.414,
              3735771.043
            ],
            [
              297018.074,
              3735706.479
            ],
            [
              297032.933,
              3735642.75
            ],
            [
              297051.929,
              3735580.13
            ],
            [
              297074.979,
              3735518.886
            ],
            [
              297101.986,
              3735459.28
            ],
            [
              297132.834,
              3735401.569
            ],
            [
              297167.389,
              3735345.999
            ],
            [
              297205.506,
              3735292.808
            ],
            [
              297247.019,
              3735242.223
            ],
            [
              297291.752,
              3735194.462
            ],
            [
              297339.513,
              3735149.729
            ],
            [
              297390.098,
              3735108.216
            ],
            [
              297443.289,
              3735070.099
            ],
            [
              297498.859,
              3735035.544
            ],
            [
              297556.57,
              3735004.696
            ],
            [
              297616.176,
              3734977.689
            ],
            [
              297677.42,
              3734954.639
            ],
            [
              297740.04,
              3734935.643
            ],
            [
              297803.769,
              3734920.784
            ],
            [
              297868.333,
              3734910.124
            ],
            [
              297933.456,
              3734903.71
            ],
            [
              297998.859,
              3734901.569
            ],
            [
              298064.262,
              3734903.71
            ],
            [
              298129.385,
              3734910.124
            ],
            [
              298193.949,
              3734920.784
            ],
            [
              298257.678,
              3734935.643
            ],
            [
              298320.298,
              3734954.639
            ],
            [
              298381.542,
              3734977.689
            ],
            [
              298441.148,
              3735004.696
            ],
            [
              298498.859,
              3735035.544
            ],
            [
              298554.429,
              3735070.099
            ],
            [
              298607.62,
              3735108.216
            ],
            [
              298658.205,
              3735149.729
            ],
            [
              298705.966,
              3735194.462
            ],
            [
              298750.699,
              3735242.223
            ],
            [
              298792.212,
              3735292.808
            ],
            [
              298830.329,
              3735345.999
            ],
            [
              298864.884,
              3735401.569
            ],
            [
              298895.732,
              3735459.28
            ],
            [
              298922.739,
              3735518.886
            ],
            [
              298945.789,
              3735580.13
            ],
            [
              298964.785,
              3735642.75
            ],
            [
              298979.644,
              3735706.479
            ],
            [
              298990.304,
              3735771.043
            ],
            [
              298996.718,
              3735836.166
            ],
            [
              298998.859,
              3735901.569
            ]
          ]
        ]
      }
    },
    {
      "type": "Feature",
      "properties": {
        "component_id": "139-004",
        "name": "Sirkap (fortified city)",
        "radius_m": 250,
        "geometry_role": "analytical_neighbourhood",
        "is_legal_buffer": false
      },
      "geometry": {
        "type": "Polygon",
        "coordinates": [
          [
            [
              299248.139,
              3736929.918
            ],
            [
              299247.604,
              3736946.269
            ],
            [
              299246.0,
              3736962.55
            ],
            [
              299243.335,
              3736978.691
            ],
            [
              299239.62,
              3736994.623
            ],
            [
              299234.872,
              3737010.278
            ],
            [
              299229.109,
              3737025.589
            ],
            [
              299222.357,
              3737040.49
            ],
            [
              299214.645,
              3737054.918
            ],
            [
              299206.006,
              3737068.811
            ],
            [
              299196.477,
              3737082.108
            ],
            [
              299186.099,
              3737094.754
            ],
            [
              299174.916,
              3737106.695
            ],
            [
              299162.975,
              3737117.878
            ],
            [
              299150.329,
              3737128.256
            ],
            [
              299137.032,
              3737137.785
            ],
            [
              299123.139,
              3737146.424
            ],
            [
              299108.711,
              3737154.136
            ],
            [
              299093.81,
              3737160.888
            ],
            [
              299078.499,
              3737166.651
            ],
            [
              299062.844,
              3737171.399
            ],
            [
              299046.912,
              3737175.114
            ],
            [
              299030.771,
              3737177.779
            ],
            [
              299014.49,
              3737179.383
            ],
            [
              298998.139,
              3737179.918
            ],
            [
              298981.788,
              3737179.383
            ],
            [
              298965.507,
              3737177.779
            ],
            [
              298949.366,
              3737175.114
            ],
            [
              298933.434,
              3737171.399
            ],
            [
              298917.779,
              3737166.651
            ],
            [
              298902.468,
              3737160.888
            ],
            [
              298887.567,
              3737154.136
            ],
            [
              298873.139,
              3737146.424
            ],
            [
              298859.246,
              3737137.785
            ],
            [
              298845.949,
              3737128.256
            ],
            [
              298833.303,
              3737117.878
            ],
            [
              298821.362,
              3737106.695
            ],
            [
              298810.179,
              3737094.754
            ],
            [
              298799.801,
              3737082.108
            ],
            [
              298790.272,
              3737068.811
            ],
            [
              298781.633,
              3737054.918
            ],
            [
              298773.921,
              3737040.49
            ],
            [
              298767.169,
              3737025.589
            ],
            [
              298761.406,
              3737010.278
            ],
            [
              298756.658,
              3736994.623
            ],
            [
              298752.943,
              3736978.691
            ],
            [
              298750.278,
              3736962.55
            ],
            [
              298748.674,
              3736946.269
            ],
            [
              298748.139,
              3736929.918
            ],
            [
              298748.674,
              3736913.567
            ],
            [
              298750.278,
              3736897.286
            ],
            [
              298752.943,
              3736881.145
            ],
            [
              298756.658,
              3736865.213
            ],
            [
              298761.406,
              3736849.558
            ],
            [
              298767.169,
              3736834.247
            ],
            [
              298773.921,
              3736819.346
            ],
            [
              298781.633,
              3736804.918
            ],
            [
              298790.272,
              3736791.025
            ],
            [
              298799.801,
              3736777.728
            ],
            [
              298810.179,
              3736765.082
            ],
            [
              298821.362,
              3736753.141
            ],
            [
              298833.303,
              3736741.958
            ],
            [
              298845.949,
              3736731.58
            ],
            [
              298859.246,
              3736722.051
            ],
            [
              298873.139,
              3736713.412
            ],
            [
              298887.567,
              3736705.7
            ],
            [
              298902.468,
              3736698.948
            ],
            [
              298917.779,
              3736693.185
            ],
            [
              298933.434,
              3736688.437
            ],
            [
              298949.366,
              3736684.722
            ],
            [
              298965.507,
              3736682.057
            ],
            [
              298981.788,
              3736680.453
            ],
            [
              298998.139,
              3736679.918
            ],
            [
              299014.49,
              3736680.453
            ],
            [
              299030.771,
              3736682.057
            ],
            [
              299046.912,
              3736684.722
            ],
            [
              299062.844,
              3736688.437
            ],
            [
              299078.499,
              3736693.185
            ],
            [
              299093.81,
              3736698.948
            ],
            [
              299108.711,
              3736705.7
            ],
            [
              299123.139,
              3736713.412
            ],
            [
              299137.032,
              3736722.051
            ],
            [
              299150.329,
              3736731.58
            ],
            [
              299162.975,
              3736741.958
            ],
            [
              299174.916,
              3736753.141
            ],
            [
              299186.099,
              3736765.082
            ],
            [
              299196.477,
              3736777.728
            ],
            [
              299206.006,
              3736791.025
            ],
            [
              299214.645,
              3736804.918
            ],
            [
              299222.357,
              3736819.346
            ],
            [
              299229.109,
              3736834.247
            ],
            [
              299234.872,
              3736849.558
            ],
            [
              299239.62,
              3736865.213
            ],
            [
              299243.335,
              3736881.145
            ],
            [
              299246.0,
              3736897.286
            ],
            [
              299247.604,
              3736913.567
            ],
            [
              299248.139,
              3736929.918
            ]
          ]
        ]
      }
    },
    {
      "type": "Feature",
      "properties": {
        "component_id": "139-004",
        "name": "Sirkap (fortified city)",
        "radius_m": 500,
        "geometry_role": "analytical_neighbourhood",
        "is_legal_buffer": false
      },
      "geometry": {
        "type": "Polygon",
        "coordinates": [
          [
            [
              299498.139,
              3736929.918
            ],
            [
              299497.068,
              3736962.62
            ],
            [
              299493.861,
              3736995.181
            ],
            [
              299488.532,
              3737027.463
            ],
            [
              299481.102,
              3737059.328
            ],
            [
              299471.604,
              3737090.638
            ],
            [
              299460.079,
              3737121.26
            ],
            [
              299446.575,
              3737151.062
            ],
            [
              299431.152,
              3737179.918
            ],
            [
              299413.874,
              3737207.703
            ],
            [
              299394.816,
              3737234.299
            ],
            [
              299374.059,
              3737259.591
            ],
            [
              299351.692,
              3737283.471
            ],
            [
              299327.812,
              3737305.838
            ],
            [
              299302.52,
              3737326.595
            ],
            [
              299275.924,
              3737345.653
            ],
            [
              299248.139,
              3737362.931
            ],
            [
              299219.283,
              3737378.354
            ],
            [
              299189.481,
              3737391.858
            ],
            [
              299158.859,
              3737403.383
            ],
            [
              299127.549,
              3737412.881
            ],
            [
              299095.684,
              3737420.311
            ],
            [
              299063.402,
              3737425.64
            ],
            [
              299030.841,
              3737428.847
            ],
            [
              298998.139,
              3737429.918
            ],
            [
              298965.437,
              3737428.847
            ],
            [
              298932.876,
              3737425.64
            ],
            [
              298900.594,
              3737420.311
            ],
            [
              298868.729,
              3737412.881
            ],
            [
              298837.419,
              3737403.383
            ],
            [
              298806.797,
              3737391.858
            ],
            [
              298776.995,
              3737378.354
            ],
            [
              298748.139,
              3737362.931
            ],
            [
              298720.354,
              3737345.653
            ],
            [
              298693.758,
              3737326.595
            ],
            [
              298668.466,
              3737305.838
            ],
            [
              298644.586,
              3737283.471
            ],
            [
              298622.219,
              3737259.591
            ],
            [
              298601.462,
              3737234.299
            ],
            [
              298582.404,
              3737207.703
            ],
            [
              298565.126,
              3737179.918
            ],
            [
              298549.703,
              3737151.062
            ],
            [
              298536.199,
              3737121.26
            ],
            [
              298524.674,
              3737090.638
            ],
            [
              298515.176,
              3737059.328
            ],
            [
              298507.746,
              3737027.463
            ],
            [
              298502.417,
              3736995.181
            ],
            [
              298499.21,
              3736962.62
            ],
            [
              298498.139,
              3736929.918
            ],
            [
              298499.21,
              3736897.216
            ],
            [
              298502.417,
              3736864.655
            ],
            [
              298507.746,
              3736832.373
            ],
            [
              298515.176,
              3736800.508
            ],
            [
              298524.674,
              3736769.198
            ],
            [
              298536.199,
              3736738.576
            ],
            [
              298549.703,
              3736708.774
            ],
            [
              298565.126,
              3736679.918
            ],
            [
              298582.404,
              3736652.133
            ],
            [
              298601.462,
              3736625.537
            ],
            [
              298622.219,
              3736600.245
            ],
            [
              298644.586,
              3736576.365
            ],
            [
              298668.466,
              3736553.998
            ],
            [
              298693.758,
              3736533.241
            ],
            [
              298720.354,
              3736514.183
            ],
            [
              298748.139,
              3736496.905
            ],
            [
              298776.995,
              3736481.482
            ],
            [
              298806.797,
              3736467.978
            ],
            [
              298837.419,
              3736456.453
            ],
            [
              298868.729,
              3736446.955
            ],
            [
              298900.594,
              3736439.525
            ],
            [
              298932.876,
              3736434.196
            ],
            [
              298965.437,
              3736430.989
            ],
            [
              298998.139,
              3736429.918
            ],
            [
              299030.841,
              3736430.989
            ],
            [
              299063.402,
              3736434.196
            ],
            [
              299095.684,
              3736439.525
            ],
            [
              299127.549,
              3736446.955
            ],
            [
              299158.859,
              3736456.453
            ],
            [
              299189.481,
              3736467.978
            ],
            [
              299219.283,
              3736481.482
            ],
            [
              299248.139,
              3736496.905
            ],
            [
              299275.924,
              3736514.183
            ],
            [
              299302.52,
              3736533.241
            ],
            [
              299327.812,
              3736553.998
            ],
            [
              299351.692,
              3736576.365
            ],
            [
              299374.059,
              3736600.245
            ],
            [
              299394.816,
              3736625.537
            ],
            [
              299413.874,
              3736652.133
            ],
            [
              299431.152,
              3736679.918
            ],
            [
              299446.575,
              3736708.774
            ],
            [
              299460.079,
              3736738.576
            ],
            [
              299471.604,
              3736769.198
            ],
            [
              299481.102,
              3736800.508
            ],
            [
              299488.532,
              3736832.373
            ],
            [
              299493.861,
              3736864.655
            ],
            [
              299497.068,
              3736897.216
            ],
            [
              299498.139,
              3736929.918
            ]
          ]
        ]
      }
    },
    {
      "type": "Feature",
      "properties": {
        "component_id": "139-004",
        "name": "Sirkap (fortified city)",
        "radius_m": 1000,
        "geometry_role": "analytical_neighbourhood",
        "is_legal_buffer": false
      },
      "geometry": {
        "type": "Polygon",
        "coordinates": [
          [
            [
              299998.139,
              3736929.918
            ],
            [
              299995.998,
              3736995.321
            ],
            [
              299989.584,
              3737060.444
            ],
            [
              299978.924,
              3737125.008
            ],
            [
              299964.065,
              3737188.737
            ],
            [
              299945.069,
              3737251.357
            ],
            [
              299922.019,
              3737312.601
            ],
            [
              299895.012,
              3737372.207
            ],
            [
              299864.164,
              3737429.918
            ],
            [
              299829.609,
              3737485.488
            ],
            [
              299791.492,
              3737538.679
            ],
            [
              299749.979,
              3737589.264
            ],
            [
              299705.246,
              3737637.025
            ],
            [
              299657.485,
              3737681.758
            ],
            [
              299606.9,
              3737723.271
            ],
            [
              299553.709,
              3737761.388
            ],
            [
              299498.139,
              3737795.943
            ],
            [
              299440.428,
              3737826.791
            ],
            [
              299380.822,
              3737853.798
            ],
            [
              299319.578,
              3737876.848
            ],
            [
              299256.958,
              3737895.844
            ],
            [
              299193.229,
              3737910.703
            ],
            [
              299128.665,
              3737921.363
            ],
            [
              299063.542,
              3737927.777
            ],
            [
              298998.139,
              3737929.918
            ],
            [
              298932.736,
              3737927.777
            ],
            [
              298867.613,
              3737921.363
            ],
            [
              298803.049,
              3737910.703
            ],
            [
              298739.32,
              3737895.844
            ],
            [
              298676.7,
              3737876.848
            ],
            [
              298615.456,
              3737853.798
            ],
            [
              298555.85,
              3737826.791
            ],
            [
              298498.139,
              3737795.943
            ],
            [
              298442.569,
              3737761.388
            ],
            [
              298389.378,
              3737723.271
            ],
            [
              298338.793,
              3737681.758
            ],
            [
              298291.032,
              3737637.025
            ],
            [
              298246.299,
              3737589.264
            ],
            [
              298204.786,
              3737538.679
            ],
            [
              298166.669,
              3737485.488
            ],
            [
              298132.114,
              3737429.918
            ],
            [
              298101.266,
              3737372.207
            ],
            [
              298074.259,
              3737312.601
            ],
            [
              298051.209,
              3737251.357
            ],
            [
              298032.213,
              3737188.737
            ],
            [
              298017.354,
              3737125.008
            ],
            [
              298006.694,
              3737060.444
            ],
            [
              298000.28,
              3736995.321
            ],
            [
              297998.139,
              3736929.918
            ],
            [
              298000.28,
              3736864.515
            ],
            [
              298006.694,
              3736799.392
            ],
            [
              298017.354,
              3736734.828
            ],
            [
              298032.213,
              3736671.099
            ],
            [
              298051.209,
              3736608.479
            ],
            [
              298074.259,
              3736547.235
            ],
            [
              298101.266,
              3736487.629
            ],
            [
              298132.114,
              3736429.918
            ],
            [
              298166.669,
              3736374.348
            ],
            [
              298204.786,
              3736321.157
            ],
            [
              298246.299,
              3736270.572
            ],
            [
              298291.032,
              3736222.811
            ],
            [
              298338.793,
              3736178.078
            ],
            [
              298389.378,
              3736136.565
            ],
            [
              298442.569,
              3736098.448
            ],
            [
              298498.139,
              3736063.893
            ],
            [
              298555.85,
              3736033.045
            ],
            [
              298615.456,
              3736006.038
            ],
            [
              298676.7,
              3735982.988
            ],
            [
              298739.32,
              3735963.992
            ],
            [
              298803.049,
              3735949.133
            ],
            [
              298867.613,
              3735938.473
            ],
            [
              298932.736,
              3735932.059
            ],
            [
              298998.139,
              3735929.918
            ],
            [
              299063.542,
              3735932.059
            ],
            [
              299128.665,
              3735938.473
            ],
            [
              299193.229,
              3735949.133
            ],
            [
              299256.958,
              3735963.992
            ],
            [
              299319.578,
              3735982.988
            ],
            [
              299380.822,
              3736006.038
            ],
            [
              299440.428,
              3736033.045
            ],
            [
              299498.139,
              3736063.893
            ],
            [
              299553.709,
              3736098.448
            ],
            [
              299606.9,
              3736136.565
            ],
            [
              299657.485,
              3736178.078
            ],
            [
              299705.246,
              3736222.811
            ],
            [
              299749.979,
              3736270.572
            ],
            [
              299791.492,
              3736321.157
            ],
            [
              299829.609,
              3736374.348
            ],
            [
              299864.164,
              3736429.918
            ],
            [
              299895.012,
              3736487.629
            ],
            [
              299922.019,
              3736547.235
            ],
            [
              299945.069,
              3736608.479
            ],
            [
              299964.065,
              3736671.099
            ],
            [
              299978.924,
              3736734.828
            ],
            [
              299989.584,
              3736799.392
            ],
            [
              299995.998,
              3736864.515
            ],
            [
              299998.139,
              3736929.918
            ]
          ]
        ]
      }
    },
    {
      "type": "Feature",
      "properties": {
        "component_id": "139-005",
        "name": "Sirsukh (fortified ruined city)",
        "radius_m": 250,
        "geometry_role": "analytical_neighbourhood",
        "is_legal_buffer": false
      },
      "geometry": {
        "type": "Polygon",
        "coordinates": [
          [
            [
              301131.687,
              3738982.201
            ],
            [
              301131.152,
              3738998.552
            ],
            [
              301129.548,
              3739014.833
            ],
            [
              301126.883,
              3739030.974
            ],
            [
              301123.168,
              3739046.906
            ],
            [
              301118.42,
              3739062.561
            ],
            [
              301112.657,
              3739077.872
            ],
            [
              301105.905,
              3739092.773
            ],
            [
              301098.193,
              3739107.201
            ],
            [
              301089.554,
              3739121.094
            ],
            [
              301080.025,
              3739134.391
            ],
            [
              301069.647,
              3739147.037
            ],
            [
              301058.464,
              3739158.978
            ],
            [
              301046.523,
              3739170.161
            ],
            [
              301033.877,
              3739180.539
            ],
            [
              301020.58,
              3739190.068
            ],
            [
              301006.687,
              3739198.707
            ],
            [
              300992.259,
              3739206.419
            ],
            [
              300977.358,
              3739213.171
            ],
            [
              300962.047,
              3739218.934
            ],
            [
              300946.392,
              3739223.682
            ],
            [
              300930.46,
              3739227.397
            ],
            [
              300914.319,
              3739230.062
            ],
            [
              300898.038,
              3739231.666
            ],
            [
              300881.687,
              3739232.201
            ],
            [
              300865.336,
              3739231.666
            ],
            [
              300849.055,
              3739230.062
            ],
            [
              300832.914,
              3739227.397
            ],
            [
              300816.982,
              3739223.682
            ],
            [
              300801.327,
              3739218.934
            ],
            [
              300786.016,
              3739213.171
            ],
            [
              300771.115,
              3739206.419
            ],
            [
              300756.687,
              3739198.707
            ],
            [
              300742.794,
              3739190.068
            ],
            [
              300729.497,
              3739180.539
            ],
            [
              300716.851,
              3739170.161
            ],
            [
              300704.91,
              3739158.978
            ],
            [
              300693.727,
              3739147.037
            ],
            [
              300683.349,
              3739134.391
            ],
            [
              300673.82,
              3739121.094
            ],
            [
              300665.181,
              3739107.201
            ],
            [
              300657.469,
              3739092.773
            ],
            [
              300650.717,
              3739077.872
            ],
            [
              300644.954,
              3739062.561
            ],
            [
              300640.206,
              3739046.906
            ],
            [
              300636.491,
              3739030.974
            ],
            [
              300633.826,
              3739014.833
            ],
            [
              300632.222,
              3738998.552
            ],
            [
              300631.687,
              3738982.201
            ],
            [
              300632.222,
              3738965.85
            ],
            [
              300633.826,
              3738949.569
            ],
            [
              300636.491,
              3738933.428
            ],
            [
              300640.206,
              3738917.496
            ],
            [
              300644.954,
              3738901.841
            ],
            [
              300650.717,
              3738886.53
            ],
            [
              300657.469,
              3738871.629
            ],
            [
              300665.181,
              3738857.201
            ],
            [
              300673.82,
              3738843.308
            ],
            [
              300683.349,
              3738830.011
            ],
            [
              300693.727,
              3738817.365
            ],
            [
              300704.91,
              3738805.424
            ],
            [
              300716.851,
              3738794.241
            ],
            [
              300729.497,
              3738783.863
            ],
            [
              300742.794,
              3738774.334
            ],
            [
              300756.687,
              3738765.695
            ],
            [
              300771.115,
              3738757.983
            ],
            [
              300786.016,
              3738751.231
            ],
            [
              300801.327,
              3738745.468
            ],
            [
              300816.982,
              3738740.72
            ],
            [
              300832.914,
              3738737.005
            ],
            [
              300849.055,
              3738734.34
            ],
            [
              300865.336,
              3738732.736
            ],
            [
              300881.687,
              3738732.201
            ],
            [
              300898.038,
              3738732.736
            ],
            [
              300914.319,
              3738734.34
            ],
            [
              300930.46,
              3738737.005
            ],
            [
              300946.392,
              3738740.72
            ],
            [
              300962.047,
              3738745.468
            ],
            [
              300977.358,
              3738751.231
            ],
            [
              300992.259,
              3738757.983
            ],
            [
              301006.687,
              3738765.695
            ],
            [
              301020.58,
              3738774.334
            ],
            [
              301033.877,
              3738783.863
            ],
            [
              301046.523,
              3738794.241
            ],
            [
              301058.464,
              3738805.424
            ],
            [
              301069.647,
              3738817.365
            ],
            [
              301080.025,
              3738830.011
            ],
            [
              301089.554,
              3738843.308
            ],
            [
              301098.193,
              3738857.201
            ],
            [
              301105.905,
              3738871.629
            ],
            [
              301112.657,
              3738886.53
            ],
            [
              301118.42,
              3738901.841
            ],
            [
              301123.168,
              3738917.496
            ],
            [
              301126.883,
              3738933.428
            ],
            [
              301129.548,
              3738949.569
            ],
            [
              301131.152,
              3738965.85
            ],
            [
              301131.687,
              3738982.201
            ]
          ]
        ]
      }
    },
    {
      "type": "Feature",
      "properties": {
        "component_id": "139-005",
        "name": "Sirsukh (fortified ruined city)",
        "radius_m": 500,
        "geometry_role": "analytical_neighbourhood",
        "is_legal_buffer": false
      },
      "geometry": {
        "type": "Polygon",
        "coordinates": [
          [
            [
              301381.687,
              3738982.201
            ],
            [
              301380.616,
              3739014.903
            ],
            [
              301377.409,
              3739047.464
            ],
            [
              301372.08,
              3739079.746
            ],
            [
              301364.65,
              3739111.611
            ],
            [
              301355.152,
              3739142.921
            ],
            [
              301343.627,
              3739173.543
            ],
            [
              301330.123,
              3739203.345
            ],
            [
              301314.7,
              3739232.201
            ],
            [
              301297.422,
              3739259.986
            ],
            [
              301278.364,
              3739286.582
            ],
            [
              301257.607,
              3739311.874
            ],
            [
              301235.24,
              3739335.754
            ],
            [
              301211.36,
              3739358.121
            ],
            [
              301186.068,
              3739378.878
            ],
            [
              301159.472,
              3739397.936
            ],
            [
              301131.687,
              3739415.214
            ],
            [
              301102.831,
              3739430.637
            ],
            [
              301073.029,
              3739444.141
            ],
            [
              301042.407,
              3739455.666
            ],
            [
              301011.097,
              3739465.164
            ],
            [
              300979.232,
              3739472.594
            ],
            [
              300946.95,
              3739477.923
            ],
            [
              300914.389,
              3739481.13
            ],
            [
              300881.687,
              3739482.201
            ],
            [
              300848.985,
              3739481.13
            ],
            [
              300816.424,
              3739477.923
            ],
            [
              300784.142,
              3739472.594
            ],
            [
              300752.277,
              3739465.164
            ],
            [
              300720.967,
              3739455.666
            ],
            [
              300690.345,
              3739444.141
            ],
            [
              300660.543,
              3739430.637
            ],
            [
              300631.687,
              3739415.214
            ],
            [
              300603.902,
              3739397.936
            ],
            [
              300577.306,
              3739378.878
            ],
            [
              300552.014,
              3739358.121
            ],
            [
              300528.134,
              3739335.754
            ],
            [
              300505.767,
              3739311.874
            ],
            [
              300485.01,
              3739286.582
            ],
            [
              300465.952,
              3739259.986
            ],
            [
              300448.674,
              3739232.201
            ],
            [
              300433.251,
              3739203.345
            ],
            [
              300419.747,
              3739173.543
            ],
            [
              300408.222,
              3739142.921
            ],
            [
              300398.724,
              3739111.611
            ],
            [
              300391.294,
              3739079.746
            ],
            [
              300385.965,
              3739047.464
            ],
            [
              300382.758,
              3739014.903
            ],
            [
              300381.687,
              3738982.201
            ],
            [
              300382.758,
              3738949.499
            ],
            [
              300385.965,
              3738916.938
            ],
            [
              300391.294,
              3738884.656
            ],
            [
              300398.724,
              3738852.791
            ],
            [
              300408.222,
              3738821.481
            ],
            [
              300419.747,
              3738790.859
            ],
            [
              300433.251,
              3738761.057
            ],
            [
              300448.674,
              3738732.201
            ],
            [
              300465.952,
              3738704.416
            ],
            [
              300485.01,
              3738677.82
            ],
            [
              300505.767,
              3738652.528
            ],
            [
              300528.134,
              3738628.648
            ],
            [
              300552.014,
              3738606.281
            ],
            [
              300577.306,
              3738585.524
            ],
            [
              300603.902,
              3738566.466
            ],
            [
              300631.687,
              3738549.188
            ],
            [
              300660.543,
              3738533.765
            ],
            [
              300690.345,
              3738520.261
            ],
            [
              300720.967,
              3738508.736
            ],
            [
              300752.277,
              3738499.238
            ],
            [
              300784.142,
              3738491.808
            ],
            [
              300816.424,
              3738486.479
            ],
            [
              300848.985,
              3738483.272
            ],
            [
              300881.687,
              3738482.201
            ],
            [
              300914.389,
              3738483.272
            ],
            [
              300946.95,
              3738486.479
            ],
            [
              300979.232,
              3738491.808
            ],
            [
              301011.097,
              3738499.238
            ],
            [
              301042.407,
              3738508.736
            ],
            [
              301073.029,
              3738520.261
            ],
            [
              301102.831,
              3738533.765
            ],
            [
              301131.687,
              3738549.188
            ],
            [
              301159.472,
              3738566.466
            ],
            [
              301186.068,
              3738585.524
            ],
            [
              301211.36,
              3738606.281
            ],
            [
              301235.24,
              3738628.648
            ],
            [
              301257.607,
              3738652.528
            ],
            [
              301278.364,
              3738677.82
            ],
            [
              301297.422,
              3738704.416
            ],
            [
              301314.7,
              3738732.201
            ],
            [
              301330.123,
              3738761.057
            ],
            [
              301343.627,
              3738790.859
            ],
            [
              301355.152,
              3738821.481
            ],
            [
              301364.65,
              3738852.791
            ],
            [
              301372.08,
              3738884.656
            ],
            [
              301377.409,
              3738916.938
            ],
            [
              301380.616,
              3738949.499
            ],
            [
              301381.687,
              3738982.201
            ]
          ]
        ]
      }
    },
    {
      "type": "Feature",
      "properties": {
        "component_id": "139-005",
        "name": "Sirsukh (fortified ruined city)",
        "radius_m": 1000,
        "geometry_role": "analytical_neighbourhood",
        "is_legal_buffer": false
      },
      "geometry": {
        "type": "Polygon",
        "coordinates": [
          [
            [
              301881.687,
              3738982.201
            ],
            [
              301879.546,
              3739047.604
            ],
            [
              301873.132,
              3739112.727
            ],
            [
              301862.472,
              3739177.291
            ],
            [
              301847.613,
              3739241.02
            ],
            [
              301828.617,
              3739303.64
            ],
            [
              301805.567,
              3739364.884
            ],
            [
              301778.56,
              3739424.49
            ],
            [
              301747.712,
              3739482.201
            ],
            [
              301713.157,
              3739537.771
            ],
            [
              301675.04,
              3739590.962
            ],
            [
              301633.527,
              3739641.547
            ],
            [
              301588.794,
              3739689.308
            ],
            [
              301541.033,
              3739734.041
            ],
            [
              301490.448,
              3739775.554
            ],
            [
              301437.257,
              3739813.671
            ],
            [
              301381.687,
              3739848.226
            ],
            [
              301323.976,
              3739879.074
            ],
            [
              301264.37,
              3739906.081
            ],
            [
              301203.126,
              3739929.131
            ],
            [
              301140.506,
              3739948.127
            ],
            [
              301076.777,
              3739962.986
            ],
            [
              301012.213,
              3739973.646
            ],
            [
              300947.09,
              3739980.06
            ],
            [
              300881.687,
              3739982.201
            ],
            [
              300816.284,
              3739980.06
            ],
            [
              300751.161,
              3739973.646
            ],
            [
              300686.597,
              3739962.986
            ],
            [
              300622.868,
              3739948.127
            ],
            [
              300560.248,
              3739929.131
            ],
            [
              300499.004,
              3739906.081
            ],
            [
              300439.398,
              3739879.074
            ],
            [
              300381.687,
              3739848.226
            ],
            [
              300326.117,
              3739813.671
            ],
            [
              300272.926,
              3739775.554
            ],
            [
              300222.341,
              3739734.041
            ],
            [
              300174.58,
              3739689.308
            ],
            [
              300129.847,
              3739641.547
            ],
            [
              300088.334,
              3739590.962
            ],
            [
              300050.217,
              3739537.771
            ],
            [
              300015.662,
              3739482.201
            ],
            [
              299984.814,
              3739424.49
            ],
            [
              299957.807,
              3739364.884
            ],
            [
              299934.757,
              3739303.64
            ],
            [
              299915.761,
              3739241.02
            ],
            [
              299900.902,
              3739177.291
            ],
            [
              299890.242,
              3739112.727
            ],
            [
              299883.828,
              3739047.604
            ],
            [
              299881.687,
              3738982.201
            ],
            [
              299883.828,
              3738916.798
            ],
            [
              299890.242,
              3738851.675
            ],
            [
              299900.902,
              3738787.111
            ],
            [
              299915.761,
              3738723.382
            ],
            [
              299934.757,
              3738660.762
            ],
            [
              299957.807,
              3738599.518
            ],
            [
              299984.814,
              3738539.912
            ],
            [
              300015.662,
              3738482.201
            ],
            [
              300050.217,
              3738426.631
            ],
            [
              300088.334,
              3738373.44
            ],
            [
              300129.847,
              3738322.855
            ],
            [
              300174.58,
              3738275.094
            ],
            [
              300222.341,
              3738230.361
            ],
            [
              300272.926,
              3738188.848
            ],
            [
              300326.117,
              3738150.731
            ],
            [
              300381.687,
              3738116.176
            ],
            [
              300439.398,
              3738085.328
            ],
            [
              300499.004,
              3738058.321
            ],
            [
              300560.248,
              3738035.271
            ],
            [
              300622.868,
              3738016.275
            ],
            [
              300686.597,
              3738001.416
            ],
            [
              300751.161,
              3737990.756
            ],
            [
              300816.284,
              3737984.342
            ],
            [
              300881.687,
              3737982.201
            ],
            [
              300947.09,
              3737984.342
            ],
            [
              301012.213,
              3737990.756
            ],
            [
              301076.777,
              3738001.416
            ],
            [
              301140.506,
              3738016.275
            ],
            [
              301203.126,
              3738035.271
            ],
            [
              301264.37,
              3738058.321
            ],
            [
              301323.976,
              3738085.328
            ],
            [
              301381.687,
              3738116.176
            ],
            [
              301437.257,
              3738150.731
            ],
            [
              301490.448,
              3738188.848
            ],
            [
              301541.033,
              3738230.361
            ],
            [
              301588.794,
              3738275.094
            ],
            [
              301633.527,
              3738322.855
            ],
            [
              301675.04,
              3738373.44
            ],
            [
              301713.157,
              3738426.631
            ],
            [
              301747.712,
              3738482.201
            ],
            [
              301778.56,
              3738539.912
            ],
            [
              301805.567,
              3738599.518
            ],
            [
              301828.617,
              3738660.762
            ],
            [
              301847.613,
              3738723.382
            ],
            [
              301862.472,
              3738787.111
            ],
            [
              301873.132,
              3738851.675
            ],
            [
              301879.546,
              3738916.798
            ],
            [
              301881.687,
              3738982.201
            ]
          ]
        ]
      }
    },
    {
      "type": "Feature",
      "properties": {
        "component_id": "139-006",
        "name": "Dharmarajika stupa and monastery",
        "radius_m": 250,
        "geometry_role": "analytical_neighbourhood",
        "is_legal_buffer": false
      },
      "geometry": {
        "type": "Polygon",
        "coordinates": [
          [
            [
              300412.623,
              3735936.487
            ],
            [
              300412.088,
              3735952.838
            ],
            [
              300410.484,
              3735969.119
            ],
            [
              300407.819,
              3735985.26
            ],
            [
              300404.104,
              3736001.192
            ],
            [
              300399.356,
              3736016.847
            ],
            [
              300393.593,
              3736032.158
            ],
            [
              300386.841,
              3736047.059
            ],
            [
              300379.129,
              3736061.487
            ],
            [
              300370.49,
              3736075.38
            ],
            [
              300360.961,
              3736088.677
            ],
            [
              300350.583,
              3736101.323
            ],
            [
              300339.4,
              3736113.264
            ],
            [
              300327.459,
              3736124.447
            ],
            [
              300314.813,
              3736134.825
            ],
            [
              300301.516,
              3736144.354
            ],
            [
              300287.623,
              3736152.993
            ],
            [
              300273.195,
              3736160.705
            ],
            [
              300258.294,
              3736167.457
            ],
            [
              300242.983,
              3736173.22
            ],
            [
              300227.328,
              3736177.968
            ],
            [
              300211.396,
              3736181.683
            ],
            [
              300195.255,
              3736184.348
            ],
            [
              300178.974,
              3736185.952
            ],
            [
              300162.623,
              3736186.487
            ],
            [
              300146.272,
              3736185.952
            ],
            [
              300129.991,
              3736184.348
            ],
            [
              300113.85,
              3736181.683
            ],
            [
              300097.918,
              3736177.968
            ],
            [
              300082.263,
              3736173.22
            ],
            [
              300066.952,
              3736167.457
            ],
            [
              300052.051,
              3736160.705
            ],
            [
              300037.623,
              3736152.993
            ],
            [
              300023.73,
              3736144.354
            ],
            [
              300010.433,
              3736134.825
            ],
            [
              299997.787,
              3736124.447
            ],
            [
              299985.846,
              3736113.264
            ],
            [
              299974.663,
              3736101.323
            ],
            [
              299964.285,
              3736088.677
            ],
            [
              299954.756,
              3736075.38
            ],
            [
              299946.117,
              3736061.487
            ],
            [
              299938.405,
              3736047.059
            ],
            [
              299931.653,
              3736032.158
            ],
            [
              299925.89,
              3736016.847
            ],
            [
              299921.142,
              3736001.192
            ],
            [
              299917.427,
              3735985.26
            ],
            [
              299914.762,
              3735969.119
            ],
            [
              299913.158,
              3735952.838
            ],
            [
              299912.623,
              3735936.487
            ],
            [
              299913.158,
              3735920.136
            ],
            [
              299914.762,
              3735903.855
            ],
            [
              299917.427,
              3735887.714
            ],
            [
              299921.142,
              3735871.782
            ],
            [
              299925.89,
              3735856.127
            ],
            [
              299931.653,
              3735840.816
            ],
            [
              299938.405,
              3735825.915
            ],
            [
              299946.117,
              3735811.487
            ],
            [
              299954.756,
              3735797.594
            ],
            [
              299964.285,
              3735784.297
            ],
            [
              299974.663,
              3735771.651
            ],
            [
              299985.846,
              3735759.71
            ],
            [
              299997.787,
              3735748.527
            ],
            [
              300010.433,
              3735738.149
            ],
            [
              300023.73,
              3735728.62
            ],
            [
              300037.623,
              3735719.981
            ],
            [
              300052.051,
              3735712.269
            ],
            [
              300066.952,
              3735705.517
            ],
            [
              300082.263,
              3735699.754
            ],
            [
              300097.918,
              3735695.006
            ],
            [
              300113.85,
              3735691.291
            ],
            [
              300129.991,
              3735688.626
            ],
            [
              300146.272,
              3735687.022
            ],
            [
              300162.623,
              3735686.487
            ],
            [
              300178.974,
              3735687.022
            ],
            [
              300195.255,
              3735688.626
            ],
            [
              300211.396,
              3735691.291
            ],
            [
              300227.328,
              3735695.006
            ],
            [
              300242.983,
              3735699.754
            ],
            [
              300258.294,
              3735705.517
            ],
            [
              300273.195,
              3735712.269
            ],
            [
              300287.623,
              3735719.981
            ],
            [
              300301.516,
              3735728.62
            ],
            [
              300314.813,
              3735738.149
            ],
            [
              300327.459,
              3735748.527
            ],
            [
              300339.4,
              3735759.71
            ],
            [
              300350.583,
              3735771.651
            ],
            [
              300360.961,
              3735784.297
            ],
            [
              300370.49,
              3735797.594
            ],
            [
              300379.129,
              3735811.487
            ],
            [
              300386.841,
              3735825.915
            ],
            [
              300393.593,
              3735840.816
            ],
            [
              300399.356,
              3735856.127
            ],
            [
              300404.104,
              3735871.782
            ],
            [
              300407.819,
              3735887.714
            ],
            [
              300410.484,
              3735903.855
            ],
            [
              300412.088,
              3735920.136
            ],
            [
              300412.623,
              3735936.487
            ]
          ]
        ]
      }
    },
    {
      "type": "Feature",
      "properties": {
        "component_id": "139-006",
        "name": "Dharmarajika stupa and monastery",
        "radius_m": 500,
        "geometry_role": "analytical_neighbourhood",
        "is_legal_buffer": false
      },
      "geometry": {
        "type": "Polygon",
        "coordinates": [
          [
            [
              300662.623,
              3735936.487
            ],
            [
              300661.552,
              3735969.189
            ],
            [
              300658.345,
              3736001.75
            ],
            [
              300653.016,
              3736034.032
            ],
            [
              300645.586,
              3736065.897
            ],
            [
              300636.088,
              3736097.207
            ],
            [
              300624.563,
              3736127.829
            ],
            [
              300611.059,
              3736157.631
            ],
            [
              300595.636,
              3736186.487
            ],
            [
              300578.358,
              3736214.272
            ],
            [
              300559.3,
              3736240.868
            ],
            [
              300538.543,
              3736266.16
            ],
            [
              300516.176,
              3736290.04
            ],
            [
              300492.296,
              3736312.407
            ],
            [
              300467.004,
              3736333.164
            ],
            [
              300440.408,
              3736352.222
            ],
            [
              300412.623,
              3736369.5
            ],
            [
              300383.767,
              3736384.923
            ],
            [
              300353.965,
              3736398.427
            ],
            [
              300323.343,
              3736409.952
            ],
            [
              300292.033,
              3736419.45
            ],
            [
              300260.168,
              3736426.88
            ],
            [
              300227.886,
              3736432.209
            ],
            [
              300195.325,
              3736435.416
            ],
            [
              300162.623,
              3736436.487
            ],
            [
              300129.921,
              3736435.416
            ],
            [
              300097.36,
              3736432.209
            ],
            [
              300065.078,
              3736426.88
            ],
            [
              300033.213,
              3736419.45
            ],
            [
              300001.903,
              3736409.952
            ],
            [
              299971.281,
              3736398.427
            ],
            [
              299941.479,
              3736384.923
            ],
            [
              299912.623,
              3736369.5
            ],
            [
              299884.838,
              3736352.222
            ],
            [
              299858.242,
              3736333.164
            ],
            [
              299832.95,
              3736312.407
            ],
            [
              299809.07,
              3736290.04
            ],
            [
              299786.703,
              3736266.16
            ],
            [
              299765.946,
              3736240.868
            ],
            [
              299746.888,
              3736214.272
            ],
            [
              299729.61,
              3736186.487
            ],
            [
              299714.187,
              3736157.631
            ],
            [
              299700.683,
              3736127.829
            ],
            [
              299689.158,
              3736097.207
            ],
            [
              299679.66,
              3736065.897
            ],
            [
              299672.23,
              3736034.032
            ],
            [
              299666.901,
              3736001.75
            ],
            [
              299663.694,
              3735969.189
            ],
            [
              299662.623,
              3735936.487
            ],
            [
              299663.694,
              3735903.785
            ],
            [
              299666.901,
              3735871.224
            ],
            [
              299672.23,
              3735838.942
            ],
            [
              299679.66,
              3735807.077
            ],
            [
              299689.158,
              3735775.767
            ],
            [
              299700.683,
              3735745.145
            ],
            [
              299714.187,
              3735715.343
            ],
            [
              299729.61,
              3735686.487
            ],
            [
              299746.888,
              3735658.702
            ],
            [
              299765.946,
              3735632.106
            ],
            [
              299786.703,
              3735606.814
            ],
            [
              299809.07,
              3735582.934
            ],
            [
              299832.95,
              3735560.567
            ],
            [
              299858.242,
              3735539.81
            ],
            [
              299884.838,
              3735520.752
            ],
            [
              299912.623,
              3735503.474
            ],
            [
              299941.479,
              3735488.051
            ],
            [
              299971.281,
              3735474.547
            ],
            [
              300001.903,
              3735463.022
            ],
            [
              300033.213,
              3735453.524
            ],
            [
              300065.078,
              3735446.094
            ],
            [
              300097.36,
              3735440.765
            ],
            [
              300129.921,
              3735437.558
            ],
            [
              300162.623,
              3735436.487
            ],
            [
              300195.325,
              3735437.558
            ],
            [
              300227.886,
              3735440.765
            ],
            [
              300260.168,
              3735446.094
            ],
            [
              300292.033,
              3735453.524
            ],
            [
              300323.343,
              3735463.022
            ],
            [
              300353.965,
              3735474.547
            ],
            [
              300383.767,
              3735488.051
            ],
            [
              300412.623,
              3735503.474
            ],
            [
              300440.408,
              3735520.752
            ],
            [
              300467.004,
              3735539.81
            ],
            [
              300492.296,
              3735560.567
            ],
            [
              300516.176,
              3735582.934
            ],
            [
              300538.543,
              3735606.814
            ],
            [
              300559.3,
              3735632.106
            ],
            [
              300578.358,
              3735658.702
            ],
            [
              300595.636,
              3735686.487
            ],
            [
              300611.059,
              3735715.343
            ],
            [
              300624.563,
              3735745.145
            ],
            [
              300636.088,
              3735775.767
            ],
            [
              300645.586,
              3735807.077
            ],
            [
              300653.016,
              3735838.942
            ],
            [
              300658.345,
              3735871.224
            ],
            [
              300661.552,
              3735903.785
            ],
            [
              300662.623,
              3735936.487
            ]
          ]
        ]
      }
    },
    {
      "type": "Feature",
      "properties": {
        "component_id": "139-006",
        "name": "Dharmarajika stupa and monastery",
        "radius_m": 1000,
        "geometry_role": "analytical_neighbourhood",
        "is_legal_buffer": false
      },
      "geometry": {
        "type": "Polygon",
        "coordinates": [
          [
            [
              301162.623,
              3735936.487
            ],
            [
              301160.482,
              3736001.89
            ],
            [
              301154.068,
              3736067.013
            ],
            [
              301143.408,
              3736131.577
            ],
            [
              301128.549,
              3736195.306
            ],
            [
              301109.553,
              3736257.926
            ],
            [
              301086.503,
              3736319.17
            ],
            [
              301059.496,
              3736378.776
            ],
            [
              301028.648,
              3736436.487
            ],
            [
              300994.093,
              3736492.057
            ],
            [
              300955.976,
              3736545.248
            ],
            [
              300914.463,
              3736595.833
            ],
            [
              300869.73,
              3736643.594
            ],
            [
              300821.969,
              3736688.327
            ],
            [
              300771.384,
              3736729.84
            ],
            [
              300718.193,
              3736767.957
            ],
            [
              300662.623,
              3736802.512
            ],
            [
              300604.912,
              3736833.36
            ],
            [
              300545.306,
              3736860.367
            ],
            [
              300484.062,
              3736883.417
            ],
            [
              300421.442,
              3736902.413
            ],
            [
              300357.713,
              3736917.272
            ],
            [
              300293.149,
              3736927.932
            ],
            [
              300228.026,
              3736934.346
            ],
            [
              300162.623,
              3736936.487
            ],
            [
              300097.22,
              3736934.346
            ],
            [
              300032.097,
              3736927.932
            ],
            [
              299967.533,
              3736917.272
            ],
            [
              299903.804,
              3736902.413
            ],
            [
              299841.184,
              3736883.417
            ],
            [
              299779.94,
              3736860.367
            ],
            [
              299720.334,
              3736833.36
            ],
            [
              299662.623,
              3736802.512
            ],
            [
              299607.053,
              3736767.957
            ],
            [
              299553.862,
              3736729.84
            ],
            [
              299503.277,
              3736688.327
            ],
            [
              299455.516,
              3736643.594
            ],
            [
              299410.783,
              3736595.833
            ],
            [
              299369.27,
              3736545.248
            ],
            [
              299331.153,
              3736492.057
            ],
            [
              299296.598,
              3736436.487
            ],
            [
              299265.75,
              3736378.776
            ],
            [
              299238.743,
              3736319.17
            ],
            [
              299215.693,
              3736257.926
            ],
            [
              299196.697,
              3736195.306
            ],
            [
              299181.838,
              3736131.577
            ],
            [
              299171.178,
              3736067.013
            ],
            [
              299164.764,
              3736001.89
            ],
            [
              299162.623,
              3735936.487
            ],
            [
              299164.764,
              3735871.084
            ],
            [
              299171.178,
              3735805.961
            ],
            [
              299181.838,
              3735741.397
            ],
            [
              299196.697,
              3735677.668
            ],
            [
              299215.693,
              3735615.048
            ],
            [
              299238.743,
              3735553.804
            ],
            [
              299265.75,
              3735494.198
            ],
            [
              299296.598,
              3735436.487
            ],
            [
              299331.153,
              3735380.917
            ],
            [
              299369.27,
              3735327.726
            ],
            [
              299410.783,
              3735277.141
            ],
            [
              299455.516,
              3735229.38
            ],
            [
              299503.277,
              3735184.647
            ],
            [
              299553.862,
              3735143.134
            ],
            [
              299607.053,
              3735105.017
            ],
            [
              299662.623,
              3735070.462
            ],
            [
              299720.334,
              3735039.614
            ],
            [
              299779.94,
              3735012.607
            ],
            [
              299841.184,
              3734989.557
            ],
            [
              299903.804,
              3734970.561
            ],
            [
              299967.533,
              3734955.702
            ],
            [
              300032.097,
              3734945.042
            ],
            [
              300097.22,
              3734938.628
            ],
            [
              300162.623,
              3734936.487
            ],
            [
              300228.026,
              3734938.628
            ],
            [
              300293.149,
              3734945.042
            ],
            [
              300357.713,
              3734955.702
            ],
            [
              300421.442,
              3734970.561
            ],
            [
              300484.062,
              3734989.557
            ],
            [
              300545.306,
              3735012.607
            ],
            [
              300604.912,
              3735039.614
            ],
            [
              300662.623,
              3735070.462
            ],
            [
              300718.193,
              3735105.017
            ],
            [
              300771.384,
              3735143.134
            ],
            [
              300821.969,
              3735184.647
            ],
            [
              300869.73,
              3735229.38
            ],
            [
              300914.463,
              3735277.141
            ],
            [
              300955.976,
              3735327.726
            ],
            [
              300994.093,
              3735380.917
            ],
            [
              301028.648,
              3735436.487
            ],
            [
              301059.496,
              3735494.198
            ],
            [
              301086.503,
              3735553.804
            ],
            [
              301109.553,
              3735615.048
            ],
            [
              301128.549,
              3735677.668
            ],
            [
              301143.408,
              3735741.397
            ],
            [
              301154.068,
              3735805.961
            ],
            [
              301160.482,
              3735871.084
            ],
            [
              301162.623,
              3735936.487
            ]
          ]
        ]
      }
    },
    {
      "type": "Feature",
      "properties": {
        "component_id": "139-007",
        "name": "Khader Mohra (Akhuri)",
        "radius_m": 250,
        "geometry_role": "analytical_neighbourhood",
        "is_legal_buffer": false
      },
      "geometry": {
        "type": "Polygon",
        "coordinates": [
          [
            [
              302122.582,
              3737691.177
            ],
            [
              302122.047,
              3737707.528
            ],
            [
              302120.443,
              3737723.809
            ],
            [
              302117.778,
              3737739.95
            ],
            [
              302114.063,
              3737755.882
            ],
            [
              302109.315,
              3737771.537
            ],
            [
              302103.552,
              3737786.848
            ],
            [
              302096.8,
              3737801.749
            ],
            [
              302089.088,
              3737816.177
            ],
            [
              302080.449,
              3737830.07
            ],
            [
              302070.92,
              3737843.367
            ],
            [
              302060.542,
              3737856.013
            ],
            [
              302049.359,
              3737867.954
            ],
            [
              302037.418,
              3737879.137
            ],
            [
              302024.772,
              3737889.515
            ],
            [
              302011.475,
              3737899.044
            ],
            [
              301997.582,
              3737907.683
            ],
            [
              301983.154,
              3737915.395
            ],
            [
              301968.253,
              3737922.147
            ],
            [
              301952.942,
              3737927.91
            ],
            [
              301937.287,
              3737932.658
            ],
            [
              301921.355,
              3737936.373
            ],
            [
              301905.214,
              3737939.038
            ],
            [
              301888.933,
              3737940.642
            ],
            [
              301872.582,
              3737941.177
            ],
            [
              301856.231,
              3737940.642
            ],
            [
              301839.95,
              3737939.038
            ],
            [
              301823.809,
              3737936.373
            ],
            [
              301807.877,
              3737932.658
            ],
            [
              301792.222,
              3737927.91
            ],
            [
              301776.911,
              3737922.147
            ],
            [
              301762.01,
              3737915.395
            ],
            [
              301747.582,
              3737907.683
            ],
            [
              301733.689,
              3737899.044
            ],
            [
              301720.392,
              3737889.515
            ],
            [
              301707.746,
              3737879.137
            ],
            [
              301695.805,
              3737867.954
            ],
            [
              301684.622,
              3737856.013
            ],
            [
              301674.244,
              3737843.367
            ],
            [
              301664.715,
              3737830.07
            ],
            [
              301656.076,
              3737816.177
            ],
            [
              301648.364,
              3737801.749
            ],
            [
              301641.612,
              3737786.848
            ],
            [
              301635.849,
              3737771.537
            ],
            [
              301631.101,
              3737755.882
            ],
            [
              301627.386,
              3737739.95
            ],
            [
              301624.721,
              3737723.809
            ],
            [
              301623.117,
              3737707.528
            ],
            [
              301622.582,
              3737691.177
            ],
            [
              301623.117,
              3737674.826
            ],
            [
              301624.721,
              3737658.545
            ],
            [
              301627.386,
              3737642.404
            ],
            [
              301631.101,
              3737626.472
            ],
            [
              301635.849,
              3737610.817
            ],
            [
              301641.612,
              3737595.506
            ],
            [
              301648.364,
              3737580.605
            ],
            [
              301656.076,
              3737566.177
            ],
            [
              301664.715,
              3737552.284
            ],
            [
              301674.244,
              3737538.987
            ],
            [
              301684.622,
              3737526.341
            ],
            [
              301695.805,
              3737514.4
            ],
            [
              301707.746,
              3737503.217
            ],
            [
              301720.392,
              3737492.839
            ],
            [
              301733.689,
              3737483.31
            ],
            [
              301747.582,
              3737474.671
            ],
            [
              301762.01,
              3737466.959
            ],
            [
              301776.911,
              3737460.207
            ],
            [
              301792.222,
              3737454.444
            ],
            [
              301807.877,
              3737449.696
            ],
            [
              301823.809,
              3737445.981
            ],
            [
              301839.95,
              3737443.316
            ],
            [
              301856.231,
              3737441.712
            ],
            [
              301872.582,
              3737441.177
            ],
            [
              301888.933,
              3737441.712
            ],
            [
              301905.214,
              3737443.316
            ],
            [
              301921.355,
              3737445.981
            ],
            [
              301937.287,
              3737449.696
            ],
            [
              301952.942,
              3737454.444
            ],
            [
              301968.253,
              3737460.207
            ],
            [
              301983.154,
              3737466.959
            ],
            [
              301997.582,
              3737474.671
            ],
            [
              302011.475,
              3737483.31
            ],
            [
              302024.772,
              3737492.839
            ],
            [
              302037.418,
              3737503.217
            ],
            [
              302049.359,
              3737514.4
            ],
            [
              302060.542,
              3737526.341
            ],
            [
              302070.92,
              3737538.987
            ],
            [
              302080.449,
              3737552.284
            ],
            [
              302089.088,
              3737566.177
            ],
            [
              302096.8,
              3737580.605
            ],
            [
              302103.552,
              3737595.506
            ],
            [
              302109.315,
              3737610.817
            ],
            [
              302114.063,
              3737626.472
            ],
            [
              302117.778,
              3737642.404
            ],
            [
              302120.443,
              3737658.545
            ],
            [
              302122.047,
              3737674.826
            ],
            [
              302122.582,
              3737691.177
            ]
          ]
        ]
      }
    },
    {
      "type": "Feature",
      "properties": {
        "component_id": "139-007",
        "name": "Khader Mohra (Akhuri)",
        "radius_m": 500,
        "geometry_role": "analytical_neighbourhood",
        "is_legal_buffer": false
      },
      "geometry": {
        "type": "Polygon",
        "coordinates": [
          [
            [
              302372.582,
              3737691.177
            ],
            [
              302371.511,
              3737723.879
            ],
            [
              302368.304,
              3737756.44
            ],
            [
              302362.975,
              3737788.722
            ],
            [
              302355.545,
              3737820.587
            ],
            [
              302346.047,
              3737851.897
            ],
            [
              302334.522,
              3737882.519
            ],
            [
              302321.018,
              3737912.321
            ],
            [
              302305.595,
              3737941.177
            ],
            [
              302288.317,
              3737968.962
            ],
            [
              302269.259,
              3737995.558
            ],
            [
              302248.502,
              3738020.85
            ],
            [
              302226.135,
              3738044.73
            ],
            [
              302202.255,
              3738067.097
            ],
            [
              302176.963,
              3738087.854
            ],
            [
              302150.367,
              3738106.912
            ],
            [
              302122.582,
              3738124.19
            ],
            [
              302093.726,
              3738139.613
            ],
            [
              302063.924,
              3738153.117
            ],
            [
              302033.302,
              3738164.642
            ],
            [
              302001.992,
              3738174.14
            ],
            [
              301970.127,
              3738181.57
            ],
            [
              301937.845,
              3738186.899
            ],
            [
              301905.284,
              3738190.106
            ],
            [
              301872.582,
              3738191.177
            ],
            [
              301839.88,
              3738190.106
            ],
            [
              301807.319,
              3738186.899
            ],
            [
              301775.037,
              3738181.57
            ],
            [
              301743.172,
              3738174.14
            ],
            [
              301711.862,
              3738164.642
            ],
            [
              301681.24,
              3738153.117
            ],
            [
              301651.438,
              3738139.613
            ],
            [
              301622.582,
              3738124.19
            ],
            [
              301594.797,
              3738106.912
            ],
            [
              301568.201,
              3738087.854
            ],
            [
              301542.909,
              3738067.097
            ],
            [
              301519.029,
              3738044.73
            ],
            [
              301496.662,
              3738020.85
            ],
            [
              301475.905,
              3737995.558
            ],
            [
              301456.847,
              3737968.962
            ],
            [
              301439.569,
              3737941.177
            ],
            [
              301424.146,
              3737912.321
            ],
            [
              301410.642,
              3737882.519
            ],
            [
              301399.117,
              3737851.897
            ],
            [
              301389.619,
              3737820.587
            ],
            [
              301382.189,
              3737788.722
            ],
            [
              301376.86,
              3737756.44
            ],
            [
              301373.653,
              3737723.879
            ],
            [
              301372.582,
              3737691.177
            ],
            [
              301373.653,
              3737658.475
            ],
            [
              301376.86,
              3737625.914
            ],
            [
              301382.189,
              3737593.632
            ],
            [
              301389.619,
              3737561.767
            ],
            [
              301399.117,
              3737530.457
            ],
            [
              301410.642,
              3737499.835
            ],
            [
              301424.146,
              3737470.033
            ],
            [
              301439.569,
              3737441.177
            ],
            [
              301456.847,
              3737413.392
            ],
            [
              301475.905,
              3737386.796
            ],
            [
              301496.662,
              3737361.504
            ],
            [
              301519.029,
              3737337.624
            ],
            [
              301542.909,
              3737315.257
            ],
            [
              301568.201,
              3737294.5
            ],
            [
              301594.797,
              3737275.442
            ],
            [
              301622.582,
              3737258.164
            ],
            [
              301651.438,
              3737242.741
            ],
            [
              301681.24,
              3737229.237
            ],
            [
              301711.862,
              3737217.712
            ],
            [
              301743.172,
              3737208.214
            ],
            [
              301775.037,
              3737200.784
            ],
            [
              301807.319,
              3737195.455
            ],
            [
              301839.88,
              3737192.248
            ],
            [
              301872.582,
              3737191.177
            ],
            [
              301905.284,
              3737192.248
            ],
            [
              301937.845,
              3737195.455
            ],
            [
              301970.127,
              3737200.784
            ],
            [
              302001.992,
              3737208.214
            ],
            [
              302033.302,
              3737217.712
            ],
            [
              302063.924,
              3737229.237
            ],
            [
              302093.726,
              3737242.741
            ],
            [
              302122.582,
              3737258.164
            ],
            [
              302150.367,
              3737275.442
            ],
            [
              302176.963,
              3737294.5
            ],
            [
              302202.255,
              3737315.257
            ],
            [
              302226.135,
              3737337.624
            ],
            [
              302248.502,
              3737361.504
            ],
            [
              302269.259,
              3737386.796
            ],
            [
              302288.317,
              3737413.392
            ],
            [
              302305.595,
              3737441.177
            ],
            [
              302321.018,
              3737470.033
            ],
            [
              302334.522,
              3737499.835
            ],
            [
              302346.047,
              3737530.457
            ],
            [
              302355.545,
              3737561.767
            ],
            [
              302362.975,
              3737593.632
            ],
            [
              302368.304,
              3737625.914
            ],
            [
              302371.511,
              3737658.475
            ],
            [
              302372.582,
              3737691.177
            ]
          ]
        ]
      }
    },
    {
      "type": "Feature",
      "properties": {
        "component_id": "139-007",
        "name": "Khader Mohra (Akhuri)",
        "radius_m": 1000,
        "geometry_role": "analytical_neighbourhood",
        "is_legal_buffer": false
      },
      "geometry": {
        "type": "Polygon",
        "coordinates": [
          [
            [
              302872.582,
              3737691.177
            ],
            [
              302870.441,
              3737756.58
            ],
            [
              302864.027,
              3737821.703
            ],
            [
              302853.367,
              3737886.267
            ],
            [
              302838.508,
              3737949.996
            ],
            [
              302819.512,
              3738012.616
            ],
            [
              302796.462,
              3738073.86
            ],
            [
              302769.455,
              3738133.466
            ],
            [
              302738.607,
              3738191.177
            ],
            [
              302704.052,
              3738246.747
            ],
            [
              302665.935,
              3738299.938
            ],
            [
              302624.422,
              3738350.523
            ],
            [
              302579.689,
              3738398.284
            ],
            [
              302531.928,
              3738443.017
            ],
            [
              302481.343,
              3738484.53
            ],
            [
              302428.152,
              3738522.647
            ],
            [
              302372.582,
              3738557.202
            ],
            [
              302314.871,
              3738588.05
            ],
            [
              302255.265,
              3738615.057
            ],
            [
              302194.021,
              3738638.107
            ],
            [
              302131.401,
              3738657.103
            ],
            [
              302067.672,
              3738671.962
            ],
            [
              302003.108,
              3738682.622
            ],
            [
              301937.985,
              3738689.036
            ],
            [
              301872.582,
              3738691.177
            ],
            [
              301807.179,
              3738689.036
            ],
            [
              301742.056,
              3738682.622
            ],
            [
              301677.492,
              3738671.962
            ],
            [
              301613.763,
              3738657.103
            ],
            [
              301551.143,
              3738638.107
            ],
            [
              301489.899,
              3738615.057
            ],
            [
              301430.293,
              3738588.05
            ],
            [
              301372.582,
              3738557.202
            ],
            [
              301317.012,
              3738522.647
            ],
            [
              301263.821,
              3738484.53
            ],
            [
              301213.236,
              3738443.017
            ],
            [
              301165.475,
              3738398.284
            ],
            [
              301120.742,
              3738350.523
            ],
            [
              301079.229,
              3738299.938
            ],
            [
              301041.112,
              3738246.747
            ],
            [
              301006.557,
              3738191.177
            ],
            [
              300975.709,
              3738133.466
            ],
            [
              300948.702,
              3738073.86
            ],
            [
              300925.652,
              3738012.616
            ],
            [
              300906.656,
              3737949.996
            ],
            [
              300891.797,
              3737886.267
            ],
            [
              300881.137,
              3737821.703
            ],
            [
              300874.723,
              3737756.58
            ],
            [
              300872.582,
              3737691.177
            ],
            [
              300874.723,
              3737625.774
            ],
            [
              300881.137,
              3737560.651
            ],
            [
              300891.797,
              3737496.087
            ],
            [
              300906.656,
              3737432.358
            ],
            [
              300925.652,
              3737369.738
            ],
            [
              300948.702,
              3737308.494
            ],
            [
              300975.709,
              3737248.888
            ],
            [
              301006.557,
              3737191.177
            ],
            [
              301041.112,
              3737135.607
            ],
            [
              301079.229,
              3737082.416
            ],
            [
              301120.742,
              3737031.831
            ],
            [
              301165.475,
              3736984.07
            ],
            [
              301213.236,
              3736939.337
            ],
            [
              301263.821,
              3736897.824
            ],
            [
              301317.012,
              3736859.707
            ],
            [
              301372.582,
              3736825.152
            ],
            [
              301430.293,
              3736794.304
            ],
            [
              301489.899,
              3736767.297
            ],
            [
              301551.143,
              3736744.247
            ],
            [
              301613.763,
              3736725.251
            ],
            [
              301677.492,
              3736710.392
            ],
            [
              301742.056,
              3736699.732
            ],
            [
              301807.179,
              3736693.318
            ],
            [
              301872.582,
              3736691.177
            ],
            [
              301937.985,
              3736693.318
            ],
            [
              302003.108,
              3736699.732
            ],
            [
              302067.672,
              3736710.392
            ],
            [
              302131.401,
              3736725.251
            ],
            [
              302194.021,
              3736744.247
            ],
            [
              302255.265,
              3736767.297
            ],
            [
              302314.871,
              3736794.304
            ],
            [
              302372.582,
              3736825.152
            ],
            [
              302428.152,
              3736859.707
            ],
            [
              302481.343,
              3736897.824
            ],
            [
              302531.928,
              3736939.337
            ],
            [
              302579.689,
              3736984.07
            ],
            [
              302624.422,
              3737031.831
            ],
            [
              302665.935,
              3737082.416
            ],
            [
              302704.052,
              3737135.607
            ],
            [
              302738.607,
              3737191.177
            ],
            [
              302769.455,
              3737248.888
            ],
            [
              302796.462,
              3737308.494
            ],
            [
              302819.512,
              3737369.738
            ],
            [
              302838.508,
              3737432.358
            ],
            [
              302853.367,
              3737496.087
            ],
            [
              302864.027,
              3737560.651
            ],
            [
              302870.441,
              3737625.774
            ],
            [
              302872.582,
              3737691.177
            ]
          ]
        ]
      }
    },
    {
      "type": "Feature",
      "properties": {
        "component_id": "139-008",
        "name": "Kalawan group of buildings",
        "radius_m": 250,
        "geometry_role": "analytical_neighbourhood",
        "is_legal_buffer": false
      },
      "geometry": {
        "type": "Polygon",
        "coordinates": [
          [
            [
              300146.425,
              3736122.05
            ],
            [
              300145.89,
              3736138.401
            ],
            [
              300144.286,
              3736154.682
            ],
            [
              300141.621,
              3736170.823
            ],
            [
              300137.906,
              3736186.755
            ],
            [
              300133.158,
              3736202.41
            ],
            [
              300127.395,
              3736217.721
            ],
            [
              300120.643,
              3736232.622
            ],
            [
              300112.931,
              3736247.05
            ],
            [
              300104.292,
              3736260.943
            ],
            [
              300094.763,
              3736274.24
            ],
            [
              300084.385,
              3736286.886
            ],
            [
              300073.202,
              3736298.827
            ],
            [
              300061.261,
              3736310.01
            ],
            [
              300048.615,
              3736320.388
            ],
            [
              300035.318,
              3736329.917
            ],
            [
              300021.425,
              3736338.556
            ],
            [
              300006.997,
              3736346.268
            ],
            [
              299992.096,
              3736353.02
            ],
            [
              299976.785,
              3736358.783
            ],
            [
              299961.13,
              3736363.531
            ],
            [
              299945.198,
              3736367.246
            ],
            [
              299929.057,
              3736369.911
            ],
            [
              299912.776,
              3736371.515
            ],
            [
              299896.425,
              3736372.05
            ],
            [
              299880.074,
              3736371.515
            ],
            [
              299863.793,
              3736369.911
            ],
            [
              299847.652,
              3736367.246
            ],
            [
              299831.72,
              3736363.531
            ],
            [
              299816.065,
              3736358.783
            ],
            [
              299800.754,
              3736353.02
            ],
            [
              299785.853,
              3736346.268
            ],
            [
              299771.425,
              3736338.556
            ],
            [
              299757.532,
              3736329.917
            ],
            [
              299744.235,
              3736320.388
            ],
            [
              299731.589,
              3736310.01
            ],
            [
              299719.648,
              3736298.827
            ],
            [
              299708.465,
              3736286.886
            ],
            [
              299698.087,
              3736274.24
            ],
            [
              299688.558,
              3736260.943
            ],
            [
              299679.919,
              3736247.05
            ],
            [
              299672.207,
              3736232.622
            ],
            [
              299665.455,
              3736217.721
            ],
            [
              299659.692,
              3736202.41
            ],
            [
              299654.944,
              3736186.755
            ],
            [
              299651.229,
              3736170.823
            ],
            [
              299648.564,
              3736154.682
            ],
            [
              299646.96,
              3736138.401
            ],
            [
              299646.425,
              3736122.05
            ],
            [
              299646.96,
              3736105.699
            ],
            [
              299648.564,
              3736089.418
            ],
            [
              299651.229,
              3736073.277
            ],
            [
              299654.944,
              3736057.345
            ],
            [
              299659.692,
              3736041.69
            ],
            [
              299665.455,
              3736026.379
            ],
            [
              299672.207,
              3736011.478
            ],
            [
              299679.919,
              3735997.05
            ],
            [
              299688.558,
              3735983.157
            ],
            [
              299698.087,
              3735969.86
            ],
            [
              299708.465,
              3735957.214
            ],
            [
              299719.648,
              3735945.273
            ],
            [
              299731.589,
              3735934.09
            ],
            [
              299744.235,
              3735923.712
            ],
            [
              299757.532,
              3735914.183
            ],
            [
              299771.425,
              3735905.544
            ],
            [
              299785.853,
              3735897.832
            ],
            [
              299800.754,
              3735891.08
            ],
            [
              299816.065,
              3735885.317
            ],
            [
              299831.72,
              3735880.569
            ],
            [
              299847.652,
              3735876.854
            ],
            [
              299863.793,
              3735874.189
            ],
            [
              299880.074,
              3735872.585
            ],
            [
              299896.425,
              3735872.05
            ],
            [
              299912.776,
              3735872.585
            ],
            [
              299929.057,
              3735874.189
            ],
            [
              299945.198,
              3735876.854
            ],
            [
              299961.13,
              3735880.569
            ],
            [
              299976.785,
              3735885.317
            ],
            [
              299992.096,
              3735891.08
            ],
            [
              300006.997,
              3735897.832
            ],
            [
              300021.425,
              3735905.544
            ],
            [
              300035.318,
              3735914.183
            ],
            [
              300048.615,
              3735923.712
            ],
            [
              300061.261,
              3735934.09
            ],
            [
              300073.202,
              3735945.273
            ],
            [
              300084.385,
              3735957.214
            ],
            [
              300094.763,
              3735969.86
            ],
            [
              300104.292,
              3735983.157
            ],
            [
              300112.931,
              3735997.05
            ],
            [
              300120.643,
              3736011.478
            ],
            [
              300127.395,
              3736026.379
            ],
            [
              300133.158,
              3736041.69
            ],
            [
              300137.906,
              3736057.345
            ],
            [
              300141.621,
              3736073.277
            ],
            [
              300144.286,
              3736089.418
            ],
            [
              300145.89,
              3736105.699
            ],
            [
              300146.425,
              3736122.05
            ]
          ]
        ]
      }
    },
    {
      "type": "Feature",
      "properties": {
        "component_id": "139-008",
        "name": "Kalawan group of buildings",
        "radius_m": 500,
        "geometry_role": "analytical_neighbourhood",
        "is_legal_buffer": false
      },
      "geometry": {
        "type": "Polygon",
        "coordinates": [
          [
            [
              300396.425,
              3736122.05
            ],
            [
              300395.354,
              3736154.752
            ],
            [
              300392.147,
              3736187.313
            ],
            [
              300386.818,
              3736219.595
            ],
            [
              300379.388,
              3736251.46
            ],
            [
              300369.89,
              3736282.77
            ],
            [
              300358.365,
              3736313.392
            ],
            [
              300344.861,
              3736343.194
            ],
            [
              300329.438,
              3736372.05
            ],
            [
              300312.16,
              3736399.835
            ],
            [
              300293.102,
              3736426.431
            ],
            [
              300272.345,
              3736451.723
            ],
            [
              300249.978,
              3736475.603
            ],
            [
              300226.098,
              3736497.97
            ],
            [
              300200.806,
              3736518.727
            ],
            [
              300174.21,
              3736537.785
            ],
            [
              300146.425,
              3736555.063
            ],
            [
              300117.569,
              3736570.486
            ],
            [
              300087.767,
              3736583.99
            ],
            [
              300057.145,
              3736595.515
            ],
            [
              300025.835,
              3736605.013
            ],
            [
              299993.97,
              3736612.443
            ],
            [
              299961.688,
              3736617.772
            ],
            [
              299929.127,
              3736620.979
            ],
            [
              299896.425,
              3736622.05
            ],
            [
              299863.723,
              3736620.979
            ],
            [
              299831.162,
              3736617.772
            ],
            [
              299798.88,
              3736612.443
            ],
            [
              299767.015,
              3736605.013
            ],
            [
              299735.705,
              3736595.515
            ],
            [
              299705.083,
              3736583.99
            ],
            [
              299675.281,
              3736570.486
            ],
            [
              299646.425,
              3736555.063
            ],
            [
              299618.64,
              3736537.785
            ],
            [
              299592.044,
              3736518.727
            ],
            [
              299566.752,
              3736497.97
            ],
            [
              299542.872,
              3736475.603
            ],
            [
              299520.505,
              3736451.723
            ],
            [
              299499.748,
              3736426.431
            ],
            [
              299480.69,
              3736399.835
            ],
            [
              299463.412,
              3736372.05
            ],
            [
              299447.989,
              3736343.194
            ],
            [
              299434.485,
              3736313.392
            ],
            [
              299422.96,
              3736282.77
            ],
            [
              299413.462,
              3736251.46
            ],
            [
              299406.032,
              3736219.595
            ],
            [
              299400.703,
              3736187.313
            ],
            [
              299397.496,
              3736154.752
            ],
            [
              299396.425,
              3736122.05
            ],
            [
              299397.496,
              3736089.348
            ],
            [
              299400.703,
              3736056.787
            ],
            [
              299406.032,
              3736024.505
            ],
            [
              299413.462,
              3735992.64
            ],
            [
              299422.96,
              3735961.33
            ],
            [
              299434.485,
              3735930.708
            ],
            [
              299447.989,
              3735900.906
            ],
            [
              299463.412,
              3735872.05
            ],
            [
              299480.69,
              3735844.265
            ],
            [
              299499.748,
              3735817.669
            ],
            [
              299520.505,
              3735792.377
            ],
            [
              299542.872,
              3735768.497
            ],
            [
              299566.752,
              3735746.13
            ],
            [
              299592.044,
              3735725.373
            ],
            [
              299618.64,
              3735706.315
            ],
            [
              299646.425,
              3735689.037
            ],
            [
              299675.281,
              3735673.614
            ],
            [
              299705.083,
              3735660.11
            ],
            [
              299735.705,
              3735648.585
            ],
            [
              299767.015,
              3735639.087
            ],
            [
              299798.88,
              3735631.657
            ],
            [
              299831.162,
              3735626.328
            ],
            [
              299863.723,
              3735623.121
            ],
            [
              299896.425,
              3735622.05
            ],
            [
              299929.127,
              3735623.121
            ],
            [
              299961.688,
              3735626.328
            ],
            [
              299993.97,
              3735631.657
            ],
            [
              300025.835,
              3735639.087
            ],
            [
              300057.145,
              3735648.585
            ],
            [
              300087.767,
              3735660.11
            ],
            [
              300117.569,
              3735673.614
            ],
            [
              300146.425,
              3735689.037
            ],
            [
              300174.21,
              3735706.315
            ],
            [
              300200.806,
              3735725.373
            ],
            [
              300226.098,
              3735746.13
            ],
            [
              300249.978,
              3735768.497
            ],
            [
              300272.345,
              3735792.377
            ],
            [
              300293.102,
              3735817.669
            ],
            [
              300312.16,
              3735844.265
            ],
            [
              300329.438,
              3735872.05
            ],
            [
              300344.861,
              3735900.906
            ],
            [
              300358.365,
              3735930.708
            ],
            [
              300369.89,
              3735961.33
            ],
            [
              300379.388,
              3735992.64
            ],
            [
              300386.818,
              3736024.505
            ],
            [
              300392.147,
              3736056.787
            ],
            [
              300395.354,
              3736089.348
            ],
            [
              300396.425,
              3736122.05
            ]
          ]
        ]
      }
    },
    {
      "type": "Feature",
      "properties": {
        "component_id": "139-008",
        "name": "Kalawan group of buildings",
        "radius_m": 1000,
        "geometry_role": "analytical_neighbourhood",
        "is_legal_buffer": false
      },
      "geometry": {
        "type": "Polygon",
        "coordinates": [
          [
            [
              300896.425,
              3736122.05
            ],
            [
              300894.284,
              3736187.453
            ],
            [
              300887.87,
              3736252.576
            ],
            [
              300877.21,
              3736317.14
            ],
            [
              300862.351,
              3736380.869
            ],
            [
              300843.355,
              3736443.489
            ],
            [
              300820.305,
              3736504.733
            ],
            [
              300793.298,
              3736564.339
            ],
            [
              300762.45,
              3736622.05
            ],
            [
              300727.895,
              3736677.62
            ],
            [
              300689.778,
              3736730.811
            ],
            [
              300648.265,
              3736781.396
            ],
            [
              300603.532,
              3736829.157
            ],
            [
              300555.771,
              3736873.89
            ],
            [
              300505.186,
              3736915.403
            ],
            [
              300451.995,
              3736953.52
            ],
            [
              300396.425,
              3736988.075
            ],
            [
              300338.714,
              3737018.923
            ],
            [
              300279.108,
              3737045.93
            ],
            [
              300217.864,
              3737068.98
            ],
            [
              300155.244,
              3737087.976
            ],
            [
              300091.515,
              3737102.835
            ],
            [
              300026.951,
              3737113.495
            ],
            [
              299961.828,
              3737119.909
            ],
            [
              299896.425,
              3737122.05
            ],
            [
              299831.022,
              3737119.909
            ],
            [
              299765.899,
              3737113.495
            ],
            [
              299701.335,
              3737102.835
            ],
            [
              299637.606,
              3737087.976
            ],
            [
              299574.986,
              3737068.98
            ],
            [
              299513.742,
              3737045.93
            ],
            [
              299454.136,
              3737018.923
            ],
            [
              299396.425,
              3736988.075
            ],
            [
              299340.855,
              3736953.52
            ],
            [
              299287.664,
              3736915.403
            ],
            [
              299237.079,
              3736873.89
            ],
            [
              299189.318,
              3736829.157
            ],
            [
              299144.585,
              3736781.396
            ],
            [
              299103.072,
              3736730.811
            ],
            [
              299064.955,
              3736677.62
            ],
            [
              299030.4,
              3736622.05
            ],
            [
              298999.552,
              3736564.339
            ],
            [
              298972.545,
              3736504.733
            ],
            [
              298949.495,
              3736443.489
            ],
            [
              298930.499,
              3736380.869
            ],
            [
              298915.64,
              3736317.14
            ],
            [
              298904.98,
              3736252.576
            ],
            [
              298898.566,
              3736187.453
            ],
            [
              298896.425,
              3736122.05
            ],
            [
              298898.566,
              3736056.647
            ],
            [
              298904.98,
              3735991.524
            ],
            [
              298915.64,
              3735926.96
            ],
            [
              298930.499,
              3735863.231
            ],
            [
              298949.495,
              3735800.611
            ],
            [
              298972.545,
              3735739.367
            ],
            [
              298999.552,
              3735679.761
            ],
            [
              299030.4,
              3735622.05
            ],
            [
              299064.955,
              3735566.48
            ],
            [
              299103.072,
              3735513.289
            ],
            [
              299144.585,
              3735462.704
            ],
            [
              299189.318,
              3735414.943
            ],
            [
              299237.079,
              3735370.21
            ],
            [
              299287.664,
              3735328.697
            ],
            [
              299340.855,
              3735290.58
            ],
            [
              299396.425,
              3735256.025
            ],
            [
              299454.136,
              3735225.177
            ],
            [
              299513.742,
              3735198.17
            ],
            [
              299574.986,
              3735175.12
            ],
            [
              299637.606,
              3735156.124
            ],
            [
              299701.335,
              3735141.265
            ],
            [
              299765.899,
              3735130.605
            ],
            [
              299831.022,
              3735124.191
            ],
            [
              299896.425,
              3735122.05
            ],
            [
              299961.828,
              3735124.191
            ],
            [
              300026.951,
              3735130.605
            ],
            [
              300091.515,
              3735141.265
            ],
            [
              300155.244,
              3735156.124
            ],
            [
              300217.864,
              3735175.12
            ],
            [
              300279.108,
              3735198.17
            ],
            [
              300338.714,
              3735225.177
            ],
            [
              300396.425,
              3735256.025
            ],
            [
              300451.995,
              3735290.58
            ],
            [
              300505.186,
              3735328.697
            ],
            [
              300555.771,
              3735370.21
            ],
            [
              300603.532,
              3735414.943
            ],
            [
              300648.265,
              3735462.704
            ],
            [
              300689.778,
              3735513.289
            ],
            [
              300727.895,
              3735566.48
            ],
            [
              300762.45,
              3735622.05
            ],
            [
              300793.298,
              3735679.761
            ],
            [
              300820.305,
              3735739.367
            ],
            [
              300843.355,
              3735800.611
            ],
            [
              300862.351,
              3735863.231
            ],
            [
              300877.21,
              3735926.96
            ],
            [
              300887.87,
              3735991.524
            ],
            [
              300894.284,
              3736056.647
            ],
            [
              300896.425,
              3736122.05
            ]
          ]
        ]
      }
    },
    {
      "type": "Feature",
      "properties": {
        "component_id": "139-009",
        "name": "Giri complex of monuments",
        "radius_m": 250,
        "geometry_role": "analytical_neighbourhood",
        "is_legal_buffer": false
      },
      "geometry": {
        "type": "Polygon",
        "coordinates": [
          [
            [
              304144.071,
              3734130.482
            ],
            [
              304143.536,
              3734146.833
            ],
            [
              304141.932,
              3734163.114
            ],
            [
              304139.267,
              3734179.255
            ],
            [
              304135.552,
              3734195.187
            ],
            [
              304130.804,
              3734210.842
            ],
            [
              304125.041,
              3734226.153
            ],
            [
              304118.289,
              3734241.054
            ],
            [
              304110.577,
              3734255.482
            ],
            [
              304101.938,
              3734269.375
            ],
            [
              304092.409,
              3734282.672
            ],
            [
              304082.031,
              3734295.318
            ],
            [
              304070.848,
              3734307.259
            ],
            [
              304058.907,
              3734318.442
            ],
            [
              304046.261,
              3734328.82
            ],
            [
              304032.964,
              3734338.349
            ],
            [
              304019.071,
              3734346.988
            ],
            [
              304004.643,
              3734354.7
            ],
            [
              303989.742,
              3734361.452
            ],
            [
              303974.431,
              3734367.215
            ],
            [
              303958.776,
              3734371.963
            ],
            [
              303942.844,
              3734375.678
            ],
            [
              303926.703,
              3734378.343
            ],
            [
              303910.422,
              3734379.947
            ],
            [
              303894.071,
              3734380.482
            ],
            [
              303877.72,
              3734379.947
            ],
            [
              303861.439,
              3734378.343
            ],
            [
              303845.298,
              3734375.678
            ],
            [
              303829.366,
              3734371.963
            ],
            [
              303813.711,
              3734367.215
            ],
            [
              303798.4,
              3734361.452
            ],
            [
              303783.499,
              3734354.7
            ],
            [
              303769.071,
              3734346.988
            ],
            [
              303755.178,
              3734338.349
            ],
            [
              303741.881,
              3734328.82
            ],
            [
              303729.235,
              3734318.442
            ],
            [
              303717.294,
              3734307.259
            ],
            [
              303706.111,
              3734295.318
            ],
            [
              303695.733,
              3734282.672
            ],
            [
              303686.204,
              3734269.375
            ],
            [
              303677.565,
              3734255.482
            ],
            [
              303669.853,
              3734241.054
            ],
            [
              303663.101,
              3734226.153
            ],
            [
              303657.338,
              3734210.842
            ],
            [
              303652.59,
              3734195.187
            ],
            [
              303648.875,
              3734179.255
            ],
            [
              303646.21,
              3734163.114
            ],
            [
              303644.606,
              3734146.833
            ],
            [
              303644.071,
              3734130.482
            ],
            [
              303644.606,
              3734114.131
            ],
            [
              303646.21,
              3734097.85
            ],
            [
              303648.875,
              3734081.709
            ],
            [
              303652.59,
              3734065.777
            ],
            [
              303657.338,
              3734050.122
            ],
            [
              303663.101,
              3734034.811
            ],
            [
              303669.853,
              3734019.91
            ],
            [
              303677.565,
              3734005.482
            ],
            [
              303686.204,
              3733991.589
            ],
            [
              303695.733,
              3733978.292
            ],
            [
              303706.111,
              3733965.646
            ],
            [
              303717.294,
              3733953.705
            ],
            [
              303729.235,
              3733942.522
            ],
            [
              303741.881,
              3733932.144
            ],
            [
              303755.178,
              3733922.615
            ],
            [
              303769.071,
              3733913.976
            ],
            [
              303783.499,
              3733906.264
            ],
            [
              303798.4,
              3733899.512
            ],
            [
              303813.711,
              3733893.749
            ],
            [
              303829.366,
              3733889.001
            ],
            [
              303845.298,
              3733885.286
            ],
            [
              303861.439,
              3733882.621
            ],
            [
              303877.72,
              3733881.017
            ],
            [
              303894.071,
              3733880.482
            ],
            [
              303910.422,
              3733881.017
            ],
            [
              303926.703,
              3733882.621
            ],
            [
              303942.844,
              3733885.286
            ],
            [
              303958.776,
              3733889.001
            ],
            [
              303974.431,
              3733893.749
            ],
            [
              303989.742,
              3733899.512
            ],
            [
              304004.643,
              3733906.264
            ],
            [
              304019.071,
              3733913.976
            ],
            [
              304032.964,
              3733922.615
            ],
            [
              304046.261,
              3733932.144
            ],
            [
              304058.907,
              3733942.522
            ],
            [
              304070.848,
              3733953.705
            ],
            [
              304082.031,
              3733965.646
            ],
            [
              304092.409,
              3733978.292
            ],
            [
              304101.938,
              3733991.589
            ],
            [
              304110.577,
              3734005.482
            ],
            [
              304118.289,
              3734019.91
            ],
            [
              304125.041,
              3734034.811
            ],
            [
              304130.804,
              3734050.122
            ],
            [
              304135.552,
              3734065.777
            ],
            [
              304139.267,
              3734081.709
            ],
            [
              304141.932,
              3734097.85
            ],
            [
              304143.536,
              3734114.131
            ],
            [
              304144.071,
              3734130.482
            ]
          ]
        ]
      }
    },
    {
      "type": "Feature",
      "properties": {
        "component_id": "139-009",
        "name": "Giri complex of monuments",
        "radius_m": 500,
        "geometry_role": "analytical_neighbourhood",
        "is_legal_buffer": false
      },
      "geometry": {
        "type": "Polygon",
        "coordinates": [
          [
            [
              304394.071,
              3734130.482
            ],
            [
              304393.0,
              3734163.184
            ],
            [
              304389.793,
              3734195.745
            ],
            [
              304384.464,
              3734228.027
            ],
            [
              304377.034,
              3734259.892
            ],
            [
              304367.536,
              3734291.202
            ],
            [
              304356.011,
              3734321.824
            ],
            [
              304342.507,
              3734351.626
            ],
            [
              304327.084,
              3734380.482
            ],
            [
              304309.806,
              3734408.267
            ],
            [
              304290.748,
              3734434.863
            ],
            [
              304269.991,
              3734460.155
            ],
            [
              304247.624,
              3734484.035
            ],
            [
              304223.744,
              3734506.402
            ],
            [
              304198.452,
              3734527.159
            ],
            [
              304171.856,
              3734546.217
            ],
            [
              304144.071,
              3734563.495
            ],
            [
              304115.215,
              3734578.918
            ],
            [
              304085.413,
              3734592.422
            ],
            [
              304054.791,
              3734603.947
            ],
            [
              304023.481,
              3734613.445
            ],
            [
              303991.616,
              3734620.875
            ],
            [
              303959.334,
              3734626.204
            ],
            [
              303926.773,
              3734629.411
            ],
            [
              303894.071,
              3734630.482
            ],
            [
              303861.369,
              3734629.411
            ],
            [
              303828.808,
              3734626.204
            ],
            [
              303796.526,
              3734620.875
            ],
            [
              303764.661,
              3734613.445
            ],
            [
              303733.351,
              3734603.947
            ],
            [
              303702.729,
              3734592.422
            ],
            [
              303672.927,
              3734578.918
            ],
            [
              303644.071,
              3734563.495
            ],
            [
              303616.286,
              3734546.217
            ],
            [
              303589.69,
              3734527.159
            ],
            [
              303564.398,
              3734506.402
            ],
            [
              303540.518,
              3734484.035
            ],
            [
              303518.151,
              3734460.155
            ],
            [
              303497.394,
              3734434.863
            ],
            [
              303478.336,
              3734408.267
            ],
            [
              303461.058,
              3734380.482
            ],
            [
              303445.635,
              3734351.626
            ],
            [
              303432.131,
              3734321.824
            ],
            [
              303420.606,
              3734291.202
            ],
            [
              303411.108,
              3734259.892
            ],
            [
              303403.678,
              3734228.027
            ],
            [
              303398.349,
              3734195.745
            ],
            [
              303395.142,
              3734163.184
            ],
            [
              303394.071,
              3734130.482
            ],
            [
              303395.142,
              3734097.78
            ],
            [
              303398.349,
              3734065.219
            ],
            [
              303403.678,
              3734032.937
            ],
            [
              303411.108,
              3734001.072
            ],
            [
              303420.606,
              3733969.762
            ],
            [
              303432.131,
              3733939.14
            ],
            [
              303445.635,
              3733909.338
            ],
            [
              303461.058,
              3733880.482
            ],
            [
              303478.336,
              3733852.697
            ],
            [
              303497.394,
              3733826.101
            ],
            [
              303518.151,
              3733800.809
            ],
            [
              303540.518,
              3733776.929
            ],
            [
              303564.398,
              3733754.562
            ],
            [
              303589.69,
              3733733.805
            ],
            [
              303616.286,
              3733714.747
            ],
            [
              303644.071,
              3733697.469
            ],
            [
              303672.927,
              3733682.046
            ],
            [
              303702.729,
              3733668.542
            ],
            [
              303733.351,
              3733657.017
            ],
            [
              303764.661,
              3733647.519
            ],
            [
              303796.526,
              3733640.089
            ],
            [
              303828.808,
              3733634.76
            ],
            [
              303861.369,
              3733631.553
            ],
            [
              303894.071,
              3733630.482
            ],
            [
              303926.773,
              3733631.553
            ],
            [
              303959.334,
              3733634.76
            ],
            [
              303991.616,
              3733640.089
            ],
            [
              304023.481,
              3733647.519
            ],
            [
              304054.791,
              3733657.017
            ],
            [
              304085.413,
              3733668.542
            ],
            [
              304115.215,
              3733682.046
            ],
            [
              304144.071,
              3733697.469
            ],
            [
              304171.856,
              3733714.747
            ],
            [
              304198.452,
              3733733.805
            ],
            [
              304223.744,
              3733754.562
            ],
            [
              304247.624,
              3733776.929
            ],
            [
              304269.991,
              3733800.809
            ],
            [
              304290.748,
              3733826.101
            ],
            [
              304309.806,
              3733852.697
            ],
            [
              304327.084,
              3733880.482
            ],
            [
              304342.507,
              3733909.338
            ],
            [
              304356.011,
              3733939.14
            ],
            [
              304367.536,
              3733969.762
            ],
            [
              304377.034,
              3734001.072
            ],
            [
              304384.464,
              3734032.937
            ],
            [
              304389.793,
              3734065.219
            ],
            [
              304393.0,
              3734097.78
            ],
            [
              304394.071,
              3734130.482
            ]
          ]
        ]
      }
    },
    {
      "type": "Feature",
      "properties": {
        "component_id": "139-009",
        "name": "Giri complex of monuments",
        "radius_m": 1000,
        "geometry_role": "analytical_neighbourhood",
        "is_legal_buffer": false
      },
      "geometry": {
        "type": "Polygon",
        "coordinates": [
          [
            [
              304894.071,
              3734130.482
            ],
            [
              304891.93,
              3734195.885
            ],
            [
              304885.516,
              3734261.008
            ],
            [
              304874.856,
              3734325.572
            ],
            [
              304859.997,
              3734389.301
            ],
            [
              304841.001,
              3734451.921
            ],
            [
              304817.951,
              3734513.165
            ],
            [
              304790.944,
              3734572.771
            ],
            [
              304760.096,
              3734630.482
            ],
            [
              304725.541,
              3734686.052
            ],
            [
              304687.424,
              3734739.243
            ],
            [
              304645.911,
              3734789.828
            ],
            [
              304601.178,
              3734837.589
            ],
            [
              304553.417,
              3734882.322
            ],
            [
              304502.832,
              3734923.835
            ],
            [
              304449.641,
              3734961.952
            ],
            [
              304394.071,
              3734996.507
            ],
            [
              304336.36,
              3735027.355
            ],
            [
              304276.754,
              3735054.362
            ],
            [
              304215.51,
              3735077.412
            ],
            [
              304152.89,
              3735096.408
            ],
            [
              304089.161,
              3735111.267
            ],
            [
              304024.597,
              3735121.927
            ],
            [
              303959.474,
              3735128.341
            ],
            [
              303894.071,
              3735130.482
            ],
            [
              303828.668,
              3735128.341
            ],
            [
              303763.545,
              3735121.927
            ],
            [
              303698.981,
              3735111.267
            ],
            [
              303635.252,
              3735096.408
            ],
            [
              303572.632,
              3735077.412
            ],
            [
              303511.388,
              3735054.362
            ],
            [
              303451.782,
              3735027.355
            ],
            [
              303394.071,
              3734996.507
            ],
            [
              303338.501,
              3734961.952
            ],
            [
              303285.31,
              3734923.835
            ],
            [
              303234.725,
              3734882.322
            ],
            [
              303186.964,
              3734837.589
            ],
            [
              303142.231,
              3734789.828
            ],
            [
              303100.718,
              3734739.243
            ],
            [
              303062.601,
              3734686.052
            ],
            [
              303028.046,
              3734630.482
            ],
            [
              302997.198,
              3734572.771
            ],
            [
              302970.191,
              3734513.165
            ],
            [
              302947.141,
              3734451.921
            ],
            [
              302928.145,
              3734389.301
            ],
            [
              302913.286,
              3734325.572
            ],
            [
              302902.626,
              3734261.008
            ],
            [
              302896.212,
              3734195.885
            ],
            [
              302894.071,
              3734130.482
            ],
            [
              302896.212,
              3734065.079
            ],
            [
              302902.626,
              3733999.956
            ],
            [
              302913.286,
              3733935.392
            ],
            [
              302928.145,
              3733871.663
            ],
            [
              302947.141,
              3733809.043
            ],
            [
              302970.191,
              3733747.799
            ],
            [
              302997.198,
              3733688.193
            ],
            [
              303028.046,
              3733630.482
            ],
            [
              303062.601,
              3733574.912
            ],
            [
              303100.718,
              3733521.721
            ],
            [
              303142.231,
              3733471.136
            ],
            [
              303186.964,
              3733423.375
            ],
            [
              303234.725,
              3733378.642
            ],
            [
              303285.31,
              3733337.129
            ],
            [
              303338.501,
              3733299.012
            ],
            [
              303394.071,
              3733264.457
            ],
            [
              303451.782,
              3733233.609
            ],
            [
              303511.388,
              3733206.602
            ],
            [
              303572.632,
              3733183.552
            ],
            [
              303635.252,
              3733164.556
            ],
            [
              303698.981,
              3733149.697
            ],
            [
              303763.545,
              3733139.037
            ],
            [
              303828.668,
              3733132.623
            ],
            [
              303894.071,
              3733130.482
            ],
            [
              303959.474,
              3733132.623
            ],
            [
              304024.597,
              3733139.037
            ],
            [
              304089.161,
              3733149.697
            ],
            [
              304152.89,
              3733164.556
            ],
            [
              304215.51,
              3733183.552
            ],
            [
              304276.754,
              3733206.602
            ],
            [
              304336.36,
              3733233.609
            ],
            [
              304394.071,
              3733264.457
            ],
            [
              304449.641,
              3733299.012
            ],
            [
              304502.832,
              3733337.129
            ],
            [
              304553.417,
              3733378.642
            ],
            [
              304601.178,
              3733423.375
            ],
            [
              304645.911,
              3733471.136
            ],
            [
              304687.424,
              3733521.721
            ],
            [
              304725.541,
              3733574.912
            ],
            [
              304760.096,
              3733630.482
            ],
            [
              304790.944,
              3733688.193
            ],
            [
              304817.951,
              3733747.799
            ],
            [
              304841.001,
              3733809.043
            ],
            [
              304859.997,
              3733871.663
            ],
            [
              304874.856,
              3733935.392
            ],
            [
              304885.516,
              3733999.956
            ],
            [
              304891.93,
              3734065.079
            ],
            [
              304894.071,
              3734130.482
            ]
          ]
        ]
      }
    },
    {
      "type": "Feature",
      "properties": {
        "component_id": "139-010",
        "name": "Kunala stupa and monastery",
        "radius_m": 250,
        "geometry_role": "analytical_neighbourhood",
        "is_legal_buffer": false
      },
      "geometry": {
        "type": "Polygon",
        "coordinates": [
          [
            [
              299386.625,
              3736610.786
            ],
            [
              299386.09,
              3736627.137
            ],
            [
              299384.486,
              3736643.418
            ],
            [
              299381.821,
              3736659.559
            ],
            [
              299378.106,
              3736675.491
            ],
            [
              299373.358,
              3736691.146
            ],
            [
              299367.595,
              3736706.457
            ],
            [
              299360.843,
              3736721.358
            ],
            [
              299353.131,
              3736735.786
            ],
            [
              299344.492,
              3736749.679
            ],
            [
              299334.963,
              3736762.976
            ],
            [
              299324.585,
              3736775.622
            ],
            [
              299313.402,
              3736787.563
            ],
            [
              299301.461,
              3736798.746
            ],
            [
              299288.815,
              3736809.124
            ],
            [
              299275.518,
              3736818.653
            ],
            [
              299261.625,
              3736827.292
            ],
            [
              299247.197,
              3736835.004
            ],
            [
              299232.296,
              3736841.756
            ],
            [
              299216.985,
              3736847.519
            ],
            [
              299201.33,
              3736852.267
            ],
            [
              299185.398,
              3736855.982
            ],
            [
              299169.257,
              3736858.647
            ],
            [
              299152.976,
              3736860.251
            ],
            [
              299136.625,
              3736860.786
            ],
            [
              299120.274,
              3736860.251
            ],
            [
              299103.993,
              3736858.647
            ],
            [
              299087.852,
              3736855.982
            ],
            [
              299071.92,
              3736852.267
            ],
            [
              299056.265,
              3736847.519
            ],
            [
              299040.954,
              3736841.756
            ],
            [
              299026.053,
              3736835.004
            ],
            [
              299011.625,
              3736827.292
            ],
            [
              298997.732,
              3736818.653
            ],
            [
              298984.435,
              3736809.124
            ],
            [
              298971.789,
              3736798.746
            ],
            [
              298959.848,
              3736787.563
            ],
            [
              298948.665,
              3736775.622
            ],
            [
              298938.287,
              3736762.976
            ],
            [
              298928.758,
              3736749.679
            ],
            [
              298920.119,
              3736735.786
            ],
            [
              298912.407,
              3736721.358
            ],
            [
              298905.655,
              3736706.457
            ],
            [
              298899.892,
              3736691.146
            ],
            [
              298895.144,
              3736675.491
            ],
            [
              298891.429,
              3736659.559
            ],
            [
              298888.764,
              3736643.418
            ],
            [
              298887.16,
              3736627.137
            ],
            [
              298886.625,
              3736610.786
            ],
            [
              298887.16,
              3736594.435
            ],
            [
              298888.764,
              3736578.154
            ],
            [
              298891.429,
              3736562.013
            ],
            [
              298895.144,
              3736546.081
            ],
            [
              298899.892,
              3736530.426
            ],
            [
              298905.655,
              3736515.115
            ],
            [
              298912.407,
              3736500.214
            ],
            [
              298920.119,
              3736485.786
            ],
            [
              298928.758,
              3736471.893
            ],
            [
              298938.287,
              3736458.596
            ],
            [
              298948.665,
              3736445.95
            ],
            [
              298959.848,
              3736434.009
            ],
            [
              298971.789,
              3736422.826
            ],
            [
              298984.435,
              3736412.448
            ],
            [
              298997.732,
              3736402.919
            ],
            [
              299011.625,
              3736394.28
            ],
            [
              299026.053,
              3736386.568
            ],
            [
              299040.954,
              3736379.816
            ],
            [
              299056.265,
              3736374.053
            ],
            [
              299071.92,
              3736369.305
            ],
            [
              299087.852,
              3736365.59
            ],
            [
              299103.993,
              3736362.925
            ],
            [
              299120.274,
              3736361.321
            ],
            [
              299136.625,
              3736360.786
            ],
            [
              299152.976,
              3736361.321
            ],
            [
              299169.257,
              3736362.925
            ],
            [
              299185.398,
              3736365.59
            ],
            [
              299201.33,
              3736369.305
            ],
            [
              299216.985,
              3736374.053
            ],
            [
              299232.296,
              3736379.816
            ],
            [
              299247.197,
              3736386.568
            ],
            [
              299261.625,
              3736394.28
            ],
            [
              299275.518,
              3736402.919
            ],
            [
              299288.815,
              3736412.448
            ],
            [
              299301.461,
              3736422.826
            ],
            [
              299313.402,
              3736434.009
            ],
            [
              299324.585,
              3736445.95
            ],
            [
              299334.963,
              3736458.596
            ],
            [
              299344.492,
              3736471.893
            ],
            [
              299353.131,
              3736485.786
            ],
            [
              299360.843,
              3736500.214
            ],
            [
              299367.595,
              3736515.115
            ],
            [
              299373.358,
              3736530.426
            ],
            [
              299378.106,
              3736546.081
            ],
            [
              299381.821,
              3736562.013
            ],
            [
              299384.486,
              3736578.154
            ],
            [
              299386.09,
              3736594.435
            ],
            [
              299386.625,
              3736610.786
            ]
          ]
        ]
      }
    },
    {
      "type": "Feature",
      "properties": {
        "component_id": "139-010",
        "name": "Kunala stupa and monastery",
        "radius_m": 500,
        "geometry_role": "analytical_neighbourhood",
        "is_legal_buffer": false
      },
      "geometry": {
        "type": "Polygon",
        "coordinates": [
          [
            [
              299636.625,
              3736610.786
            ],
            [
              299635.554,
              3736643.488
            ],
            [
              299632.347,
              3736676.049
            ],
            [
              299627.018,
              3736708.331
            ],
            [
              299619.588,
              3736740.196
            ],
            [
              299610.09,
              3736771.506
            ],
            [
              299598.565,
              3736802.128
            ],
            [
              299585.061,
              3736831.93
            ],
            [
              299569.638,
              3736860.786
            ],
            [
              299552.36,
              3736888.571
            ],
            [
              299533.302,
              3736915.167
            ],
            [
              299512.545,
              3736940.459
            ],
            [
              299490.178,
              3736964.339
            ],
            [
              299466.298,
              3736986.706
            ],
            [
              299441.006,
              3737007.463
            ],
            [
              299414.41,
              3737026.521
            ],
            [
              299386.625,
              3737043.799
            ],
            [
              299357.769,
              3737059.222
            ],
            [
              299327.967,
              3737072.726
            ],
            [
              299297.345,
              3737084.251
            ],
            [
              299266.035,
              3737093.749
            ],
            [
              299234.17,
              3737101.179
            ],
            [
              299201.888,
              3737106.508
            ],
            [
              299169.327,
              3737109.715
            ],
            [
              299136.625,
              3737110.786
            ],
            [
              299103.923,
              3737109.715
            ],
            [
              299071.362,
              3737106.508
            ],
            [
              299039.08,
              3737101.179
            ],
            [
              299007.215,
              3737093.749
            ],
            [
              298975.905,
              3737084.251
            ],
            [
              298945.283,
              3737072.726
            ],
            [
              298915.481,
              3737059.222
            ],
            [
              298886.625,
              3737043.799
            ],
            [
              298858.84,
              3737026.521
            ],
            [
              298832.244,
              3737007.463
            ],
            [
              298806.952,
              3736986.706
            ],
            [
              298783.072,
              3736964.339
            ],
            [
              298760.705,
              3736940.459
            ],
            [
              298739.948,
              3736915.167
            ],
            [
              298720.89,
              3736888.571
            ],
            [
              298703.612,
              3736860.786
            ],
            [
              298688.189,
              3736831.93
            ],
            [
              298674.685,
              3736802.128
            ],
            [
              298663.16,
              3736771.506
            ],
            [
              298653.662,
              3736740.196
            ],
            [
              298646.232,
              3736708.331
            ],
            [
              298640.903,
              3736676.049
            ],
            [
              298637.696,
              3736643.488
            ],
            [
              298636.625,
              3736610.786
            ],
            [
              298637.696,
              3736578.084
            ],
            [
              298640.903,
              3736545.523
            ],
            [
              298646.232,
              3736513.241
            ],
            [
              298653.662,
              3736481.376
            ],
            [
              298663.16,
              3736450.066
            ],
            [
              298674.685,
              3736419.444
            ],
            [
              298688.189,
              3736389.642
            ],
            [
              298703.612,
              3736360.786
            ],
            [
              298720.89,
              3736333.001
            ],
            [
              298739.948,
              3736306.405
            ],
            [
              298760.705,
              3736281.113
            ],
            [
              298783.072,
              3736257.233
            ],
            [
              298806.952,
              3736234.866
            ],
            [
              298832.244,
              3736214.109
            ],
            [
              298858.84,
              3736195.051
            ],
            [
              298886.625,
              3736177.773
            ],
            [
              298915.481,
              3736162.35
            ],
            [
              298945.283,
              3736148.846
            ],
            [
              298975.905,
              3736137.321
            ],
            [
              299007.215,
              3736127.823
            ],
            [
              299039.08,
              3736120.393
            ],
            [
              299071.362,
              3736115.064
            ],
            [
              299103.923,
              3736111.857
            ],
            [
              299136.625,
              3736110.786
            ],
            [
              299169.327,
              3736111.857
            ],
            [
              299201.888,
              3736115.064
            ],
            [
              299234.17,
              3736120.393
            ],
            [
              299266.035,
              3736127.823
            ],
            [
              299297.345,
              3736137.321
            ],
            [
              299327.967,
              3736148.846
            ],
            [
              299357.769,
              3736162.35
            ],
            [
              299386.625,
              3736177.773
            ],
            [
              299414.41,
              3736195.051
            ],
            [
              299441.006,
              3736214.109
            ],
            [
              299466.298,
              3736234.866
            ],
            [
              299490.178,
              3736257.233
            ],
            [
              299512.545,
              3736281.113
            ],
            [
              299533.302,
              3736306.405
            ],
            [
              299552.36,
              3736333.001
            ],
            [
              299569.638,
              3736360.786
            ],
            [
              299585.061,
              3736389.642
            ],
            [
              299598.565,
              3736419.444
            ],
            [
              299610.09,
              3736450.066
            ],
            [
              299619.588,
              3736481.376
            ],
            [
              299627.018,
              3736513.241
            ],
            [
              299632.347,
              3736545.523
            ],
            [
              299635.554,
              3736578.084
            ],
            [
              299636.625,
              3736610.786
            ]
          ]
        ]
      }
    },
    {
      "type": "Feature",
      "properties": {
        "component_id": "139-010",
        "name": "Kunala stupa and monastery",
        "radius_m": 1000,
        "geometry_role": "analytical_neighbourhood",
        "is_legal_buffer": false
      },
      "geometry": {
        "type": "Polygon",
        "coordinates": [
          [
            [
              300136.625,
              3736610.786
            ],
            [
              300134.484,
              3736676.189
            ],
            [
              300128.07,
              3736741.312
            ],
            [
              300117.41,
              3736805.876
            ],
            [
              300102.551,
              3736869.605
            ],
            [
              300083.555,
              3736932.225
            ],
            [
              300060.505,
              3736993.469
            ],
            [
              300033.498,
              3737053.075
            ],
            [
              300002.65,
              3737110.786
            ],
            [
              299968.095,
              3737166.356
            ],
            [
              299929.978,
              3737219.547
            ],
            [
              299888.465,
              3737270.132
            ],
            [
              299843.732,
              3737317.893
            ],
            [
              299795.971,
              3737362.626
            ],
            [
              299745.386,
              3737404.139
            ],
            [
              299692.195,
              3737442.256
            ],
            [
              299636.625,
              3737476.811
            ],
            [
              299578.914,
              3737507.659
            ],
            [
              299519.308,
              3737534.666
            ],
            [
              299458.064,
              3737557.716
            ],
            [
              299395.444,
              3737576.712
            ],
            [
              299331.715,
              3737591.571
            ],
            [
              299267.151,
              3737602.231
            ],
            [
              299202.028,
              3737608.645
            ],
            [
              299136.625,
              3737610.786
            ],
            [
              299071.222,
              3737608.645
            ],
            [
              299006.099,
              3737602.231
            ],
            [
              298941.535,
              3737591.571
            ],
            [
              298877.806,
              3737576.712
            ],
            [
              298815.186,
              3737557.716
            ],
            [
              298753.942,
              3737534.666
            ],
            [
              298694.336,
              3737507.659
            ],
            [
              298636.625,
              3737476.811
            ],
            [
              298581.055,
              3737442.256
            ],
            [
              298527.864,
              3737404.139
            ],
            [
              298477.279,
              3737362.626
            ],
            [
              298429.518,
              3737317.893
            ],
            [
              298384.785,
              3737270.132
            ],
            [
              298343.272,
              3737219.547
            ],
            [
              298305.155,
              3737166.356
            ],
            [
              298270.6,
              3737110.786
            ],
            [
              298239.752,
              3737053.075
            ],
            [
              298212.745,
              3736993.469
            ],
            [
              298189.695,
              3736932.225
            ],
            [
              298170.699,
              3736869.605
            ],
            [
              298155.84,
              3736805.876
            ],
            [
              298145.18,
              3736741.312
            ],
            [
              298138.766,
              3736676.189
            ],
            [
              298136.625,
              3736610.786
            ],
            [
              298138.766,
              3736545.383
            ],
            [
              298145.18,
              3736480.26
            ],
            [
              298155.84,
              3736415.696
            ],
            [
              298170.699,
              3736351.967
            ],
            [
              298189.695,
              3736289.347
            ],
            [
              298212.745,
              3736228.103
            ],
            [
              298239.752,
              3736168.497
            ],
            [
              298270.6,
              3736110.786
            ],
            [
              298305.155,
              3736055.216
            ],
            [
              298343.272,
              3736002.025
            ],
            [
              298384.785,
              3735951.44
            ],
            [
              298429.518,
              3735903.679
            ],
            [
              298477.279,
              3735858.946
            ],
            [
              298527.864,
              3735817.433
            ],
            [
              298581.055,
              3735779.316
            ],
            [
              298636.625,
              3735744.761
            ],
            [
              298694.336,
              3735713.913
            ],
            [
              298753.942,
              3735686.906
            ],
            [
              298815.186,
              3735663.856
            ],
            [
              298877.806,
              3735644.86
            ],
            [
              298941.535,
              3735630.001
            ],
            [
              299006.099,
              3735619.341
            ],
            [
              299071.222,
              3735612.927
            ],
            [
              299136.625,
              3735610.786
            ],
            [
              299202.028,
              3735612.927
            ],
            [
              299267.151,
              3735619.341
            ],
            [
              299331.715,
              3735630.001
            ],
            [
              299395.444,
              3735644.86
            ],
            [
              299458.064,
              3735663.856
            ],
            [
              299519.308,
              3735686.906
            ],
            [
              299578.914,
              3735713.913
            ],
            [
              299636.625,
              3735744.761
            ],
            [
              299692.195,
              3735779.316
            ],
            [
              299745.386,
              3735817.433
            ],
            [
              299795.971,
              3735858.946
            ],
            [
              299843.732,
              3735903.679
            ],
            [
              299888.465,
              3735951.44
            ],
            [
              299929.978,
              3736002.025
            ],
            [
              299968.095,
              3736055.216
            ],
            [
              300002.65,
              3736110.786
            ],
            [
              300033.498,
              3736168.497
            ],
            [
              300060.505,
              3736228.103
            ],
            [
              300083.555,
              3736289.347
            ],
            [
              300102.551,
              3736351.967
            ],
            [
              300117.41,
              3736415.696
            ],
            [
              300128.07,
              3736480.26
            ],
            [
              300134.484,
              3736545.383
            ],
            [
              300136.625,
              3736610.786
            ]
          ]
        ]
      }
    },
    {
      "type": "Feature",
      "properties": {
        "component_id": "139-011",
        "name": "Jandial complex",
        "radius_m": 250,
        "geometry_role": "analytical_neighbourhood",
        "is_legal_buffer": false
      },
      "geometry": {
        "type": "Polygon",
        "coordinates": [
          [
            [
              299184.669,
              3738157.599
            ],
            [
              299184.134,
              3738173.95
            ],
            [
              299182.53,
              3738190.231
            ],
            [
              299179.865,
              3738206.372
            ],
            [
              299176.15,
              3738222.304
            ],
            [
              299171.402,
              3738237.959
            ],
            [
              299165.639,
              3738253.27
            ],
            [
              299158.887,
              3738268.171
            ],
            [
              299151.175,
              3738282.599
            ],
            [
              299142.536,
              3738296.492
            ],
            [
              299133.007,
              3738309.789
            ],
            [
              299122.629,
              3738322.435
            ],
            [
              299111.446,
              3738334.376
            ],
            [
              299099.505,
              3738345.559
            ],
            [
              299086.859,
              3738355.937
            ],
            [
              299073.562,
              3738365.466
            ],
            [
              299059.669,
              3738374.105
            ],
            [
              299045.241,
              3738381.817
            ],
            [
              299030.34,
              3738388.569
            ],
            [
              299015.029,
              3738394.332
            ],
            [
              298999.374,
              3738399.08
            ],
            [
              298983.442,
              3738402.795
            ],
            [
              298967.301,
              3738405.46
            ],
            [
              298951.02,
              3738407.064
            ],
            [
              298934.669,
              3738407.599
            ],
            [
              298918.318,
              3738407.064
            ],
            [
              298902.037,
              3738405.46
            ],
            [
              298885.896,
              3738402.795
            ],
            [
              298869.964,
              3738399.08
            ],
            [
              298854.309,
              3738394.332
            ],
            [
              298838.998,
              3738388.569
            ],
            [
              298824.097,
              3738381.817
            ],
            [
              298809.669,
              3738374.105
            ],
            [
              298795.776,
              3738365.466
            ],
            [
              298782.479,
              3738355.937
            ],
            [
              298769.833,
              3738345.559
            ],
            [
              298757.892,
              3738334.376
            ],
            [
              298746.709,
              3738322.435
            ],
            [
              298736.331,
              3738309.789
            ],
            [
              298726.802,
              3738296.492
            ],
            [
              298718.163,
              3738282.599
            ],
            [
              298710.451,
              3738268.171
            ],
            [
              298703.699,
              3738253.27
            ],
            [
              298697.936,
              3738237.959
            ],
            [
              298693.188,
              3738222.304
            ],
            [
              298689.473,
              3738206.372
            ],
            [
              298686.808,
              3738190.231
            ],
            [
              298685.204,
              3738173.95
            ],
            [
              298684.669,
              3738157.599
            ],
            [
              298685.204,
              3738141.248
            ],
            [
              298686.808,
              3738124.967
            ],
            [
              298689.473,
              3738108.826
            ],
            [
              298693.188,
              3738092.894
            ],
            [
              298697.936,
              3738077.239
            ],
            [
              298703.699,
              3738061.928
            ],
            [
              298710.451,
              3738047.027
            ],
            [
              298718.163,
              3738032.599
            ],
            [
              298726.802,
              3738018.706
            ],
            [
              298736.331,
              3738005.409
            ],
            [
              298746.709,
              3737992.763
            ],
            [
              298757.892,
              3737980.822
            ],
            [
              298769.833,
              3737969.639
            ],
            [
              298782.479,
              3737959.261
            ],
            [
              298795.776,
              3737949.732
            ],
            [
              298809.669,
              3737941.093
            ],
            [
              298824.097,
              3737933.381
            ],
            [
              298838.998,
              3737926.629
            ],
            [
              298854.309,
              3737920.866
            ],
            [
              298869.964,
              3737916.118
            ],
            [
              298885.896,
              3737912.403
            ],
            [
              298902.037,
              3737909.738
            ],
            [
              298918.318,
              3737908.134
            ],
            [
              298934.669,
              3737907.599
            ],
            [
              298951.02,
              3737908.134
            ],
            [
              298967.301,
              3737909.738
            ],
            [
              298983.442,
              3737912.403
            ],
            [
              298999.374,
              3737916.118
            ],
            [
              299015.029,
              3737920.866
            ],
            [
              299030.34,
              3737926.629
            ],
            [
              299045.241,
              3737933.381
            ],
            [
              299059.669,
              3737941.093
            ],
            [
              299073.562,
              3737949.732
            ],
            [
              299086.859,
              3737959.261
            ],
            [
              299099.505,
              3737969.639
            ],
            [
              299111.446,
              3737980.822
            ],
            [
              299122.629,
              3737992.763
            ],
            [
              299133.007,
              3738005.409
            ],
            [
              299142.536,
              3738018.706
            ],
            [
              299151.175,
              3738032.599
            ],
            [
              299158.887,
              3738047.027
            ],
            [
              299165.639,
              3738061.928
            ],
            [
              299171.402,
              3738077.239
            ],
            [
              299176.15,
              3738092.894
            ],
            [
              299179.865,
              3738108.826
            ],
            [
              299182.53,
              3738124.967
            ],
            [
              299184.134,
              3738141.248
            ],
            [
              299184.669,
              3738157.599
            ]
          ]
        ]
      }
    },
    {
      "type": "Feature",
      "properties": {
        "component_id": "139-011",
        "name": "Jandial complex",
        "radius_m": 500,
        "geometry_role": "analytical_neighbourhood",
        "is_legal_buffer": false
      },
      "geometry": {
        "type": "Polygon",
        "coordinates": [
          [
            [
              299434.669,
              3738157.599
            ],
            [
              299433.598,
              3738190.301
            ],
            [
              299430.391,
              3738222.862
            ],
            [
              299425.062,
              3738255.144
            ],
            [
              299417.632,
              3738287.009
            ],
            [
              299408.134,
              3738318.319
            ],
            [
              299396.609,
              3738348.941
            ],
            [
              299383.105,
              3738378.743
            ],
            [
              299367.682,
              3738407.599
            ],
            [
              299350.404,
              3738435.384
            ],
            [
              299331.346,
              3738461.98
            ],
            [
              299310.589,
              3738487.272
            ],
            [
              299288.222,
              3738511.152
            ],
            [
              299264.342,
              3738533.519
            ],
            [
              299239.05,
              3738554.276
            ],
            [
              299212.454,
              3738573.334
            ],
            [
              299184.669,
              3738590.612
            ],
            [
              299155.813,
              3738606.035
            ],
            [
              299126.011,
              3738619.539
            ],
            [
              299095.389,
              3738631.064
            ],
            [
              299064.079,
              3738640.562
            ],
            [
              299032.214,
              3738647.992
            ],
            [
              298999.932,
              3738653.321
            ],
            [
              298967.371,
              3738656.528
            ],
            [
              298934.669,
              3738657.599
            ],
            [
              298901.967,
              3738656.528
            ],
            [
              298869.406,
              3738653.321
            ],
            [
              298837.124,
              3738647.992
            ],
            [
              298805.259,
              3738640.562
            ],
            [
              298773.949,
              3738631.064
            ],
            [
              298743.327,
              3738619.539
            ],
            [
              298713.525,
              3738606.035
            ],
            [
              298684.669,
              3738590.612
            ],
            [
              298656.884,
              3738573.334
            ],
            [
              298630.288,
              3738554.276
            ],
            [
              298604.996,
              3738533.519
            ],
            [
              298581.116,
              3738511.152
            ],
            [
              298558.749,
              3738487.272
            ],
            [
              298537.992,
              3738461.98
            ],
            [
              298518.934,
              3738435.384
            ],
            [
              298501.656,
              3738407.599
            ],
            [
              298486.233,
              3738378.743
            ],
            [
              298472.729,
              3738348.941
            ],
            [
              298461.204,
              3738318.319
            ],
            [
              298451.706,
              3738287.009
            ],
            [
              298444.276,
              3738255.144
            ],
            [
              298438.947,
              3738222.862
            ],
            [
              298435.74,
              3738190.301
            ],
            [
              298434.669,
              3738157.599
            ],
            [
              298435.74,
              3738124.897
            ],
            [
              298438.947,
              3738092.336
            ],
            [
              298444.276,
              3738060.054
            ],
            [
              298451.706,
              3738028.189
            ],
            [
              298461.204,
              3737996.879
            ],
            [
              298472.729,
              3737966.257
            ],
            [
              298486.233,
              3737936.455
            ],
            [
              298501.656,
              3737907.599
            ],
            [
              298518.934,
              3737879.814
            ],
            [
              298537.992,
              3737853.218
            ],
            [
              298558.749,
              3737827.926
            ],
            [
              298581.116,
              3737804.046
            ],
            [
              298604.996,
              3737781.679
            ],
            [
              298630.288,
              3737760.922
            ],
            [
              298656.884,
              3737741.864
            ],
            [
              298684.669,
              3737724.586
            ],
            [
              298713.525,
              3737709.163
            ],
            [
              298743.327,
              3737695.659
            ],
            [
              298773.949,
              3737684.134
            ],
            [
              298805.259,
              3737674.636
            ],
            [
              298837.124,
              3737667.206
            ],
            [
              298869.406,
              3737661.877
            ],
            [
              298901.967,
              3737658.67
            ],
            [
              298934.669,
              3737657.599
            ],
            [
              298967.371,
              3737658.67
            ],
            [
              298999.932,
              3737661.877
            ],
            [
              299032.214,
              3737667.206
            ],
            [
              299064.079,
              3737674.636
            ],
            [
              299095.389,
              3737684.134
            ],
            [
              299126.011,
              3737695.659
            ],
            [
              299155.813,
              3737709.163
            ],
            [
              299184.669,
              3737724.586
            ],
            [
              299212.454,
              3737741.864
            ],
            [
              299239.05,
              3737760.922
            ],
            [
              299264.342,
              3737781.679
            ],
            [
              299288.222,
              3737804.046
            ],
            [
              299310.589,
              3737827.926
            ],
            [
              299331.346,
              3737853.218
            ],
            [
              299350.404,
              3737879.814
            ],
            [
              299367.682,
              3737907.599
            ],
            [
              299383.105,
              3737936.455
            ],
            [
              299396.609,
              3737966.257
            ],
            [
              299408.134,
              3737996.879
            ],
            [
              299417.632,
              3738028.189
            ],
            [
              299425.062,
              3738060.054
            ],
            [
              299430.391,
              3738092.336
            ],
            [
              299433.598,
              3738124.897
            ],
            [
              299434.669,
              3738157.599
            ]
          ]
        ]
      }
    },
    {
      "type": "Feature",
      "properties": {
        "component_id": "139-011",
        "name": "Jandial complex",
        "radius_m": 1000,
        "geometry_role": "analytical_neighbourhood",
        "is_legal_buffer": false
      },
      "geometry": {
        "type": "Polygon",
        "coordinates": [
          [
            [
              299934.669,
              3738157.599
            ],
            [
              299932.528,
              3738223.002
            ],
            [
              299926.114,
              3738288.125
            ],
            [
              299915.454,
              3738352.689
            ],
            [
              299900.595,
              3738416.418
            ],
            [
              299881.599,
              3738479.038
            ],
            [
              299858.549,
              3738540.282
            ],
            [
              299831.542,
              3738599.888
            ],
            [
              299800.694,
              3738657.599
            ],
            [
              299766.139,
              3738713.169
            ],
            [
              299728.022,
              3738766.36
            ],
            [
              299686.509,
              3738816.945
            ],
            [
              299641.776,
              3738864.706
            ],
            [
              299594.015,
              3738909.439
            ],
            [
              299543.43,
              3738950.952
            ],
            [
              299490.239,
              3738989.069
            ],
            [
              299434.669,
              3739023.624
            ],
            [
              299376.958,
              3739054.472
            ],
            [
              299317.352,
              3739081.479
            ],
            [
              299256.108,
              3739104.529
            ],
            [
              299193.488,
              3739123.525
            ],
            [
              299129.759,
              3739138.384
            ],
            [
              299065.195,
              3739149.044
            ],
            [
              299000.072,
              3739155.458
            ],
            [
              298934.669,
              3739157.599
            ],
            [
              298869.266,
              3739155.458
            ],
            [
              298804.143,
              3739149.044
            ],
            [
              298739.579,
              3739138.384
            ],
            [
              298675.85,
              3739123.525
            ],
            [
              298613.23,
              3739104.529
            ],
            [
              298551.986,
              3739081.479
            ],
            [
              298492.38,
              3739054.472
            ],
            [
              298434.669,
              3739023.624
            ],
            [
              298379.099,
              3738989.069
            ],
            [
              298325.908,
              3738950.952
            ],
            [
              298275.323,
              3738909.439
            ],
            [
              298227.562,
              3738864.706
            ],
            [
              298182.829,
              3738816.945
            ],
            [
              298141.316,
              3738766.36
            ],
            [
              298103.199,
              3738713.169
            ],
            [
              298068.644,
              3738657.599
            ],
            [
              298037.796,
              3738599.888
            ],
            [
              298010.789,
              3738540.282
            ],
            [
              297987.739,
              3738479.038
            ],
            [
              297968.743,
              3738416.418
            ],
            [
              297953.884,
              3738352.689
            ],
            [
              297943.224,
              3738288.125
            ],
            [
              297936.81,
              3738223.002
            ],
            [
              297934.669,
              3738157.599
            ],
            [
              297936.81,
              3738092.196
            ],
            [
              297943.224,
              3738027.073
            ],
            [
              297953.884,
              3737962.509
            ],
            [
              297968.743,
              3737898.78
            ],
            [
              297987.739,
              3737836.16
            ],
            [
              298010.789,
              3737774.916
            ],
            [
              298037.796,
              3737715.31
            ],
            [
              298068.644,
              3737657.599
            ],
            [
              298103.199,
              3737602.029
            ],
            [
              298141.316,
              3737548.838
            ],
            [
              298182.829,
              3737498.253
            ],
            [
              298227.562,
              3737450.492
            ],
            [
              298275.323,
              3737405.759
            ],
            [
              298325.908,
              3737364.246
            ],
            [
              298379.099,
              3737326.129
            ],
            [
              298434.669,
              3737291.574
            ],
            [
              298492.38,
              3737260.726
            ],
            [
              298551.986,
              3737233.719
            ],
            [
              298613.23,
              3737210.669
            ],
            [
              298675.85,
              3737191.673
            ],
            [
              298739.579,
              3737176.814
            ],
            [
              298804.143,
              3737166.154
            ],
            [
              298869.266,
              3737159.74
            ],
            [
              298934.669,
              3737157.599
            ],
            [
              299000.072,
              3737159.74
            ],
            [
              299065.195,
              3737166.154
            ],
            [
              299129.759,
              3737176.814
            ],
            [
              299193.488,
              3737191.673
            ],
            [
              299256.108,
              3737210.669
            ],
            [
              299317.352,
              3737233.719
            ],
            [
              299376.958,
              3737260.726
            ],
            [
              299434.669,
              3737291.574
            ],
            [
              299490.239,
              3737326.129
            ],
            [
              299543.43,
              3737364.246
            ],
            [
              299594.015,
              3737405.759
            ],
            [
              299641.776,
              3737450.492
            ],
            [
              299686.509,
              3737498.253
            ],
            [
              299728.022,
              3737548.838
            ],
            [
              299766.139,
              3737602.029
            ],
            [
              299800.694,
              3737657.599
            ],
            [
              299831.542,
              3737715.31
            ],
            [
              299858.549,
              3737774.916
            ],
            [
              299881.599,
              3737836.16
            ],
            [
              299900.595,
              3737898.78
            ],
            [
              299915.454,
              3737962.509
            ],
            [
              299926.114,
              3738027.073
            ],
            [
              299932.528,
              3738092.196
            ],
            [
              299934.669,
              3738157.599
            ]
          ]
        ]
      }
    },
    {
      "type": "Feature",
      "properties": {
        "component_id": "139-012",
        "name": "Lalchak and Badalpur Buddhist stuppa",
        "radius_m": 250,
        "geometry_role": "analytical_neighbourhood",
        "is_legal_buffer": false
      },
      "geometry": {
        "type": "Polygon",
        "coordinates": [
          [
            [
              302846.718,
              3740005.834
            ],
            [
              302846.183,
              3740022.185
            ],
            [
              302844.579,
              3740038.466
            ],
            [
              302841.914,
              3740054.607
            ],
            [
              302838.199,
              3740070.539
            ],
            [
              302833.451,
              3740086.194
            ],
            [
              302827.688,
              3740101.505
            ],
            [
              302820.936,
              3740116.406
            ],
            [
              302813.224,
              3740130.834
            ],
            [
              302804.585,
              3740144.727
            ],
            [
              302795.056,
              3740158.024
            ],
            [
              302784.678,
              3740170.67
            ],
            [
              302773.495,
              3740182.611
            ],
            [
              302761.554,
              3740193.794
            ],
            [
              302748.908,
              3740204.172
            ],
            [
              302735.611,
              3740213.701
            ],
            [
              302721.718,
              3740222.34
            ],
            [
              302707.29,
              3740230.052
            ],
            [
              302692.389,
              3740236.804
            ],
            [
              302677.078,
              3740242.567
            ],
            [
              302661.423,
              3740247.315
            ],
            [
              302645.491,
              3740251.03
            ],
            [
              302629.35,
              3740253.695
            ],
            [
              302613.069,
              3740255.299
            ],
            [
              302596.718,
              3740255.834
            ],
            [
              302580.367,
              3740255.299
            ],
            [
              302564.086,
              3740253.695
            ],
            [
              302547.945,
              3740251.03
            ],
            [
              302532.013,
              3740247.315
            ],
            [
              302516.358,
              3740242.567
            ],
            [
              302501.047,
              3740236.804
            ],
            [
              302486.146,
              3740230.052
            ],
            [
              302471.718,
              3740222.34
            ],
            [
              302457.825,
              3740213.701
            ],
            [
              302444.528,
              3740204.172
            ],
            [
              302431.882,
              3740193.794
            ],
            [
              302419.941,
              3740182.611
            ],
            [
              302408.758,
              3740170.67
            ],
            [
              302398.38,
              3740158.024
            ],
            [
              302388.851,
              3740144.727
            ],
            [
              302380.212,
              3740130.834
            ],
            [
              302372.5,
              3740116.406
            ],
            [
              302365.748,
              3740101.505
            ],
            [
              302359.985,
              3740086.194
            ],
            [
              302355.237,
              3740070.539
            ],
            [
              302351.522,
              3740054.607
            ],
            [
              302348.857,
              3740038.466
            ],
            [
              302347.253,
              3740022.185
            ],
            [
              302346.718,
              3740005.834
            ],
            [
              302347.253,
              3739989.483
            ],
            [
              302348.857,
              3739973.202
            ],
            [
              302351.522,
              3739957.061
            ],
            [
              302355.237,
              3739941.129
            ],
            [
              302359.985,
              3739925.474
            ],
            [
              302365.748,
              3739910.163
            ],
            [
              302372.5,
              3739895.262
            ],
            [
              302380.212,
              3739880.834
            ],
            [
              302388.851,
              3739866.941
            ],
            [
              302398.38,
              3739853.644
            ],
            [
              302408.758,
              3739840.998
            ],
            [
              302419.941,
              3739829.057
            ],
            [
              302431.882,
              3739817.874
            ],
            [
              302444.528,
              3739807.496
            ],
            [
              302457.825,
              3739797.967
            ],
            [
              302471.718,
              3739789.328
            ],
            [
              302486.146,
              3739781.616
            ],
            [
              302501.047,
              3739774.864
            ],
            [
              302516.358,
              3739769.101
            ],
            [
              302532.013,
              3739764.353
            ],
            [
              302547.945,
              3739760.638
            ],
            [
              302564.086,
              3739757.973
            ],
            [
              302580.367,
              3739756.369
            ],
            [
              302596.718,
              3739755.834
            ],
            [
              302613.069,
              3739756.369
            ],
            [
              302629.35,
              3739757.973
            ],
            [
              302645.491,
              3739760.638
            ],
            [
              302661.423,
              3739764.353
            ],
            [
              302677.078,
              3739769.101
            ],
            [
              302692.389,
              3739774.864
            ],
            [
              302707.29,
              3739781.616
            ],
            [
              302721.718,
              3739789.328
            ],
            [
              302735.611,
              3739797.967
            ],
            [
              302748.908,
              3739807.496
            ],
            [
              302761.554,
              3739817.874
            ],
            [
              302773.495,
              3739829.057
            ],
            [
              302784.678,
              3739840.998
            ],
            [
              302795.056,
              3739853.644
            ],
            [
              302804.585,
              3739866.941
            ],
            [
              302813.224,
              3739880.834
            ],
            [
              302820.936,
              3739895.262
            ],
            [
              302827.688,
              3739910.163
            ],
            [
              302833.451,
              3739925.474
            ],
            [
              302838.199,
              3739941.129
            ],
            [
              302841.914,
              3739957.061
            ],
            [
              302844.579,
              3739973.202
            ],
            [
              302846.183,
              3739989.483
            ],
            [
              302846.718,
              3740005.834
            ]
          ]
        ]
      }
    },
    {
      "type": "Feature",
      "properties": {
        "component_id": "139-012",
        "name": "Lalchak and Badalpur Buddhist stuppa",
        "radius_m": 500,
        "geometry_role": "analytical_neighbourhood",
        "is_legal_buffer": false
      },
      "geometry": {
        "type": "Polygon",
        "coordinates": [
          [
            [
              303096.718,
              3740005.834
            ],
            [
              303095.647,
              3740038.536
            ],
            [
              303092.44,
              3740071.097
            ],
            [
              303087.111,
              3740103.379
            ],
            [
              303079.681,
              3740135.244
            ],
            [
              303070.183,
              3740166.554
            ],
            [
              303058.658,
              3740197.176
            ],
            [
              303045.154,
              3740226.978
            ],
            [
              303029.731,
              3740255.834
            ],
            [
              303012.453,
              3740283.619
            ],
            [
              302993.395,
              3740310.215
            ],
            [
              302972.638,
              3740335.507
            ],
            [
              302950.271,
              3740359.387
            ],
            [
              302926.391,
              3740381.754
            ],
            [
              302901.099,
              3740402.511
            ],
            [
              302874.503,
              3740421.569
            ],
            [
              302846.718,
              3740438.847
            ],
            [
              302817.862,
              3740454.27
            ],
            [
              302788.06,
              3740467.774
            ],
            [
              302757.438,
              3740479.299
            ],
            [
              302726.128,
              3740488.797
            ],
            [
              302694.263,
              3740496.227
            ],
            [
              302661.981,
              3740501.556
            ],
            [
              302629.42,
              3740504.763
            ],
            [
              302596.718,
              3740505.834
            ],
            [
              302564.016,
              3740504.763
            ],
            [
              302531.455,
              3740501.556
            ],
            [
              302499.173,
              3740496.227
            ],
            [
              302467.308,
              3740488.797
            ],
            [
              302435.998,
              3740479.299
            ],
            [
              302405.376,
              3740467.774
            ],
            [
              302375.574,
              3740454.27
            ],
            [
              302346.718,
              3740438.847
            ],
            [
              302318.933,
              3740421.569
            ],
            [
              302292.337,
              3740402.511
            ],
            [
              302267.045,
              3740381.754
            ],
            [
              302243.165,
              3740359.387
            ],
            [
              302220.798,
              3740335.507
            ],
            [
              302200.041,
              3740310.215
            ],
            [
              302180.983,
              3740283.619
            ],
            [
              302163.705,
              3740255.834
            ],
            [
              302148.282,
              3740226.978
            ],
            [
              302134.778,
              3740197.176
            ],
            [
              302123.253,
              3740166.554
            ],
            [
              302113.755,
              3740135.244
            ],
            [
              302106.325,
              3740103.379
            ],
            [
              302100.996,
              3740071.097
            ],
            [
              302097.789,
              3740038.536
            ],
            [
              302096.718,
              3740005.834
            ],
            [
              302097.789,
              3739973.132
            ],
            [
              302100.996,
              3739940.571
            ],
            [
              302106.325,
              3739908.289
            ],
            [
              302113.755,
              3739876.424
            ],
            [
              302123.253,
              3739845.114
            ],
            [
              302134.778,
              3739814.492
            ],
            [
              302148.282,
              3739784.69
            ],
            [
              302163.705,
              3739755.834
            ],
            [
              302180.983,
              3739728.049
            ],
            [
              302200.041,
              3739701.453
            ],
            [
              302220.798,
              3739676.161
            ],
            [
              302243.165,
              3739652.281
            ],
            [
              302267.045,
              3739629.914
            ],
            [
              302292.337,
              3739609.157
            ],
            [
              302318.933,
              3739590.099
            ],
            [
              302346.718,
              3739572.821
            ],
            [
              302375.574,
              3739557.398
            ],
            [
              302405.376,
              3739543.894
            ],
            [
              302435.998,
              3739532.369
            ],
            [
              302467.308,
              3739522.871
            ],
            [
              302499.173,
              3739515.441
            ],
            [
              302531.455,
              3739510.112
            ],
            [
              302564.016,
              3739506.905
            ],
            [
              302596.718,
              3739505.834
            ],
            [
              302629.42,
              3739506.905
            ],
            [
              302661.981,
              3739510.112
            ],
            [
              302694.263,
              3739515.441
            ],
            [
              302726.128,
              3739522.871
            ],
            [
              302757.438,
              3739532.369
            ],
            [
              302788.06,
              3739543.894
            ],
            [
              302817.862,
              3739557.398
            ],
            [
              302846.718,
              3739572.821
            ],
            [
              302874.503,
              3739590.099
            ],
            [
              302901.099,
              3739609.157
            ],
            [
              302926.391,
              3739629.914
            ],
            [
              302950.271,
              3739652.281
            ],
            [
              302972.638,
              3739676.161
            ],
            [
              302993.395,
              3739701.453
            ],
            [
              303012.453,
              3739728.049
            ],
            [
              303029.731,
              3739755.834
            ],
            [
              303045.154,
              3739784.69
            ],
            [
              303058.658,
              3739814.492
            ],
            [
              303070.183,
              3739845.114
            ],
            [
              303079.681,
              3739876.424
            ],
            [
              303087.111,
              3739908.289
            ],
            [
              303092.44,
              3739940.571
            ],
            [
              303095.647,
              3739973.132
            ],
            [
              303096.718,
              3740005.834
            ]
          ]
        ]
      }
    },
    {
      "type": "Feature",
      "properties": {
        "component_id": "139-012",
        "name": "Lalchak and Badalpur Buddhist stuppa",
        "radius_m": 1000,
        "geometry_role": "analytical_neighbourhood",
        "is_legal_buffer": false
      },
      "geometry": {
        "type": "Polygon",
        "coordinates": [
          [
            [
              303596.718,
              3740005.834
            ],
            [
              303594.577,
              3740071.237
            ],
            [
              303588.163,
              3740136.36
            ],
            [
              303577.503,
              3740200.924
            ],
            [
              303562.644,
              3740264.653
            ],
            [
              303543.648,
              3740327.273
            ],
            [
              303520.598,
              3740388.517
            ],
            [
              303493.591,
              3740448.123
            ],
            [
              303462.743,
              3740505.834
            ],
            [
              303428.188,
              3740561.404
            ],
            [
              303390.071,
              3740614.595
            ],
            [
              303348.558,
              3740665.18
            ],
            [
              303303.825,
              3740712.941
            ],
            [
              303256.064,
              3740757.674
            ],
            [
              303205.479,
              3740799.187
            ],
            [
              303152.288,
              3740837.304
            ],
            [
              303096.718,
              3740871.859
            ],
            [
              303039.007,
              3740902.707
            ],
            [
              302979.401,
              3740929.714
            ],
            [
              302918.157,
              3740952.764
            ],
            [
              302855.537,
              3740971.76
            ],
            [
              302791.808,
              3740986.619
            ],
            [
              302727.244,
              3740997.279
            ],
            [
              302662.121,
              3741003.693
            ],
            [
              302596.718,
              3741005.834
            ],
            [
              302531.315,
              3741003.693
            ],
            [
              302466.192,
              3740997.279
            ],
            [
              302401.628,
              3740986.619
            ],
            [
              302337.899,
              3740971.76
            ],
            [
              302275.279,
              3740952.764
            ],
            [
              302214.035,
              3740929.714
            ],
            [
              302154.429,
              3740902.707
            ],
            [
              302096.718,
              3740871.859
            ],
            [
              302041.148,
              3740837.304
            ],
            [
              301987.957,
              3740799.187
            ],
            [
              301937.372,
              3740757.674
            ],
            [
              301889.611,
              3740712.941
            ],
            [
              301844.878,
              3740665.18
            ],
            [
              301803.365,
              3740614.595
            ],
            [
              301765.248,
              3740561.404
            ],
            [
              301730.693,
              3740505.834
            ],
            [
              301699.845,
              3740448.123
            ],
            [
              301672.838,
              3740388.517
            ],
            [
              301649.788,
              3740327.273
            ],
            [
              301630.792,
              3740264.653
            ],
            [
              301615.933,
              3740200.924
            ],
            [
              301605.273,
              3740136.36
            ],
            [
              301598.859,
              3740071.237
            ],
            [
              301596.718,
              3740005.834
            ],
            [
              301598.859,
              3739940.431
            ],
            [
              301605.273,
              3739875.308
            ],
            [
              301615.933,
              3739810.744
            ],
            [
              301630.792,
              3739747.015
            ],
            [
              301649.788,
              3739684.395
            ],
            [
              301672.838,
              3739623.151
            ],
            [
              301699.845,
              3739563.545
            ],
            [
              301730.693,
              3739505.834
            ],
            [
              301765.248,
              3739450.264
            ],
            [
              301803.365,
              3739397.073
            ],
            [
              301844.878,
              3739346.488
            ],
            [
              301889.611,
              3739298.727
            ],
            [
              301937.372,
              3739253.994
            ],
            [
              301987.957,
              3739212.481
            ],
            [
              302041.148,
              3739174.364
            ],
            [
              302096.718,
              3739139.809
            ],
            [
              302154.429,
              3739108.961
            ],
            [
              302214.035,
              3739081.954
            ],
            [
              302275.279,
              3739058.904
            ],
            [
              302337.899,
              3739039.908
            ],
            [
              302401.628,
              3739025.049
            ],
            [
              302466.192,
              3739014.389
            ],
            [
              302531.315,
              3739007.975
            ],
            [
              302596.718,
              3739005.834
            ],
            [
              302662.121,
              3739007.975
            ],
            [
              302727.244,
              3739014.389
            ],
            [
              302791.808,
              3739025.049
            ],
            [
              302855.537,
              3739039.908
            ],
            [
              302918.157,
              3739058.904
            ],
            [
              302979.401,
              3739081.954
            ],
            [
              303039.007,
              3739108.961
            ],
            [
              303096.718,
              3739139.809
            ],
            [
              303152.288,
              3739174.364
            ],
            [
              303205.479,
              3739212.481
            ],
            [
              303256.064,
              3739253.994
            ],
            [
              303303.825,
              3739298.727
            ],
            [
              303348.558,
              3739346.488
            ],
            [
              303390.071,
              3739397.073
            ],
            [
              303428.188,
              3739450.264
            ],
            [
              303462.743,
              3739505.834
            ],
            [
              303493.591,
              3739563.545
            ],
            [
              303520.598,
              3739623.151
            ],
            [
              303543.648,
              3739684.395
            ],
            [
              303562.644,
              3739747.015
            ],
            [
              303577.503,
              3739810.744
            ],
            [
              303588.163,
              3739875.308
            ],
            [
              303594.577,
              3739940.431
            ],
            [
              303596.718,
              3740005.834
            ]
          ]
        ]
      }
    },
    {
      "type": "Feature",
      "properties": {
        "component_id": "139-013",
        "name": "Mohra Moradu stupa and monastery",
        "radius_m": 250,
        "geometry_role": "analytical_neighbourhood",
        "is_legal_buffer": false
      },
      "geometry": {
        "type": "Polygon",
        "coordinates": [
          [
            [
              302153.873,
              3737722.889
            ],
            [
              302153.338,
              3737739.24
            ],
            [
              302151.734,
              3737755.521
            ],
            [
              302149.069,
              3737771.662
            ],
            [
              302145.354,
              3737787.594
            ],
            [
              302140.606,
              3737803.249
            ],
            [
              302134.843,
              3737818.56
            ],
            [
              302128.091,
              3737833.461
            ],
            [
              302120.379,
              3737847.889
            ],
            [
              302111.74,
              3737861.782
            ],
            [
              302102.211,
              3737875.079
            ],
            [
              302091.833,
              3737887.725
            ],
            [
              302080.65,
              3737899.666
            ],
            [
              302068.709,
              3737910.849
            ],
            [
              302056.063,
              3737921.227
            ],
            [
              302042.766,
              3737930.756
            ],
            [
              302028.873,
              3737939.395
            ],
            [
              302014.445,
              3737947.107
            ],
            [
              301999.544,
              3737953.859
            ],
            [
              301984.233,
              3737959.622
            ],
            [
              301968.578,
              3737964.37
            ],
            [
              301952.646,
              3737968.085
            ],
            [
              301936.505,
              3737970.75
            ],
            [
              301920.224,
              3737972.354
            ],
            [
              301903.873,
              3737972.889
            ],
            [
              301887.522,
              3737972.354
            ],
            [
              301871.241,
              3737970.75
            ],
            [
              301855.1,
              3737968.085
            ],
            [
              301839.168,
              3737964.37
            ],
            [
              301823.513,
              3737959.622
            ],
            [
              301808.202,
              3737953.859
            ],
            [
              301793.301,
              3737947.107
            ],
            [
              301778.873,
              3737939.395
            ],
            [
              301764.98,
              3737930.756
            ],
            [
              301751.683,
              3737921.227
            ],
            [
              301739.037,
              3737910.849
            ],
            [
              301727.096,
              3737899.666
            ],
            [
              301715.913,
              3737887.725
            ],
            [
              301705.535,
              3737875.079
            ],
            [
              301696.006,
              3737861.782
            ],
            [
              301687.367,
              3737847.889
            ],
            [
              301679.655,
              3737833.461
            ],
            [
              301672.903,
              3737818.56
            ],
            [
              301667.14,
              3737803.249
            ],
            [
              301662.392,
              3737787.594
            ],
            [
              301658.677,
              3737771.662
            ],
            [
              301656.012,
              3737755.521
            ],
            [
              301654.408,
              3737739.24
            ],
            [
              301653.873,
              3737722.889
            ],
            [
              301654.408,
              3737706.538
            ],
            [
              301656.012,
              3737690.257
            ],
            [
              301658.677,
              3737674.116
            ],
            [
              301662.392,
              3737658.184
            ],
            [
              301667.14,
              3737642.529
            ],
            [
              301672.903,
              3737627.218
            ],
            [
              301679.655,
              3737612.317
            ],
            [
              301687.367,
              3737597.889
            ],
            [
              301696.006,
              3737583.996
            ],
            [
              301705.535,
              3737570.699
            ],
            [
              301715.913,
              3737558.053
            ],
            [
              301727.096,
              3737546.112
            ],
            [
              301739.037,
              3737534.929
            ],
            [
              301751.683,
              3737524.551
            ],
            [
              301764.98,
              3737515.022
            ],
            [
              301778.873,
              3737506.383
            ],
            [
              301793.301,
              3737498.671
            ],
            [
              301808.202,
              3737491.919
            ],
            [
              301823.513,
              3737486.156
            ],
            [
              301839.168,
              3737481.408
            ],
            [
              301855.1,
              3737477.693
            ],
            [
              301871.241,
              3737475.028
            ],
            [
              301887.522,
              3737473.424
            ],
            [
              301903.873,
              3737472.889
            ],
            [
              301920.224,
              3737473.424
            ],
            [
              301936.505,
              3737475.028
            ],
            [
              301952.646,
              3737477.693
            ],
            [
              301968.578,
              3737481.408
            ],
            [
              301984.233,
              3737486.156
            ],
            [
              301999.544,
              3737491.919
            ],
            [
              302014.445,
              3737498.671
            ],
            [
              302028.873,
              3737506.383
            ],
            [
              302042.766,
              3737515.022
            ],
            [
              302056.063,
              3737524.551
            ],
            [
              302068.709,
              3737534.929
            ],
            [
              302080.65,
              3737546.112
            ],
            [
              302091.833,
              3737558.053
            ],
            [
              302102.211,
              3737570.699
            ],
            [
              302111.74,
              3737583.996
            ],
            [
              302120.379,
              3737597.889
            ],
            [
              302128.091,
              3737612.317
            ],
            [
              302134.843,
              3737627.218
            ],
            [
              302140.606,
              3737642.529
            ],
            [
              302145.354,
              3737658.184
            ],
            [
              302149.069,
              3737674.116
            ],
            [
              302151.734,
              3737690.257
            ],
            [
              302153.338,
              3737706.538
            ],
            [
              302153.873,
              3737722.889
            ]
          ]
        ]
      }
    },
    {
      "type": "Feature",
      "properties": {
        "component_id": "139-013",
        "name": "Mohra Moradu stupa and monastery",
        "radius_m": 500,
        "geometry_role": "analytical_neighbourhood",
        "is_legal_buffer": false
      },
      "geometry": {
        "type": "Polygon",
        "coordinates": [
          [
            [
              302403.873,
              3737722.889
            ],
            [
              302402.802,
              3737755.591
            ],
            [
              302399.595,
              3737788.152
            ],
            [
              302394.266,
              3737820.434
            ],
            [
              302386.836,
              3737852.299
            ],
            [
              302377.338,
              3737883.609
            ],
            [
              302365.813,
              3737914.231
            ],
            [
              302352.309,
              3737944.033
            ],
            [
              302336.886,
              3737972.889
            ],
            [
              302319.608,
              3738000.674
            ],
            [
              302300.55,
              3738027.27
            ],
            [
              302279.793,
              3738052.562
            ],
            [
              302257.426,
              3738076.442
            ],
            [
              302233.546,
              3738098.809
            ],
            [
              302208.254,
              3738119.566
            ],
            [
              302181.658,
              3738138.624
            ],
            [
              302153.873,
              3738155.902
            ],
            [
              302125.017,
              3738171.325
            ],
            [
              302095.215,
              3738184.829
            ],
            [
              302064.593,
              3738196.354
            ],
            [
              302033.283,
              3738205.852
            ],
            [
              302001.418,
              3738213.282
            ],
            [
              301969.136,
              3738218.611
            ],
            [
              301936.575,
              3738221.818
            ],
            [
              301903.873,
              3738222.889
            ],
            [
              301871.171,
              3738221.818
            ],
            [
              301838.61,
              3738218.611
            ],
            [
              301806.328,
              3738213.282
            ],
            [
              301774.463,
              3738205.852
            ],
            [
              301743.153,
              3738196.354
            ],
            [
              301712.531,
              3738184.829
            ],
            [
              301682.729,
              3738171.325
            ],
            [
              301653.873,
              3738155.902
            ],
            [
              301626.088,
              3738138.624
            ],
            [
              301599.492,
              3738119.566
            ],
            [
              301574.2,
              3738098.809
            ],
            [
              301550.32,
              3738076.442
            ],
            [
              301527.953,
              3738052.562
            ],
            [
              301507.196,
              3738027.27
            ],
            [
              301488.138,
              3738000.674
            ],
            [
              301470.86,
              3737972.889
            ],
            [
              301455.437,
              3737944.033
            ],
            [
              301441.933,
              3737914.231
            ],
            [
              301430.408,
              3737883.609
            ],
            [
              301420.91,
              3737852.299
            ],
            [
              301413.48,
              3737820.434
            ],
            [
              301408.151,
              3737788.152
            ],
            [
              301404.944,
              3737755.591
            ],
            [
              301403.873,
              3737722.889
            ],
            [
              301404.944,
              3737690.187
            ],
            [
              301408.151,
              3737657.626
            ],
            [
              301413.48,
              3737625.344
            ],
            [
              301420.91,
              3737593.479
            ],
            [
              301430.408,
              3737562.169
            ],
            [
              301441.933,
              3737531.547
            ],
            [
              301455.437,
              3737501.745
            ],
            [
              301470.86,
              3737472.889
            ],
            [
              301488.138,
              3737445.104
            ],
            [
              301507.196,
              3737418.508
            ],
            [
              301527.953,
              3737393.216
            ],
            [
              301550.32,
              3737369.336
            ],
            [
              301574.2,
              3737346.969
            ],
            [
              301599.492,
              3737326.212
            ],
            [
              301626.088,
              3737307.154
            ],
            [
              301653.873,
              3737289.876
            ],
            [
              301682.729,
              3737274.453
            ],
            [
              301712.531,
              3737260.949
            ],
            [
              301743.153,
              3737249.424
            ],
            [
              301774.463,
              3737239.926
            ],
            [
              301806.328,
              3737232.496
            ],
            [
              301838.61,
              3737227.167
            ],
            [
              301871.171,
              3737223.96
            ],
            [
              301903.873,
              3737222.889
            ],
            [
              301936.575,
              3737223.96
            ],
            [
              301969.136,
              3737227.167
            ],
            [
              302001.418,
              3737232.496
            ],
            [
              302033.283,
              3737239.926
            ],
            [
              302064.593,
              3737249.424
            ],
            [
              302095.215,
              3737260.949
            ],
            [
              302125.017,
              3737274.453
            ],
            [
              302153.873,
              3737289.876
            ],
            [
              302181.658,
              3737307.154
            ],
            [
              302208.254,
              3737326.212
            ],
            [
              302233.546,
              3737346.969
            ],
            [
              302257.426,
              3737369.336
            ],
            [
              302279.793,
              3737393.216
            ],
            [
              302300.55,
              3737418.508
            ],
            [
              302319.608,
              3737445.104
            ],
            [
              302336.886,
              3737472.889
            ],
            [
              302352.309,
              3737501.745
            ],
            [
              302365.813,
              3737531.547
            ],
            [
              302377.338,
              3737562.169
            ],
            [
              302386.836,
              3737593.479
            ],
            [
              302394.266,
              3737625.344
            ],
            [
              302399.595,
              3737657.626
            ],
            [
              302402.802,
              3737690.187
            ],
            [
              302403.873,
              3737722.889
            ]
          ]
        ]
      }
    },
    {
      "type": "Feature",
      "properties": {
        "component_id": "139-013",
        "name": "Mohra Moradu stupa and monastery",
        "radius_m": 1000,
        "geometry_role": "analytical_neighbourhood",
        "is_legal_buffer": false
      },
      "geometry": {
        "type": "Polygon",
        "coordinates": [
          [
            [
              302903.873,
              3737722.889
            ],
            [
              302901.732,
              3737788.292
            ],
            [
              302895.318,
              3737853.415
            ],
            [
              302884.658,
              3737917.979
            ],
            [
              302869.799,
              3737981.708
            ],
            [
              302850.803,
              3738044.328
            ],
            [
              302827.753,
              3738105.572
            ],
            [
              302800.746,
              3738165.178
            ],
            [
              302769.898,
              3738222.889
            ],
            [
              302735.343,
              3738278.459
            ],
            [
              302697.226,
              3738331.65
            ],
            [
              302655.713,
              3738382.235
            ],
            [
              302610.98,
              3738429.996
            ],
            [
              302563.219,
              3738474.729
            ],
            [
              302512.634,
              3738516.242
            ],
            [
              302459.443,
              3738554.359
            ],
            [
              302403.873,
              3738588.914
            ],
            [
              302346.162,
              3738619.762
            ],
            [
              302286.556,
              3738646.769
            ],
            [
              302225.312,
              3738669.819
            ],
            [
              302162.692,
              3738688.815
            ],
            [
              302098.963,
              3738703.674
            ],
            [
              302034.399,
              3738714.334
            ],
            [
              301969.276,
              3738720.748
            ],
            [
              301903.873,
              3738722.889
            ],
            [
              301838.47,
              3738720.748
            ],
            [
              301773.347,
              3738714.334
            ],
            [
              301708.783,
              3738703.674
            ],
            [
              301645.054,
              3738688.815
            ],
            [
              301582.434,
              3738669.819
            ],
            [
              301521.19,
              3738646.769
            ],
            [
              301461.584,
              3738619.762
            ],
            [
              301403.873,
              3738588.914
            ],
            [
              301348.303,
              3738554.359
            ],
            [
              301295.112,
              3738516.242
            ],
            [
              301244.527,
              3738474.729
            ],
            [
              301196.766,
              3738429.996
            ],
            [
              301152.033,
              3738382.235
            ],
            [
              301110.52,
              3738331.65
            ],
            [
              301072.403,
              3738278.459
            ],
            [
              301037.848,
              3738222.889
            ],
            [
              301007.0,
              3738165.178
            ],
            [
              300979.993,
              3738105.572
            ],
            [
              300956.943,
              3738044.328
            ],
            [
              300937.947,
              3737981.708
            ],
            [
              300923.088,
              3737917.979
            ],
            [
              300912.428,
              3737853.415
            ],
            [
              300906.014,
              3737788.292
            ],
            [
              300903.873,
              3737722.889
            ],
            [
              300906.014,
              3737657.486
            ],
            [
              300912.428,
              3737592.363
            ],
            [
              300923.088,
              3737527.799
            ],
            [
              300937.947,
              3737464.07
            ],
            [
              300956.943,
              3737401.45
            ],
            [
              300979.993,
              3737340.206
            ],
            [
              301007.0,
              3737280.6
            ],
            [
              301037.848,
              3737222.889
            ],
            [
              301072.403,
              3737167.319
            ],
            [
              301110.52,
              3737114.128
            ],
            [
              301152.033,
              3737063.543
            ],
            [
              301196.766,
              3737015.782
            ],
            [
              301244.527,
              3736971.049
            ],
            [
              301295.112,
              3736929.536
            ],
            [
              301348.303,
              3736891.419
            ],
            [
              301403.873,
              3736856.864
            ],
            [
              301461.584,
              3736826.016
            ],
            [
              301521.19,
              3736799.009
            ],
            [
              301582.434,
              3736775.959
            ],
            [
              301645.054,
              3736756.963
            ],
            [
              301708.783,
              3736742.104
            ],
            [
              301773.347,
              3736731.444
            ],
            [
              301838.47,
              3736725.03
            ],
            [
              301903.873,
              3736722.889
            ],
            [
              301969.276,
              3736725.03
            ],
            [
              302034.399,
              3736731.444
            ],
            [
              302098.963,
              3736742.104
            ],
            [
              302162.692,
              3736756.963
            ],
            [
              302225.312,
              3736775.959
            ],
            [
              302286.556,
              3736799.009
            ],
            [
              302346.162,
              3736826.016
            ],
            [
              302403.873,
              3736856.864
            ],
            [
              302459.443,
              3736891.419
            ],
            [
              302512.634,
              3736929.536
            ],
            [
              302563.219,
              3736971.049
            ],
            [
              302610.98,
              3737015.782
            ],
            [
              302655.713,
              3737063.543
            ],
            [
              302697.226,
              3737114.128
            ],
            [
              302735.343,
              3737167.319
            ],
            [
              302769.898,
              3737222.889
            ],
            [
              302800.746,
              3737280.6
            ],
            [
              302827.753,
              3737340.206
            ],
            [
              302850.803,
              3737401.45
            ],
            [
              302869.799,
              3737464.07
            ],
            [
              302884.658,
              3737527.799
            ],
            [
              302895.318,
              3737592.363
            ],
            [
              302901.732,
              3737657.486
            ],
            [
              302903.873,
              3737722.889
            ]
          ]
        ]
      }
    },
    {
      "type": "Feature",
      "properties": {
        "component_id": "139-014",
        "name": "Pippala stupa and monastery",
        "radius_m": 250,
        "geometry_role": "analytical_neighbourhood",
        "is_legal_buffer": false
      },
      "geometry": {
        "type": "Polygon",
        "coordinates": [
          [
            [
              302686.769,
              3738247.181
            ],
            [
              302686.234,
              3738263.532
            ],
            [
              302684.63,
              3738279.813
            ],
            [
              302681.965,
              3738295.954
            ],
            [
              302678.25,
              3738311.886
            ],
            [
              302673.502,
              3738327.541
            ],
            [
              302667.739,
              3738342.852
            ],
            [
              302660.987,
              3738357.753
            ],
            [
              302653.275,
              3738372.181
            ],
            [
              302644.636,
              3738386.074
            ],
            [
              302635.107,
              3738399.371
            ],
            [
              302624.729,
              3738412.017
            ],
            [
              302613.546,
              3738423.958
            ],
            [
              302601.605,
              3738435.141
            ],
            [
              302588.959,
              3738445.519
            ],
            [
              302575.662,
              3738455.048
            ],
            [
              302561.769,
              3738463.687
            ],
            [
              302547.341,
              3738471.399
            ],
            [
              302532.44,
              3738478.151
            ],
            [
              302517.129,
              3738483.914
            ],
            [
              302501.474,
              3738488.662
            ],
            [
              302485.542,
              3738492.377
            ],
            [
              302469.401,
              3738495.042
            ],
            [
              302453.12,
              3738496.646
            ],
            [
              302436.769,
              3738497.181
            ],
            [
              302420.418,
              3738496.646
            ],
            [
              302404.137,
              3738495.042
            ],
            [
              302387.996,
              3738492.377
            ],
            [
              302372.064,
              3738488.662
            ],
            [
              302356.409,
              3738483.914
            ],
            [
              302341.098,
              3738478.151
            ],
            [
              302326.197,
              3738471.399
            ],
            [
              302311.769,
              3738463.687
            ],
            [
              302297.876,
              3738455.048
            ],
            [
              302284.579,
              3738445.519
            ],
            [
              302271.933,
              3738435.141
            ],
            [
              302259.992,
              3738423.958
            ],
            [
              302248.809,
              3738412.017
            ],
            [
              302238.431,
              3738399.371
            ],
            [
              302228.902,
              3738386.074
            ],
            [
              302220.263,
              3738372.181
            ],
            [
              302212.551,
              3738357.753
            ],
            [
              302205.799,
              3738342.852
            ],
            [
              302200.036,
              3738327.541
            ],
            [
              302195.288,
              3738311.886
            ],
            [
              302191.573,
              3738295.954
            ],
            [
              302188.908,
              3738279.813
            ],
            [
              302187.304,
              3738263.532
            ],
            [
              302186.769,
              3738247.181
            ],
            [
              302187.304,
              3738230.83
            ],
            [
              302188.908,
              3738214.549
            ],
            [
              302191.573,
              3738198.408
            ],
            [
              302195.288,
              3738182.476
            ],
            [
              302200.036,
              3738166.821
            ],
            [
              302205.799,
              3738151.51
            ],
            [
              302212.551,
              3738136.609
            ],
            [
              302220.263,
              3738122.181
            ],
            [
              302228.902,
              3738108.288
            ],
            [
              302238.431,
              3738094.991
            ],
            [
              302248.809,
              3738082.345
            ],
            [
              302259.992,
              3738070.404
            ],
            [
              302271.933,
              3738059.221
            ],
            [
              302284.579,
              3738048.843
            ],
            [
              302297.876,
              3738039.314
            ],
            [
              302311.769,
              3738030.675
            ],
            [
              302326.197,
              3738022.963
            ],
            [
              302341.098,
              3738016.211
            ],
            [
              302356.409,
              3738010.448
            ],
            [
              302372.064,
              3738005.7
            ],
            [
              302387.996,
              3738001.985
            ],
            [
              302404.137,
              3737999.32
            ],
            [
              302420.418,
              3737997.716
            ],
            [
              302436.769,
              3737997.181
            ],
            [
              302453.12,
              3737997.716
            ],
            [
              302469.401,
              3737999.32
            ],
            [
              302485.542,
              3738001.985
            ],
            [
              302501.474,
              3738005.7
            ],
            [
              302517.129,
              3738010.448
            ],
            [
              302532.44,
              3738016.211
            ],
            [
              302547.341,
              3738022.963
            ],
            [
              302561.769,
              3738030.675
            ],
            [
              302575.662,
              3738039.314
            ],
            [
              302588.959,
              3738048.843
            ],
            [
              302601.605,
              3738059.221
            ],
            [
              302613.546,
              3738070.404
            ],
            [
              302624.729,
              3738082.345
            ],
            [
              302635.107,
              3738094.991
            ],
            [
              302644.636,
              3738108.288
            ],
            [
              302653.275,
              3738122.181
            ],
            [
              302660.987,
              3738136.609
            ],
            [
              302667.739,
              3738151.51
            ],
            [
              302673.502,
              3738166.821
            ],
            [
              302678.25,
              3738182.476
            ],
            [
              302681.965,
              3738198.408
            ],
            [
              302684.63,
              3738214.549
            ],
            [
              302686.234,
              3738230.83
            ],
            [
              302686.769,
              3738247.181
            ]
          ]
        ]
      }
    },
    {
      "type": "Feature",
      "properties": {
        "component_id": "139-014",
        "name": "Pippala stupa and monastery",
        "radius_m": 500,
        "geometry_role": "analytical_neighbourhood",
        "is_legal_buffer": false
      },
      "geometry": {
        "type": "Polygon",
        "coordinates": [
          [
            [
              302936.769,
              3738247.181
            ],
            [
              302935.698,
              3738279.883
            ],
            [
              302932.491,
              3738312.444
            ],
            [
              302927.162,
              3738344.726
            ],
            [
              302919.732,
              3738376.591
            ],
            [
              302910.234,
              3738407.901
            ],
            [
              302898.709,
              3738438.523
            ],
            [
              302885.205,
              3738468.325
            ],
            [
              302869.782,
              3738497.181
            ],
            [
              302852.504,
              3738524.966
            ],
            [
              302833.446,
              3738551.562
            ],
            [
              302812.689,
              3738576.854
            ],
            [
              302790.322,
              3738600.734
            ],
            [
              302766.442,
              3738623.101
            ],
            [
              302741.15,
              3738643.858
            ],
            [
              302714.554,
              3738662.916
            ],
            [
              302686.769,
              3738680.194
            ],
            [
              302657.913,
              3738695.617
            ],
            [
              302628.111,
              3738709.121
            ],
            [
              302597.489,
              3738720.646
            ],
            [
              302566.179,
              3738730.144
            ],
            [
              302534.314,
              3738737.574
            ],
            [
              302502.032,
              3738742.903
            ],
            [
              302469.471,
              3738746.11
            ],
            [
              302436.769,
              3738747.181
            ],
            [
              302404.067,
              3738746.11
            ],
            [
              302371.506,
              3738742.903
            ],
            [
              302339.224,
              3738737.574
            ],
            [
              302307.359,
              3738730.144
            ],
            [
              302276.049,
              3738720.646
            ],
            [
              302245.427,
              3738709.121
            ],
            [
              302215.625,
              3738695.617
            ],
            [
              302186.769,
              3738680.194
            ],
            [
              302158.984,
              3738662.916
            ],
            [
              302132.388,
              3738643.858
            ],
            [
              302107.096,
              3738623.101
            ],
            [
              302083.216,
              3738600.734
            ],
            [
              302060.849,
              3738576.854
            ],
            [
              302040.092,
              3738551.562
            ],
            [
              302021.034,
              3738524.966
            ],
            [
              302003.756,
              3738497.181
            ],
            [
              301988.333,
              3738468.325
            ],
            [
              301974.829,
              3738438.523
            ],
            [
              301963.304,
              3738407.901
            ],
            [
              301953.806,
              3738376.591
            ],
            [
              301946.376,
              3738344.726
            ],
            [
              301941.047,
              3738312.444
            ],
            [
              301937.84,
              3738279.883
            ],
            [
              301936.769,
              3738247.181
            ],
            [
              301937.84,
              3738214.479
            ],
            [
              301941.047,
              3738181.918
            ],
            [
              301946.376,
              3738149.636
            ],
            [
              301953.806,
              3738117.771
            ],
            [
              301963.304,
              3738086.461
            ],
            [
              301974.829,
              3738055.839
            ],
            [
              301988.333,
              3738026.037
            ],
            [
              302003.756,
              3737997.181
            ],
            [
              302021.034,
              3737969.396
            ],
            [
              302040.092,
              3737942.8
            ],
            [
              302060.849,
              3737917.508
            ],
            [
              302083.216,
              3737893.628
            ],
            [
              302107.096,
              3737871.261
            ],
            [
              302132.388,
              3737850.504
            ],
            [
              302158.984,
              3737831.446
            ],
            [
              302186.769,
              3737814.168
            ],
            [
              302215.625,
              3737798.745
            ],
            [
              302245.427,
              3737785.241
            ],
            [
              302276.049,
              3737773.716
            ],
            [
              302307.359,
              3737764.218
            ],
            [
              302339.224,
              3737756.788
            ],
            [
              302371.506,
              3737751.459
            ],
            [
              302404.067,
              3737748.252
            ],
            [
              302436.769,
              3737747.181
            ],
            [
              302469.471,
              3737748.252
            ],
            [
              302502.032,
              3737751.459
            ],
            [
              302534.314,
              3737756.788
            ],
            [
              302566.179,
              3737764.218
            ],
            [
              302597.489,
              3737773.716
            ],
            [
              302628.111,
              3737785.241
            ],
            [
              302657.913,
              3737798.745
            ],
            [
              302686.769,
              3737814.168
            ],
            [
              302714.554,
              3737831.446
            ],
            [
              302741.15,
              3737850.504
            ],
            [
              302766.442,
              3737871.261
            ],
            [
              302790.322,
              3737893.628
            ],
            [
              302812.689,
              3737917.508
            ],
            [
              302833.446,
              3737942.8
            ],
            [
              302852.504,
              3737969.396
            ],
            [
              302869.782,
              3737997.181
            ],
            [
              302885.205,
              3738026.037
            ],
            [
              302898.709,
              3738055.839
            ],
            [
              302910.234,
              3738086.461
            ],
            [
              302919.732,
              3738117.771
            ],
            [
              302927.162,
              3738149.636
            ],
            [
              302932.491,
              3738181.918
            ],
            [
              302935.698,
              3738214.479
            ],
            [
              302936.769,
              3738247.181
            ]
          ]
        ]
      }
    },
    {
      "type": "Feature",
      "properties": {
        "component_id": "139-014",
        "name": "Pippala stupa and monastery",
        "radius_m": 1000,
        "geometry_role": "analytical_neighbourhood",
        "is_legal_buffer": false
      },
      "geometry": {
        "type": "Polygon",
        "coordinates": [
          [
            [
              303436.769,
              3738247.181
            ],
            [
              303434.628,
              3738312.584
            ],
            [
              303428.214,
              3738377.707
            ],
            [
              303417.554,
              3738442.271
            ],
            [
              303402.695,
              3738506.0
            ],
            [
              303383.699,
              3738568.62
            ],
            [
              303360.649,
              3738629.864
            ],
            [
              303333.642,
              3738689.47
            ],
            [
              303302.794,
              3738747.181
            ],
            [
              303268.239,
              3738802.751
            ],
            [
              303230.122,
              3738855.942
            ],
            [
              303188.609,
              3738906.527
            ],
            [
              303143.876,
              3738954.288
            ],
            [
              303096.115,
              3738999.021
            ],
            [
              303045.53,
              3739040.534
            ],
            [
              302992.339,
              3739078.651
            ],
            [
              302936.769,
              3739113.206
            ],
            [
              302879.058,
              3739144.054
            ],
            [
              302819.452,
              3739171.061
            ],
            [
              302758.208,
              3739194.111
            ],
            [
              302695.588,
              3739213.107
            ],
            [
              302631.859,
              3739227.966
            ],
            [
              302567.295,
              3739238.626
            ],
            [
              302502.172,
              3739245.04
            ],
            [
              302436.769,
              3739247.181
            ],
            [
              302371.366,
              3739245.04
            ],
            [
              302306.243,
              3739238.626
            ],
            [
              302241.679,
              3739227.966
            ],
            [
              302177.95,
              3739213.107
            ],
            [
              302115.33,
              3739194.111
            ],
            [
              302054.086,
              3739171.061
            ],
            [
              301994.48,
              3739144.054
            ],
            [
              301936.769,
              3739113.206
            ],
            [
              301881.199,
              3739078.651
            ],
            [
              301828.008,
              3739040.534
            ],
            [
              301777.423,
              3738999.021
            ],
            [
              301729.662,
              3738954.288
            ],
            [
              301684.929,
              3738906.527
            ],
            [
              301643.416,
              3738855.942
            ],
            [
              301605.299,
              3738802.751
            ],
            [
              301570.744,
              3738747.181
            ],
            [
              301539.896,
              3738689.47
            ],
            [
              301512.889,
              3738629.864
            ],
            [
              301489.839,
              3738568.62
            ],
            [
              301470.843,
              3738506.0
            ],
            [
              301455.984,
              3738442.271
            ],
            [
              301445.324,
              3738377.707
            ],
            [
              301438.91,
              3738312.584
            ],
            [
              301436.769,
              3738247.181
            ],
            [
              301438.91,
              3738181.778
            ],
            [
              301445.324,
              3738116.655
            ],
            [
              301455.984,
              3738052.091
            ],
            [
              301470.843,
              3737988.362
            ],
            [
              301489.839,
              3737925.742
            ],
            [
              301512.889,
              3737864.498
            ],
            [
              301539.896,
              3737804.892
            ],
            [
              301570.744,
              3737747.181
            ],
            [
              301605.299,
              3737691.611
            ],
            [
              301643.416,
              3737638.42
            ],
            [
              301684.929,
              3737587.835
            ],
            [
              301729.662,
              3737540.074
            ],
            [
              301777.423,
              3737495.341
            ],
            [
              301828.008,
              3737453.828
            ],
            [
              301881.199,
              3737415.711
            ],
            [
              301936.769,
              3737381.156
            ],
            [
              301994.48,
              3737350.308
            ],
            [
              302054.086,
              3737323.301
            ],
            [
              302115.33,
              3737300.251
            ],
            [
              302177.95,
              3737281.255
            ],
            [
              302241.679,
              3737266.396
            ],
            [
              302306.243,
              3737255.736
            ],
            [
              302371.366,
              3737249.322
            ],
            [
              302436.769,
              3737247.181
            ],
            [
              302502.172,
              3737249.322
            ],
            [
              302567.295,
              3737255.736
            ],
            [
              302631.859,
              3737266.396
            ],
            [
              302695.588,
              3737281.255
            ],
            [
              302758.208,
              3737300.251
            ],
            [
              302819.452,
              3737323.301
            ],
            [
              302879.058,
              3737350.308
            ],
            [
              302936.769,
              3737381.156
            ],
            [
              302992.339,
              3737415.711
            ],
            [
              303045.53,
              3737453.828
            ],
            [
              303096.115,
              3737495.341
            ],
            [
              303143.876,
              3737540.074
            ],
            [
              303188.609,
              3737587.835
            ],
            [
              303230.122,
              3737638.42
            ],
            [
              303268.239,
              3737691.611
            ],
            [
              303302.794,
              3737747.181
            ],
            [
              303333.642,
              3737804.892
            ],
            [
              303360.649,
              3737864.498
            ],
            [
              303383.699,
              3737925.742
            ],
            [
              303402.695,
              3737988.362
            ],
            [
              303417.554,
              3738052.091
            ],
            [
              303428.214,
              3738116.655
            ],
            [
              303434.628,
              3738181.778
            ],
            [
              303436.769,
              3738247.181
            ]
          ]
        ]
      }
    },
    {
      "type": "Feature",
      "properties": {
        "component_id": "139-015",
        "name": "Jaulian stupa and monastery",
        "radius_m": 250,
        "geometry_role": "analytical_neighbourhood",
        "is_legal_buffer": false
      },
      "geometry": {
        "type": "Polygon",
        "coordinates": [
          [
            [
              303483.646,
              3738133.018
            ],
            [
              303483.111,
              3738149.369
            ],
            [
              303481.507,
              3738165.65
            ],
            [
              303478.842,
              3738181.791
            ],
            [
              303475.127,
              3738197.723
            ],
            [
              303470.379,
              3738213.378
            ],
            [
              303464.616,
              3738228.689
            ],
            [
              303457.864,
              3738243.59
            ],
            [
              303450.152,
              3738258.018
            ],
            [
              303441.513,
              3738271.911
            ],
            [
              303431.984,
              3738285.208
            ],
            [
              303421.606,
              3738297.854
            ],
            [
              303410.423,
              3738309.795
            ],
            [
              303398.482,
              3738320.978
            ],
            [
              303385.836,
              3738331.356
            ],
            [
              303372.539,
              3738340.885
            ],
            [
              303358.646,
              3738349.524
            ],
            [
              303344.218,
              3738357.236
            ],
            [
              303329.317,
              3738363.988
            ],
            [
              303314.006,
              3738369.751
            ],
            [
              303298.351,
              3738374.499
            ],
            [
              303282.419,
              3738378.214
            ],
            [
              303266.278,
              3738380.879
            ],
            [
              303249.997,
              3738382.483
            ],
            [
              303233.646,
              3738383.018
            ],
            [
              303217.295,
              3738382.483
            ],
            [
              303201.014,
              3738380.879
            ],
            [
              303184.873,
              3738378.214
            ],
            [
              303168.941,
              3738374.499
            ],
            [
              303153.286,
              3738369.751
            ],
            [
              303137.975,
              3738363.988
            ],
            [
              303123.074,
              3738357.236
            ],
            [
              303108.646,
              3738349.524
            ],
            [
              303094.753,
              3738340.885
            ],
            [
              303081.456,
              3738331.356
            ],
            [
              303068.81,
              3738320.978
            ],
            [
              303056.869,
              3738309.795
            ],
            [
              303045.686,
              3738297.854
            ],
            [
              303035.308,
              3738285.208
            ],
            [
              303025.779,
              3738271.911
            ],
            [
              303017.14,
              3738258.018
            ],
            [
              303009.428,
              3738243.59
            ],
            [
              303002.676,
              3738228.689
            ],
            [
              302996.913,
              3738213.378
            ],
            [
              302992.165,
              3738197.723
            ],
            [
              302988.45,
              3738181.791
            ],
            [
              302985.785,
              3738165.65
            ],
            [
              302984.181,
              3738149.369
            ],
            [
              302983.646,
              3738133.018
            ],
            [
              302984.181,
              3738116.667
            ],
            [
              302985.785,
              3738100.386
            ],
            [
              302988.45,
              3738084.245
            ],
            [
              302992.165,
              3738068.313
            ],
            [
              302996.913,
              3738052.658
            ],
            [
              303002.676,
              3738037.347
            ],
            [
              303009.428,
              3738022.446
            ],
            [
              303017.14,
              3738008.018
            ],
            [
              303025.779,
              3737994.125
            ],
            [
              303035.308,
              3737980.828
            ],
            [
              303045.686,
              3737968.182
            ],
            [
              303056.869,
              3737956.241
            ],
            [
              303068.81,
              3737945.058
            ],
            [
              303081.456,
              3737934.68
            ],
            [
              303094.753,
              3737925.151
            ],
            [
              303108.646,
              3737916.512
            ],
            [
              303123.074,
              3737908.8
            ],
            [
              303137.975,
              3737902.048
            ],
            [
              303153.286,
              3737896.285
            ],
            [
              303168.941,
              3737891.537
            ],
            [
              303184.873,
              3737887.822
            ],
            [
              303201.014,
              3737885.157
            ],
            [
              303217.295,
              3737883.553
            ],
            [
              303233.646,
              3737883.018
            ],
            [
              303249.997,
              3737883.553
            ],
            [
              303266.278,
              3737885.157
            ],
            [
              303282.419,
              3737887.822
            ],
            [
              303298.351,
              3737891.537
            ],
            [
              303314.006,
              3737896.285
            ],
            [
              303329.317,
              3737902.048
            ],
            [
              303344.218,
              3737908.8
            ],
            [
              303358.646,
              3737916.512
            ],
            [
              303372.539,
              3737925.151
            ],
            [
              303385.836,
              3737934.68
            ],
            [
              303398.482,
              3737945.058
            ],
            [
              303410.423,
              3737956.241
            ],
            [
              303421.606,
              3737968.182
            ],
            [
              303431.984,
              3737980.828
            ],
            [
              303441.513,
              3737994.125
            ],
            [
              303450.152,
              3738008.018
            ],
            [
              303457.864,
              3738022.446
            ],
            [
              303464.616,
              3738037.347
            ],
            [
              303470.379,
              3738052.658
            ],
            [
              303475.127,
              3738068.313
            ],
            [
              303478.842,
              3738084.245
            ],
            [
              303481.507,
              3738100.386
            ],
            [
              303483.111,
              3738116.667
            ],
            [
              303483.646,
              3738133.018
            ]
          ]
        ]
      }
    },
    {
      "type": "Feature",
      "properties": {
        "component_id": "139-015",
        "name": "Jaulian stupa and monastery",
        "radius_m": 500,
        "geometry_role": "analytical_neighbourhood",
        "is_legal_buffer": false
      },
      "geometry": {
        "type": "Polygon",
        "coordinates": [
          [
            [
              303733.646,
              3738133.018
            ],
            [
              303732.575,
              3738165.72
            ],
            [
              303729.368,
              3738198.281
            ],
            [
              303724.039,
              3738230.563
            ],
            [
              303716.609,
              3738262.428
            ],
            [
              303707.111,
              3738293.738
            ],
            [
              303695.586,
              3738324.36
            ],
            [
              303682.082,
              3738354.162
            ],
            [
              303666.659,
              3738383.018
            ],
            [
              303649.381,
              3738410.803
            ],
            [
              303630.323,
              3738437.399
            ],
            [
              303609.566,
              3738462.691
            ],
            [
              303587.199,
              3738486.571
            ],
            [
              303563.319,
              3738508.938
            ],
            [
              303538.027,
              3738529.695
            ],
            [
              303511.431,
              3738548.753
            ],
            [
              303483.646,
              3738566.031
            ],
            [
              303454.79,
              3738581.454
            ],
            [
              303424.988,
              3738594.958
            ],
            [
              303394.366,
              3738606.483
            ],
            [
              303363.056,
              3738615.981
            ],
            [
              303331.191,
              3738623.411
            ],
            [
              303298.909,
              3738628.74
            ],
            [
              303266.348,
              3738631.947
            ],
            [
              303233.646,
              3738633.018
            ],
            [
              303200.944,
              3738631.947
            ],
            [
              303168.383,
              3738628.74
            ],
            [
              303136.101,
              3738623.411
            ],
            [
              303104.236,
              3738615.981
            ],
            [
              303072.926,
              3738606.483
            ],
            [
              303042.304,
              3738594.958
            ],
            [
              303012.502,
              3738581.454
            ],
            [
              302983.646,
              3738566.031
            ],
            [
              302955.861,
              3738548.753
            ],
            [
              302929.265,
              3738529.695
            ],
            [
              302903.973,
              3738508.938
            ],
            [
              302880.093,
              3738486.571
            ],
            [
              302857.726,
              3738462.691
            ],
            [
              302836.969,
              3738437.399
            ],
            [
              302817.911,
              3738410.803
            ],
            [
              302800.633,
              3738383.018
            ],
            [
              302785.21,
              3738354.162
            ],
            [
              302771.706,
              3738324.36
            ],
            [
              302760.181,
              3738293.738
            ],
            [
              302750.683,
              3738262.428
            ],
            [
              302743.253,
              3738230.563
            ],
            [
              302737.924,
              3738198.281
            ],
            [
              302734.717,
              3738165.72
            ],
            [
              302733.646,
              3738133.018
            ],
            [
              302734.717,
              3738100.316
            ],
            [
              302737.924,
              3738067.755
            ],
            [
              302743.253,
              3738035.473
            ],
            [
              302750.683,
              3738003.608
            ],
            [
              302760.181,
              3737972.298
            ],
            [
              302771.706,
              3737941.676
            ],
            [
              302785.21,
              3737911.874
            ],
            [
              302800.633,
              3737883.018
            ],
            [
              302817.911,
              3737855.233
            ],
            [
              302836.969,
              3737828.637
            ],
            [
              302857.726,
              3737803.345
            ],
            [
              302880.093,
              3737779.465
            ],
            [
              302903.973,
              3737757.098
            ],
            [
              302929.265,
              3737736.341
            ],
            [
              302955.861,
              3737717.283
            ],
            [
              302983.646,
              3737700.005
            ],
            [
              303012.502,
              3737684.582
            ],
            [
              303042.304,
              3737671.078
            ],
            [
              303072.926,
              3737659.553
            ],
            [
              303104.236,
              3737650.055
            ],
            [
              303136.101,
              3737642.625
            ],
            [
              303168.383,
              3737637.296
            ],
            [
              303200.944,
              3737634.089
            ],
            [
              303233.646,
              3737633.018
            ],
            [
              303266.348,
              3737634.089
            ],
            [
              303298.909,
              3737637.296
            ],
            [
              303331.191,
              3737642.625
            ],
            [
              303363.056,
              3737650.055
            ],
            [
              303394.366,
              3737659.553
            ],
            [
              303424.988,
              3737671.078
            ],
            [
              303454.79,
              3737684.582
            ],
            [
              303483.646,
              3737700.005
            ],
            [
              303511.431,
              3737717.283
            ],
            [
              303538.027,
              3737736.341
            ],
            [
              303563.319,
              3737757.098
            ],
            [
              303587.199,
              3737779.465
            ],
            [
              303609.566,
              3737803.345
            ],
            [
              303630.323,
              3737828.637
            ],
            [
              303649.381,
              3737855.233
            ],
            [
              303666.659,
              3737883.018
            ],
            [
              303682.082,
              3737911.874
            ],
            [
              303695.586,
              3737941.676
            ],
            [
              303707.111,
              3737972.298
            ],
            [
              303716.609,
              3738003.608
            ],
            [
              303724.039,
              3738035.473
            ],
            [
              303729.368,
              3738067.755
            ],
            [
              303732.575,
              3738100.316
            ],
            [
              303733.646,
              3738133.018
            ]
          ]
        ]
      }
    },
    {
      "type": "Feature",
      "properties": {
        "component_id": "139-015",
        "name": "Jaulian stupa and monastery",
        "radius_m": 1000,
        "geometry_role": "analytical_neighbourhood",
        "is_legal_buffer": false
      },
      "geometry": {
        "type": "Polygon",
        "coordinates": [
          [
            [
              304233.646,
              3738133.018
            ],
            [
              304231.505,
              3738198.421
            ],
            [
              304225.091,
              3738263.544
            ],
            [
              304214.431,
              3738328.108
            ],
            [
              304199.572,
              3738391.837
            ],
            [
              304180.576,
              3738454.457
            ],
            [
              304157.526,
              3738515.701
            ],
            [
              304130.519,
              3738575.307
            ],
            [
              304099.671,
              3738633.018
            ],
            [
              304065.116,
              3738688.588
            ],
            [
              304026.999,
              3738741.779
            ],
            [
              303985.486,
              3738792.364
            ],
            [
              303940.753,
              3738840.125
            ],
            [
              303892.992,
              3738884.858
            ],
            [
              303842.407,
              3738926.371
            ],
            [
              303789.216,
              3738964.488
            ],
            [
              303733.646,
              3738999.043
            ],
            [
              303675.935,
              3739029.891
            ],
            [
              303616.329,
              3739056.898
            ],
            [
              303555.085,
              3739079.948
            ],
            [
              303492.465,
              3739098.944
            ],
            [
              303428.736,
              3739113.803
            ],
            [
              303364.172,
              3739124.463
            ],
            [
              303299.049,
              3739130.877
            ],
            [
              303233.646,
              3739133.018
            ],
            [
              303168.243,
              3739130.877
            ],
            [
              303103.12,
              3739124.463
            ],
            [
              303038.556,
              3739113.803
            ],
            [
              302974.827,
              3739098.944
            ],
            [
              302912.207,
              3739079.948
            ],
            [
              302850.963,
              3739056.898
            ],
            [
              302791.357,
              3739029.891
            ],
            [
              302733.646,
              3738999.043
            ],
            [
              302678.076,
              3738964.488
            ],
            [
              302624.885,
              3738926.371
            ],
            [
              302574.3,
              3738884.858
            ],
            [
              302526.539,
              3738840.125
            ],
            [
              302481.806,
              3738792.364
            ],
            [
              302440.293,
              3738741.779
            ],
            [
              302402.176,
              3738688.588
            ],
            [
              302367.621,
              3738633.018
            ],
            [
              302336.773,
              3738575.307
            ],
            [
              302309.766,
              3738515.701
            ],
            [
              302286.716,
              3738454.457
            ],
            [
              302267.72,
              3738391.837
            ],
            [
              302252.861,
              3738328.108
            ],
            [
              302242.201,
              3738263.544
            ],
            [
              302235.787,
              3738198.421
            ],
            [
              302233.646,
              3738133.018
            ],
            [
              302235.787,
              3738067.615
            ],
            [
              302242.201,
              3738002.492
            ],
            [
              302252.861,
              3737937.928
            ],
            [
              302267.72,
              3737874.199
            ],
            [
              302286.716,
              3737811.579
            ],
            [
              302309.766,
              3737750.335
            ],
            [
              302336.773,
              3737690.729
            ],
            [
              302367.621,
              3737633.018
            ],
            [
              302402.176,
              3737577.448
            ],
            [
              302440.293,
              3737524.257
            ],
            [
              302481.806,
              3737473.672
            ],
            [
              302526.539,
              3737425.911
            ],
            [
              302574.3,
              3737381.178
            ],
            [
              302624.885,
              3737339.665
            ],
            [
              302678.076,
              3737301.548
            ],
            [
              302733.646,
              3737266.993
            ],
            [
              302791.357,
              3737236.145
            ],
            [
              302850.963,
              3737209.138
            ],
            [
              302912.207,
              3737186.088
            ],
            [
              302974.827,
              3737167.092
            ],
            [
              303038.556,
              3737152.233
            ],
            [
              303103.12,
              3737141.573
            ],
            [
              303168.243,
              3737135.159
            ],
            [
              303233.646,
              3737133.018
            ],
            [
              303299.049,
              3737135.159
            ],
            [
              303364.172,
              3737141.573
            ],
            [
              303428.736,
              3737152.233
            ],
            [
              303492.465,
              3737167.092
            ],
            [
              303555.085,
              3737186.088
            ],
            [
              303616.329,
              3737209.138
            ],
            [
              303675.935,
              3737236.145
            ],
            [
              303733.646,
              3737266.993
            ],
            [
              303789.216,
              3737301.548
            ],
            [
              303842.407,
              3737339.665
            ],
            [
              303892.992,
              3737381.178
            ],
            [
              303940.753,
              3737425.911
            ],
            [
              303985.486,
              3737473.672
            ],
            [
              304026.999,
              3737524.257
            ],
            [
              304065.116,
              3737577.448
            ],
            [
              304099.671,
              3737633.018
            ],
            [
              304130.519,
              3737690.729
            ],
            [
              304157.526,
              3737750.335
            ],
            [
              304180.576,
              3737811.579
            ],
            [
              304199.572,
              3737874.199
            ],
            [
              304214.431,
              3737937.928
            ],
            [
              304225.091,
              3738002.492
            ],
            [
              304231.505,
              3738067.615
            ],
            [
              304233.646,
              3738133.018
            ]
          ]
        ]
      }
    },
    {
      "type": "Feature",
      "properties": {
        "component_id": "139-016",
        "name": "Lalchak mounds",
        "radius_m": 250,
        "geometry_role": "analytical_neighbourhood",
        "is_legal_buffer": false
      },
      "geometry": {
        "type": "Polygon",
        "coordinates": [
          [
            [
              301111.812,
              3739226.095
            ],
            [
              301111.277,
              3739242.446
            ],
            [
              301109.673,
              3739258.727
            ],
            [
              301107.008,
              3739274.868
            ],
            [
              301103.293,
              3739290.8
            ],
            [
              301098.545,
              3739306.455
            ],
            [
              301092.782,
              3739321.766
            ],
            [
              301086.03,
              3739336.667
            ],
            [
              301078.318,
              3739351.095
            ],
            [
              301069.679,
              3739364.988
            ],
            [
              301060.15,
              3739378.285
            ],
            [
              301049.772,
              3739390.931
            ],
            [
              301038.589,
              3739402.872
            ],
            [
              301026.648,
              3739414.055
            ],
            [
              301014.002,
              3739424.433
            ],
            [
              301000.705,
              3739433.962
            ],
            [
              300986.812,
              3739442.601
            ],
            [
              300972.384,
              3739450.313
            ],
            [
              300957.483,
              3739457.065
            ],
            [
              300942.172,
              3739462.828
            ],
            [
              300926.517,
              3739467.576
            ],
            [
              300910.585,
              3739471.291
            ],
            [
              300894.444,
              3739473.956
            ],
            [
              300878.163,
              3739475.56
            ],
            [
              300861.812,
              3739476.095
            ],
            [
              300845.461,
              3739475.56
            ],
            [
              300829.18,
              3739473.956
            ],
            [
              300813.039,
              3739471.291
            ],
            [
              300797.107,
              3739467.576
            ],
            [
              300781.452,
              3739462.828
            ],
            [
              300766.141,
              3739457.065
            ],
            [
              300751.24,
              3739450.313
            ],
            [
              300736.812,
              3739442.601
            ],
            [
              300722.919,
              3739433.962
            ],
            [
              300709.622,
              3739424.433
            ],
            [
              300696.976,
              3739414.055
            ],
            [
              300685.035,
              3739402.872
            ],
            [
              300673.852,
              3739390.931
            ],
            [
              300663.474,
              3739378.285
            ],
            [
              300653.945,
              3739364.988
            ],
            [
              300645.306,
              3739351.095
            ],
            [
              300637.594,
              3739336.667
            ],
            [
              300630.842,
              3739321.766
            ],
            [
              300625.079,
              3739306.455
            ],
            [
              300620.331,
              3739290.8
            ],
            [
              300616.616,
              3739274.868
            ],
            [
              300613.951,
              3739258.727
            ],
            [
              300612.347,
              3739242.446
            ],
            [
              300611.812,
              3739226.095
            ],
            [
              300612.347,
              3739209.744
            ],
            [
              300613.951,
              3739193.463
            ],
            [
              300616.616,
              3739177.322
            ],
            [
              300620.331,
              3739161.39
            ],
            [
              300625.079,
              3739145.735
            ],
            [
              300630.842,
              3739130.424
            ],
            [
              300637.594,
              3739115.523
            ],
            [
              300645.306,
              3739101.095
            ],
            [
              300653.945,
              3739087.202
            ],
            [
              300663.474,
              3739073.905
            ],
            [
              300673.852,
              3739061.259
            ],
            [
              300685.035,
              3739049.318
            ],
            [
              300696.976,
              3739038.135
            ],
            [
              300709.622,
              3739027.757
            ],
            [
              300722.919,
              3739018.228
            ],
            [
              300736.812,
              3739009.589
            ],
            [
              300751.24,
              3739001.877
            ],
            [
              300766.141,
              3738995.125
            ],
            [
              300781.452,
              3738989.362
            ],
            [
              300797.107,
              3738984.614
            ],
            [
              300813.039,
              3738980.899
            ],
            [
              300829.18,
              3738978.234
            ],
            [
              300845.461,
              3738976.63
            ],
            [
              300861.812,
              3738976.095
            ],
            [
              300878.163,
              3738976.63
            ],
            [
              300894.444,
              3738978.234
            ],
            [
              300910.585,
              3738980.899
            ],
            [
              300926.517,
              3738984.614
            ],
            [
              300942.172,
              3738989.362
            ],
            [
              300957.483,
              3738995.125
            ],
            [
              300972.384,
              3739001.877
            ],
            [
              300986.812,
              3739009.589
            ],
            [
              301000.705,
              3739018.228
            ],
            [
              301014.002,
              3739027.757
            ],
            [
              301026.648,
              3739038.135
            ],
            [
              301038.589,
              3739049.318
            ],
            [
              301049.772,
              3739061.259
            ],
            [
              301060.15,
              3739073.905
            ],
            [
              301069.679,
              3739087.202
            ],
            [
              301078.318,
              3739101.095
            ],
            [
              301086.03,
              3739115.523
            ],
            [
              301092.782,
              3739130.424
            ],
            [
              301098.545,
              3739145.735
            ],
            [
              301103.293,
              3739161.39
            ],
            [
              301107.008,
              3739177.322
            ],
            [
              301109.673,
              3739193.463
            ],
            [
              301111.277,
              3739209.744
            ],
            [
              301111.812,
              3739226.095
            ]
          ]
        ]
      }
    },
    {
      "type": "Feature",
      "properties": {
        "component_id": "139-016",
        "name": "Lalchak mounds",
        "radius_m": 500,
        "geometry_role": "analytical_neighbourhood",
        "is_legal_buffer": false
      },
      "geometry": {
        "type": "Polygon",
        "coordinates": [
          [
            [
              301361.812,
              3739226.095
            ],
            [
              301360.741,
              3739258.797
            ],
            [
              301357.534,
              3739291.358
            ],
            [
              301352.205,
              3739323.64
            ],
            [
              301344.775,
              3739355.505
            ],
            [
              301335.277,
              3739386.815
            ],
            [
              301323.752,
              3739417.437
            ],
            [
              301310.248,
              3739447.239
            ],
            [
              301294.825,
              3739476.095
            ],
            [
              301277.547,
              3739503.88
            ],
            [
              301258.489,
              3739530.476
            ],
            [
              301237.732,
              3739555.768
            ],
            [
              301215.365,
              3739579.648
            ],
            [
              301191.485,
              3739602.015
            ],
            [
              301166.193,
              3739622.772
            ],
            [
              301139.597,
              3739641.83
            ],
            [
              301111.812,
              3739659.108
            ],
            [
              301082.956,
              3739674.531
            ],
            [
              301053.154,
              3739688.035
            ],
            [
              301022.532,
              3739699.56
            ],
            [
              300991.222,
              3739709.058
            ],
            [
              300959.357,
              3739716.488
            ],
            [
              300927.075,
              3739721.817
            ],
            [
              300894.514,
              3739725.024
            ],
            [
              300861.812,
              3739726.095
            ],
            [
              300829.11,
              3739725.024
            ],
            [
              300796.549,
              3739721.817
            ],
            [
              300764.267,
              3739716.488
            ],
            [
              300732.402,
              3739709.058
            ],
            [
              300701.092,
              3739699.56
            ],
            [
              300670.47,
              3739688.035
            ],
            [
              300640.668,
              3739674.531
            ],
            [
              300611.812,
              3739659.108
            ],
            [
              300584.027,
              3739641.83
            ],
            [
              300557.431,
              3739622.772
            ],
            [
              300532.139,
              3739602.015
            ],
            [
              300508.259,
              3739579.648
            ],
            [
              300485.892,
              3739555.768
            ],
            [
              300465.135,
              3739530.476
            ],
            [
              300446.077,
              3739503.88
            ],
            [
              300428.799,
              3739476.095
            ],
            [
              300413.376,
              3739447.239
            ],
            [
              300399.872,
              3739417.437
            ],
            [
              300388.347,
              3739386.815
            ],
            [
              300378.849,
              3739355.505
            ],
            [
              300371.419,
              3739323.64
            ],
            [
              300366.09,
              3739291.358
            ],
            [
              300362.883,
              3739258.797
            ],
            [
              300361.812,
              3739226.095
            ],
            [
              300362.883,
              3739193.393
            ],
            [
              300366.09,
              3739160.832
            ],
            [
              300371.419,
              3739128.55
            ],
            [
              300378.849,
              3739096.685
            ],
            [
              300388.347,
              3739065.375
            ],
            [
              300399.872,
              3739034.753
            ],
            [
              300413.376,
              3739004.951
            ],
            [
              300428.799,
              3738976.095
            ],
            [
              300446.077,
              3738948.31
            ],
            [
              300465.135,
              3738921.714
            ],
            [
              300485.892,
              3738896.422
            ],
            [
              300508.259,
              3738872.542
            ],
            [
              300532.139,
              3738850.175
            ],
            [
              300557.431,
              3738829.418
            ],
            [
              300584.027,
              3738810.36
            ],
            [
              300611.812,
              3738793.082
            ],
            [
              300640.668,
              3738777.659
            ],
            [
              300670.47,
              3738764.155
            ],
            [
              300701.092,
              3738752.63
            ],
            [
              300732.402,
              3738743.132
            ],
            [
              300764.267,
              3738735.702
            ],
            [
              300796.549,
              3738730.373
            ],
            [
              300829.11,
              3738727.166
            ],
            [
              300861.812,
              3738726.095
            ],
            [
              300894.514,
              3738727.166
            ],
            [
              300927.075,
              3738730.373
            ],
            [
              300959.357,
              3738735.702
            ],
            [
              300991.222,
              3738743.132
            ],
            [
              301022.532,
              3738752.63
            ],
            [
              301053.154,
              3738764.155
            ],
            [
              301082.956,
              3738777.659
            ],
            [
              301111.812,
              3738793.082
            ],
            [
              301139.597,
              3738810.36
            ],
            [
              301166.193,
              3738829.418
            ],
            [
              301191.485,
              3738850.175
            ],
            [
              301215.365,
              3738872.542
            ],
            [
              301237.732,
              3738896.422
            ],
            [
              301258.489,
              3738921.714
            ],
            [
              301277.547,
              3738948.31
            ],
            [
              301294.825,
              3738976.095
            ],
            [
              301310.248,
              3739004.951
            ],
            [
              301323.752,
              3739034.753
            ],
            [
              301335.277,
              3739065.375
            ],
            [
              301344.775,
              3739096.685
            ],
            [
              301352.205,
              3739128.55
            ],
            [
              301357.534,
              3739160.832
            ],
            [
              301360.741,
              3739193.393
            ],
            [
              301361.812,
              3739226.095
            ]
          ]
        ]
      }
    },
    {
      "type": "Feature",
      "properties": {
        "component_id": "139-016",
        "name": "Lalchak mounds",
        "radius_m": 1000,
        "geometry_role": "analytical_neighbourhood",
        "is_legal_buffer": false
      },
      "geometry": {
        "type": "Polygon",
        "coordinates": [
          [
            [
              301861.812,
              3739226.095
            ],
            [
              301859.671,
              3739291.498
            ],
            [
              301853.257,
              3739356.621
            ],
            [
              301842.597,
              3739421.185
            ],
            [
              301827.738,
              3739484.914
            ],
            [
              301808.742,
              3739547.534
            ],
            [
              301785.692,
              3739608.778
            ],
            [
              301758.685,
              3739668.384
            ],
            [
              301727.837,
              3739726.095
            ],
            [
              301693.282,
              3739781.665
            ],
            [
              301655.165,
              3739834.856
            ],
            [
              301613.652,
              3739885.441
            ],
            [
              301568.919,
              3739933.202
            ],
            [
              301521.158,
              3739977.935
            ],
            [
              301470.573,
              3740019.448
            ],
            [
              301417.382,
              3740057.565
            ],
            [
              301361.812,
              3740092.12
            ],
            [
              301304.101,
              3740122.968
            ],
            [
              301244.495,
              3740149.975
            ],
            [
              301183.251,
              3740173.025
            ],
            [
              301120.631,
              3740192.021
            ],
            [
              301056.902,
              3740206.88
            ],
            [
              300992.338,
              3740217.54
            ],
            [
              300927.215,
              3740223.954
            ],
            [
              300861.812,
              3740226.095
            ],
            [
              300796.409,
              3740223.954
            ],
            [
              300731.286,
              3740217.54
            ],
            [
              300666.722,
              3740206.88
            ],
            [
              300602.993,
              3740192.021
            ],
            [
              300540.373,
              3740173.025
            ],
            [
              300479.129,
              3740149.975
            ],
            [
              300419.523,
              3740122.968
            ],
            [
              300361.812,
              3740092.12
            ],
            [
              300306.242,
              3740057.565
            ],
            [
              300253.051,
              3740019.448
            ],
            [
              300202.466,
              3739977.935
            ],
            [
              300154.705,
              3739933.202
            ],
            [
              300109.972,
              3739885.441
            ],
            [
              300068.459,
              3739834.856
            ],
            [
              300030.342,
              3739781.665
            ],
            [
              299995.787,
              3739726.095
            ],
            [
              299964.939,
              3739668.384
            ],
            [
              299937.932,
              3739608.778
            ],
            [
              299914.882,
              3739547.534
            ],
            [
              299895.886,
              3739484.914
            ],
            [
              299881.027,
              3739421.185
            ],
            [
              299870.367,
              3739356.621
            ],
            [
              299863.953,
              3739291.498
            ],
            [
              299861.812,
              3739226.095
            ],
            [
              299863.953,
              3739160.692
            ],
            [
              299870.367,
              3739095.569
            ],
            [
              299881.027,
              3739031.005
            ],
            [
              299895.886,
              3738967.276
            ],
            [
              299914.882,
              3738904.656
            ],
            [
              299937.932,
              3738843.412
            ],
            [
              299964.939,
              3738783.806
            ],
            [
              299995.787,
              3738726.095
            ],
            [
              300030.342,
              3738670.525
            ],
            [
              300068.459,
              3738617.334
            ],
            [
              300109.972,
              3738566.749
            ],
            [
              300154.705,
              3738518.988
            ],
            [
              300202.466,
              3738474.255
            ],
            [
              300253.051,
              3738432.742
            ],
            [
              300306.242,
              3738394.625
            ],
            [
              300361.812,
              3738360.07
            ],
            [
              300419.523,
              3738329.222
            ],
            [
              300479.129,
              3738302.215
            ],
            [
              300540.373,
              3738279.165
            ],
            [
              300602.993,
              3738260.169
            ],
            [
              300666.722,
              3738245.31
            ],
            [
              300731.286,
              3738234.65
            ],
            [
              300796.409,
              3738228.236
            ],
            [
              300861.812,
              3738226.095
            ],
            [
              300927.215,
              3738228.236
            ],
            [
              300992.338,
              3738234.65
            ],
            [
              301056.902,
              3738245.31
            ],
            [
              301120.631,
              3738260.169
            ],
            [
              301183.251,
              3738279.165
            ],
            [
              301244.495,
              3738302.215
            ],
            [
              301304.101,
              3738329.222
            ],
            [
              301361.812,
              3738360.07
            ],
            [
              301417.382,
              3738394.625
            ],
            [
              301470.573,
              3738432.742
            ],
            [
              301521.158,
              3738474.255
            ],
            [
              301568.919,
              3738518.988
            ],
            [
              301613.652,
              3738566.749
            ],
            [
              301655.165,
              3738617.334
            ],
            [
              301693.282,
              3738670.525
            ],
            [
              301727.837,
              3738726.095
            ],
            [
              301758.685,
              3738783.806
            ],
            [
              301785.692,
              3738843.412
            ],
            [
              301808.742,
              3738904.656
            ],
            [
              301827.738,
              3738967.276
            ],
            [
              301842.597,
              3739031.005
            ],
            [
              301853.257,
              3739095.569
            ],
            [
              301859.671,
              3739160.692
            ],
            [
              301861.812,
              3739226.095
            ]
          ]
        ]
      }
    },
    {
      "type": "Feature",
      "properties": {
        "component_id": "139-017",
        "name": "Buddhist remains around Bhallar stupa",
        "radius_m": 250,
        "geometry_role": "analytical_neighbourhood",
        "is_legal_buffer": false
      },
      "geometry": {
        "type": "Polygon",
        "coordinates": [
          [
            [
              298970.188,
              3743603.506
            ],
            [
              298969.653,
              3743619.857
            ],
            [
              298968.049,
              3743636.138
            ],
            [
              298965.384,
              3743652.279
            ],
            [
              298961.669,
              3743668.211
            ],
            [
              298956.921,
              3743683.866
            ],
            [
              298951.158,
              3743699.177
            ],
            [
              298944.406,
              3743714.078
            ],
            [
              298936.694,
              3743728.506
            ],
            [
              298928.055,
              3743742.399
            ],
            [
              298918.526,
              3743755.696
            ],
            [
              298908.148,
              3743768.342
            ],
            [
              298896.965,
              3743780.283
            ],
            [
              298885.024,
              3743791.466
            ],
            [
              298872.378,
              3743801.844
            ],
            [
              298859.081,
              3743811.373
            ],
            [
              298845.188,
              3743820.012
            ],
            [
              298830.76,
              3743827.724
            ],
            [
              298815.859,
              3743834.476
            ],
            [
              298800.548,
              3743840.239
            ],
            [
              298784.893,
              3743844.987
            ],
            [
              298768.961,
              3743848.702
            ],
            [
              298752.82,
              3743851.367
            ],
            [
              298736.539,
              3743852.971
            ],
            [
              298720.188,
              3743853.506
            ],
            [
              298703.837,
              3743852.971
            ],
            [
              298687.556,
              3743851.367
            ],
            [
              298671.415,
              3743848.702
            ],
            [
              298655.483,
              3743844.987
            ],
            [
              298639.828,
              3743840.239
            ],
            [
              298624.517,
              3743834.476
            ],
            [
              298609.616,
              3743827.724
            ],
            [
              298595.188,
              3743820.012
            ],
            [
              298581.295,
              3743811.373
            ],
            [
              298567.998,
              3743801.844
            ],
            [
              298555.352,
              3743791.466
            ],
            [
              298543.411,
              3743780.283
            ],
            [
              298532.228,
              3743768.342
            ],
            [
              298521.85,
              3743755.696
            ],
            [
              298512.321,
              3743742.399
            ],
            [
              298503.682,
              3743728.506
            ],
            [
              298495.97,
              3743714.078
            ],
            [
              298489.218,
              3743699.177
            ],
            [
              298483.455,
              3743683.866
            ],
            [
              298478.707,
              3743668.211
            ],
            [
              298474.992,
              3743652.279
            ],
            [
              298472.327,
              3743636.138
            ],
            [
              298470.723,
              3743619.857
            ],
            [
              298470.188,
              3743603.506
            ],
            [
              298470.723,
              3743587.155
            ],
            [
              298472.327,
              3743570.874
            ],
            [
              298474.992,
              3743554.733
            ],
            [
              298478.707,
              3743538.801
            ],
            [
              298483.455,
              3743523.146
            ],
            [
              298489.218,
              3743507.835
            ],
            [
              298495.97,
              3743492.934
            ],
            [
              298503.682,
              3743478.506
            ],
            [
              298512.321,
              3743464.613
            ],
            [
              298521.85,
              3743451.316
            ],
            [
              298532.228,
              3743438.67
            ],
            [
              298543.411,
              3743426.729
            ],
            [
              298555.352,
              3743415.546
            ],
            [
              298567.998,
              3743405.168
            ],
            [
              298581.295,
              3743395.639
            ],
            [
              298595.188,
              3743387.0
            ],
            [
              298609.616,
              3743379.288
            ],
            [
              298624.517,
              3743372.536
            ],
            [
              298639.828,
              3743366.773
            ],
            [
              298655.483,
              3743362.025
            ],
            [
              298671.415,
              3743358.31
            ],
            [
              298687.556,
              3743355.645
            ],
            [
              298703.837,
              3743354.041
            ],
            [
              298720.188,
              3743353.506
            ],
            [
              298736.539,
              3743354.041
            ],
            [
              298752.82,
              3743355.645
            ],
            [
              298768.961,
              3743358.31
            ],
            [
              298784.893,
              3743362.025
            ],
            [
              298800.548,
              3743366.773
            ],
            [
              298815.859,
              3743372.536
            ],
            [
              298830.76,
              3743379.288
            ],
            [
              298845.188,
              3743387.0
            ],
            [
              298859.081,
              3743395.639
            ],
            [
              298872.378,
              3743405.168
            ],
            [
              298885.024,
              3743415.546
            ],
            [
              298896.965,
              3743426.729
            ],
            [
              298908.148,
              3743438.67
            ],
            [
              298918.526,
              3743451.316
            ],
            [
              298928.055,
              3743464.613
            ],
            [
              298936.694,
              3743478.506
            ],
            [
              298944.406,
              3743492.934
            ],
            [
              298951.158,
              3743507.835
            ],
            [
              298956.921,
              3743523.146
            ],
            [
              298961.669,
              3743538.801
            ],
            [
              298965.384,
              3743554.733
            ],
            [
              298968.049,
              3743570.874
            ],
            [
              298969.653,
              3743587.155
            ],
            [
              298970.188,
              3743603.506
            ]
          ]
        ]
      }
    },
    {
      "type": "Feature",
      "properties": {
        "component_id": "139-017",
        "name": "Buddhist remains around Bhallar stupa",
        "radius_m": 500,
        "geometry_role": "analytical_neighbourhood",
        "is_legal_buffer": false
      },
      "geometry": {
        "type": "Polygon",
        "coordinates": [
          [
            [
              299220.188,
              3743603.506
            ],
            [
              299219.117,
              3743636.208
            ],
            [
              299215.91,
              3743668.769
            ],
            [
              299210.581,
              3743701.051
            ],
            [
              299203.151,
              3743732.916
            ],
            [
              299193.653,
              3743764.226
            ],
            [
              299182.128,
              3743794.848
            ],
            [
              299168.624,
              3743824.65
            ],
            [
              299153.201,
              3743853.506
            ],
            [
              299135.923,
              3743881.291
            ],
            [
              299116.865,
              3743907.887
            ],
            [
              299096.108,
              3743933.179
            ],
            [
              299073.741,
              3743957.059
            ],
            [
              299049.861,
              3743979.426
            ],
            [
              299024.569,
              3744000.183
            ],
            [
              298997.973,
              3744019.241
            ],
            [
              298970.188,
              3744036.519
            ],
            [
              298941.332,
              3744051.942
            ],
            [
              298911.53,
              3744065.446
            ],
            [
              298880.908,
              3744076.971
            ],
            [
              298849.598,
              3744086.469
            ],
            [
              298817.733,
              3744093.899
            ],
            [
              298785.451,
              3744099.228
            ],
            [
              298752.89,
              3744102.435
            ],
            [
              298720.188,
              3744103.506
            ],
            [
              298687.486,
              3744102.435
            ],
            [
              298654.925,
              3744099.228
            ],
            [
              298622.643,
              3744093.899
            ],
            [
              298590.778,
              3744086.469
            ],
            [
              298559.468,
              3744076.971
            ],
            [
              298528.846,
              3744065.446
            ],
            [
              298499.044,
              3744051.942
            ],
            [
              298470.188,
              3744036.519
            ],
            [
              298442.403,
              3744019.241
            ],
            [
              298415.807,
              3744000.183
            ],
            [
              298390.515,
              3743979.426
            ],
            [
              298366.635,
              3743957.059
            ],
            [
              298344.268,
              3743933.179
            ],
            [
              298323.511,
              3743907.887
            ],
            [
              298304.453,
              3743881.291
            ],
            [
              298287.175,
              3743853.506
            ],
            [
              298271.752,
              3743824.65
            ],
            [
              298258.248,
              3743794.848
            ],
            [
              298246.723,
              3743764.226
            ],
            [
              298237.225,
              3743732.916
            ],
            [
              298229.795,
              3743701.051
            ],
            [
              298224.466,
              3743668.769
            ],
            [
              298221.259,
              3743636.208
            ],
            [
              298220.188,
              3743603.506
            ],
            [
              298221.259,
              3743570.804
            ],
            [
              298224.466,
              3743538.243
            ],
            [
              298229.795,
              3743505.961
            ],
            [
              298237.225,
              3743474.096
            ],
            [
              298246.723,
              3743442.786
            ],
            [
              298258.248,
              3743412.164
            ],
            [
              298271.752,
              3743382.362
            ],
            [
              298287.175,
              3743353.506
            ],
            [
              298304.453,
              3743325.721
            ],
            [
              298323.511,
              3743299.125
            ],
            [
              298344.268,
              3743273.833
            ],
            [
              298366.635,
              3743249.953
            ],
            [
              298390.515,
              3743227.586
            ],
            [
              298415.807,
              3743206.829
            ],
            [
              298442.403,
              3743187.771
            ],
            [
              298470.188,
              3743170.493
            ],
            [
              298499.044,
              3743155.07
            ],
            [
              298528.846,
              3743141.566
            ],
            [
              298559.468,
              3743130.041
            ],
            [
              298590.778,
              3743120.543
            ],
            [
              298622.643,
              3743113.113
            ],
            [
              298654.925,
              3743107.784
            ],
            [
              298687.486,
              3743104.577
            ],
            [
              298720.188,
              3743103.506
            ],
            [
              298752.89,
              3743104.577
            ],
            [
              298785.451,
              3743107.784
            ],
            [
              298817.733,
              3743113.113
            ],
            [
              298849.598,
              3743120.543
            ],
            [
              298880.908,
              3743130.041
            ],
            [
              298911.53,
              3743141.566
            ],
            [
              298941.332,
              3743155.07
            ],
            [
              298970.188,
              3743170.493
            ],
            [
              298997.973,
              3743187.771
            ],
            [
              299024.569,
              3743206.829
            ],
            [
              299049.861,
              3743227.586
            ],
            [
              299073.741,
              3743249.953
            ],
            [
              299096.108,
              3743273.833
            ],
            [
              299116.865,
              3743299.125
            ],
            [
              299135.923,
              3743325.721
            ],
            [
              299153.201,
              3743353.506
            ],
            [
              299168.624,
              3743382.362
            ],
            [
              299182.128,
              3743412.164
            ],
            [
              299193.653,
              3743442.786
            ],
            [
              299203.151,
              3743474.096
            ],
            [
              299210.581,
              3743505.961
            ],
            [
              299215.91,
              3743538.243
            ],
            [
              299219.117,
              3743570.804
            ],
            [
              299220.188,
              3743603.506
            ]
          ]
        ]
      }
    },
    {
      "type": "Feature",
      "properties": {
        "component_id": "139-017",
        "name": "Buddhist remains around Bhallar stupa",
        "radius_m": 1000,
        "geometry_role": "analytical_neighbourhood",
        "is_legal_buffer": false
      },
      "geometry": {
        "type": "Polygon",
        "coordinates": [
          [
            [
              299720.188,
              3743603.506
            ],
            [
              299718.047,
              3743668.909
            ],
            [
              299711.633,
              3743734.032
            ],
            [
              299700.973,
              3743798.596
            ],
            [
              299686.114,
              3743862.325
            ],
            [
              299667.118,
              3743924.945
            ],
            [
              299644.068,
              3743986.189
            ],
            [
              299617.061,
              3744045.795
            ],
            [
              299586.213,
              3744103.506
            ],
            [
              299551.658,
              3744159.076
            ],
            [
              299513.541,
              3744212.267
            ],
            [
              299472.028,
              3744262.852
            ],
            [
              299427.295,
              3744310.613
            ],
            [
              299379.534,
              3744355.346
            ],
            [
              299328.949,
              3744396.859
            ],
            [
              299275.758,
              3744434.976
            ],
            [
              299220.188,
              3744469.531
            ],
            [
              299162.477,
              3744500.379
            ],
            [
              299102.871,
              3744527.386
            ],
            [
              299041.627,
              3744550.436
            ],
            [
              298979.007,
              3744569.432
            ],
            [
              298915.278,
              3744584.291
            ],
            [
              298850.714,
              3744594.951
            ],
            [
              298785.591,
              3744601.365
            ],
            [
              298720.188,
              3744603.506
            ],
            [
              298654.785,
              3744601.365
            ],
            [
              298589.662,
              3744594.951
            ],
            [
              298525.098,
              3744584.291
            ],
            [
              298461.369,
              3744569.432
            ],
            [
              298398.749,
              3744550.436
            ],
            [
              298337.505,
              3744527.386
            ],
            [
              298277.899,
              3744500.379
            ],
            [
              298220.188,
              3744469.531
            ],
            [
              298164.618,
              3744434.976
            ],
            [
              298111.427,
              3744396.859
            ],
            [
              298060.842,
              3744355.346
            ],
            [
              298013.081,
              3744310.613
            ],
            [
              297968.348,
              3744262.852
            ],
            [
              297926.835,
              3744212.267
            ],
            [
              297888.718,
              3744159.076
            ],
            [
              297854.163,
              3744103.506
            ],
            [
              297823.315,
              3744045.795
            ],
            [
              297796.308,
              3743986.189
            ],
            [
              297773.258,
              3743924.945
            ],
            [
              297754.262,
              3743862.325
            ],
            [
              297739.403,
              3743798.596
            ],
            [
              297728.743,
              3743734.032
            ],
            [
              297722.329,
              3743668.909
            ],
            [
              297720.188,
              3743603.506
            ],
            [
              297722.329,
              3743538.103
            ],
            [
              297728.743,
              3743472.98
            ],
            [
              297739.403,
              3743408.416
            ],
            [
              297754.262,
              3743344.687
            ],
            [
              297773.258,
              3743282.067
            ],
            [
              297796.308,
              3743220.823
            ],
            [
              297823.315,
              3743161.217
            ],
            [
              297854.163,
              3743103.506
            ],
            [
              297888.718,
              3743047.936
            ],
            [
              297926.835,
              3742994.745
            ],
            [
              297968.348,
              3742944.16
            ],
            [
              298013.081,
              3742896.399
            ],
            [
              298060.842,
              3742851.666
            ],
            [
              298111.427,
              3742810.153
            ],
            [
              298164.618,
              3742772.036
            ],
            [
              298220.188,
              3742737.481
            ],
            [
              298277.899,
              3742706.633
            ],
            [
              298337.505,
              3742679.626
            ],
            [
              298398.749,
              3742656.576
            ],
            [
              298461.369,
              3742637.58
            ],
            [
              298525.098,
              3742622.721
            ],
            [
              298589.662,
              3742612.061
            ],
            [
              298654.785,
              3742605.647
            ],
            [
              298720.188,
              3742603.506
            ],
            [
              298785.591,
              3742605.647
            ],
            [
              298850.714,
              3742612.061
            ],
            [
              298915.278,
              3742622.721
            ],
            [
              298979.007,
              3742637.58
            ],
            [
              299041.627,
              3742656.576
            ],
            [
              299102.871,
              3742679.626
            ],
            [
              299162.477,
              3742706.633
            ],
            [
              299220.188,
              3742737.481
            ],
            [
              299275.758,
              3742772.036
            ],
            [
              299328.949,
              3742810.153
            ],
            [
              299379.534,
              3742851.666
            ],
            [
              299427.295,
              3742896.399
            ],
            [
              299472.028,
              3742944.16
            ],
            [
              299513.541,
              3742994.745
            ],
            [
              299551.658,
              3743047.936
            ],
            [
              299586.213,
              3743103.506
            ],
            [
              299617.061,
              3743161.217
            ],
            [
              299644.068,
              3743220.823
            ],
            [
              299667.118,
              3743282.067
            ],
            [
              299686.114,
              3743344.687
            ],
            [
              299700.973,
              3743408.416
            ],
            [
              299711.633,
              3743472.98
            ],
            [
              299718.047,
              3743538.103
            ],
            [
              299720.188,
              3743603.506
            ]
          ]
        ]
      }
    },
    {
      "type": "Feature",
      "properties": {
        "component_id": "139-018",
        "name": "Giri Mosque and tombs",
        "radius_m": 250,
        "geometry_role": "analytical_neighbourhood",
        "is_legal_buffer": false
      },
      "geometry": {
        "type": "Polygon",
        "coordinates": [
          [
            [
              303881.346,
              3733989.486
            ],
            [
              303880.811,
              3734005.837
            ],
            [
              303879.207,
              3734022.118
            ],
            [
              303876.542,
              3734038.259
            ],
            [
              303872.827,
              3734054.191
            ],
            [
              303868.079,
              3734069.846
            ],
            [
              303862.316,
              3734085.157
            ],
            [
              303855.564,
              3734100.058
            ],
            [
              303847.852,
              3734114.486
            ],
            [
              303839.213,
              3734128.379
            ],
            [
              303829.684,
              3734141.676
            ],
            [
              303819.306,
              3734154.322
            ],
            [
              303808.123,
              3734166.263
            ],
            [
              303796.182,
              3734177.446
            ],
            [
              303783.536,
              3734187.824
            ],
            [
              303770.239,
              3734197.353
            ],
            [
              303756.346,
              3734205.992
            ],
            [
              303741.918,
              3734213.704
            ],
            [
              303727.017,
              3734220.456
            ],
            [
              303711.706,
              3734226.219
            ],
            [
              303696.051,
              3734230.967
            ],
            [
              303680.119,
              3734234.682
            ],
            [
              303663.978,
              3734237.347
            ],
            [
              303647.697,
              3734238.951
            ],
            [
              303631.346,
              3734239.486
            ],
            [
              303614.995,
              3734238.951
            ],
            [
              303598.714,
              3734237.347
            ],
            [
              303582.573,
              3734234.682
            ],
            [
              303566.641,
              3734230.967
            ],
            [
              303550.986,
              3734226.219
            ],
            [
              303535.675,
              3734220.456
            ],
            [
              303520.774,
              3734213.704
            ],
            [
              303506.346,
              3734205.992
            ],
            [
              303492.453,
              3734197.353
            ],
            [
              303479.156,
              3734187.824
            ],
            [
              303466.51,
              3734177.446
            ],
            [
              303454.569,
              3734166.263
            ],
            [
              303443.386,
              3734154.322
            ],
            [
              303433.008,
              3734141.676
            ],
            [
              303423.479,
              3734128.379
            ],
            [
              303414.84,
              3734114.486
            ],
            [
              303407.128,
              3734100.058
            ],
            [
              303400.376,
              3734085.157
            ],
            [
              303394.613,
              3734069.846
            ],
            [
              303389.865,
              3734054.191
            ],
            [
              303386.15,
              3734038.259
            ],
            [
              303383.485,
              3734022.118
            ],
            [
              303381.881,
              3734005.837
            ],
            [
              303381.346,
              3733989.486
            ],
            [
              303381.881,
              3733973.135
            ],
            [
              303383.485,
              3733956.854
            ],
            [
              303386.15,
              3733940.713
            ],
            [
              303389.865,
              3733924.781
            ],
            [
              303394.613,
              3733909.126
            ],
            [
              303400.376,
              3733893.815
            ],
            [
              303407.128,
              3733878.914
            ],
            [
              303414.84,
              3733864.486
            ],
            [
              303423.479,
              3733850.593
            ],
            [
              303433.008,
              3733837.296
            ],
            [
              303443.386,
              3733824.65
            ],
            [
              303454.569,
              3733812.709
            ],
            [
              303466.51,
              3733801.526
            ],
            [
              303479.156,
              3733791.148
            ],
            [
              303492.453,
              3733781.619
            ],
            [
              303506.346,
              3733772.98
            ],
            [
              303520.774,
              3733765.268
            ],
            [
              303535.675,
              3733758.516
            ],
            [
              303550.986,
              3733752.753
            ],
            [
              303566.641,
              3733748.005
            ],
            [
              303582.573,
              3733744.29
            ],
            [
              303598.714,
              3733741.625
            ],
            [
              303614.995,
              3733740.021
            ],
            [
              303631.346,
              3733739.486
            ],
            [
              303647.697,
              3733740.021
            ],
            [
              303663.978,
              3733741.625
            ],
            [
              303680.119,
              3733744.29
            ],
            [
              303696.051,
              3733748.005
            ],
            [
              303711.706,
              3733752.753
            ],
            [
              303727.017,
              3733758.516
            ],
            [
              303741.918,
              3733765.268
            ],
            [
              303756.346,
              3733772.98
            ],
            [
              303770.239,
              3733781.619
            ],
            [
              303783.536,
              3733791.148
            ],
            [
              303796.182,
              3733801.526
            ],
            [
              303808.123,
              3733812.709
            ],
            [
              303819.306,
              3733824.65
            ],
            [
              303829.684,
              3733837.296
            ],
            [
              303839.213,
              3733850.593
            ],
            [
              303847.852,
              3733864.486
            ],
            [
              303855.564,
              3733878.914
            ],
            [
              303862.316,
              3733893.815
            ],
            [
              303868.079,
              3733909.126
            ],
            [
              303872.827,
              3733924.781
            ],
            [
              303876.542,
              3733940.713
            ],
            [
              303879.207,
              3733956.854
            ],
            [
              303880.811,
              3733973.135
            ],
            [
              303881.346,
              3733989.486
            ]
          ]
        ]
      }
    },
    {
      "type": "Feature",
      "properties": {
        "component_id": "139-018",
        "name": "Giri Mosque and tombs",
        "radius_m": 500,
        "geometry_role": "analytical_neighbourhood",
        "is_legal_buffer": false
      },
      "geometry": {
        "type": "Polygon",
        "coordinates": [
          [
            [
              304131.346,
              3733989.486
            ],
            [
              304130.275,
              3734022.188
            ],
            [
              304127.068,
              3734054.749
            ],
            [
              304121.739,
              3734087.031
            ],
            [
              304114.309,
              3734118.896
            ],
            [
              304104.811,
              3734150.206
            ],
            [
              304093.286,
              3734180.828
            ],
            [
              304079.782,
              3734210.63
            ],
            [
              304064.359,
              3734239.486
            ],
            [
              304047.081,
              3734267.271
            ],
            [
              304028.023,
              3734293.867
            ],
            [
              304007.266,
              3734319.159
            ],
            [
              303984.899,
              3734343.039
            ],
            [
              303961.019,
              3734365.406
            ],
            [
              303935.727,
              3734386.163
            ],
            [
              303909.131,
              3734405.221
            ],
            [
              303881.346,
              3734422.499
            ],
            [
              303852.49,
              3734437.922
            ],
            [
              303822.688,
              3734451.426
            ],
            [
              303792.066,
              3734462.951
            ],
            [
              303760.756,
              3734472.449
            ],
            [
              303728.891,
              3734479.879
            ],
            [
              303696.609,
              3734485.208
            ],
            [
              303664.048,
              3734488.415
            ],
            [
              303631.346,
              3734489.486
            ],
            [
              303598.644,
              3734488.415
            ],
            [
              303566.083,
              3734485.208
            ],
            [
              303533.801,
              3734479.879
            ],
            [
              303501.936,
              3734472.449
            ],
            [
              303470.626,
              3734462.951
            ],
            [
              303440.004,
              3734451.426
            ],
            [
              303410.202,
              3734437.922
            ],
            [
              303381.346,
              3734422.499
            ],
            [
              303353.561,
              3734405.221
            ],
            [
              303326.965,
              3734386.163
            ],
            [
              303301.673,
              3734365.406
            ],
            [
              303277.793,
              3734343.039
            ],
            [
              303255.426,
              3734319.159
            ],
            [
              303234.669,
              3734293.867
            ],
            [
              303215.611,
              3734267.271
            ],
            [
              303198.333,
              3734239.486
            ],
            [
              303182.91,
              3734210.63
            ],
            [
              303169.406,
              3734180.828
            ],
            [
              303157.881,
              3734150.206
            ],
            [
              303148.383,
              3734118.896
            ],
            [
              303140.953,
              3734087.031
            ],
            [
              303135.624,
              3734054.749
            ],
            [
              303132.417,
              3734022.188
            ],
            [
              303131.346,
              3733989.486
            ],
            [
              303132.417,
              3733956.784
            ],
            [
              303135.624,
              3733924.223
            ],
            [
              303140.953,
              3733891.941
            ],
            [
              303148.383,
              3733860.076
            ],
            [
              303157.881,
              3733828.766
            ],
            [
              303169.406,
              3733798.144
            ],
            [
              303182.91,
              3733768.342
            ],
            [
              303198.333,
              3733739.486
            ],
            [
              303215.611,
              3733711.701
            ],
            [
              303234.669,
              3733685.105
            ],
            [
              303255.426,
              3733659.813
            ],
            [
              303277.793,
              3733635.933
            ],
            [
              303301.673,
              3733613.566
            ],
            [
              303326.965,
              3733592.809
            ],
            [
              303353.561,
              3733573.751
            ],
            [
              303381.346,
              3733556.473
            ],
            [
              303410.202,
              3733541.05
            ],
            [
              303440.004,
              3733527.546
            ],
            [
              303470.626,
              3733516.021
            ],
            [
              303501.936,
              3733506.523
            ],
            [
              303533.801,
              3733499.093
            ],
            [
              303566.083,
              3733493.764
            ],
            [
              303598.644,
              3733490.557
            ],
            [
              303631.346,
              3733489.486
            ],
            [
              303664.048,
              3733490.557
            ],
            [
              303696.609,
              3733493.764
            ],
            [
              303728.891,
              3733499.093
            ],
            [
              303760.756,
              3733506.523
            ],
            [
              303792.066,
              3733516.021
            ],
            [
              303822.688,
              3733527.546
            ],
            [
              303852.49,
              3733541.05
            ],
            [
              303881.346,
              3733556.473
            ],
            [
              303909.131,
              3733573.751
            ],
            [
              303935.727,
              3733592.809
            ],
            [
              303961.019,
              3733613.566
            ],
            [
              303984.899,
              3733635.933
            ],
            [
              304007.266,
              3733659.813
            ],
            [
              304028.023,
              3733685.105
            ],
            [
              304047.081,
              3733711.701
            ],
            [
              304064.359,
              3733739.486
            ],
            [
              304079.782,
              3733768.342
            ],
            [
              304093.286,
              3733798.144
            ],
            [
              304104.811,
              3733828.766
            ],
            [
              304114.309,
              3733860.076
            ],
            [
              304121.739,
              3733891.941
            ],
            [
              304127.068,
              3733924.223
            ],
            [
              304130.275,
              3733956.784
            ],
            [
              304131.346,
              3733989.486
            ]
          ]
        ]
      }
    },
    {
      "type": "Feature",
      "properties": {
        "component_id": "139-018",
        "name": "Giri Mosque and tombs",
        "radius_m": 1000,
        "geometry_role": "analytical_neighbourhood",
        "is_legal_buffer": false
      },
      "geometry": {
        "type": "Polygon",
        "coordinates": [
          [
            [
              304631.346,
              3733989.486
            ],
            [
              304629.205,
              3734054.889
            ],
            [
              304622.791,
              3734120.012
            ],
            [
              304612.131,
              3734184.576
            ],
            [
              304597.272,
              3734248.305
            ],
            [
              304578.276,
              3734310.925
            ],
            [
              304555.226,
              3734372.169
            ],
            [
              304528.219,
              3734431.775
            ],
            [
              304497.371,
              3734489.486
            ],
            [
              304462.816,
              3734545.056
            ],
            [
              304424.699,
              3734598.247
            ],
            [
              304383.186,
              3734648.832
            ],
            [
              304338.453,
              3734696.593
            ],
            [
              304290.692,
              3734741.326
            ],
            [
              304240.107,
              3734782.839
            ],
            [
              304186.916,
              3734820.956
            ],
            [
              304131.346,
              3734855.511
            ],
            [
              304073.635,
              3734886.359
            ],
            [
              304014.029,
              3734913.366
            ],
            [
              303952.785,
              3734936.416
            ],
            [
              303890.165,
              3734955.412
            ],
            [
              303826.436,
              3734970.271
            ],
            [
              303761.872,
              3734980.931
            ],
            [
              303696.749,
              3734987.345
            ],
            [
              303631.346,
              3734989.486
            ],
            [
              303565.943,
              3734987.345
            ],
            [
              303500.82,
              3734980.931
            ],
            [
              303436.256,
              3734970.271
            ],
            [
              303372.527,
              3734955.412
            ],
            [
              303309.907,
              3734936.416
            ],
            [
              303248.663,
              3734913.366
            ],
            [
              303189.057,
              3734886.359
            ],
            [
              303131.346,
              3734855.511
            ],
            [
              303075.776,
              3734820.956
            ],
            [
              303022.585,
              3734782.839
            ],
            [
              302972.0,
              3734741.326
            ],
            [
              302924.239,
              3734696.593
            ],
            [
              302879.506,
              3734648.832
            ],
            [
              302837.993,
              3734598.247
            ],
            [
              302799.876,
              3734545.056
            ],
            [
              302765.321,
              3734489.486
            ],
            [
              302734.473,
              3734431.775
            ],
            [
              302707.466,
              3734372.169
            ],
            [
              302684.416,
              3734310.925
            ],
            [
              302665.42,
              3734248.305
            ],
            [
              302650.561,
              3734184.576
            ],
            [
              302639.901,
              3734120.012
            ],
            [
              302633.487,
              3734054.889
            ],
            [
              302631.346,
              3733989.486
            ],
            [
              302633.487,
              3733924.083
            ],
            [
              302639.901,
              3733858.96
            ],
            [
              302650.561,
              3733794.396
            ],
            [
              302665.42,
              3733730.667
            ],
            [
              302684.416,
              3733668.047
            ],
            [
              302707.466,
              3733606.803
            ],
            [
              302734.473,
              3733547.197
            ],
            [
              302765.321,
              3733489.486
            ],
            [
              302799.876,
              3733433.916
            ],
            [
              302837.993,
              3733380.725
            ],
            [
              302879.506,
              3733330.14
            ],
            [
              302924.239,
              3733282.379
            ],
            [
              302972.0,
              3733237.646
            ],
            [
              303022.585,
              3733196.133
            ],
            [
              303075.776,
              3733158.016
            ],
            [
              303131.346,
              3733123.461
            ],
            [
              303189.057,
              3733092.613
            ],
            [
              303248.663,
              3733065.606
            ],
            [
              303309.907,
              3733042.556
            ],
            [
              303372.527,
              3733023.56
            ],
            [
              303436.256,
              3733008.701
            ],
            [
              303500.82,
              3732998.041
            ],
            [
              303565.943,
              3732991.627
            ],
            [
              303631.346,
              3732989.486
            ],
            [
              303696.749,
              3732991.627
            ],
            [
              303761.872,
              3732998.041
            ],
            [
              303826.436,
              3733008.701
            ],
            [
              303890.165,
              3733023.56
            ],
            [
              303952.785,
              3733042.556
            ],
            [
              304014.029,
              3733065.606
            ],
            [
              304073.635,
              3733092.613
            ],
            [
              304131.346,
              3733123.461
            ],
            [
              304186.916,
              3733158.016
            ],
            [
              304240.107,
              3733196.133
            ],
            [
              304290.692,
              3733237.646
            ],
            [
              304338.453,
              3733282.379
            ],
            [
              304383.186,
              3733330.14
            ],
            [
              304424.699,
              3733380.725
            ],
            [
              304462.816,
              3733433.916
            ],
            [
              304497.371,
              3733489.486
            ],
            [
              304528.219,
              3733547.197
            ],
            [
              304555.226,
              3733606.803
            ],
            [
              304578.276,
              3733668.047
            ],
            [
              304597.272,
              3733730.667
            ],
            [
              304612.131,
              3733794.396
            ],
            [
              304622.791,
              3733858.96
            ],
            [
              304629.205,
              3733924.083
            ],
            [
              304631.346,
              3733989.486
            ]
          ]
        ]
      }
    }
  ],
  "name": "taxila_analytical_neighbourhoods",
  "crs": {
    "type": "name",
    "properties": {
      "name": "urn:ogc:def:crs:EPSG::32643"
    }
  }
}
