component_id,component_name,radius_m,epoch_id,label_year,valid_cells,ndvi_median,ndvi_p10,ndvi_p90,ndbi_median,ndbi_p10,ndbi_p90,mndwi_median,mndwi_p10,mndwi_p90,bsi_median,bsi_p10,bsi_p90,classified_cells,lc_class_1_share,lc_class_2_share,lc_class_3_share,lc_class_4_share,lc_class_5_share,lc_class_6_share,ndvi_pressure,ndbi_pressure,mndwi_pressure,surface_cover_pressure,landscape_pressure_score,terrain_susceptibility_score,slope_pressure,wetness_pressure,drainage_proximity_pressure,local_priority_score,fixed_rank
139-001,Khanpur Cave,250,E2004,2004,220,0.4086701273918152,0.2150332033634185,0.5035776495933533,-0.0285439901053905,-0.1629964262247085,0.1217917799949646,-0.4361443519592285,-0.4551163017749786,-0.3531921803951263,0.0460678413510322,-0.075665958225727,0.1755158454179763,220,0.0636363636363636,0.1454545454545454,0.2681818181818182,0.1227272727272727,0.4,0.0,0.5588235294117647,0.711764705882353,0.7705882352941177,0.6352941176470588,0.7029411764705882,0.4411764705882353,0.6176470588235294,0.38235294117647056,0.3235294117647059,0.5720588235294117,
139-001,Khanpur Cave,250,E2009,2009,220,0.3789126276969909,0.2301509827375412,0.488587349653244,-0.019633824005723,-0.1592998653650283,0.1065035238862037,-0.4336964190006256,-0.4587042331695556,-0.3361749649047851,0.0574410855770111,-0.0693821683526039,0.1635311990976333,220,0.0863636363636363,0.1318181818181818,0.3045454545454545,0.059090909090909,0.4181818181818181,0.0,0.7823529411764706,0.7941176470588235,0.7235294117647059,0.788235294117647,0.7558823529411764,0.4411764705882353,0.6176470588235294,0.38235294117647056,0.3235294117647059,0.5985294117647059,
139-001,Khanpur Cave,250,E2014,2014,220,0.4044982194900512,0.2320936620235443,0.5508301258087158,-0.0236790832132101,-0.1687135845422744,0.1065032482147216,-0.4280737638473511,-0.4677553176879883,-0.3580250144004822,0.0491994023323059,-0.0811566337943077,0.152662307024002,220,0.0727272727272727,0.15,0.2409090909090909,0.1409090909090909,0.3954545454545454,0.0,0.5823529411764706,0.7470588235294118,0.5941176470588235,0.6647058823529413,0.6294117647058823,0.4411764705882353,0.6176470588235294,0.38235294117647056,0.3235294117647059,0.5352941176470588,
139-001,Khanpur Cave,250,E2019,2019,218,0.4004472196102142,0.1982269138097763,0.6080723404884338,-0.0318949446082115,-0.1917320191860199,0.1295115202665329,-0.4190919995307922,-0.4668565392494201,-0.3509664833545685,0.0478514805436134,-0.1098731830716133,0.1736554652452469,218,0.0642201834862385,0.2339449541284403,0.2018348623853211,0.1697247706422018,0.3302752293577982,0.0,0.6058823529411764,0.6882352941176471,0.40588235294117647,0.6470588235294117,0.526470588235294,0.4411764705882353,0.6176470588235294,0.38235294117647056,0.3235294117647059,0.48382352941176465,
139-001,Khanpur Cave,250,E2024,2024,220,0.4657241106033325,0.2016037255525589,0.6332364678382874,-0.0788046866655349,-0.2316913604736328,0.11235012114048,-0.4180798530578613,-0.4788254797458648,-0.3676525950431824,0.0020495504140853,-0.1428064405918121,0.1687020063400268,220,0.109090909090909,0.1681818181818181,0.2,0.3272727272727272,0.1954545454545454,0.0,0.3235294117647059,0.34705882352941175,0.38235294117647056,0.33529411764705885,0.3588235294117647,0.4411764705882353,0.6176470588235294,0.38235294117647056,0.3235294117647059,0.4,15.0
139-003,Bhir Mound,250,E2004,2004,218,0.3761088252067566,0.2470018118619918,0.4463525414466858,0.0014321792405098,-0.0698060989379882,0.0648094043135643,-0.4252602756023407,-0.4705470502376556,-0.3712823390960693,0.0708241015672683,0.0046736728399991,0.1313260793685913,218,0.1605504587155963,0.0504587155963302,0.4495412844036697,0.0091743119266055,0.3302752293577982,0.0,0.8176470588235294,0.9,0.5352941176470588,0.8588235294117648,0.6970588235294117,0.2647058823529412,0.38235294117647056,0.2647058823529412,0.14705882352941177,0.4808823529411764,
139-003,Bhir Mound,250,E2009,2009,218,0.359279990196228,0.2388948202133178,0.4304760694503784,0.0009965321514755,-0.0654516294598579,0.0544688925147056,-0.425512433052063,-0.4651628732681274,-0.3518745601177215,0.0722298547625541,0.013712354004383,0.1267727464437484,218,0.2431192660550458,0.0458715596330275,0.3440366972477064,0.0091743119266055,0.3577981651376147,0.0,0.8764705882352941,0.8764705882352941,0.5470588235294118,0.8764705882352941,0.711764705882353,0.2647058823529412,0.38235294117647056,0.2647058823529412,0.14705882352941177,0.4882352941176471,
139-003,Bhir Mound,250,E2014,2014,202,0.4592898488044739,0.2489694058895111,0.5545228719711304,-0.0493959113955497,-0.120208740234375,0.0393053963780403,-0.4424796104431152,-0.4986287355422973,-0.3410195708274841,0.0176668241620063,-0.0466393455862998,0.109098270535469,202,0.1881188118811881,0.0148514851485148,0.2326732673267326,0.094059405940594,0.4702970297029702,0.0,0.3352941176470588,0.5117647058823529,0.8294117647058824,0.4235294117647058,0.6264705882352941,0.2647058823529412,0.38235294117647056,0.2647058823529412,0.14705882352941177,0.4455882352941176,
139-003,Bhir Mound,250,E2019,2019,152,0.4520912766456604,0.3756144046783447,0.5210358500480652,-0.0452494695782661,-0.1116033121943473,0.0029797118622809,-0.453946053981781,-0.4747748076915741,-0.3916126191616058,0.0251059755682945,-0.03273381665349,0.0671528130769729,152,0.0657894736842105,0.0,0.2960526315789473,0.0986842105263157,0.5394736842105263,0.0,0.38235294117647056,0.5705882352941176,0.888235294117647,0.4764705882352941,0.6823529411764706,0.2647058823529412,0.38235294117647056,0.2647058823529412,0.14705882352941177,0.47352941176470587,
139-003,Bhir Mound,250,E2024,2024,205,0.4699966013431549,0.2996633350849151,0.5615787506103516,-0.0615977570414543,-0.1440846621990203,0.0134056219831109,-0.4357256591320038,-0.4679192304611206,-0.332951933145523,0.0128582417964935,-0.0656858533620834,0.0811332985758781,205,0.2390243902439024,0.0,0.2,0.2048780487804878,0.3560975609756097,0.0,0.28823529411764703,0.4294117647058823,0.7588235294117647,0.35882352941176465,0.5588235294117647,0.2647058823529412,0.38235294117647056,0.2647058823529412,0.14705882352941177,0.4117647058823529,14.0
139-004,Sirkap (fortified city),250,E2004,2004,219,0.3107524216175079,0.26026052236557,0.4544609785079956,0.0328758619725704,-0.0674665868282318,0.0610461197793483,-0.4300796687602997,-0.4581452012062073,-0.4033938944339752,0.1082100570201873,0.0120843993499875,0.1384991556406021,219,0.0,0.0136986301369863,0.6621004566210046,0.0091324200913242,0.3150684931506849,0.0,0.9705882352941176,0.9588235294117647,0.6411764705882353,0.9647058823529412,0.8029411764705883,0.2647058823529412,0.2647058823529412,0.3235294117647059,0.20588235294117646,0.5338235294117647,
139-004,Sirkap (fortified city),250,E2009,2009,219,0.2944552302360534,0.2351555526256561,0.4255062341690063,0.0450595878064632,-0.036427229642868,0.0777328386902809,-0.4265432953834533,-0.4548778235912323,-0.4010369181632995,0.1180142909288406,0.0303237549960613,0.1470663845539093,219,0.0182648401826484,0.1415525114155251,0.5251141552511416,0.0,0.3150684931506849,0.0,0.9823529411764705,0.9941176470588236,0.5705882352941176,0.9882352941176471,0.7794117647058824,0.2647058823529412,0.2647058823529412,0.3235294117647059,0.20588235294117646,0.5220588235294118,
139-004,Sirkap (fortified city),250,E2014,2014,219,0.3285945951938629,0.2409228682518005,0.5103806257247925,0.0180256776511669,-0.0805031359195709,0.072895310819149,-0.4053411483764648,-0.4660856425762176,-0.3782083392143249,0.0859866812825203,-0.0120188007131218,0.1340784132480621,219,0.136986301369863,0.0182648401826484,0.54337899543379,0.0821917808219178,0.2191780821917808,0.0,0.9470588235294117,0.9470588235294117,0.18235294117647058,0.9470588235294117,0.5647058823529412,0.2647058823529412,0.2647058823529412,0.3235294117647059,0.20588235294117646,0.41470588235294115,
139-004,Sirkap (fortified city),250,E2019,2019,219,0.3974620401859283,0.2970993816852569,0.5226053595542908,-0.0140205277130007,-0.0732525587081909,0.0348317623138427,-0.4296317994594574,-0.4750698208808899,-0.3919923901557922,0.0555361583828926,-0.0113560073077678,0.1028472632169723,219,0.0410958904109589,0.0,0.7031963470319634,0.0776255707762557,0.1780821917808219,0.0,0.6294117647058823,0.8294117647058824,0.6294117647058823,0.7294117647058824,0.6794117647058824,0.2647058823529412,0.2647058823529412,0.3235294117647059,0.20588235294117646,0.47205882352941175,
139-004,Sirkap (fortified city),250,E2024,2024,219,0.4245732724666595,0.276787668466568,0.5888208150863647,-0.0371077433228492,-0.1492663323879242,0.0581670179963111,-0.4398787915706634,-0.4707590937614441,-0.402980774641037,0.0353917554020881,-0.0736711844801902,0.1179454252123832,219,0.0228310502283105,0.0045662100456621,0.5342465753424658,0.2054794520547945,0.2328767123287671,0.0,0.5,0.6411764705882353,0.7941176470588235,0.5705882352941176,0.6823529411764706,0.2647058823529412,0.2647058823529412,0.3235294117647059,0.20588235294117646,0.47352941176470587,10.0
139-005,Sirsukh (fortified ruined city),250,E2004,2004,220,0.4535936713218689,0.3480023741722107,0.5001429319381714,-0.0611556470394134,-0.1265990883111953,0.0169804077595472,-0.4346964359283447,-0.4580627083778381,-0.4145995676517486,0.0139481062069535,-0.0369983874261379,0.0889528691768646,220,0.0,0.0,0.6045454545454545,0.0909090909090909,0.3045454545454545,0.0,0.37058823529411766,0.4411764705882353,0.7352941176470589,0.40588235294117647,0.5705882352941176,0.4313725490196078,0.08823529411764706,0.9411764705882353,0.2647058823529412,0.5009803921568627,
139-005,Sirsukh (fortified ruined city),250,E2009,2009,220,0.4438475370407104,0.3493710458278656,0.512880265712738,-0.0626888871192932,-0.1168873310089111,0.0076200044713914,-0.4327507019042969,-0.4493763446807861,-0.413840651512146,0.010863141156733,-0.0403470024466514,0.0794243738055229,220,0.0,0.0,0.75,0.1045454545454545,0.1454545454545454,0.0,0.4176470588235294,0.40588235294117647,0.7,0.4117647058823529,0.5558823529411765,0.4313725490196078,0.08823529411764706,0.9411764705882353,0.2647058823529412,0.4936274509803922,
139-005,Sirsukh (fortified ruined city),250,E2014,2014,220,0.4976199865341186,0.3968173265457153,0.6108987331390381,-0.1010574549436569,-0.1931537538766861,-0.0058360523544251,-0.4317204356193542,-0.4601872563362121,-0.413472831249237,-0.0195993557572364,-0.1164661571383476,0.0593430660665035,220,0.009090909090909,0.0181818181818181,0.3681818181818181,0.4590909090909091,0.1454545454545454,0.0,0.2647058823529412,0.2411764705882353,0.6647058823529411,0.2529411764705882,0.4588235294117647,0.4313725490196078,0.08823529411764706,0.9411764705882353,0.2647058823529412,0.44509803921568625,
139-005,Sirsukh (fortified ruined city),250,E2019,2019,220,0.5246029496192932,0.4241449236869812,0.6090677380561829,-0.1340636014938354,-0.2037568688392639,-0.0503687858581543,-0.4208154082298279,-0.4419640004634857,-0.4004205465316772,-0.046903908252716,-0.1183690950274467,0.0271151717752218,220,0.0045454545454545,0.0,0.4090909090909091,0.5454545454545454,0.0409090909090909,0.0,0.19411764705882353,0.14705882352941177,0.4411764705882353,0.17058823529411765,0.3058823529411765,0.4313725490196078,0.08823529411764706,0.9411764705882353,0.2647058823529412,0.3686274509803922,
139-005,Sirsukh (fortified ruined city),250,E2024,2024,220,0.5286792516708374,0.4203551411628723,0.5928874611854553,-0.113098956644535,-0.1650926768779754,-0.0383272096514701,-0.4496169686317444,-0.4742273390293121,-0.42354816198349,-0.0381809882819652,-0.0900483354926109,0.0365057736635208,220,0.0,0.0,0.35,0.3863636363636363,0.2636363636363636,0.0,0.17058823529411765,0.20588235294117646,0.8647058823529412,0.18823529411764706,0.5264705882352941,0.4313725490196078,0.08823529411764706,0.9411764705882353,0.2647058823529412,0.47892156862745094,8.0
139-006,Dharmarajika stupa and monastery,250,E2004,2004,219,0.3938517868518829,0.2655070126056671,0.4724989235401153,-0.0230396911501884,-0.0940731093287468,0.0489686653017997,-0.4419643580913543,-0.4633678793907165,-0.4027937948703766,0.0585586130619049,-0.0139995049685239,0.1335863471031189,219,0.0,0.0410958904109589,0.6210045662100456,0.0410958904109589,0.2968036529680365,0.0,0.6529411764705882,0.7588235294117647,0.8176470588235294,0.7058823529411764,0.7617647058823529,0.5588235294117647,0.3235294117647059,0.7941176470588235,0.5588235294117647,0.6602941176470588,
139-006,Dharmarajika stupa and monastery,250,E2009,2009,219,0.3897852301597595,0.2533539235591888,0.4551542699337005,-0.0198508016765117,-0.0910262316465377,0.0424686856567859,-0.4167212247848511,-0.4520382583141327,-0.3898463547229767,0.0558620505034923,-0.0135355126112699,0.1258783042430877,219,0.0045662100456621,0.0958904109589041,0.639269406392694,0.0136986301369863,0.2465753424657534,0.0,0.6647058823529411,0.7823529411764706,0.34705882352941175,0.7235294117647059,0.5352941176470588,0.5588235294117647,0.3235294117647059,0.7941176470588235,0.5588235294117647,0.5470588235294118,
139-006,Dharmarajika stupa and monastery,250,E2014,2014,219,0.4332281053066253,0.2750485837459564,0.6039023399353027,-0.0473942346870899,-0.1720739752054214,0.0231689140200614,-0.432632565498352,-0.473612517118454,-0.3719570636749267,0.0250457134097814,-0.0962088480591774,0.1056584417819976,219,0.0136986301369863,0.0228310502283105,0.5114155251141552,0.2420091324200913,0.2100456621004566,0.0,0.48823529411764705,0.5352941176470588,0.6882352941176471,0.5117647058823529,0.6,0.5588235294117647,0.3235294117647059,0.7941176470588235,0.5588235294117647,0.5794117647058823,
139-006,Dharmarajika stupa and monastery,250,E2019,2019,219,0.4553259313106537,0.3392031490802765,0.5815459489822388,-0.062532752752304,-0.1737750172615051,0.0071314359083771,-0.4353190660476684,-0.4702361226081848,-0.3936275243759155,0.0172365512698888,-0.0924645736813545,0.0820974186062812,219,0.0045662100456621,0.0,0.4794520547945205,0.2557077625570776,0.2602739726027397,0.0,0.3588235294117647,0.4176470588235294,0.7470588235294118,0.38823529411764707,0.5676470588235294,0.5588235294117647,0.3235294117647059,0.7941176470588235,0.5588235294117647,0.5632352941176471,
139-006,Dharmarajika stupa and monastery,250,E2024,2024,219,0.4673420190811157,0.3112705647945404,0.6280909776687622,-0.0810971111059188,-0.2156557887792587,0.0235693212598562,-0.4312088787555694,-0.4624373316764831,-0.3940812647342682,-0.0004778332950081,-0.134389266371727,0.0988460704684257,219,0.0,0.0273972602739726,0.5251141552511416,0.2694063926940639,0.1780821917808219,0.0,0.3,0.3235294117647059,0.6529411764705882,0.31176470588235294,0.4823529411764706,0.5588235294117647,0.3235294117647059,0.7941176470588235,0.5588235294117647,0.5205882352941177,3.0
139-007,Khader Mohra (Akhuri),250,E2004,2004,220,0.3778929114341736,0.3129756450653076,0.5175348520278931,-0.0355245061218738,-0.1964723169803619,0.0515322610735893,-0.4068632125854492,-0.465662807226181,-0.3153740465641022,0.0428080447018146,-0.1067543476819992,0.1184102594852447,220,0.1227272727272727,0.0,0.3,0.15,0.4272727272727272,0.0,0.8058823529411765,0.6529411764705882,0.21764705882352942,0.7294117647058824,0.4735294117647059,0.6372549019607843,0.9705882352941176,0.08823529411764706,0.8529411764705882,0.5553921568627451,
139-007,Khader Mohra (Akhuri),250,E2009,2009,220,0.3822718262672424,0.2955384254455566,0.5513758063316345,-0.0384408980607986,-0.2079545855522155,0.0696920976042747,-0.4043898582458496,-0.4578762948513031,-0.3404472470283508,0.0346824452280998,-0.1264399886131286,0.1319246739149093,220,0.1590909090909091,0.0,0.3681818181818181,0.1909090909090909,0.2818181818181818,0.0,0.7235294117647059,0.6294117647058823,0.14705882352941177,0.6764705882352942,0.411764705882353,0.6372549019607843,0.9705882352941176,0.08823529411764706,0.8529411764705882,0.5245098039215687,
139-007,Khader Mohra (Akhuri),250,E2014,2014,220,0.3785058259963989,0.309337317943573,0.6880178451538086,-0.0348882004618644,-0.3470483720302582,0.0604560673236846,-0.4063917696475982,-0.4454796016216278,-0.3064566552639007,0.0451554395258426,-0.2645008563995361,0.1195940300822258,220,0.1,0.0,0.2318181818181818,0.25,0.4181818181818181,0.0,0.7941176470588235,0.6764705882352942,0.20588235294117646,0.7352941176470589,0.47058823529411764,0.6372549019607843,0.9705882352941176,0.08823529411764706,0.8529411764705882,0.553921568627451,
139-007,Khader Mohra (Akhuri),250,E2019,2019,220,0.3995441794395447,0.3081773817539215,0.6924439072608948,-0.0556280240416526,-0.3454978168010711,0.0465174503624439,-0.3910656571388244,-0.4359236359596252,-0.3003770112991333,0.0274242293089628,-0.2614466249942779,0.1091746687889099,220,0.1136363636363636,0.0045454545454545,0.209090909090909,0.2954545454545454,0.3772727272727272,0.0,0.6176470588235294,0.4764705882352941,0.03529411764705882,0.5470588235294118,0.2911764705882353,0.6372549019607843,0.9705882352941176,0.08823529411764706,0.8529411764705882,0.4642156862745098,
139-007,Khader Mohra (Akhuri),250,E2024,2024,220,0.5365327596664429,0.4238853752613067,0.7560530304908752,-0.1381262242794037,-0.3583770394325256,-0.0270950198173522,-0.4231493175029754,-0.4644984900951385,-0.3736751675605774,-0.0517188087105751,-0.2876937687397003,0.0464812852442264,220,0.0181818181818181,0.0,0.15,0.5363636363636364,0.2954545454545454,0.0,0.14705882352941177,0.13529411764705881,0.5117647058823529,0.1411764705882353,0.32647058823529407,0.6372549019607843,0.9705882352941176,0.08823529411764706,0.8529411764705882,0.48186274509803917,7.0
139-008,Kalawan group of buildings,250,E2004,2004,220,0.3811111450195312,0.328622043132782,0.4510171711444855,-0.0030727516859769,-0.0667481422424316,0.0423527173697948,-0.4604091942310333,-0.4802438616752624,-0.4091074764728546,0.0728879496455192,0.0125538427382707,0.1120928525924682,220,0.009090909090909,0.0,0.359090909090909,0.009090909090909,0.6227272727272727,0.0,0.7470588235294118,0.8647058823529412,0.9235294117647059,0.8058823529411765,0.8647058823529412,0.3627450980392157,0.4411764705882353,0.20588235294117646,0.4411764705882353,0.6137254901960785,
139-008,Kalawan group of buildings,250,E2009,2009,220,0.3696270883083343,0.3126365542411804,0.4369095265865326,0.0013290185015648,-0.0583985410630703,0.0508858002722263,-0.454635739326477,-0.4852981567382812,-0.3971125483512878,0.0753697305917739,0.0213435348123312,0.117183044552803,220,0.0363636363636363,0.0,0.2954545454545454,0.0,0.6681818181818182,0.0,0.8529411764705882,0.888235294117647,0.9,0.8705882352941177,0.8852941176470588,0.3627450980392157,0.4411764705882353,0.20588235294117646,0.4411764705882353,0.6240196078431373,
139-008,Kalawan group of buildings,250,E2014,2014,220,0.3793463706970215,0.3025815188884735,0.4892759025096893,0.0076524754986166,-0.0797110348939895,0.0630106702446937,-0.4434022009372711,-0.4857242107391357,-0.397378146648407,0.0742630660533905,-0.0059421444311738,0.1213070079684257,220,0.0181818181818181,0.0409090909090909,0.3136363636363636,0.0636363636363636,0.5636363636363636,0.0,0.7705882352941177,0.9352941176470588,0.8411764705882353,0.8529411764705883,0.8470588235294119,0.3627450980392157,0.4411764705882353,0.20588235294117646,0.4411764705882353,0.6049019607843138,
139-008,Kalawan group of buildings,250,E2019,2019,220,0.4423191249370575,0.3703972995281219,0.5346314311027527,-0.0437627881765365,-0.1251147091388702,0.0017123271245509,-0.4505850672721863,-0.4845899045467376,-0.4019359648227691,0.0306262634694576,-0.0447911918163299,0.0745117887854576,220,0.0,0.0,0.2545454545454545,0.1454545454545454,0.6,0.0,0.4294117647058823,0.5823529411764706,0.8764705882352941,0.5058823529411764,0.6911764705882353,0.3627450980392157,0.4411764705882353,0.20588235294117646,0.4411764705882353,0.5269607843137255,
139-008,Kalawan group of buildings,250,E2024,2024,220,0.5389856100082397,0.4289125800132751,0.609224259853363,-0.1200803965330123,-0.1910439580678939,-0.051364105194807,-0.4605129063129425,-0.4915038645267486,-0.4137123525142669,-0.0402994193136692,-0.1118082404136657,0.0251279454678297,220,0.0,0.0,0.1318181818181818,0.3090909090909091,0.5590909090909091,0.0,0.12352941176470589,0.18235294117647058,0.9352941176470588,0.15294117647058825,0.5441176470588236,0.3627450980392157,0.4411764705882353,0.20588235294117646,0.4411764705882353,0.45343137254901966,12.0
139-009,Giri complex of monuments,250,E2004,2004,214,0.550095796585083,0.4829978942871094,0.6020787358283997,-0.1534760594367981,-0.2309283912181854,-0.0730572268366813,-0.4324811100959778,-0.4783889651298523,-0.3878164887428283,-0.0732400864362716,-0.1451436281204223,3.490777453407645e-05,214,0.0,0.0,0.0700934579439252,0.6915887850467289,0.2383177570093458,0.0,0.07647058823529412,0.1,0.6764705882352942,0.08823529411764706,0.3823529411764706,0.5392156862745098,0.7352941176470589,0.14705882352941177,0.7352941176470589,0.4607843137254902,
139-009,Giri complex of monuments,250,E2009,2009,214,0.518130898475647,0.4448986947536468,0.5858319997787476,-0.1460697948932647,-0.2154962569475174,-0.045777603983879,-0.4271692037582397,-0.4668174386024475,-0.3852712512016296,-0.0661339312791824,-0.1343234777450561,0.0196908973157405,214,0.0,0.0,0.1074766355140186,0.616822429906542,0.2757009345794392,0.0,0.20588235294117646,0.12352941176470589,0.5823529411764706,0.16470588235294117,0.3735294117647059,0.5392156862745098,0.7352941176470589,0.14705882352941177,0.7352941176470589,0.45637254901960783,
139-009,Giri complex of monuments,250,E2014,2014,214,0.6094837188720703,0.4727774262428283,0.6851534843444824,-0.1716459244489669,-0.2687614560127258,-0.0370560102164745,-0.4648666977882385,-0.49197518825531,-0.430559366941452,-0.0947676002979278,-0.1875120997428894,0.0336539037525653,214,0.0,0.0,0.0327102803738317,0.7149532710280374,0.2523364485981308,0.0,0.041176470588235294,0.06470588235294118,0.9588235294117647,0.05294117647058824,0.5058823529411764,0.5392156862745098,0.7352941176470589,0.14705882352941177,0.7352941176470589,0.5225490196078431,
139-009,Giri complex of monuments,250,E2019,2019,214,0.624665379524231,0.4883708655834198,0.7016202807426453,-0.190954715013504,-0.3011638522148132,-0.0737862884998321,-0.4600288271903991,-0.4868867695331573,-0.4227450788021087,-0.1140122264623642,-0.2156118750572204,0.0042072222568094,214,0.0,0.0,0.0514018691588785,0.7476635514018691,0.2009345794392523,0.0,0.029411764705882353,0.029411764705882353,0.9117647058823529,0.029411764705882353,0.47058823529411764,0.5392156862745098,0.7352941176470589,0.14705882352941177,0.7352941176470589,0.5049019607843137,
139-009,Giri complex of monuments,250,E2024,2024,214,0.6628482341766357,0.5406546592712402,0.7301334738731384,-0.2317436039447784,-0.3218517303466797,-0.1186872497200965,-0.4637450575828552,-0.4880808293819427,-0.433738112449646,-0.1520835310220718,-0.2430144548416137,-0.038900002837181,214,0.0,0.0,0.0046728971962616,0.9065420560747663,0.0887850467289719,0.0,0.0058823529411764705,0.0058823529411764705,0.9470588235294117,0.0058823529411764705,0.4764705882352941,0.5392156862745098,0.7352941176470589,0.14705882352941177,0.7352941176470589,0.5078431372549019,4.0
139-010,Kunala stupa and monastery,250,E2004,2004,219,0.3225996792316437,0.234012559056282,0.4042136073112488,0.0369713567197322,-0.0744668170809745,0.0811793580651283,-0.421118289232254,-0.4534713625907898,-0.381598562002182,0.109595812857151,0.010071606375277,0.1561350524425506,219,0.0821917808219178,0.1324200913242009,0.6301369863013698,0.0045662100456621,0.1506849315068493,0.0,0.9588235294117647,0.9705882352941176,0.45294117647058824,0.9647058823529412,0.7088235294117647,0.46078431372549017,0.5,0.5,0.38235294117647056,0.5848039215686275,
139-010,Kunala stupa and monastery,250,E2009,2009,219,0.2941293120384216,0.2330844700336456,0.3807694017887115,0.0407241694629192,-0.0793748646974563,0.0770315378904342,-0.4051070809364319,-0.4337603747844696,-0.354855477809906,0.1108854711055755,0.0032393855508416,0.1481617838144302,219,0.182648401826484,0.1506849315068493,0.589041095890411,0.0,0.0776255707762557,0.0,0.9941176470588236,0.9823529411764705,0.17058823529411765,0.9882352941176471,0.5794117647058824,0.46078431372549017,0.5,0.5,0.38235294117647056,0.5200980392156863,
139-010,Kunala stupa and monastery,250,E2014,2014,219,0.3506523966789245,0.2421539574861526,0.4838447570800781,0.0050929812714457,-0.1080103367567062,0.072895310819149,-0.4021220207214355,-0.4585444629192352,-0.3751892149448395,0.0731633156538009,-0.0275202002376317,0.1352882087230682,219,0.0684931506849315,0.0593607305936073,0.5799086757990868,0.0639269406392694,0.228310502283105,0.0,0.9117647058823529,0.9235294117647059,0.08823529411764706,0.9176470588235295,0.5029411764705882,0.46078431372549017,0.5,0.5,0.38235294117647056,0.48186274509803917,
139-010,Kunala stupa and monastery,250,E2019,2019,219,0.3749519884586334,0.2692597210407257,0.5011032819747925,-0.0099786343052983,-0.1219392344355583,0.0580450892448425,-0.4079687297344208,-0.4538967311382293,-0.3771472871303558,0.0643395707011222,-0.0422823503613472,0.1219471395015716,219,0.0136986301369863,0.0,0.634703196347032,0.0730593607305936,0.2785388127853881,0.0,0.8411764705882353,0.8529411764705882,0.2529411764705882,0.8470588235294118,0.55,0.46078431372549017,0.5,0.5,0.38235294117647056,0.5053921568627451,
139-010,Kunala stupa and monastery,250,E2024,2024,219,0.4350401163101196,0.2808198630809784,0.5934724807739258,-0.0493089258670806,-0.1926457285881042,0.0569915361702442,-0.4260494410991668,-0.4622341394424438,-0.3956662714481354,0.0280668586492538,-0.1103682816028595,0.119436502456665,219,0.0182648401826484,0.0091324200913242,0.547945205479452,0.2557077625570776,0.1689497716894977,0.0,0.4647058823529412,0.5235294117647059,0.5588235294117647,0.49411764705882355,0.5264705882352941,0.46078431372549017,0.5,0.5,0.38235294117647056,0.4936274509803922,5.0
139-011,Jandial complex,250,E2004,2004,223,0.3456655144691467,0.2989966571331024,0.4188428223133087,0.0026528660673648,-0.0610869005322456,0.0427424721419811,-0.4188623130321502,-0.451814204454422,-0.3789145052433014,0.078072540462017,0.0235594119876623,0.1139779910445213,223,0.0986547085201793,0.0,0.8385650224215246,0.0,0.0627802690582959,0.0,0.9352941176470588,0.9117647058823529,0.3941176470588235,0.9235294117647059,0.6588235294117647,0.46078431372549017,0.20588235294117646,0.6764705882352942,0.5,0.5598039215686275,
139-011,Jandial complex,250,E2009,2009,223,0.3493207097053528,0.2953368723392486,0.413884162902832,-0.0240623205900192,-0.07336937636137,0.0357034653425216,-0.3952446579933166,-0.426079660654068,-0.3727556765079498,0.0520088821649551,0.007931905798614,0.1048582196235656,223,0.1659192825112107,0.0,0.8161434977578476,0.0,0.0179372197309417,0.0,0.9235294117647059,0.7352941176470589,0.07647058823529412,0.8294117647058824,0.4529411764705883,0.46078431372549017,0.20588235294117646,0.6764705882352942,0.5,0.45686274509803926,
139-011,Jandial complex,250,E2014,2014,223,0.3851248025894165,0.275818258523941,0.5001108050346375,-0.0259635969996452,-0.1219057068228721,0.0357442423701286,-0.3918660283088684,-0.4405112564563751,-0.3544320464134216,0.0479958429932594,-0.0405067652463912,0.1019330620765686,223,0.2466367713004484,0.0134529147982062,0.600896860986547,0.0269058295964125,0.1121076233183856,0.0,0.7,0.7235294117647059,0.052941176470588235,0.7117647058823529,0.38235294117647056,0.46078431372549017,0.20588235294117646,0.6764705882352942,0.5,0.42156862745098034,
139-011,Jandial complex,250,E2019,2019,223,0.380262941122055,0.2657032907009125,0.4944583773612976,-0.0420984327793121,-0.1258642077445984,0.0283321551978588,-0.3817329108715057,-0.4326090514659881,-0.3358215987682342,0.0391232669353485,-0.0390476398169994,0.1008484289050102,223,0.3094170403587444,0.0,0.5919282511210763,0.0179372197309417,0.0807174887892376,0.0,0.7588235294117647,0.5941176470588235,0.0058823529411764705,0.6764705882352942,0.3411764705882353,0.46078431372549017,0.20588235294117646,0.6764705882352942,0.5,0.40098039215686276,
139-011,Jandial complex,250,E2024,2024,223,0.4162526726722717,0.2937211394309997,0.5643211007118225,-0.056678757071495,-0.1722662597894668,0.014225666411221,-0.3907021582126617,-0.4327713251113891,-0.34492889046669,0.0245870631188154,-0.0864634588360786,0.0840925201773643,223,0.242152466367713,0.0,0.6412556053811659,0.0538116591928251,0.0627802690582959,0.0,0.5235294117647059,0.45294117647058824,0.01764705882352941,0.4882352941176471,0.2529411764705883,0.46078431372549017,0.20588235294117646,0.6764705882352942,0.5,0.3568627450980392,16.0
139-012,Lalchak and Badalpur Buddhist stuppa,250,E2004,2004,218,0.4569679498672485,0.3967526853084564,0.51485276222229,-0.0848954617977142,-0.1364485770463943,-0.0307999700307846,-0.4238312840461731,-0.4454463124275207,-0.4002547562122345,-0.0019963148515671,-0.0528501160442829,0.0504909008741378,218,0.0137614678899082,0.0,0.6376146788990825,0.1559633027522936,0.1926605504587156,0.0,0.34705882352941175,0.3,0.5235294117647059,0.32352941176470584,0.4235294117647059,0.2843137254901961,0.029411764705882353,0.7352941176470589,0.08823529411764706,0.353921568627451,
139-012,Lalchak and Badalpur Buddhist stuppa,250,E2009,2009,218,0.4670619964599609,0.3993450701236725,0.5257850885391235,-0.0989580303430557,-0.1462320238351822,-0.0493514165282249,-0.4192318320274353,-0.447451114654541,-0.3860061466693878,-0.0164277888834476,-0.0627577155828476,0.0279424898326396,218,0.036697247706422,0.0,0.591743119266055,0.1788990825688073,0.1926605504587156,0.0,0.31176470588235294,0.2647058823529412,0.4176470588235294,0.28823529411764703,0.3529411764705882,0.2843137254901961,0.029411764705882353,0.7352941176470589,0.08823529411764706,0.31862745098039214,
139-012,Lalchak and Badalpur Buddhist stuppa,250,E2014,2014,218,0.5076805949211121,0.3756243586540222,0.6151120662689209,-0.1145480349659919,-0.2130319029092788,-0.0237452387809753,-0.4225143790245056,-0.4536453187465668,-0.3722923696041107,-0.0321409851312637,-0.1248105019330978,0.0515912137925624,218,0.1009174311926605,0.0,0.3577981651376147,0.4724770642201835,0.0688073394495412,0.0,0.21764705882352942,0.19411764705882353,0.48823529411764705,0.20588235294117646,0.34705882352941175,0.2843137254901961,0.029411764705882353,0.7352941176470589,0.08823529411764706,0.3156862745098039,
139-012,Lalchak and Badalpur Buddhist stuppa,250,E2019,2019,217,0.5019766092300415,0.3455995619297027,0.5780817270278931,-0.1325515359640121,-0.2009397000074386,-0.0453216768801212,-0.4024839103221893,-0.4379885494709015,-0.3376412987709045,-0.0412629730999469,-0.1072207242250442,0.0375838167965412,217,0.2027649769585253,0.0,0.3087557603686636,0.4423963133640553,0.0460829493087557,0.0,0.2529411764705882,0.1588235294117647,0.11176470588235295,0.20588235294117646,0.1588235294117647,0.2843137254901961,0.029411764705882353,0.7352941176470589,0.08823529411764706,0.2215686274509804,
139-012,Lalchak and Badalpur Buddhist stuppa,250,E2024,2024,218,0.5489324331283569,0.3910339772701263,0.6324981451034546,-0.1583940088748932,-0.215603694319725,-0.0746920555830001,-0.4285345375537872,-0.4649615287780761,-0.3657651245594024,-0.0716141015291214,-0.1329651176929474,0.0125553198158741,218,0.0779816513761468,0.0,0.3990825688073394,0.4678899082568807,0.055045871559633,0.0,0.08823529411764706,0.08823529411764706,0.6176470588235294,0.08823529411764706,0.35294117647058826,0.2843137254901961,0.029411764705882353,0.7352941176470589,0.08823529411764706,0.3186274509803922,17.0
139-013,Mohra Moradu stupa and monastery,250,E2004,2004,222,0.3813645243644714,0.309330016374588,0.5326514840126038,-0.0415946580469608,-0.2024884521961212,0.0546883828938007,-0.4044379293918609,-0.4639903604984283,-0.310463547706604,0.037463404238224,-0.1159415543079376,0.1186586543917656,222,0.1261261261261261,0.0,0.2747747747747748,0.1846846846846846,0.4144144144144144,0.0,0.7352941176470589,0.6058823529411764,0.1588235294117647,0.6705882352941177,0.4147058823529412,0.6372549019607843,0.9117647058823529,0.029411764705882353,0.9705882352941176,0.5259803921568628,
139-013,Mohra Moradu stupa and monastery,250,E2009,2009,222,0.3876684904098511,0.2928255796432495,0.5538118481636047,-0.0470087826251983,-0.2116181850433349,0.0705628246068954,-0.402275413274765,-0.4573971629142761,-0.3354987800121307,0.0264216847717762,-0.1327027380466461,0.1324492245912552,222,0.1801801801801801,0.0,0.3243243243243243,0.2207207207207207,0.2747747747747748,0.0,0.6764705882352942,0.5470588235294118,0.1,0.611764705882353,0.3558823529411765,0.6372549019607843,0.9117647058823529,0.029411764705882353,0.9705882352941176,0.4965686274509804,
139-013,Mohra Moradu stupa and monastery,250,E2014,2014,222,0.3827361464500427,0.3094333112239837,0.6938908696174622,-0.0394759140908718,-0.3494324684143066,0.0614125281572341,-0.4078245759010315,-0.4465605318546295,-0.3053816854953766,0.0383378975093364,-0.266350120306015,0.1205328404903411,222,0.0990990990990991,0.0,0.1981981981981982,0.2927927927927928,0.4099099099099099,0.0,0.711764705882353,0.6176470588235294,0.2411764705882353,0.6647058823529413,0.4529411764705883,0.6372549019607843,0.9117647058823529,0.029411764705882353,0.9705882352941176,0.5450980392156863,
139-013,Mohra Moradu stupa and monastery,250,E2019,2019,222,0.4021712839603424,0.3057360053062439,0.6927570700645447,-0.0697094202041626,-0.3496881127357483,0.0516848340630531,-0.3910656571388244,-0.4366615414619446,-0.2956456243991852,0.014553552493453,-0.2672812342643738,0.1128465458750724,222,0.1216216216216216,0.0045045045045045,0.1801801801801801,0.3333333333333333,0.3603603603603603,0.0,0.5941176470588235,0.37058823529411766,0.03529411764705882,0.4823529411764706,0.25882352941176473,0.6372549019607843,0.9117647058823529,0.029411764705882353,0.9705882352941176,0.4480392156862745,
139-013,Mohra Moradu stupa and monastery,250,E2024,2024,222,0.5445899963378906,0.4236157238483429,0.762449324131012,-0.1514881700277328,-0.3703356087207794,-0.0236000437289476,-0.4218620657920837,-0.4646767973899841,-0.3731691241264343,-0.0666562542319297,-0.2931754887104034,0.0475564040243625,222,0.018018018018018,0.0,0.1486486486486486,0.5540540540540541,0.2792792792792792,0.0,0.1,0.11176470588235295,0.4764705882352941,0.10588235294117648,0.29117647058823526,0.6372549019607843,0.9117647058823529,0.029411764705882353,0.9705882352941176,0.46421568627450976,11.0
139-014,Pippala stupa and monastery,250,E2004,2004,218,0.4164581894874573,0.321158230304718,0.5188960433006287,-0.0523317456245422,-0.1287199556827545,0.0188473965972661,-0.4206728339195251,-0.4456705451011657,-0.3800201117992401,0.0262017138302326,-0.0431862100958824,0.0950983688235282,218,0.1146788990825688,0.0,0.6559633027522935,0.1376146788990825,0.091743119266055,0.0,0.5117647058823529,0.48823529411764705,0.4294117647058823,0.5,0.4647058823529412,0.6372549019607844,0.6764705882352942,0.6176470588235294,0.6176470588235294,0.5509803921568628,
139-014,Pippala stupa and monastery,250,E2009,2009,218,0.4073912799358368,0.3137357234954834,0.507965087890625,-0.0516622923314571,-0.1275500059127807,0.0197733324021101,-0.4117926359176636,-0.4372605383396148,-0.3752637207508087,0.0273254923522472,-0.0498414114117622,0.0896011888980865,218,0.1330275229357798,0.0,0.7064220183486238,0.0963302752293578,0.0642201834862385,0.0,0.5705882352941176,0.5,0.28823529411764703,0.5352941176470588,0.4117647058823529,0.6372549019607844,0.6764705882352942,0.6176470588235294,0.6176470588235294,0.5245098039215687,
139-014,Pippala stupa and monastery,250,E2014,2014,218,0.3966013491153717,0.2897284626960754,0.5696621537208557,-0.0350217372179031,-0.1528518348932266,0.0356493033468723,-0.4075166583061218,-0.4523372650146484,-0.3537794351577759,0.0446961820125579,-0.0779753029346466,0.1019813194870948,218,0.1559633027522936,0.0504587155963302,0.4357798165137614,0.2064220183486238,0.1513761467889908,0.0,0.6411764705882353,0.6647058823529411,0.22941176470588234,0.6529411764705882,0.4411764705882353,0.6372549019607844,0.6764705882352942,0.6176470588235294,0.6176470588235294,0.5392156862745099,
139-014,Pippala stupa and monastery,250,E2019,2019,217,0.409261018037796,0.2724740505218506,0.6118190884590149,-0.0563682802021503,-0.2045415788888931,0.0319360420107841,-0.3936152458190918,-0.4442037642002105,-0.3398062288761139,0.0273354332894086,-0.1190837100148201,0.100803218781948,217,0.2396313364055299,0.0552995391705069,0.3548387096774194,0.2580645161290322,0.0921658986175115,0.0,0.5470588235294118,0.4647058823529412,0.06470588235294118,0.5058823529411764,0.2852941176470588,0.6372549019607844,0.6764705882352942,0.6176470588235294,0.6176470588235294,0.4612745098039216,
139-014,Pippala stupa and monastery,250,E2024,2024,218,0.4375935196876526,0.321241945028305,0.5830733776092529,-0.0683496743440628,-0.1665215045213699,0.0086361113935709,-0.4083099365234375,-0.4471314549446106,-0.3585655391216278,0.0170178171247243,-0.0818134620785713,0.0846764221787452,218,0.1834862385321101,0.0,0.5091743119266054,0.2018348623853211,0.1055045871559633,0.0,0.45294117647058824,0.38235294117647056,0.2647058823529412,0.41764705882352937,0.3411764705882353,0.6372549019607844,0.6764705882352942,0.6176470588235294,0.6176470588235294,0.48921568627450984,6.0
139-015,Jaulian stupa and monastery,250,E2004,2004,220,0.356581449508667,0.2956025898456573,0.4388664066791534,-0.0117658264935016,-0.1169217973947525,0.0465111844241619,-0.4092781245708465,-0.4641141891479492,-0.3353436291217804,0.0655793696641922,-0.0218423418700695,0.1126022785902023,220,0.1772727272727272,0.0,0.4636363636363636,0.0454545454545454,0.3136363636363636,0.0,0.9,0.8411764705882353,0.27647058823529413,0.8705882352941177,0.5735294117647058,0.8137254901960783,0.7941176470588235,0.8529411764705882,0.7941176470588235,0.6936274509803921,
139-015,Jaulian stupa and monastery,250,E2009,2009,220,0.3581775426864624,0.2984188795089721,0.445622980594635,-0.0166870690882205,-0.106110081076622,0.0616034306585788,-0.415324330329895,-0.4652182161808014,-0.3639156520366668,0.059673897922039,-0.0279909316450357,0.1262086927890777,220,0.1409090909090909,0.0,0.5045454545454545,0.0318181818181818,0.3227272727272727,0.0,0.888235294117647,0.8058823529411765,0.31176470588235294,0.8470588235294118,0.5794117647058823,0.8137254901960783,0.7941176470588235,0.8529411764705882,0.7941176470588235,0.6965686274509804,
139-015,Jaulian stupa and monastery,250,E2014,2014,220,0.3856461644172668,0.3231068551540375,0.4867676198482513,-0.015710974112153,-0.1173187717795372,0.0517263561487197,-0.4157412350177765,-0.4591987133026123,-0.3463838398456573,0.0576336979866027,-0.0331145040690898,0.1119351685047149,220,0.1,0.0,0.3363636363636363,0.0772727272727272,0.4863636363636364,0.0,0.6882352941176471,0.8176470588235294,0.3235294117647059,0.7529411764705882,0.538235294117647,0.8137254901960783,0.7941176470588235,0.8529411764705882,0.7941176470588235,0.6759803921568627,
139-015,Jaulian stupa and monastery,250,E2019,2019,220,0.4730490446090698,0.3706612884998321,0.5882266163825989,-0.1116770952939987,-0.1985240429639816,-0.0308564901351928,-0.4179488718509674,-0.4823857545852661,-0.3468859791755676,-0.0251431297510862,-0.1055111736059188,0.0495192073285579,220,0.1,0.0,0.1727272727272727,0.3045454545454545,0.4227272727272727,0.0,0.27647058823529413,0.22941176470588234,0.3588235294117647,0.2529411764705882,0.3058823529411765,0.8137254901960783,0.7941176470588235,0.8529411764705882,0.7941176470588235,0.5598039215686275,
139-015,Jaulian stupa and monastery,250,E2024,2024,220,0.5989766716957092,0.4462959170341491,0.6902639865875244,-0.1925250738859176,-0.2756232321262359,-0.0755809172987937,-0.4283483922481537,-0.4720863997936249,-0.3757564425468445,-0.1058821082115173,-0.1913008391857147,0.0004850527620874,220,0.05,0.0,0.1272727272727272,0.759090909090909,0.0636363636363636,0.0,0.052941176470588235,0.01764705882352941,0.6058823529411764,0.03529411764705882,0.3205882352941176,0.8137254901960783,0.7941176470588235,0.8529411764705882,0.7941176470588235,0.567156862745098,2.0
139-016,Lalchak mounds,250,E2004,2004,217,0.4492645263671875,0.348940759897232,0.4984231293201446,-0.0795704424381256,-0.1351703107357025,0.0046506165526807,-0.4231372773647308,-0.4425333142280578,-0.4076228141784668,0.0038114902563393,-0.044377576559782,0.079694963991642,217,0.0,0.0,0.5806451612903226,0.0783410138248847,0.3410138248847926,0.0,0.3941176470588235,0.3352941176470588,0.5,0.36470588235294116,0.4323529411764706,0.3725490196078431,0.14705882352941177,0.9411764705882353,0.029411764705882353,0.4024509803921569,
139-016,Lalchak mounds,250,E2009,2009,217,0.437905877828598,0.3457428216934204,0.5228856801986694,-0.0819140076637268,-0.1375647336244583,0.0002978632401209,-0.4212947785854339,-0.4385912120342254,-0.3953609466552734,0.0027982220053672,-0.0581510849297046,0.0796462222933769,217,0.0138248847926267,0.0,0.7511520737327189,0.1566820276497695,0.0783410138248847,0.0,0.4411764705882353,0.31176470588235294,0.4647058823529412,0.3764705882352941,0.42058823529411765,0.3725490196078431,0.14705882352941177,0.9411764705882353,0.029411764705882353,0.39656862745098037,
139-016,Lalchak mounds,250,E2014,2014,217,0.592842161655426,0.4823079705238342,0.7064841985702515,-0.1796871721744537,-0.2950366139411926,-0.0844857692718505,-0.433415949344635,-0.4599659442901611,-0.4080389142036438,-0.0939345359802246,-0.212214857339859,-0.0050976108759641,217,0.0046082949308755,0.0,0.0967741935483871,0.7972350230414746,0.1013824884792626,0.0,0.06470588235294118,0.041176470588235294,0.711764705882353,0.05294117647058824,0.3823529411764706,0.3725490196078431,0.14705882352941177,0.9411764705882353,0.029411764705882353,0.37745098039215685,
139-016,Lalchak mounds,250,E2019,2019,217,0.5444275140762329,0.4473242461681366,0.6170573234558105,-0.1626759618520736,-0.2378384172916412,-0.046513631939888,-0.4179815053939819,-0.4436750113964081,-0.3914332985877991,-0.0742089301347732,-0.1408406198024749,0.0296015739440917,217,0.0,0.0,0.336405529953917,0.6267281105990783,0.0368663594470046,0.0,0.11176470588235295,0.07647058823529412,0.37058823529411766,0.09411764705882353,0.2323529411764706,0.3725490196078431,0.14705882352941177,0.9411764705882353,0.029411764705882353,0.30245098039215684,
139-016,Lalchak mounds,250,E2024,2024,217,0.5045789480209351,0.4083796441555023,0.5913928747177124,-0.1126933321356773,-0.1822124719619751,-0.0379349589347839,-0.4397760331630707,-0.4616751372814178,-0.4191948771476745,-0.0303761381655931,-0.0975708961486816,0.0370325110852718,217,0.0,0.0,0.4101382488479262,0.3502304147465437,0.2396313364055299,0.0,0.22941176470588234,0.21764705882352942,0.7823529411764706,0.22352941176470587,0.5029411764705882,0.3725490196078431,0.14705882352941177,0.9411764705882353,0.029411764705882353,0.4377450980392157,13.0
139-017,Buddhist remains around Bhallar stupa,250,E2004,2004,219,0.3759267330169678,0.3120039701461792,0.4514613449573517,-0.0300975013524293,-0.1264521330595016,0.0283681638538837,-0.4058509171009063,-0.4404985308647156,-0.3560001254081726,0.0453327894210815,-0.0387872867286205,0.1010248586535453,219,0.1598173515981735,0.0136986301369863,0.6301369863013698,0.0639269406392694,0.1324200913242009,0.0,0.8294117647058824,0.7,0.19411764705882353,0.7647058823529411,0.4794117647058823,0.5980392156862745,0.5588235294117647,0.5588235294117647,0.6764705882352942,0.5387254901960784,
139-017,Buddhist remains around Bhallar stupa,250,E2009,2009,219,0.3659337162971496,0.3074764013290405,0.4408604204654693,-0.0210114363580942,-0.1137493550777435,0.0323092527687549,-0.4025591611862182,-0.4467388689517975,-0.3581240773200989,0.0526982732117176,-0.0345377177000045,0.1017204523086547,219,0.2420091324200913,0.0,0.6210045662100456,0.0182648401826484,0.1187214611872146,0.0,0.8647058823529412,0.7705882352941177,0.12352941176470589,0.8176470588235294,0.47058823529411764,0.5980392156862745,0.5588235294117647,0.5588235294117647,0.6764705882352942,0.5343137254901961,
139-017,Buddhist remains around Bhallar stupa,250,E2014,2014,213,0.4095076322555542,0.2955320477485657,0.535047173500061,-0.0469767488539218,-0.1383011490106582,0.0224446710199117,-0.4127469956874847,-0.4650256335735321,-0.367680013179779,0.0300276074558496,-0.0518015138804912,0.0951051041483879,213,0.1690140845070422,0.0046948356807511,0.3990610328638497,0.1314553990610328,0.2957746478873239,0.0,0.5352941176470588,0.5588235294117647,0.3,0.5470588235294118,0.42352941176470593,0.5980392156862745,0.5588235294117647,0.5588235294117647,0.6764705882352942,0.5107843137254902,
139-017,Buddhist remains around Bhallar stupa,250,E2019,2019,219,0.4335514008998871,0.3067276179790497,0.5435551404953003,-0.0637969374656677,-0.1678145974874496,0.0036139336880296,-0.4036156237125397,-0.4633745849132538,-0.3425532579421997,0.0167505592107772,-0.0777247995138168,0.07951021194458,219,0.2146118721461187,0.0045662100456621,0.2876712328767123,0.1552511415525114,0.3378995433789954,0.0,0.4764705882352941,0.3941176470588235,0.13529411764705881,0.43529411764705883,0.2852941176470588,0.5980392156862745,0.5588235294117647,0.5588235294117647,0.6764705882352942,0.44166666666666665,
139-017,Buddhist remains around Bhallar stupa,250,E2024,2024,219,0.4439898729324341,0.2717936336994171,0.575602114200592,-0.072886511683464,-0.1758766025304794,0.036343440413475,-0.4166037738323211,-0.4706212282180786,-0.361356258392334,0.0111880404874682,-0.0930197015404701,0.1025311723351478,219,0.2009132420091324,0.0,0.3242009132420091,0.2785388127853881,0.1963470319634703,0.0,0.40588235294117647,0.3588235294117647,0.3352941176470588,0.38235294117647056,0.35882352941176465,0.5980392156862745,0.5588235294117647,0.5588235294117647,0.6764705882352942,0.4784313725490196,9.0
139-018,Giri Mosque and tombs,250,E2004,2004,219,0.5384989380836487,0.4456789195537567,0.6274721622467041,-0.1237630844116211,-0.2511668503284454,-0.0241522993892431,-0.4416521489620209,-0.4755762219429016,-0.3777193129062652,-0.0478168167173862,-0.1628101170063018,0.0458783656358718,219,0.0,0.0,0.0958904109589041,0.5753424657534246,0.3287671232876712,0.0,0.13529411764705881,0.17058823529411765,0.8058823529411765,0.15294117647058825,0.47941176470588237,0.7352941176470588,0.8529411764705882,0.4411764705882353,0.9117647058823529,0.6073529411764705,
139-018,Giri Mosque and tombs,250,E2009,2009,219,0.5026785731315613,0.4126760959625244,0.5969694256782532,-0.0964112281799316,-0.2208873182535171,0.0064776414074003,-0.4488468468189239,-0.4835577011108398,-0.3854258060455322,-0.028005352243781,-0.1440222412347793,0.0675962790846824,219,0.0,0.0,0.1506849315068493,0.4611872146118721,0.3881278538812785,0.0,0.2411764705882353,0.27647058823529413,0.8529411764705882,0.25882352941176473,0.5558823529411765,0.7352941176470588,0.8529411764705882,0.4411764705882353,0.9117647058823529,0.6455882352941176,
139-018,Giri Mosque and tombs,250,E2014,2014,219,0.5281989574432373,0.4165857434272766,0.6400242447853088,-0.0954969301819801,-0.2204081863164901,0.0172151308506727,-0.4735402464866638,-0.4947357773780823,-0.4353347420692444,-0.0244091730564832,-0.1409060508012771,0.0736515894532203,219,0.0,0.0,0.0547945205479452,0.4474885844748858,0.4977168949771689,0.0,0.18235294117647058,0.28823529411764703,0.9941176470588236,0.23529411764705882,0.6147058823529412,0.7352941176470588,0.8529411764705882,0.4411764705882353,0.9117647058823529,0.675,
139-018,Giri Mosque and tombs,250,E2019,2019,219,0.5289149284362793,0.3750776648521423,0.662033200263977,-0.1006573140621185,-0.2334359139204025,0.0324723199009895,-0.4663271307945251,-0.4891673624515533,-0.4230426251888275,-0.02400928363204,-0.1555755287408828,0.0931369364261627,219,0.0,0.0,0.1278538812785388,0.3789954337899543,0.4931506849315068,0.0,0.1588235294117647,0.2529411764705882,0.9705882352941176,0.20588235294117646,0.5882352941176471,0.7352941176470588,0.8529411764705882,0.4411764705882353,0.9117647058823529,0.6617647058823529,
139-018,Giri Mosque and tombs,250,E2024,2024,219,0.628342866897583,0.5047805905342102,0.7293673157691956,-0.1762988269329071,-0.2737511992454529,-0.0786423683166503,-0.4692588448524475,-0.4917657673358917,-0.43702232837677,-0.1057726666331291,-0.2035373151302337,-0.0050196503289043,219,0.0,0.0,0.0319634703196347,0.771689497716895,0.1963470319634703,0.0,0.01764705882352941,0.052941176470588235,0.9823529411764705,0.03529411764705882,0.5088235294117647,0.7352941176470588,0.8529411764705882,0.4411764705882353,0.9117647058823529,0.6220588235294118,1.0
139-001,Khanpur Cave,500,E2004,2004,871,0.3680725395679474,0.2309322506189346,0.5044877529144287,-0.0227795671671628,-0.1743470877408981,0.1083079054951667,-0.4178189635276794,-0.4550961852073669,-0.3517124056816101,0.0525595173239707,-0.0812405422329902,0.1640967428684234,871,0.1412169919632606,0.1113662456946039,0.4144661308840413,0.1171067738231917,0.2158438576349024,0.0,0.711764705882353,0.6294117647058823,0.45294117647058824,0.6705882352941177,0.5617647058823529,0.4411764705882353,0.6176470588235294,0.3235294117647059,0.38235294117647056,0.5014705882352941,
139-001,Khanpur Cave,500,E2009,2009,871,0.346601665019989,0.2118292301893234,0.4767153561115265,-0.0122374230995774,-0.1532582491636276,0.1265301704406738,-0.4181301891803741,-0.4565170407295227,-0.3446846306324005,0.0620109923183918,-0.0627417266368866,0.1828875392675399,871,0.2169919632606199,0.1526980482204362,0.3444316877152698,0.0401836969001148,0.2456946039035591,0.0,0.8647058823529412,0.7470588235294118,0.4647058823529412,0.8058823529411765,0.6352941176470588,0.4411764705882353,0.6176470588235294,0.3235294117647059,0.38235294117647056,0.538235294117647,
139-001,Khanpur Cave,500,E2014,2014,858,0.3670114278793335,0.2140843272209167,0.5667889714241028,-0.0133531596511602,-0.2054796516895294,0.1304217875003814,-0.4168847203254699,-0.4547813534736633,-0.3433529734611511,0.0626628994941711,-0.1080366894602775,0.1762847602367401,858,0.1678321678321678,0.1468531468531468,0.2529137529137529,0.1433566433566433,0.289044289044289,0.0,0.7235294117647059,0.7235294117647059,0.4294117647058823,0.7235294117647059,0.5764705882352941,0.4411764705882353,0.6176470588235294,0.3235294117647059,0.38235294117647056,0.5088235294117647,
139-001,Khanpur Cave,500,E2019,2019,802,0.3714892566204071,0.2048234641551971,0.6024132966995239,-0.026269145309925,-0.2432964146137237,0.1327250897884369,-0.4102442264556885,-0.4514716565608978,-0.3372710645198822,0.0551833435893058,-0.1327444612979889,0.1757107824087143,802,0.1633416458852868,0.185785536159601,0.2344139650872818,0.1758104738154613,0.240648379052369,0.0,0.6529411764705882,0.6058823529411764,0.2411764705882353,0.6294117647058823,0.43529411764705883,0.4411764705882353,0.6176470588235294,0.3235294117647059,0.38235294117647056,0.43823529411764706,
139-001,Khanpur Cave,500,E2024,2024,858,0.4356506764888763,0.239103615283966,0.6225318312644958,-0.0676507651805877,-0.2242705821990966,0.0949670299887657,-0.418300986289978,-0.4674368798732757,-0.3454891443252563,0.0140015482902526,-0.1317370384931564,0.1491468548774719,858,0.1794871794871795,0.0769230769230769,0.2587412587412587,0.2599067599067599,0.2249417249417249,0.0,0.3588235294117647,0.37058823529411766,0.4764705882352941,0.3647058823529412,0.42058823529411765,0.4411764705882353,0.6176470588235294,0.3235294117647059,0.38235294117647056,0.4308823529411765,14.0
139-003,Bhir Mound,500,E2004,2004,874,0.3219276070594787,0.2415235042572021,0.4381678104400635,0.0136535633355379,-0.0830859914422035,0.0598983094096183,-0.4013636112213135,-0.4484156966209411,-0.3559524416923523,0.0848466455936431,-0.0024798256345093,0.1305047422647476,874,0.2860411899313501,0.0320366132723112,0.5526315789473685,0.0217391304347826,0.1075514874141876,0.0,0.9352941176470588,0.9,0.12352941176470589,0.9176470588235295,0.5205882352941177,0.38235294117647056,0.2647058823529412,0.7352941176470589,0.14705882352941177,0.4514705882352941,
139-003,Bhir Mound,500,E2009,2009,874,0.3052144646644592,0.227720245718956,0.4194439947605133,0.0153253022581338,-0.0617278069257736,0.0585535392165184,-0.3919426202774048,-0.4465413987636566,-0.3400099873542785,0.0852548629045486,0.0150010623037815,0.1263839900493621,874,0.4290617848970252,0.040045766590389,0.408466819221968,0.005720823798627,0.1167048054919908,0.0,0.9705882352941176,0.9352941176470588,0.041176470588235294,0.9529411764705882,0.4970588235294117,0.38235294117647056,0.2647058823529412,0.7352941176470589,0.14705882352941177,0.43970588235294117,
139-003,Bhir Mound,500,E2014,2014,714,0.3493131101131439,0.2265886664390564,0.532788097858429,-0.0077207162976264,-0.1128268614411354,0.0512761622667312,-0.3985921740531921,-0.4776384234428406,-0.3152628540992737,0.0656391531229019,-0.0391932651400566,0.1164798811078071,714,0.3361344537815126,0.0168067226890756,0.3879551820728291,0.0742296918767507,0.1848739495798319,0.0,0.8294117647058824,0.8176470588235294,0.1,0.8235294117647058,0.4617647058823529,0.38235294117647056,0.2647058823529412,0.7352941176470589,0.14705882352941177,0.4220588235294117,
139-003,Bhir Mound,500,E2019,2019,490,0.406581699848175,0.2501374185085296,0.4999173879623413,-0.0273822229355573,-0.0943677201867103,0.0351638458669185,-0.4090679883956909,-0.4658670723438263,-0.3352832794189453,0.0472665578126907,-0.0145066734403371,0.1025545820593833,490,0.2551020408163265,0.0163265306122449,0.4306122448979592,0.0489795918367346,0.2489795918367346,0.0,0.4647058823529412,0.5941176470588235,0.21764705882352942,0.5294117647058824,0.3735294117647059,0.38235294117647056,0.2647058823529412,0.7352941176470589,0.14705882352941177,0.3779411764705882,
139-003,Bhir Mound,500,E2024,2024,738,0.3906523585319519,0.2332537919282913,0.5562387704849243,-0.0325773581862449,-0.141842633485794,0.0313220471143722,-0.3925777077674866,-0.4587883651256561,-0.301077276468277,0.0424882248044014,-0.0633424073457717,0.0984122231602668,738,0.4078590785907859,0.0,0.3130081300813008,0.1287262872628726,0.1504065040650406,0.0,0.5352941176470588,0.5470588235294118,0.052941176470588235,0.5411764705882354,0.2970588235294118,0.38235294117647056,0.2647058823529412,0.7352941176470589,0.14705882352941177,0.3397058823529412,17.0
139-004,Sirkap (fortified city),500,E2004,2004,874,0.3071971833705902,0.2465163469314575,0.4299054443836212,0.0314632728695869,-0.0609404146671295,0.0717431083321571,-0.4184958934783935,-0.4505082964897156,-0.3945545852184295,0.1070744320750236,0.0203393418341875,0.1459158509969711,874,0.0354691075514874,0.051487414187643,0.7528604118993135,0.0080091533180778,0.1521739130434782,0.0,0.9588235294117647,0.9705882352941176,0.48823529411764705,0.9647058823529412,0.7264705882352941,0.3627450980392157,0.3235294117647059,0.5588235294117647,0.20588235294117646,0.5446078431372549,
139-004,Sirkap (fortified city),500,E2009,2009,874,0.2934733033180237,0.2306129187345504,0.4101165235042572,0.0369777902960777,-0.0483872555196285,0.0798164904117584,-0.4139089584350586,-0.4464661777019501,-0.3839755952358246,0.1108708977699279,0.025613410398364,0.1488417387008667,874,0.080091533180778,0.1521739130434782,0.6224256292906178,0.0,0.1453089244851258,0.0,0.9941176470588236,0.9941176470588236,0.34705882352941175,0.9941176470588236,0.6705882352941177,0.3627450980392157,0.3235294117647059,0.5588235294117647,0.20588235294117646,0.5166666666666667,
139-004,Sirkap (fortified city),500,E2014,2014,874,0.3269858062267303,0.233514666557312,0.4801518321037292,0.0140551188960671,-0.0820346847176551,0.0747146606445312,-0.3980202674865722,-0.4550351202487945,-0.3714988827705383,0.0846366733312606,-0.0091042947024106,0.1358853876590728,874,0.1590389016018306,0.0354691075514874,0.6189931350114416,0.0469107551487414,0.1395881006864988,0.0,0.9117647058823529,0.9235294117647059,0.08823529411764706,0.9176470588235295,0.5029411764705882,0.3627450980392157,0.3235294117647059,0.5588235294117647,0.20588235294117646,0.432843137254902,
139-004,Sirkap (fortified city),500,E2019,2019,874,0.3708495497703552,0.2686637639999389,0.4964819848537445,-0.0097248665988445,-0.0859800204634666,0.0518409982323646,-0.4085789322853088,-0.4593711197376251,-0.3776425123214721,0.0629406869411468,-0.0102829113602638,0.1170914396643638,874,0.0892448512585812,0.0102974828375286,0.7185354691075515,0.0549199084668192,0.1270022883295194,0.0,0.6764705882352942,0.8058823529411765,0.19411764705882353,0.7411764705882353,0.4676470588235294,0.3627450980392157,0.3235294117647059,0.5588235294117647,0.20588235294117646,0.4151960784313725,
139-004,Sirkap (fortified city),500,E2024,2024,874,0.3939923942089081,0.2654439508914947,0.5629622340202332,-0.0214464552700519,-0.1373749822378158,0.0641345381736755,-0.4232159256935119,-0.4630444347858429,-0.3905603885650635,0.0517699122428894,-0.0591282099485397,0.1237900182604789,874,0.040045766590389,0.0148741418764302,0.6350114416475973,0.1453089244851258,0.1647597254004576,0.0,0.5,0.6529411764705882,0.6176470588235294,0.5764705882352941,0.5970588235294118,0.3627450980392157,0.3235294117647059,0.5588235294117647,0.20588235294117646,0.4799019607843137,12.0
139-005,Sirsukh (fortified ruined city),500,E2004,2004,871,0.4442678987979889,0.3676387965679168,0.5037376284599304,-0.070739559829235,-0.1264257282018661,0.0025064242072403,-0.4262444972991943,-0.4525375068187713,-0.4008022546768188,0.0112378355115652,-0.0412945263087749,0.0753631219267845,871,0.0160734787600459,0.0022962112514351,0.5671641791044776,0.1446613088404133,0.269804822043628,0.0,0.3235294117647059,0.34705882352941175,0.711764705882353,0.33529411764705885,0.5235294117647059,0.4411764705882353,0.14705882352941177,0.9117647058823529,0.2647058823529412,0.4823529411764706,
139-005,Sirsukh (fortified ruined city),500,E2009,2009,871,0.4389111995697021,0.3526663184165954,0.5105093717575073,-0.0709664300084114,-0.1274991929531097,0.0004076913755852,-0.4234320819377899,-0.447692334651947,-0.3969932496547699,0.0067748362198472,-0.0503617636859416,0.0773333385586738,871,0.0068886337543053,0.0,0.7428243398392652,0.1377726750861079,0.1125143513203214,0.0,0.34705882352941175,0.3235294117647059,0.6294117647058823,0.33529411764705885,0.4823529411764706,0.4411764705882353,0.14705882352941177,0.9117647058823529,0.2647058823529412,0.46176470588235297,
139-005,Sirsukh (fortified ruined city),500,E2014,2014,871,0.5007065534591675,0.357169508934021,0.6632691025733948,-0.1042965129017829,-0.2511490881443023,0.0038918810896575,-0.4264406561851501,-0.4535378217697143,-0.398886501789093,-0.0225691702216863,-0.1696017831563949,0.0751828700304031,871,0.0401836969001148,0.0114810562571756,0.3536165327210103,0.4879448909299655,0.1067738231917336,0.0,0.22941176470588234,0.2647058823529412,0.7352941176470589,0.24705882352941178,0.4911764705882353,0.4411764705882353,0.14705882352941177,0.9117647058823529,0.2647058823529412,0.4661764705882353,
139-005,Sirsukh (fortified ruined city),500,E2019,2019,871,0.4938518106937408,0.3771010935306549,0.6027339696884155,-0.1250942349433899,-0.2243564277887344,-0.0218803398311138,-0.4146023094654083,-0.4385441839694977,-0.3833426237106323,-0.0341321900486946,-0.130431666970253,0.0495279133319854,871,0.0516647531572904,0.0,0.5120551090700345,0.399540757749713,0.0367393800229621,0.0,0.2411764705882353,0.18235294117647058,0.38235294117647056,0.21176470588235294,0.29705882352941176,0.4411764705882353,0.14705882352941177,0.9117647058823529,0.2647058823529412,0.36911764705882355,
139-005,Sirsukh (fortified ruined city),500,E2024,2024,871,0.5078336000442505,0.3971527516841888,0.5896350741386414,-0.1062473952770233,-0.1724272966384887,-0.0303666405379772,-0.4389353096485138,-0.4677242636680603,-0.3974596560001373,-0.0269645880907773,-0.0916307419538497,0.0446824245154857,871,0.0321469575200918,0.0,0.4397244546498278,0.34902411021814,0.1791044776119403,0.0,0.19411764705882353,0.2529411764705882,0.9,0.22352941176470587,0.5617647058823529,0.4411764705882353,0.14705882352941177,0.9117647058823529,0.2647058823529412,0.5014705882352941,9.0
139-006,Dharmarajika stupa and monastery,500,E2004,2004,870,0.3470341563224792,0.2579959630966186,0.4487192928791046,0.0109383929520845,-0.063734695315361,0.0570010766386985,-0.4325818419456482,-0.4673892855644226,-0.4031907916069031,0.0897708535194397,0.0153994727879762,0.1373981833457946,870,0.0045977011494252,0.0517241379310344,0.6310344827586207,0.0149425287356321,0.2977011494252873,0.0,0.8411764705882353,0.888235294117647,0.8411764705882353,0.8647058823529412,0.8529411764705883,0.5196078431372549,0.38235294117647056,0.6176470588235294,0.5588235294117647,0.6862745098039216,
139-006,Dharmarajika stupa and monastery,500,E2009,2009,870,0.3236190974712372,0.2494823038578033,0.4250986576080322,0.0196112655103206,-0.0534722656011581,0.0579881854355335,-0.4167252779006958,-0.464739978313446,-0.3932201266288757,0.0958317518234252,0.0225034411996603,0.1336210221052169,870,0.0103448275862068,0.1149425287356321,0.5551724137931034,0.0034482758620689,0.3160919540229885,0.0,0.9235294117647059,0.9470588235294117,0.4176470588235294,0.9352941176470588,0.6764705882352942,0.5196078431372549,0.38235294117647056,0.6176470588235294,0.5588235294117647,0.5980392156862746,
139-006,Dharmarajika stupa and monastery,500,E2014,2014,870,0.3520100712776184,0.2551327645778656,0.5068665742874146,0.0058571184054017,-0.0914367288351059,0.0547036007046699,-0.4160593152046203,-0.4701472222805023,-0.3698996007442474,0.0792419537901878,-0.0178924817591905,0.1222742646932601,870,0.0563218390804597,0.0459770114942528,0.5735632183908046,0.0758620689655172,0.2482758620689655,0.0,0.8176470588235294,0.8647058823529412,0.40588235294117647,0.8411764705882353,0.6235294117647059,0.5196078431372549,0.38235294117647056,0.6176470588235294,0.5588235294117647,0.5715686274509804,
139-006,Dharmarajika stupa and monastery,500,E2019,2019,870,0.4094752967357635,0.3051263093948364,0.5258417129516602,-0.0285906270146369,-0.1142977550625801,0.02148955501616,-0.4240792393684387,-0.4721989333629608,-0.3816685676574707,0.0464457049965858,-0.0348103269934654,0.0963173657655716,870,0.0172413793103448,0.0011494252873563,0.5942528735632184,0.1045977011494252,0.2827586206896552,0.0,0.45294117647058824,0.5823529411764706,0.6529411764705882,0.5176470588235295,0.5852941176470589,0.5196078431372549,0.38235294117647056,0.6176470588235294,0.5588235294117647,0.5524509803921569,
139-006,Dharmarajika stupa and monastery,500,E2024,2024,870,0.4508886933326721,0.3089974522590637,0.5866602659225464,-0.0671477168798446,-0.1682823002338409,0.017590956762433,-0.4291724860668182,-0.4756610095500946,-0.3889809250831604,0.0114197377115488,-0.0897788181900978,0.0944268405437469,870,0.0057471264367816,0.025287356321839,0.5183908045977011,0.1793103448275862,0.271264367816092,0.0,0.31176470588235294,0.38235294117647056,0.7588235294117647,0.34705882352941175,0.5529411764705883,0.5196078431372549,0.38235294117647056,0.6176470588235294,0.5588235294117647,0.5362745098039217,5.0
139-007,Khader Mohra (Akhuri),500,E2004,2004,871,0.3790982961654663,0.321269541978836,0.4747659265995025,-0.0362325645983219,-0.1580612957477569,0.0512043163180351,-0.4127118587493896,-0.4688114523887634,-0.323346346616745,0.0426500290632247,-0.0596475526690483,0.1170820295810699,871,0.1067738231917336,0.0114810562571756,0.3283582089552239,0.0907003444316877,0.4626865671641791,0.0,0.5941176470588235,0.5117647058823529,0.28823529411764703,0.5529411764705883,0.42058823529411765,0.5588235294117646,0.8529411764705882,0.029411764705882353,0.7941176470588235,0.4897058823529411,
139-007,Khader Mohra (Akhuri),500,E2009,2009,871,0.3745420277118683,0.2955464422702789,0.4838948249816894,-0.0346303321421146,-0.1481954455375671,0.0651305764913559,-0.4106356501579284,-0.4580623209476471,-0.3395764529705047,0.0424531437456607,-0.0625775456428527,0.1320715695619583,871,0.1699196326061997,0.0022962112514351,0.3765786452353616,0.1010332950631458,0.3501722158438576,0.0,0.6294117647058823,0.5352941176470588,0.2529411764705882,0.5823529411764705,0.41764705882352937,0.5588235294117646,0.8529411764705882,0.029411764705882353,0.7941176470588235,0.488235294117647,
139-007,Khader Mohra (Akhuri),500,E2014,2014,871,0.391315221786499,0.3141784369945526,0.5504087209701538,-0.0411405004560947,-0.2044135928153991,0.0565174408257007,-0.4153493344783783,-0.4581226110458374,-0.3176766633987427,0.0369242168962955,-0.1031993925571441,0.1161022633314132,871,0.0470723306544202,0.0160734787600459,0.2376578645235361,0.1584385763490241,0.5407577497129736,0.0,0.5235294117647059,0.4294117647058823,0.3941176470588235,0.4764705882352941,0.43529411764705883,0.5588235294117646,0.8529411764705882,0.029411764705882353,0.7941176470588235,0.4970588235294117,
139-007,Khader Mohra (Akhuri),500,E2019,2019,871,0.4153186976909637,0.3083135187625885,0.5767127275466919,-0.0708857700228691,-0.2360991388559341,0.0476578250527381,-0.4072195589542389,-0.4466837048530578,-0.3027113676071167,0.0129801323637366,-0.1413469910621643,0.1113708913326263,871,0.0619977037887485,0.018369690011481,0.2078071182548794,0.2606199770378875,0.4512055109070034,0.0,0.4235294117647059,0.3352941176470588,0.18235294117647058,0.37941176470588234,0.28088235294117647,0.5588235294117646,0.8529411764705882,0.029411764705882353,0.7941176470588235,0.41985294117647054,
139-007,Khader Mohra (Akhuri),500,E2024,2024,871,0.5082968473434448,0.4094198644161224,0.6546245217323303,-0.1143429353833198,-0.264221727848053,-0.0174087882041931,-0.4319323599338531,-0.4705123603343963,-0.370596170425415,-0.0286878105252981,-0.1734838932752609,0.0540499277412891,871,0.0218140068886337,0.0011481056257175,0.1458094144661308,0.3972445464982778,0.4339839265212399,0.0,0.18235294117647058,0.20588235294117646,0.8294117647058824,0.1941176470588235,0.5117647058823529,0.5588235294117646,0.8529411764705882,0.029411764705882353,0.7941176470588235,0.5352941176470587,6.0
139-008,Kalawan group of buildings,500,E2004,2004,875,0.361090749502182,0.2707289755344391,0.4510813355445862,0.0044706603512167,-0.0761579349637031,0.0530013144016265,-0.4385532438755035,-0.4685195386409759,-0.3928315937519073,0.0819728448987007,0.0051563330926001,0.1317068636417389,875,0.0388571428571428,0.0388571428571428,0.5097142857142857,0.0205714285714285,0.392,0.0,0.7823529411764706,0.8529411764705882,0.888235294117647,0.8176470588235294,0.8529411764705882,0.4705882352941176,0.4411764705882353,0.47058823529411764,0.5,0.6617647058823529,
139-008,Kalawan group of buildings,500,E2009,2009,875,0.3462654948234558,0.2568318545818329,0.4363859295845032,0.0107352817431092,-0.0726425722241401,0.0577092468738555,-0.4246948361396789,-0.4680699408054352,-0.3863330483436584,0.0828131809830665,0.0070616612210869,0.1311281025409698,875,0.0617142857142857,0.0822857142857142,0.4422857142857143,0.0102857142857142,0.4034285714285714,0.0,0.8764705882352941,0.8764705882352941,0.6764705882352942,0.8764705882352941,0.7764705882352941,0.4705882352941176,0.4411764705882353,0.47058823529411764,0.5,0.6235294117647059,
139-008,Kalawan group of buildings,500,E2014,2014,875,0.3656013011932373,0.2639263570308685,0.5455897450447083,0.002971677808091,-0.1333622336387634,0.0594333708286285,-0.426351934671402,-0.4720596373081207,-0.370898425579071,0.0740752518177032,-0.0535189732909202,0.1228773072361946,875,0.056,0.032,0.4057142857142857,0.1142857142857142,0.392,0.0,0.7352941176470589,0.8411764705882353,0.7235294117647059,0.7882352941176471,0.7558823529411764,0.4705882352941176,0.4411764705882353,0.47058823529411764,0.5,0.613235294117647,
139-008,Kalawan group of buildings,500,E2019,2019,875,0.4184981882572174,0.3171615898609161,0.556527316570282,-0.0302987173199653,-0.1505696177482605,0.0213905088603496,-0.4303780794143677,-0.4744219779968261,-0.3780762851238251,0.0430429354310035,-0.0679758489131927,0.0950338691473007,875,0.0331428571428571,0.0011428571428571,0.4125714285714286,0.1577142857142857,0.3954285714285714,0.0,0.40588235294117647,0.5588235294117647,0.8058823529411765,0.4823529411764706,0.6441176470588236,0.4705882352941176,0.4411764705882353,0.47058823529411764,0.5,0.5573529411764706,
139-008,Kalawan group of buildings,500,E2024,2024,875,0.4836149215698242,0.3153832554817199,0.6131768822669983,-0.0864617004990577,-0.201011911034584,0.0113887963816523,-0.4329427480697632,-0.4770206809043884,-0.3873854577541351,-0.0058203381486237,-0.1175124943256378,0.0887329205870628,875,0.0182857142857142,0.0251428571428571,0.3554285714285714,0.248,0.3531428571428571,0.0,0.27647058823529413,0.28823529411764703,0.8529411764705882,0.2823529411764706,0.5676470588235294,0.4705882352941176,0.4411764705882353,0.47058823529411764,0.5,0.5191176470588235,7.0
139-009,Giri complex of monuments,500,E2004,2004,874,0.542160153388977,0.4540861248970032,0.6120544672012329,-0.1503370106220245,-0.2515093386173248,-0.0508827529847621,-0.4339651465415954,-0.4733435809612274,-0.3576241433620453,-0.070439837872982,-0.1591786593198776,0.0252560842782259,874,0.0,0.0,0.091533180778032,0.6464530892448512,0.2620137299771167,0.0,0.13529411764705881,0.11176470588235295,0.8647058823529412,0.12352941176470589,0.49411764705882355,0.676470588235294,0.7941176470588235,0.2647058823529412,0.9705882352941176,0.5852941176470587,
139-009,Giri complex of monuments,500,E2009,2009,874,0.4930008351802826,0.4039338529109955,0.5807534456253052,-0.1142610237002372,-0.2124820053577423,-0.011467513628304,-0.4293870329856872,-0.4709260165691376,-0.3570939004421234,-0.0363073833286762,-0.1291407942771911,0.0569608882069587,874,0.011441647597254,0.0,0.205949656750572,0.459954233409611,0.3226544622425629,0.0,0.2529411764705882,0.21764705882352942,0.7705882352941177,0.23529411764705882,0.5029411764705882,0.676470588235294,0.7941176470588235,0.2647058823529412,0.9705882352941176,0.5897058823529411,
139-009,Giri complex of monuments,500,E2014,2014,872,0.5702353715896606,0.4345575273036957,0.677579939365387,-0.1507890820503235,-0.2862091958522796,-0.0201429724693298,-0.4570188522338867,-0.4913960993289947,-0.3762978911399841,-0.0732084140181541,-0.1975787580013275,0.0467000342905521,872,0.0011467889908256,0.0,0.0676605504587156,0.6238532110091743,0.3073394495412844,0.0,0.06470588235294118,0.08823529411764706,0.9823529411764705,0.07647058823529412,0.5294117647058824,0.676470588235294,0.7941176470588235,0.2647058823529412,0.9705882352941176,0.6029411764705882,
139-009,Giri complex of monuments,500,E2019,2019,871,0.5424619317054749,0.3831650912761688,0.6806377172470093,-0.1370328515768051,-0.2829663753509521,-0.0013665420701727,-0.4496994912624359,-0.4850087463855743,-0.3843662440776825,-0.0548822432756423,-0.1944096684455871,0.0682421773672103,871,0.0045924225028702,0.0126291618828932,0.1010332950631458,0.5166475315729047,0.365097588978186,0.0,0.12352941176470589,0.1588235294117647,0.9352941176470588,0.1411764705882353,0.538235294117647,0.676470588235294,0.7941176470588235,0.2647058823529412,0.9705882352941176,0.6073529411764705,
139-009,Giri complex of monuments,500,E2024,2024,874,0.6325656175613403,0.5029746294021606,0.7297542691230774,-0.2044548094272613,-0.3134707808494568,-0.0794079378247261,-0.4592317938804626,-0.4890436232089996,-0.4128208756446838,-0.1220237463712692,-0.2324400693178177,-0.0054352087900042,874,0.0011441647597254,0.0,0.0423340961098398,0.7929061784897025,0.1636155606407322,0.0,0.01764705882352941,0.01764705882352941,0.9941176470588236,0.01764705882352941,0.5058823529411764,0.676470588235294,0.7941176470588235,0.2647058823529412,0.9705882352941176,0.5911764705882352,1.0
139-010,Kunala stupa and monastery,500,E2004,2004,872,0.3203945457935333,0.2499269992113113,0.4122108519077301,0.0279972050338983,-0.0557133071124553,0.0732592120766639,-0.4234392642974853,-0.4571761786937713,-0.3920648694038391,0.1028245538473129,0.0261013954877853,0.1484061777591705,872,0.0642201834862385,0.0768348623853211,0.6158256880733946,0.0080275229357798,0.235091743119266,0.0,0.9470588235294117,0.9588235294117647,0.6411764705882353,0.9529411764705882,0.7970588235294118,0.46078431372549017,0.6764705882352942,0.38235294117647056,0.3235294117647059,0.628921568627451,
139-010,Kunala stupa and monastery,500,E2009,2009,872,0.30164635181427,0.2391311228275299,0.3966395556926727,0.0323213562369346,-0.0497596263885498,0.0760459527373313,-0.4145629107952118,-0.4509448707103729,-0.3733757436275482,0.1055409088730812,0.0278563052415847,0.1436803489923477,872,0.1169724770642201,0.0928899082568807,0.5894495412844036,0.0045871559633027,0.1961009174311926,0.0,0.9823529411764705,0.9823529411764705,0.37058823529411766,0.9823529411764705,0.6764705882352942,0.46078431372549017,0.6764705882352942,0.38235294117647056,0.3235294117647059,0.5686274509803921,
139-010,Kunala stupa and monastery,500,E2014,2014,872,0.3397542238235473,0.2445227354764938,0.4713219702243805,0.0139661682769656,-0.0785714089870452,0.0727734342217445,-0.4053180813789367,-0.4587871134281158,-0.3753743767738342,0.0843682885169982,-0.0010550258448347,0.1335260272026062,872,0.1032110091743119,0.036697247706422,0.5378440366972477,0.0424311926605504,0.2798165137614679,0.0,0.9,0.9117647058823529,0.14705882352941177,0.9058823529411765,0.5264705882352941,0.46078431372549017,0.6764705882352942,0.38235294117647056,0.3235294117647059,0.4936274509803922,
139-010,Kunala stupa and monastery,500,E2019,2019,872,0.3709548115730285,0.2743679583072662,0.4935906231403351,-0.0099286250770092,-0.0953359976410865,0.0481155216693878,-0.4135550260543823,-0.4574275612831116,-0.3759028613567352,0.0642896592617034,-0.0186521802097558,0.1132095903158187,872,0.0653669724770642,0.0126146788990825,0.5928899082568807,0.0527522935779816,0.2763761467889908,0.0,0.6647058823529411,0.7941176470588235,0.3352941176470588,0.7294117647058823,0.5323529411764706,0.46078431372549017,0.6764705882352942,0.38235294117647056,0.3235294117647059,0.4965686274509804,
139-010,Kunala stupa and monastery,500,E2024,2024,872,0.425961971282959,0.2807766795158386,0.5731873512268066,-0.0410231798887252,-0.1600387543439865,0.0494281016290187,-0.4246430993080139,-0.4630456566810608,-0.390761137008667,0.0339362993836402,-0.0790973529219627,0.1153335198760032,872,0.0286697247706422,0.0114678899082568,0.4931192660550458,0.1903669724770642,0.2763761467889908,0.0,0.3941176470588235,0.4411764705882353,0.6647058823529411,0.41764705882352937,0.5411764705882353,0.46078431372549017,0.6764705882352942,0.38235294117647056,0.3235294117647059,0.5009803921568627,10.0
139-011,Jandial complex,500,E2004,2004,870,0.3621450066566467,0.3021785616874695,0.4581583142280578,-0.011258359067142,-0.0908270701766014,0.040561493486166,-0.419614166021347,-0.4492547512054443,-0.3782216310501098,0.0643835365772247,-0.0076062390580773,0.1113931834697723,870,0.1,0.0022988505747126,0.7850574712643679,0.0206896551724137,0.0919540229885057,0.0,0.7705882352941177,0.7588235294117647,0.5235294117647059,0.7647058823529411,0.6441176470588235,0.4411764705882353,0.20588235294117646,0.6764705882352942,0.4411764705882353,0.5426470588235294,
139-011,Jandial complex,500,E2009,2009,870,0.3456953763961792,0.2688732147216797,0.4472227096557617,-0.0109940385445952,-0.1021122634410858,0.0389723256230354,-0.3977649211883545,-0.4298235476016998,-0.3589092493057251,0.0624571740627288,-0.0211801826953887,0.1075309291481971,870,0.2597701149425287,0.0034482758620689,0.7011494252873564,0.0068965517241379,0.028735632183908,0.0,0.888235294117647,0.7705882352941177,0.07647058823529412,0.8294117647058823,0.4529411764705882,0.4411764705882353,0.20588235294117646,0.6764705882352942,0.4411764705882353,0.44705882352941173,
139-011,Jandial complex,500,E2014,2014,867,0.3562959134578705,0.2635562717914581,0.5073345899581909,-0.0161543525755405,-0.1244814619421958,0.0457225926220417,-0.3900505304336548,-0.4395553171634674,-0.3427253663539886,0.058934673666954,-0.0414403975009918,0.1108019202947616,867,0.3379469434832756,0.0046136101499423,0.5178777393310265,0.0657439446366782,0.0738177623990772,0.0,0.8058823529411765,0.711764705882353,0.01764705882352941,0.7588235294117647,0.38823529411764707,0.4411764705882353,0.20588235294117646,0.6764705882352942,0.4411764705882353,0.41470588235294115,
139-011,Jandial complex,500,E2019,2019,858,0.359489381313324,0.2492171227931976,0.5214945077896118,-0.0203199535608291,-0.1441151201725006,0.0380125828087329,-0.3811792135238647,-0.4344629645347595,-0.3284374475479126,0.0578067451715469,-0.0540032535791397,0.1050316244363784,858,0.4230769230769231,0.0,0.4347319347319347,0.0955710955710955,0.0466200466200466,0.0,0.7941176470588235,0.6764705882352942,0.0058823529411764705,0.7352941176470589,0.37058823529411766,0.4411764705882353,0.20588235294117646,0.6764705882352942,0.4411764705882353,0.40588235294117647,
139-011,Jandial complex,500,E2024,2024,868,0.4011480212211609,0.266916424036026,0.5667912364006042,-0.044438187032938,-0.1677418947219848,0.0314168073236942,-0.3943135440349579,-0.4462443590164184,-0.3358553946018219,0.0338522717356681,-0.0815484374761581,0.0985978320240974,868,0.3317972350230415,0.0011520737327188,0.4930875576036866,0.1059907834101382,0.0679723502304147,0.0,0.4764705882352941,0.4176470588235294,0.06470588235294118,0.44705882352941173,0.25588235294117645,0.4411764705882353,0.20588235294117646,0.6764705882352942,0.4411764705882353,0.34852941176470587,16.0
139-012,Lalchak and Badalpur Buddhist stuppa,500,E2004,2004,872,0.4648914635181427,0.3833970427513122,0.529751718044281,-0.0965364575386047,-0.1545822769403457,-0.0286641549319028,-0.4199633598327636,-0.4385197162628174,-0.3992167115211487,-0.0110265780240297,-0.0668984726071357,0.0518984496593475,872,0.0114678899082568,0.0,0.5676605504587156,0.2832568807339449,0.1376146788990825,0.0,0.28823529411764703,0.27647058823529413,0.5470588235294118,0.2823529411764706,0.4147058823529412,0.3137254901960784,0.058823529411764705,0.7941176470588235,0.08823529411764706,0.36421568627450984,
139-012,Lalchak and Badalpur Buddhist stuppa,500,E2009,2009,872,0.4855672717094421,0.4063560366630554,0.5462480187416077,-0.115691065788269,-0.1753270775079727,-0.0539818406105041,-0.414450466632843,-0.439893364906311,-0.3858265280723572,-0.032085508108139,-0.0917328298091888,0.02614620141685,872,0.0275229357798165,0.0,0.5825688073394495,0.2706422018348624,0.1192660550458715,0.0,0.2647058823529412,0.19411764705882353,0.3588235294117647,0.22941176470588237,0.29411764705882354,0.3137254901960784,0.058823529411764705,0.7941176470588235,0.08823529411764706,0.303921568627451,
139-012,Lalchak and Badalpur Buddhist stuppa,500,E2014,2014,872,0.5293232202529907,0.3745191395282745,0.6531277298927307,-0.1422576010227203,-0.2542994320392608,-0.0207436513155698,-0.4219130277633667,-0.4456492066383362,-0.3866224586963653,-0.0538034960627555,-0.1679204255342483,0.056019302457571,872,0.0688073394495412,0.0,0.2924311926605504,0.5665137614678899,0.0722477064220183,0.0,0.14705882352941177,0.13529411764705881,0.5941176470588235,0.1411764705882353,0.36764705882352944,0.3137254901960784,0.058823529411764705,0.7941176470588235,0.08823529411764706,0.34068627450980393,
139-012,Lalchak and Badalpur Buddhist stuppa,500,E2019,2019,866,0.5431039333343506,0.3991846442222595,0.6520716547966003,-0.1720930933952331,-0.2677114009857178,-0.0685060247778892,-0.4131113588809967,-0.4384641051292419,-0.3646856546401977,-0.0767094939947128,-0.1729557812213897,0.0214581806212663,866,0.1039260969976905,0.0,0.2043879907621247,0.6547344110854504,0.0369515011547344,0.0,0.11176470588235295,0.052941176470588235,0.3,0.08235294117647059,0.19117647058823528,0.3137254901960784,0.058823529411764705,0.7941176470588235,0.08823529411764706,0.25245098039215685,
139-012,Lalchak and Badalpur Buddhist stuppa,500,E2024,2024,871,0.571389377117157,0.4343109130859375,0.6531270146369934,-0.1677406430244445,-0.2400216609239578,-0.0745503380894661,-0.4376829266548157,-0.4613009691238403,-0.385477602481842,-0.0809437111020088,-0.1560721695423126,0.0097528295591473,871,0.0436280137772675,0.0,0.2640642939150401,0.6142365097588978,0.0780711825487944,0.0,0.052941176470588235,0.07647058823529412,0.8764705882352941,0.06470588235294118,0.47058823529411764,0.3137254901960784,0.058823529411764705,0.7941176470588235,0.08823529411764706,0.39215686274509803,15.0
139-013,Mohra Moradu stupa and monastery,500,E2004,2004,871,0.3792243897914886,0.3181293308734894,0.4747659265995025,-0.0391216315329074,-0.1594782471656799,0.0527360141277313,-0.4118773937225342,-0.467380940914154,-0.3233086466789245,0.0420922487974166,-0.0608632527291774,0.1182426214218139,871,0.1090700344431687,0.010332950631458,0.3467278989667049,0.0895522388059701,0.4443168771526981,0.0,0.5823529411764706,0.4764705882352941,0.2647058823529412,0.5294117647058824,0.3970588235294118,0.5784313725490197,0.9117647058823529,0.08823529411764706,0.7352941176470589,0.48774509803921573,
139-013,Mohra Moradu stupa and monastery,500,E2009,2009,871,0.3756785988807678,0.2939634025096893,0.4838948249816894,-0.036064863204956,-0.1481954455375671,0.0676727145910263,-0.4093112647533417,-0.45657479763031,-0.3405439853668213,0.040833756327629,-0.0625775456428527,0.1326609402894973,871,0.1733639494833524,0.0022962112514351,0.3869115958668197,0.1010332950631458,0.3363949483352468,0.0,0.6176470588235294,0.5235294117647059,0.22941176470588234,0.5705882352941176,0.39999999999999997,0.5784313725490197,0.9117647058823529,0.08823529411764706,0.7352941176470589,0.48921568627450984,
139-013,Mohra Moradu stupa and monastery,500,E2014,2014,871,0.390016496181488,0.3102315068244934,0.5527012944221497,-0.0398758724331855,-0.2077199965715408,0.0608545169234275,-0.4135513603687286,-0.4568874537944793,-0.3176766633987427,0.038007665425539,-0.1086343303322792,0.1189425587654113,871,0.052812858783008,0.0160734787600459,0.2433983926521239,0.1618828932261768,0.5258323765786452,0.0,0.5470588235294118,0.4647058823529412,0.3235294117647059,0.5058823529411764,0.41470588235294115,0.5784313725490197,0.9117647058823529,0.08823529411764706,0.7352941176470589,0.4965686274509804,
139-013,Mohra Moradu stupa and monastery,500,E2019,2019,871,0.4153186976909637,0.3061566054821014,0.5747495293617249,-0.0695785358548164,-0.2360991388559341,0.0543820969760417,-0.4061495363712311,-0.4445734322071075,-0.3027113676071167,0.0146193318068981,-0.1413469910621643,0.1173705533146858,871,0.0619977037887485,0.0206659012629161,0.2101033295063145,0.2617680826636051,0.4454649827784156,0.0,0.4235294117647059,0.3588235294117647,0.1588235294117647,0.3911764705882353,0.275,0.5784313725490197,0.9117647058823529,0.08823529411764706,0.7352941176470589,0.42671568627450984,
139-013,Mohra Moradu stupa and monastery,500,E2024,2024,871,0.5061436891555786,0.3982882499694824,0.6546245217323303,-0.1124354302883148,-0.264221727848053,-0.0096116280183196,-0.4297409355640411,-0.4693896770477295,-0.369901955127716,-0.0268371812999248,-0.1734838932752609,0.0584826506674289,871,0.0241102181400688,0.0057405281285878,0.1584385763490241,0.4018369690011481,0.409873708381171,0.0,0.20588235294117646,0.22941176470588234,0.7823529411764706,0.21764705882352942,0.5,0.5784313725490197,0.9117647058823529,0.08823529411764706,0.7352941176470589,0.5392156862745099,4.0
139-014,Pippala stupa and monastery,500,E2004,2004,872,0.3831757307052612,0.3080945312976837,0.4924499690532684,-0.024384755641222,-0.1136567220091819,0.0616001598536968,-0.4309935867786407,-0.4680317938327789,-0.3831630349159241,0.0550577417016029,-0.0286032799631357,0.1246450394392013,872,0.0848623853211009,0.0011467889908256,0.5149082568807339,0.0768348623853211,0.3222477064220183,0.0,0.5588235294117647,0.6176470588235294,0.8176470588235294,0.5882352941176471,0.7029411764705882,0.5490196078431372,0.5588235294117647,0.47058823529411764,0.6176470588235294,0.6259803921568627,
139-014,Pippala stupa and monastery,500,E2009,2009,872,0.3715244829654693,0.2959432899951935,0.4651511907577514,-0.020090714097023,-0.1096375361084938,0.078512042760849,-0.4215096831321716,-0.469501793384552,-0.3744123578071594,0.0562779568135738,-0.0280825328081846,0.1402499377727508,872,0.1055045871559633,0.0,0.588302752293578,0.0435779816513761,0.2626146788990826,0.0,0.6411764705882353,0.6882352941176471,0.5588235294117647,0.6647058823529413,0.611764705882353,0.5490196078431372,0.5588235294117647,0.47058823529411764,0.6176470588235294,0.580392156862745,
139-014,Pippala stupa and monastery,500,E2014,2014,872,0.3763799965381622,0.2886883914470672,0.5001736879348755,-0.0044280411675572,-0.1179109066724777,0.0761740803718566,-0.4177568554878235,-0.4642011821269989,-0.3698310554027557,0.0677930861711502,-0.0313915498554706,0.1287270784378051,872,0.0825688073394495,0.0160550458715596,0.463302752293578,0.0951834862385321,0.3428899082568807,0.0,0.6058823529411764,0.8294117647058824,0.4411764705882353,0.7176470588235294,0.5794117647058823,0.5490196078431372,0.5588235294117647,0.47058823529411764,0.6176470588235294,0.5642156862745098,
139-014,Pippala stupa and monastery,500,E2019,2019,871,0.3987109661102295,0.2806426286697387,0.5317394137382507,-0.0381980873644351,-0.1547881215810775,0.0662244260311126,-0.4087512791156769,-0.4451821148395538,-0.3539646863937378,0.0431765578687191,-0.0633297190070152,0.1257155835628509,871,0.1216991963260619,0.0390355912743972,0.4902411021814007,0.1113662456946039,0.2376578645235361,0.0,0.48823529411764705,0.5,0.20588235294117646,0.49411764705882355,0.35,0.5490196078431372,0.5588235294117647,0.47058823529411764,0.6176470588235294,0.4495098039215686,
139-014,Pippala stupa and monastery,500,E2024,2024,872,0.4299561977386474,0.3208649158477783,0.565222442150116,-0.0519726350903511,-0.1649861335754394,0.0319224707782268,-0.4188007116317749,-0.4557531476020813,-0.3754145801067352,0.0283254031091928,-0.0763085857033729,0.0989104732871055,872,0.0699541284403669,0.0194954128440367,0.4965596330275229,0.1502293577981651,0.2637614678899082,0.0,0.38235294117647056,0.40588235294117647,0.5117647058823529,0.3941176470588235,0.4529411764705882,0.5490196078431372,0.5588235294117647,0.47058823529411764,0.6176470588235294,0.5009803921568627,11.0
139-015,Jaulian stupa and monastery,500,E2004,2004,870,0.3623836636543274,0.3030141294002533,0.4782928228378296,-0.0131342839449644,-0.1195541471242904,0.049134112894535,-0.4218340516090393,-0.4653580784797668,-0.3486078977584839,0.0647547021508216,-0.0280885137617588,0.1186349838972091,870,0.135632183908046,0.0011494252873563,0.4333333333333333,0.0655172413793103,0.364367816091954,0.0,0.7588235294117647,0.7352941176470589,0.5823529411764706,0.7470588235294118,0.6647058823529413,0.6176470588235294,0.7352941176470589,0.20588235294117646,0.9117647058823529,0.6411764705882353,
139-015,Jaulian stupa and monastery,500,E2009,2009,870,0.3688699603080749,0.3017110526561737,0.4741121232509613,-0.0174623653292655,-0.121303491294384,0.0600329115986824,-0.4215691089630127,-0.4678018987178802,-0.3701787292957306,0.0565665736794471,-0.03886054828763,0.1267101317644119,870,0.1160919540229885,0.0011494252873563,0.4781609195402299,0.0701149425287356,0.3344827586206896,0.0,0.7,0.7,0.5705882352941176,0.7,0.6352941176470588,0.6176470588235294,0.7352941176470589,0.20588235294117646,0.9117647058823529,0.6264705882352941,
139-015,Jaulian stupa and monastery,500,E2014,2014,870,0.4095269441604614,0.3360322415828705,0.5421383380889893,-0.0389295481145381,-0.1477174311876297,0.0431845746934413,-0.4250782132148742,-0.4617236852645874,-0.3613348603248596,0.0407403893768787,-0.0666572600603103,0.1038699150085449,870,0.0586206896551724,0.0011494252873563,0.3252873563218391,0.1448275862068965,0.4701149425287356,0.0,0.4411764705882353,0.48823529411764705,0.7,0.4647058823529412,0.5823529411764705,0.6176470588235294,0.7352941176470589,0.20588235294117646,0.9117647058823529,0.6,
139-015,Jaulian stupa and monastery,500,E2019,2019,870,0.4609904885292053,0.3628725409507751,0.576602041721344,-0.0795784294605255,-0.1910340338945388,-0.0043497649021446,-0.4286290407180786,-0.4748603701591491,-0.3630437552928924,0.0019269975600764,-0.0990694686770439,0.0690091028809547,870,0.0425287356321839,0.0,0.2160919540229885,0.2735632183908046,0.4678160919540229,0.0,0.3,0.3,0.7470588235294118,0.3,0.5235294117647059,0.6176470588235294,0.7352941176470589,0.20588235294117646,0.9117647058823529,0.5705882352941176,
139-015,Jaulian stupa and monastery,500,E2024,2024,870,0.5629627704620361,0.4376064240932464,0.6658617854118347,-0.1413752138614654,-0.2472230046987533,-0.0470861382782459,-0.4412961006164551,-0.4768350422382355,-0.3882641792297363,-0.0619437173008918,-0.1648726016283035,0.0274855978786945,870,0.0229885057471264,0.0,0.1632183908045977,0.5896551724137931,0.2241379310344827,0.0,0.07647058823529412,0.14705882352941177,0.9235294117647059,0.11176470588235295,0.5176470588235295,0.6176470588235294,0.7352941176470589,0.20588235294117646,0.9117647058823529,0.5676470588235294,3.0
139-016,Lalchak mounds,500,E2004,2004,875,0.4399475157260895,0.3677228987216949,0.5153379440307617,-0.0734464079141616,-0.1423497349023819,-0.0036419709213078,-0.4250093698501587,-0.4524544477462768,-0.4000718593597412,0.009841981343925,-0.0540709793567657,0.0730634778738021,875,0.0011428571428571,0.0,0.6331428571428571,0.1337142857142857,0.232,0.0,0.3352941176470588,0.31176470588235294,0.6882352941176471,0.32352941176470584,0.5058823529411764,0.3333333333333333,0.058823529411764705,0.9117647058823529,0.029411764705882353,0.41960784313725485,
139-016,Lalchak mounds,500,E2009,2009,875,0.4334559440612793,0.3540562689304352,0.5161463618278503,-0.0665685981512069,-0.1351390033960342,-0.0023588228505104,-0.4222665429115295,-0.4455650746822357,-0.3958975374698639,0.0128256948664784,-0.0543839149177074,0.0715679451823234,875,0.0114285714285714,0.0,0.7714285714285715,0.1302857142857142,0.0868571428571428,0.0,0.37058823529411766,0.3941176470588235,0.6058823529411764,0.38235294117647056,0.4941176470588235,0.3333333333333333,0.058823529411764705,0.9117647058823529,0.029411764705882353,0.4137254901960784,
139-016,Lalchak mounds,500,E2014,2014,875,0.5495789647102356,0.3882451355457306,0.7065092325210571,-0.1505026072263717,-0.3018356561660766,-0.0134596480056643,-0.4298003017902374,-0.4522331058979034,-0.405015617609024,-0.0652753934264183,-0.2215208560228347,0.060236744582653,875,0.0228571428571428,0.0102857142857142,0.272,0.5977142857142858,0.0971428571428571,0.0,0.1,0.1,0.7941176470588235,0.1,0.44705882352941173,0.3333333333333333,0.058823529411764705,0.9117647058823529,0.029411764705882353,0.3901960784313725,
139-016,Lalchak mounds,500,E2019,2019,875,0.5014322400093079,0.4020949900150299,0.6131389737129211,-0.1348132491111755,-0.2351752817630767,-0.0417485237121582,-0.4131357669830322,-0.4353166818618774,-0.383612722158432,-0.0427549220621585,-0.1387360095977783,0.033485397696495,875,0.0411428571428571,0.0,0.5222857142857142,0.4011428571428571,0.0354285714285714,0.0,0.21764705882352942,0.17058823529411765,0.31176470588235294,0.19411764705882353,0.2529411764705882,0.3333333333333333,0.058823529411764705,0.9117647058823529,0.029411764705882353,0.29313725490196074,
139-016,Lalchak mounds,500,E2024,2024,875,0.5167385935783386,0.4136163890361786,0.6017759442329407,-0.1102175340056419,-0.1871462017297744,-0.0390004366636276,-0.4408414959907532,-0.4664262533187866,-0.409886360168457,-0.0309493448585271,-0.1029648706316948,0.0360112711787223,875,0.0148571428571428,0.0,0.4068571428571428,0.3702857142857143,0.208,0.0,0.17058823529411765,0.2411764705882353,0.9117647058823529,0.20588235294117646,0.5588235294117647,0.3333333333333333,0.058823529411764705,0.9117647058823529,0.029411764705882353,0.446078431372549,13.0
139-017,Buddhist remains around Bhallar stupa,500,E2004,2004,870,0.3703989386558532,0.2811819911003113,0.459916204214096,-0.0224934592843055,-0.1234047636389732,0.0514021515846252,-0.4123316407203674,-0.4430901408195495,-0.366906076669693,0.0526959747076034,-0.0394284464418888,0.1252202689647674,870,0.1022988505747126,0.0206896551724137,0.7045977011494253,0.0758620689655172,0.096551724137931,0.0,0.6882352941176471,0.6411764705882353,0.27647058823529413,0.6647058823529413,0.4705882352941177,0.6960784313725489,0.5,0.9117647058823529,0.6764705882352942,0.5833333333333333,
139-017,Buddhist remains around Bhallar stupa,500,E2009,2009,870,0.3470039367675781,0.2573245465755462,0.4410144686698913,-0.0102016124874353,-0.1098635792732238,0.0586265549063682,-0.4065537750720978,-0.4391161203384399,-0.3487268090248108,0.0633597671985626,-0.0311392191797494,0.1271533519029617,870,0.2091954022988505,0.0264367816091954,0.6333333333333333,0.0436781609195402,0.0873563218390804,0.0,0.8529411764705882,0.7823529411764706,0.17058823529411765,0.8176470588235294,0.49411764705882355,0.6960784313725489,0.5,0.9117647058823529,0.6764705882352942,0.5950980392156862,
139-017,Buddhist remains around Bhallar stupa,500,E2014,2014,837,0.3640596866607666,0.2457885295152664,0.5368736982345581,-0.0206266641616821,-0.1534839868545532,0.0528943836688995,-0.3986468017101288,-0.4493915438652038,-0.3528027832508087,0.0576245971024036,-0.0629499107599258,0.1219914406538009,837,0.2210274790919952,0.017921146953405,0.4635603345280765,0.1266427718040621,0.1708482676224611,0.0,0.7470588235294118,0.6647058823529411,0.11176470588235295,0.7058823529411764,0.4088235294117647,0.6960784313725489,0.5,0.9117647058823529,0.6764705882352942,0.5524509803921568,
139-017,Buddhist remains around Bhallar stupa,500,E2019,2019,835,0.3813729882240295,0.2779544591903686,0.525521457195282,-0.0400252342224121,-0.1569931954145431,0.0318613238632679,-0.3910723328590393,-0.4397725462913513,-0.3323366045951843,0.0424082539975643,-0.0673425123095512,0.1030888259410858,835,0.2538922155688622,0.0131736526946107,0.4383233532934131,0.1101796407185628,0.1844311377245509,0.0,0.5705882352941176,0.45294117647058824,0.029411764705882353,0.5117647058823529,0.27058823529411763,0.6960784313725489,0.5,0.9117647058823529,0.6764705882352942,0.4833333333333333,
139-017,Buddhist remains around Bhallar stupa,500,E2024,2024,870,0.3937521278858185,0.2374305427074432,0.5610611438751221,-0.0299644283950328,-0.1667652279138565,0.0580114908516407,-0.4041041731834411,-0.4514583349227905,-0.3474908471107483,0.0458345115184783,-0.0833361074328422,0.1244290843605995,870,0.2080459770114942,0.0103448275862068,0.4586206896551724,0.167816091954023,0.1551724137931034,0.0,0.5117647058823529,0.5705882352941176,0.13529411764705881,0.5411764705882353,0.338235294117647,0.6960784313725489,0.5,0.9117647058823529,0.6764705882352942,0.517156862745098,8.0
139-018,Giri Mosque and tombs,500,E2004,2004,874,0.5530498623847961,0.4878943264484405,0.6198729276657104,-0.1713797748088836,-0.2787364423274994,-0.0708998292684555,-0.4185892939567566,-0.4721424877643585,-0.3259811997413635,-0.0889041423797607,-0.1824283897876739,0.0004441860946826,874,0.0,0.0,0.0366132723112128,0.7551487414187643,0.2082379862700228,0.0,0.08823529411764706,0.06470588235294118,0.5,0.07647058823529412,0.28823529411764703,0.6568627450980392,0.9705882352941176,0.14705882352941177,0.8529411764705882,0.4725490196078431,
139-018,Giri Mosque and tombs,500,E2009,2009,874,0.5253363847732544,0.4385733306407928,0.5982346534729004,-0.1489581614732742,-0.2415724545717239,-0.0316588282585144,-0.4198586344718933,-0.4715524315834045,-0.3380668461322784,-0.074207454919815,-0.1576681733131408,0.0352578833699226,874,0.0045766590389016,0.0,0.0881006864988558,0.6441647597254004,0.2631578947368421,0.0,0.1588235294117647,0.12352941176470589,0.5352941176470588,0.1411764705882353,0.3382352941176471,0.6568627450980392,0.9705882352941176,0.14705882352941177,0.8529411764705882,0.49754901960784315,
139-018,Giri Mosque and tombs,500,E2014,2014,874,0.5801501274108887,0.4640693664550781,0.696044385433197,-0.1732774674892425,-0.309657871723175,-0.0451862923800945,-0.4528822302818298,-0.4927625060081482,-0.3273523151874542,-0.0944359377026557,-0.220458447933197,0.0226803217083215,874,0.0,0.0,0.0194508009153318,0.6967963386727689,0.2837528604118993,0.0,0.041176470588235294,0.041176470588235294,0.9588235294117647,0.041176470588235294,0.5,0.6568627450980392,0.9705882352941176,0.14705882352941177,0.8529411764705882,0.5784313725490196,
139-018,Giri Mosque and tombs,500,E2019,2019,874,0.581217348575592,0.4213804006576538,0.7057077288627625,-0.1772937178611755,-0.3232926428318023,-0.0391133204102516,-0.4515931904315948,-0.4873706102371216,-0.3452503085136413,-0.095565341413021,-0.2365137934684753,0.03419841080904,874,0.0,0.0,0.0411899313501144,0.6464530892448512,0.3123569794050343,0.0,0.029411764705882353,0.029411764705882353,0.9470588235294117,0.029411764705882353,0.48823529411764705,0.6568627450980392,0.9705882352941176,0.14705882352941177,0.8529411764705882,0.5725490196078431,
139-018,Giri Mosque and tombs,500,E2024,2024,874,0.6498733758926392,0.5512411594390869,0.7279499173164368,-0.2137117534875869,-0.2979665994644165,-0.1048910543322563,-0.4562477469444275,-0.4904927313327789,-0.4080846011638641,-0.1383890509605407,-0.2194281667470932,-0.0318261533975601,874,0.0011441647597254,0.0,0.0183066361556064,0.8718535469107551,0.108695652173913,0.0,0.0058823529411764705,0.0058823529411764705,0.9705882352941176,0.0058823529411764705,0.48823529411764705,0.6568627450980392,0.9705882352941176,0.14705882352941177,0.8529411764705882,0.5725490196078431,2.0
139-001,Khanpur Cave,1000,E2004,2004,3493,0.3367269933223724,0.1919597089290619,0.4632898271083832,-0.0016212613554671,-0.11662557721138,0.0929687842726707,-0.4076211154460907,-0.4523449540138244,-0.3381998836994171,0.0746355801820755,-0.0264553800225257,0.15057472884655,3493,0.2473518465502433,0.0970512453478385,0.4345834526195247,0.0426567420555396,0.1783567134268537,0.0,0.8764705882352941,0.7705882352941177,0.20588235294117646,0.8235294117647058,0.5147058823529411,0.4803921568627451,0.38235294117647056,0.5588235294117647,0.5,0.49754901960784315,
139-001,Khanpur Cave,1000,E2009,2009,3493,0.3192817270755768,0.1725955605506897,0.4493463337421417,0.0096451891586184,-0.1066987365484237,0.1399256736040115,-0.4077945947647095,-0.4532083570957184,-0.3445477783679962,0.0814060494303703,-0.0240657106041908,0.1864953190088272,3493,0.2668193529916977,0.1543086172344689,0.3733180647008302,0.02089894073862,0.184655024334383,0.0,0.9352941176470588,0.8764705882352941,0.21764705882352942,0.9058823529411765,0.5617647058823529,0.4803921568627451,0.38235294117647056,0.5588235294117647,0.5,0.5210784313725491,
139-001,Khanpur Cave,1000,E2014,2014,3272,0.3498107194900512,0.1976546198129654,0.5296118855476379,0.0024674576707184,-0.1500082910060882,0.1422482579946518,-0.4138700067996979,-0.4547004103660583,-0.3438180685043335,0.0750661194324493,-0.0618629828095436,0.1782881319522857,3272,0.1965158924205379,0.1561735941320293,0.3218215158924205,0.105440097799511,0.2200488997555012,0.0,0.7352941176470589,0.7941176470588235,0.37058823529411766,0.7647058823529411,0.5676470588235294,0.4803921568627451,0.38235294117647056,0.5588235294117647,0.5,0.5240196078431373,
139-001,Khanpur Cave,1000,E2019,2019,2948,0.3479853570461273,0.2048277109861374,0.5543962717056274,-0.0107208024710416,-0.1861293166875839,0.1392116099596023,-0.406711995601654,-0.4496842920780182,-0.3305961191654205,0.0694233849644661,-0.0906571522355079,0.1759468764066696,2948,0.2174355495251017,0.1719810040705563,0.2669606512890095,0.1333107191316146,0.2103120759837177,0.0,0.7705882352941177,0.7352941176470589,0.19411764705882353,0.7529411764705882,0.47352941176470587,0.4803921568627451,0.38235294117647056,0.5588235294117647,0.5,0.47696078431372546,
139-001,Khanpur Cave,1000,E2024,2024,3266,0.4049047231674194,0.2413210868835449,0.6087708473205566,-0.0489234700798988,-0.2123694121837616,0.094660684466362,-0.4158246517181396,-0.461810827255249,-0.3346123695373535,0.0328839942812919,-0.1214054822921752,0.1435035765171051,3266,0.2232088181261482,0.0526638089406001,0.3006736068585425,0.1950398040416411,0.2284139620330679,0.0,0.4764705882352941,0.45294117647058824,0.4411764705882353,0.4647058823529412,0.45294117647058824,0.4803921568627451,0.38235294117647056,0.5588235294117647,0.5,0.4666666666666667,11.0
139-003,Bhir Mound,1000,E2004,2004,3489,0.3148080706596374,0.2216206192970276,0.4463232457637787,0.0125233130529522,-0.0886926278471946,0.060974434018135,-0.3996322453022003,-0.4404135346412658,-0.3391517102718353,0.084952712059021,-0.0064493953250348,0.1317606568336486,3489,0.3287474921180854,0.0352536543422184,0.5362568071080539,0.0252221266838635,0.0745199197477787,0.0,0.9705882352941176,0.9235294117647059,0.1,0.9470588235294117,0.5235294117647059,0.34313725490196073,0.2647058823529412,0.6764705882352942,0.08823529411764706,0.43333333333333335,
139-003,Bhir Mound,1000,E2009,2009,3481,0.2961073517799377,0.2128639221191406,0.409003883600235,0.0165370274335145,-0.0565091706812381,0.061650663614273,-0.3887940347194671,-0.4306644201278686,-0.3270556330680847,0.0883114412426948,0.0189244151115417,0.129420667886734,3481,0.4357943119793163,0.0672220626256822,0.4159724217178971,0.0017236426314277,0.0792875610456765,0.0,0.9941176470588236,0.9470588235294117,0.029411764705882353,0.9705882352941176,0.5,0.34313725490196073,0.2647058823529412,0.6764705882352942,0.08823529411764706,0.42156862745098034,
139-003,Bhir Mound,1000,E2014,2014,2381,0.3482879400253296,0.236298382282257,0.5060669779777527,-0.0038774353452026,-0.1030218452215194,0.0626415088772773,-0.399859756231308,-0.4478586316108703,-0.3395127058029175,0.0695077180862426,-0.0240263789892196,0.1242239773273468,2381,0.2847543049139017,0.0348593028139437,0.4779504409911801,0.0529189416211675,0.1495170096598068,0.0,0.7588235294117647,0.7588235294117647,0.11176470588235295,0.7588235294117647,0.43529411764705883,0.34313725490196073,0.2647058823529412,0.6764705882352942,0.08823529411764706,0.38921568627450975,
139-003,Bhir Mound,1000,E2019,2019,2003,0.3774275183677673,0.248267114162445,0.517604649066925,-0.0186643209308385,-0.1197852939367294,0.0460350550711154,-0.402418315410614,-0.4532153904438019,-0.3351092338562011,0.0550814345479011,-0.0370931550860405,0.1107985898852348,2003,0.2885671492760858,0.0149775336994508,0.4797803295057414,0.0718921617573639,0.1447828257613579,0.0,0.6882352941176471,0.7,0.13529411764705881,0.6941176470588235,0.41470588235294115,0.34313725490196073,0.2647058823529412,0.6764705882352942,0.08823529411764706,0.37892156862745097,
139-003,Bhir Mound,1000,E2024,2024,2787,0.401021659374237,0.2426622062921524,0.5558464527130127,-0.0462426654994487,-0.1454596668481826,0.0349375382065773,-0.3949985802173614,-0.4475692212581634,-0.3115370571613312,0.0306461714208126,-0.0658110976219177,0.1025651842355728,2787,0.3376390383925368,0.0096878363832077,0.4165769644779332,0.0961607463222102,0.1399354144241119,0.0,0.5,0.4647058823529412,0.06470588235294118,0.4823529411764706,0.2735294117647059,0.34313725490196073,0.2647058823529412,0.6764705882352942,0.08823529411764706,0.30833333333333335,17.0
139-004,Sirkap (fortified city),1000,E2004,2004,3494,0.3407380878925323,0.2548179030418396,0.4415565133094787,0.0042101657018065,-0.091604009270668,0.0629179254174232,-0.4154340624809265,-0.4488537311553955,-0.3726460337638855,0.0805897861719131,-0.0063878148794174,0.136831521987915,3494,0.1030337721808815,0.0280480824270177,0.7200915855752719,0.0077275329135661,0.1410990269032627,0.0,0.8294117647058824,0.8176470588235294,0.40588235294117647,0.8235294117647058,0.6147058823529412,0.40196078431372545,0.3235294117647059,0.6176470588235294,0.2647058823529412,0.5083333333333333,
139-004,Sirkap (fortified city),1000,E2009,2009,3494,0.3168405890464782,0.2400093525648117,0.4084022641181946,0.0159874502569437,-0.0615585520863533,0.0675282180309295,-0.4086281657218933,-0.4408719837665558,-0.3601516783237457,0.0884255096316337,0.0155218606814742,0.1359281837940216,3494,0.1903262736119061,0.0615340583858042,0.6210646823125358,0.0028620492272467,0.1242129364625071,0.0,0.9588235294117647,0.9352941176470588,0.22941176470588234,0.9470588235294117,0.5882352941176471,0.40196078431372545,0.3235294117647059,0.6176470588235294,0.2647058823529412,0.4950980392156863,
139-004,Sirkap (fortified city),1000,E2014,2014,3284,0.3367748558521271,0.2430498898029327,0.4872951805591583,0.0078585539013147,-0.0955402702093124,0.0691974014043808,-0.4004490673542022,-0.4521623253822326,-0.3642288446426391,0.0789737999439239,-0.0149996038526296,0.1307495534420013,3284,0.1903166869671132,0.0307551766138855,0.5429354445797807,0.0420219244823386,0.1939707673568818,0.0,0.8647058823529412,0.8529411764705882,0.12352941176470589,0.8588235294117648,0.4911764705882353,0.40196078431372545,0.3235294117647059,0.6176470588235294,0.2647058823529412,0.44656862745098036,
139-004,Sirkap (fortified city),1000,E2019,2019,3250,0.3731158375740051,0.2687408924102783,0.5101567506790161,-0.0177831277251243,-0.1210414320230484,0.0417969897389411,-0.4050202369689941,-0.4487000107765198,-0.3563294410705566,0.0574089810252189,-0.0368833653628826,0.1092138588428497,3250,0.16,0.0132307692307692,0.5904615384615385,0.0667692307692307,0.1695384615384615,0.0,0.7,0.7235294117647059,0.17058823529411765,0.7117647058823529,0.4411764705882353,0.40196078431372545,0.3235294117647059,0.6176470588235294,0.2647058823529412,0.42156862745098034,
139-004,Sirkap (fortified city),1000,E2024,2024,3447,0.4140927791595459,0.2672127485275268,0.5643762350082397,-0.0446990840137004,-0.1550556868314743,0.0434724725782871,-0.4122073054313659,-0.4562082886695862,-0.352529227733612,0.0323448702692985,-0.0719052702188491,0.1091267764568328,3447,0.1639106469393675,0.0089933275311865,0.5030461270670148,0.1354801276472294,0.1885697708152016,0.0,0.4647058823529412,0.48823529411764705,0.3,0.4764705882352941,0.388235294117647,0.40196078431372545,0.3235294117647059,0.6176470588235294,0.2647058823529412,0.3950980392156862,15.0
139-005,Sirsukh (fortified ruined city),1000,E2004,2004,3493,0.4310376346111297,0.3521042764186859,0.5129713416099548,-0.0671207010746002,-0.1399597376585006,0.0054587991908192,-0.4221364557743072,-0.4471498727798462,-0.3945609629154205,0.0157122518867254,-0.0528477355837821,0.0816789641976356,3493,0.0168909247065559,0.0008588605782994,0.6879473232178643,0.1503006012024048,0.1440022902948754,0.0,0.40588235294117647,0.4,0.6647058823529411,0.40294117647058825,0.5338235294117647,0.41176470588235287,0.11764705882352941,0.9117647058823529,0.20588235294117646,0.4727941176470588,
139-005,Sirsukh (fortified ruined city),1000,E2009,2009,3493,0.4241166114807129,0.3389639258384704,0.5105053186416626,-0.0618581734597682,-0.1310108006000518,0.0061710444279015,-0.419073224067688,-0.4429033994674682,-0.3917327225208282,0.0163799673318862,-0.0520902350544929,0.0811040475964546,3493,0.0343544231319782,0.0002862868594331,0.762668193529917,0.1107930146006298,0.0918980818780418,0.0,0.4411764705882353,0.4294117647058823,0.5588235294117647,0.43529411764705883,0.4970588235294118,0.41176470588235287,0.11764705882352941,0.9117647058823529,0.20588235294117646,0.4544117647058823,
139-005,Sirsukh (fortified ruined city),1000,E2014,2014,3489,0.4670295715332031,0.3154411017894745,0.6548700928688049,-0.0812332034111023,-0.2536609470844269,0.0253618415445089,-0.4211428463459015,-0.4471456110477447,-0.3884595334529876,-0.0010962990345433,-0.1664270013570785,0.0958034694194793,3489,0.0796789911149326,0.0057323015190599,0.4373746059042706,0.3533963886500429,0.1238177128116938,0.0,0.3,0.31176470588235294,0.6058823529411764,0.3058823529411765,0.45588235294117646,0.41176470588235287,0.11764705882352941,0.9117647058823529,0.20588235294117646,0.43382352941176466,
139-005,Sirsukh (fortified ruined city),1000,E2019,2019,3443,0.4796431064605713,0.343262106180191,0.6211864948272705,-0.1144513264298439,-0.2447334080934524,-0.0102630052715539,-0.4087499976158142,-0.4350005984306335,-0.3643995821475982,-0.0231485497206449,-0.1511377990245819,0.0667909383773803,3443,0.1089166424629683,0.0002904443799012,0.5088585535869881,0.3415625907638687,0.0403717688062736,0.0,0.2529411764705882,0.18235294117647058,0.2411764705882353,0.21764705882352942,0.22941176470588237,0.41176470588235287,0.11764705882352941,0.9117647058823529,0.20588235294117646,0.3205882352941176,
139-005,Sirsukh (fortified ruined city),1000,E2024,2024,3490,0.483761727809906,0.352449506521225,0.5996951460838318,-0.094710573554039,-0.1865985691547393,-0.0115831568837165,-0.4303669929504394,-0.4629096984863281,-0.3743016719818115,-0.0134082213044166,-0.1021248400211334,0.0626764297485351,3490,0.0836676217765043,0.0011461318051575,0.4908309455587392,0.2842406876790831,0.1401146131805157,0.0,0.2411764705882353,0.2647058823529412,0.8647058823529412,0.2529411764705882,0.5588235294117647,0.41176470588235287,0.11764705882352941,0.9117647058823529,0.20588235294117646,0.48529411764705876,10.0
139-006,Dharmarajika stupa and monastery,1000,E2004,2004,3494,0.3434526920318603,0.2637591063976288,0.4501172602176666,0.0096940100193023,-0.0842132046818733,0.0552749559283256,-0.4275298118591308,-0.4609148800373077,-0.3891848027706146,0.0879856348037719,-0.0014164808671921,0.1340800672769546,3494,0.0409273039496279,0.0497996565540927,0.5941614195764167,0.0492272467086433,0.2658843732112192,0.0,0.8058823529411765,0.888235294117647,0.8058823529411765,0.8470588235294118,0.8264705882352941,0.4803921568627451,0.4411764705882353,0.4411764705882353,0.5588235294117647,0.6534313725490196,
139-006,Dharmarajika stupa and monastery,1000,E2009,2009,3494,0.322391927242279,0.250139832496643,0.4354002177715301,0.0190362390130758,-0.082922950387001,0.0582817234098911,-0.4148187637329101,-0.4537185728549957,-0.3806803226470947,0.0941976755857467,-0.00117166666314,0.1329441368579864,3494,0.0778477389811104,0.1064682312535775,0.5206067544361763,0.0314825414997137,0.2635947338294219,0.0,0.9235294117647059,0.9823529411764705,0.38235294117647056,0.9529411764705882,0.6676470588235294,0.4803921568627451,0.4411764705882353,0.4411764705882353,0.5588235294117647,0.5740196078431372,
139-006,Dharmarajika stupa and monastery,1000,E2014,2014,3492,0.3563935756683349,0.2560325860977173,0.5449833273887634,0.0037453609984368,-0.1291740983724594,0.0554922930896282,-0.418073445558548,-0.469717264175415,-0.3669232130050659,0.0772800892591476,-0.0493994690477848,0.1221803352236747,3492,0.0922107674684994,0.0378006872852233,0.4699312714776632,0.1036655211912944,0.2963917525773196,0.0,0.7235294117647059,0.8058823529411765,0.5117647058823529,0.7647058823529411,0.638235294117647,0.4803921568627451,0.4411764705882353,0.4411764705882353,0.5588235294117647,0.5593137254901961,
139-006,Dharmarajika stupa and monastery,1000,E2019,2019,3492,0.3998904824256897,0.299592912197113,0.5686612725257874,-0.026946747675538,-0.1519399434328079,0.0246222335845232,-0.4221200942993164,-0.4698867499828338,-0.3756971955299377,0.0497829690575599,-0.0770242288708686,0.0983195677399635,3492,0.0710194730813287,0.0011454753722794,0.4968499427262314,0.1494845360824742,0.2815005727376861,0.0,0.5117647058823529,0.6176470588235294,0.6529411764705882,0.5647058823529412,0.6088235294117648,0.4803921568627451,0.4411764705882353,0.4411764705882353,0.5588235294117647,0.544607843137255,
139-006,Dharmarajika stupa and monastery,1000,E2024,2024,3494,0.478069394826889,0.3149231076240539,0.6335634589195251,-0.0812042132019996,-0.2142723798751831,0.0105635179206728,-0.4330288171768188,-0.4833880066871643,-0.3843945860862732,-0.0007244333392009,-0.1338450759649276,0.0861483886837959,3494,0.0449341728677733,0.0071551230681167,0.3849456210646823,0.2507155123068116,0.3122495706926159,0.0,0.2647058823529412,0.3235294117647059,0.9,0.29411764705882354,0.5970588235294118,0.4803921568627451,0.4411764705882353,0.4411764705882353,0.5588235294117647,0.5387254901960784,6.0
139-007,Khader Mohra (Akhuri),1000,E2004,2004,3493,0.3853459358215332,0.3252730369567871,0.4763325750827789,-0.0269956346601247,-0.12527497112751,0.0378355309367179,-0.4267084300518036,-0.4761975407600403,-0.3555526733398437,0.0534464083611965,-0.0332872532308101,0.1115023717284202,3493,0.0669911251073575,0.0091611795018608,0.3790438018894932,0.0689951331233896,0.4758087603778986,0.0,0.6294117647058823,0.6058823529411764,0.7705882352941177,0.6176470588235294,0.6941176470588235,0.5980392156862745,0.7941176470588235,0.20588235294117646,0.7941176470588235,0.646078431372549,
139-007,Khader Mohra (Akhuri),1000,E2009,2009,3493,0.3790520429611206,0.3029796183109283,0.4753085374832153,-0.0266509428620338,-0.1170669943094253,0.0524253770709037,-0.4242600202560425,-0.4706988036632538,-0.3648349642753601,0.0509329587221145,-0.0353956148028373,0.1241383999586105,3493,0.1102204408817635,0.0045805897509304,0.4217005439450329,0.0727168622960206,0.3907815631262525,0.0,0.6764705882352942,0.6411764705882353,0.7235294117647059,0.6588235294117648,0.6911764705882353,0.5980392156862745,0.7941176470588235,0.20588235294117646,0.7941176470588235,0.6446078431372548,
139-007,Khader Mohra (Akhuri),1000,E2014,2014,3490,0.3963021636009216,0.3121180832386017,0.5530940294265747,-0.0321739241480827,-0.1587011814117431,0.0522780045866966,-0.4278755784034729,-0.4709406197071075,-0.3561298847198486,0.0457303524017334,-0.0714126825332641,0.1137414276599884,3490,0.0469914040114613,0.0169054441260745,0.2931232091690544,0.1378223495702005,0.5051575931232092,0.0,0.5352941176470588,0.5705882352941176,0.8411764705882353,0.5529411764705883,0.6970588235294117,0.5980392156862745,0.7941176470588235,0.20588235294117646,0.7941176470588235,0.6475490196078431,
139-007,Khader Mohra (Akhuri),1000,E2019,2019,3487,0.4388804733753204,0.301730215549469,0.5997165441513062,-0.0753196105360984,-0.2062052935361862,0.0457747653126716,-0.4183768033981323,-0.4571231305599212,-0.343866616487503,0.0082272449508309,-0.1173905804753303,0.1112820953130722,3487,0.0619443647834815,0.0303986234585603,0.2724404932606825,0.2658445655291081,0.3693719529681675,0.0,0.38235294117647056,0.34705882352941175,0.5235294117647059,0.36470588235294116,0.4441176470588235,0.5980392156862745,0.7941176470588235,0.20588235294117646,0.7941176470588235,0.521078431372549,
139-007,Khader Mohra (Akhuri),1000,E2024,2024,3493,0.4996210634708404,0.3551296889781952,0.6372501850128174,-0.10553540289402,-0.215059608221054,0.0054106130264699,-0.4335595667362213,-0.4780868589878082,-0.3778636455535888,-0.0211456175893545,-0.1329711824655532,0.0783733204007148,3493,0.041511594617807,0.0085886057829945,0.2619524763813341,0.3612940166046378,0.3266533066132264,0.0,0.1588235294117647,0.20588235294117646,0.9235294117647059,0.18235294117647058,0.5529411764705883,0.5980392156862745,0.7941176470588235,0.20588235294117646,0.7941176470588235,0.5754901960784313,3.0
139-008,Kalawan group of buildings,1000,E2004,2004,3498,0.3449563682079315,0.2654758393764496,0.4422402083873749,0.0087528666481375,-0.086813636124134,0.0570374093949794,-0.426251471042633,-0.4607289135456085,-0.3832339346408844,0.0870328098535537,-0.0032144768629223,0.1348930299282074,3498,0.0694682675814751,0.044882790165809,0.582904516866781,0.0325900514579759,0.2701543739279588,0.0,0.7941176470588235,0.8647058823529412,0.7588235294117647,0.8294117647058823,0.7941176470588235,0.46078431372549017,0.5588235294117647,0.38235294117647056,0.4411764705882353,0.6274509803921569,
139-008,Kalawan group of buildings,1000,E2009,2009,3498,0.3238481879234314,0.2520288527011871,0.4200902581214905,0.0167169235646724,-0.0758783668279647,0.0596858672797679,-0.413057804107666,-0.4530358910560608,-0.3744922578334808,0.0911157131195068,0.0047440999187529,0.1327907592058181,3498,0.120926243567753,0.0880503144654088,0.51915380217267,0.0211549456832475,0.2507146941109205,0.0,0.9117647058823529,0.9588235294117647,0.31176470588235294,0.9352941176470588,0.6235294117647059,0.46078431372549017,0.5588235294117647,0.38235294117647056,0.4411764705882353,0.542156862745098,
139-008,Kalawan group of buildings,1000,E2014,2014,3496,0.3496606945991516,0.2597340047359466,0.5081971883773804,0.0052433209493756,-0.1071121394634246,0.0578232631087303,-0.4137809574604034,-0.4645213186740875,-0.3662134408950805,0.0777990520000457,-0.0299298670142889,0.1237003952264785,3496,0.0955377574370709,0.0383295194508009,0.4751144164759725,0.0780892448512585,0.312929061784897,0.0,0.7470588235294118,0.8294117647058824,0.3588235294117647,0.7882352941176471,0.573529411764706,0.46078431372549017,0.5588235294117647,0.38235294117647056,0.4411764705882353,0.5171568627450981,
139-008,Kalawan group of buildings,1000,E2019,2019,3496,0.3907884359359741,0.2907347679138183,0.5422854423522949,-0.0265772845596075,-0.1364356130361557,0.0303502418100833,-0.4175263047218323,-0.4628854393959045,-0.3684895634651184,0.0507475733757019,-0.056109182536602,0.1018799096345901,3496,0.0763729977116704,0.012299771167048,0.4842677345537757,0.1215675057208238,0.3054919908466819,0.0,0.5705882352941176,0.6529411764705882,0.4764705882352941,0.611764705882353,0.5441176470588236,0.46078431372549017,0.5588235294117647,0.38235294117647056,0.4411764705882353,0.5024509803921569,
139-008,Kalawan group of buildings,1000,E2024,2024,3498,0.4688715934753418,0.3180553615093231,0.6041145920753479,-0.0789797157049179,-0.1900355368852615,0.0115947788581252,-0.4275722205638885,-0.4741397500038147,-0.3825644254684448,0.0017530042678117,-0.1075973436236381,0.0855733826756477,3498,0.0485991995425957,0.0065751858204688,0.400800457404231,0.2261292166952544,0.3178959405374499,0.0,0.28823529411764703,0.3352941176470588,0.8176470588235294,0.31176470588235294,0.5647058823529412,0.46078431372549017,0.5588235294117647,0.38235294117647056,0.4411764705882353,0.5127450980392156,9.0
139-009,Giri complex of monuments,1000,E2004,2004,3483,0.5369659066200256,0.4265452325344085,0.620502769947052,-0.1643595695495605,-0.2827484905719757,-0.0351986922323703,-0.4176025092601776,-0.4737029671669006,-0.3002722859382629,-0.0803579092025756,-0.1843426525592804,0.040684949606657,3483,0.0129198966408268,0.0008613264427217,0.0924490381854722,0.6256101062302613,0.2681596325007178,0.0,0.08823529411764706,0.06470588235294118,0.48823529411764705,0.07647058823529412,0.2823529411764706,0.6568627450980392,0.9117647058823529,0.08823529411764706,0.9705882352941176,0.4696078431372549,
139-009,Giri complex of monuments,1000,E2009,2009,3483,0.4857774078845978,0.3776792287826538,0.5839329361915588,-0.1174756810069084,-0.2438559234142303,-0.0004836512380279,-0.4184197783470154,-0.4733713567256927,-0.3191137015819549,-0.0392702259123325,-0.1565006673336029,0.0730599835515022,3483,0.0358886017800746,0.0014355440712029,0.1622164800459374,0.4303761125466552,0.3700832615561297,0.0,0.21764705882352942,0.17058823529411765,0.5352941176470588,0.19411764705882353,0.36470588235294116,0.6568627450980392,0.9117647058823529,0.08823529411764706,0.9705882352941176,0.5107843137254902,
139-009,Giri complex of monuments,1000,E2014,2014,3476,0.5457407236099243,0.4052826762199402,0.7037315368652344,-0.1687169373035431,-0.3697075843811035,-0.0180194862186908,-0.4373436868190765,-0.4881574511528015,-0.1920873522758484,-0.0860483571887016,-0.26292484998703,0.0571474507451057,3476,0.0135212888377445,0.0031645569620253,0.0785385500575374,0.5923475258918297,0.312428078250863,0.0,0.06470588235294118,0.052941176470588235,0.9470588235294117,0.058823529411764705,0.5029411764705882,0.6568627450980392,0.9117647058823529,0.08823529411764706,0.9705882352941176,0.5799019607843137,
139-009,Giri complex of monuments,1000,E2019,2019,3462,0.532585859298706,0.3810482919216156,0.6921337842941284,-0.1608364880084991,-0.3343012034893036,-0.0188249163329601,-0.4353877902030945,-0.4853449165821075,-0.2381068915128708,-0.076909452676773,-0.2386092841625213,0.0605588480830192,3462,0.0184864240323512,0.0031773541305603,0.0866551126516464,0.5363951473136915,0.3552859618717504,0.0,0.1,0.11176470588235295,0.9352941176470588,0.10588235294117648,0.5205882352941177,0.6568627450980392,0.9117647058823529,0.08823529411764706,0.9705882352941176,0.5887254901960784,
139-009,Giri complex of monuments,1000,E2024,2024,3475,0.6348135471343994,0.4927795231342315,0.7285773754119873,-0.2123409062623977,-0.3230444490909576,-0.082265205681324,-0.4505937695503235,-0.4873526990413666,-0.3748834729194641,-0.1315781325101852,-0.2381164729595184,-0.005237360484898,3475,0.0115107913669064,0.0005755395683453,0.056115107913669,0.7807194244604316,0.1510791366906475,0.0,0.0058823529411764705,0.0058823529411764705,0.9941176470588236,0.0058823529411764705,0.5,0.6568627450980392,0.9117647058823529,0.08823529411764706,0.9705882352941176,0.5784313725490196,2.0
139-010,Kunala stupa and monastery,1000,E2004,2004,3496,0.3397185206413269,0.2611773014068603,0.4332018196582794,0.0106519162654876,-0.0819332152605056,0.0637313872575759,-0.4216715693473816,-0.4554951786994934,-0.3848516047000885,0.0881039351224899,0.0035527274012565,0.138021633028984,3496,0.0666475972540045,0.0288901601830663,0.7005148741418764,0.0077231121281464,0.1962242562929061,0.0,0.8411764705882353,0.9117647058823529,0.6294117647058823,0.8764705882352941,0.7529411764705882,0.4411764705882353,0.5,0.5,0.3235294117647059,0.5970588235294118,
139-010,Kunala stupa and monastery,1000,E2009,2009,3496,0.3187647759914398,0.2448197603225708,0.4111479818820953,0.0204603299498558,-0.0584057234227657,0.0692573189735412,-0.4131345450878143,-0.4489416480064392,-0.3737296462059021,0.0930762290954589,0.0182324815541505,0.138285756111145,3496,0.1312929061784897,0.0746567505720823,0.5995423340961098,0.0028604118993135,0.1916475972540045,0.0,0.9470588235294117,0.9941176470588236,0.3235294117647059,0.9705882352941176,0.6470588235294118,0.4411764705882353,0.5,0.5,0.3235294117647059,0.5441176470588236,
139-010,Kunala stupa and monastery,1000,E2014,2014,3433,0.3385306298732757,0.2467875480651855,0.4857347309589386,0.0101666757836937,-0.0942353829741478,0.0698393508791923,-0.4044061601161957,-0.4534157812595367,-0.3699221312999725,0.08184465020895,-0.0148219726979732,0.1309504359960556,3433,0.1386542382755607,0.0367025924847072,0.5514127585202447,0.046315176230702,0.2269152344887853,0.0,0.8529411764705882,0.9,0.1588235294117647,0.8764705882352941,0.5176470588235293,0.4411764705882353,0.5,0.5,0.3235294117647059,0.4794117647058823,
139-010,Kunala stupa and monastery,1000,E2019,2019,3413,0.3810482919216156,0.2810966074466705,0.5172736644744873,-0.0216522142291069,-0.1251426190137863,0.0396937765181064,-0.4097071588039398,-0.4542688429355621,-0.3660123646259308,0.0540593340992927,-0.0407312288880348,0.1074748784303665,3413,0.1186639320246117,0.0123058892469967,0.5774978025197773,0.0738353354819806,0.2176970407266334,0.0,0.6529411764705882,0.6764705882352942,0.27647058823529413,0.6647058823529413,0.4705882352941177,0.4411764705882353,0.5,0.5,0.3235294117647059,0.4558823529411765,
139-010,Kunala stupa and monastery,1000,E2024,2024,3486,0.4309514760971069,0.285234272480011,0.5713236331939697,-0.054384559392929,-0.1592252552509308,0.0385939590632915,-0.4171920418739319,-0.4599412083625793,-0.3727132380008697,0.023358654230833,-0.075372964143753,0.1049393564462661,3486,0.1044176706827309,0.0088927137119908,0.4971313826735513,0.1497418244406196,0.2398164084911072,0.0,0.4176470588235294,0.4411764705882353,0.45294117647058824,0.4294117647058824,0.4411764705882353,0.4411764705882353,0.5,0.5,0.3235294117647059,0.4411764705882353,13.0
139-011,Jandial complex,1000,E2004,2004,3495,0.3843028247356415,0.2959546744823456,0.4886060059070587,-0.0304445661604404,-0.1295756697654724,0.037450160831213,-0.4155613481998443,-0.4464617073535919,-0.3770976066589355,0.0469131544232368,-0.0425040870904922,0.1091605722904205,3495,0.0832618025751072,0.0031473533619456,0.7648068669527897,0.0663805436337625,0.0824034334763948,0.0,0.6411764705882353,0.5823529411764706,0.4176470588235294,0.611764705882353,0.5147058823529412,0.46078431372549017,0.20588235294117646,0.7941176470588235,0.38235294117647056,0.48774509803921573,
139-011,Jandial complex,1000,E2009,2009,3495,0.3614241182804107,0.2740158140659332,0.4550578594207763,-0.0195084735751152,-0.0976741313934326,0.0396928712725639,-0.4058336317539215,-0.4368739426136017,-0.3640634417533874,0.05525578930974,-0.018202755600214,0.1088522970676422,3495,0.1914163090128755,0.0100143061516452,0.7141630901287553,0.0223175965665236,0.0620886981402002,0.0,0.711764705882353,0.6882352941176471,0.18235294117647058,0.7,0.4411764705882353,0.46078431372549017,0.20588235294117646,0.7941176470588235,0.38235294117647056,0.4509803921568627,
139-011,Jandial complex,1000,E2014,2014,3424,0.3871411681175232,0.2724967896938324,0.5103801488876343,-0.0256155598908662,-0.1245192736387252,0.0428248941898345,-0.4034312963485718,-0.4462688863277435,-0.3549217283725738,0.0478497557342052,-0.0403540693223476,0.1086949780583381,3424,0.227803738317757,0.0046728971962616,0.5554906542056075,0.0882009345794392,0.1238317757009345,0.0,0.6058823529411764,0.6647058823529411,0.14705882352941177,0.6352941176470588,0.3911764705882353,0.46078431372549017,0.20588235294117646,0.7941176470588235,0.38235294117647056,0.42598039215686273,
139-011,Jandial complex,1000,E2019,2019,3415,0.4010654985904693,0.274158239364624,0.5486794114112854,-0.0411072969436645,-0.1695188134908676,0.0300811417400836,-0.3974889516830444,-0.4417768716812134,-0.3360484838485718,0.0364741571247577,-0.0770605131983757,0.0988132059574127,3415,0.2890190336749634,0.0005856515373352,0.4887262079062957,0.1411420204978038,0.0805270863836017,0.0,0.48823529411764705,0.5235294117647059,0.07647058823529412,0.5058823529411764,0.29117647058823526,0.46078431372549017,0.20588235294117646,0.7941176470588235,0.38235294117647056,0.37598039215686274,
139-011,Jandial complex,1000,E2024,2024,3483,0.4395935237407684,0.2967968881130218,0.5698922872543335,-0.0650631785392761,-0.1656859070062637,0.018604228273034,-0.4092548489570617,-0.4555748999118805,-0.348341166973114,0.0122259045019745,-0.0808615013957023,0.0870073959231376,3483,0.2098765432098765,0.0017226528854435,0.5162216480045937,0.1602067183462532,0.1119724375538329,0.0,0.3588235294117647,0.4176470588235294,0.2647058823529412,0.38823529411764707,0.3264705882352941,0.46078431372549017,0.20588235294117646,0.7941176470588235,0.38235294117647056,0.39362745098039215,16.0
139-012,Lalchak and Badalpur Buddhist stuppa,1000,E2004,2004,3488,0.465667188167572,0.3281970024108886,0.5495324730873108,-0.0976680442690849,-0.1731994748115539,-0.0029545074794441,-0.41725754737854,-0.4415695071220398,-0.3760147988796234,-0.0126957446336746,-0.0862096473574638,0.0750283822417259,3488,0.0905963302752293,0.0045871559633027,0.4506880733944954,0.3156536697247706,0.1361811926605504,0.0022935779816513,0.31176470588235294,0.2529411764705882,0.4647058823529412,0.2823529411764706,0.3735294117647059,0.392156862745098,0.11764705882352941,0.9117647058823529,0.14705882352941177,0.38284313725490193,
139-012,Lalchak and Badalpur Buddhist stuppa,1000,E2009,2009,3488,0.4754302501678467,0.3512222468852997,0.5518617033958435,-0.110585793852806,-0.1813515722751617,-0.0157099366188049,-0.4135856628417969,-0.4398491382598877,-0.3749394416809082,-0.0284056887030601,-0.0975994318723678,0.0591724961996078,3488,0.0845756880733945,0.008887614678899,0.5341169724770642,0.2666284403669725,0.1057912844036697,0.0,0.27647058823529413,0.19411764705882353,0.34705882352941175,0.23529411764705882,0.29117647058823526,0.392156862745098,0.11764705882352941,0.9117647058823529,0.14705882352941177,0.3416666666666666,
139-012,Lalchak and Badalpur Buddhist stuppa,1000,E2014,2014,3341,0.5219039916992188,0.3581871688365936,0.6612104177474976,-0.1314427852630615,-0.2617973387241363,-0.0041582137346267,-0.4222037494182586,-0.4481935203075409,-0.3854001760482788,-0.0451950915157794,-0.1753849685192108,0.0713483169674873,3341,0.0688416641724034,0.0080814127506734,0.2666866207722239,0.5441484585453457,0.1122418437593534,0.0,0.13529411764705881,0.13529411764705881,0.6764705882352942,0.13529411764705881,0.40588235294117647,0.392156862745098,0.11764705882352941,0.9117647058823529,0.14705882352941177,0.3990196078431372,
139-012,Lalchak and Badalpur Buddhist stuppa,1000,E2019,2019,3324,0.5466647744178772,0.378558874130249,0.6849358081817627,-0.1708157658576965,-0.2899132370948791,-0.0374275371432304,-0.4156478941440582,-0.4406288862228393,-0.3696959912776947,-0.0776077508926391,-0.2026483118534088,0.0427797511219978,3324,0.0863417569193742,0.0111311672683513,0.2268351383874849,0.6212394705174489,0.0544524669073405,0.0,0.052941176470588235,0.041176470588235294,0.4294117647058823,0.047058823529411764,0.23823529411764705,0.392156862745098,0.11764705882352941,0.9117647058823529,0.14705882352941177,0.31519607843137254,
139-012,Lalchak and Badalpur Buddhist stuppa,1000,E2024,2024,3406,0.5682411193847656,0.4164454042911529,0.6766722202301025,-0.1615520417690277,-0.2627451419830322,-0.0541728548705577,-0.4384450614452362,-0.4629771113395691,-0.3881629705429077,-0.0770492702722549,-0.1798007935285568,0.0243636108934879,3406,0.0522607163828537,0.0008807985907222,0.2425132119788608,0.585143863769818,0.1192014092777451,0.0,0.029411764705882353,0.1,0.9705882352941176,0.06470588235294118,0.5176470588235295,0.392156862745098,0.11764705882352941,0.9117647058823529,0.14705882352941177,0.4549019607843137,12.0
139-013,Mohra Moradu stupa and monastery,1000,E2004,2004,3493,0.3855209350585937,0.3255962431430816,0.476513922214508,-0.0273985527455806,-0.1250575184822082,0.0379965715110302,-0.4268063902854919,-0.4761858582496643,-0.3561403155326843,0.0533219836652278,-0.0332450158894062,0.1114444285631179,3493,0.0667048382479244,0.0091611795018608,0.3850558259375894,0.0698539937016891,0.4692241626109361,0.0,0.6176470588235294,0.5941176470588235,0.7823529411764706,0.6058823529411765,0.6941176470588235,0.5392156862745098,0.7352941176470589,0.14705882352941177,0.7352941176470589,0.6166666666666667,
139-013,Mohra Moradu stupa and monastery,1000,E2009,2009,3493,0.3798628449440002,0.3034595549106598,0.4757198095321655,-0.0268605258315801,-0.1173218265175819,0.0528603456914424,-0.424327552318573,-0.4708914160728454,-0.3654952645301819,0.0505186542868614,-0.0356541574001312,0.1241383999586105,3493,0.1076438591468651,0.0031491554537646,0.4314342971657601,0.0724305754365874,0.3853421127970226,0.0,0.6647058823529411,0.6294117647058823,0.7352941176470589,0.6470588235294117,0.6911764705882353,0.5392156862745098,0.7352941176470589,0.14705882352941177,0.7352941176470589,0.6151960784313726,
139-013,Mohra Moradu stupa and monastery,1000,E2014,2014,3490,0.3970367908477783,0.312902957201004,0.5533335208892822,-0.0331978797912597,-0.159559890627861,0.0525964498519897,-0.4272950887680053,-0.470632404088974,-0.3567849397659302,0.0449185520410537,-0.0718093588948249,0.1139664649963378,3490,0.0481375358166189,0.0163323782234957,0.2991404011461318,0.1404011461318051,0.4959885386819484,0.0,0.5235294117647059,0.5588235294117647,0.7941176470588235,0.5411764705882354,0.6676470588235295,0.5392156862745098,0.7352941176470589,0.14705882352941177,0.7352941176470589,0.6034313725490197,
139-013,Mohra Moradu stupa and monastery,1000,E2019,2019,3487,0.439368724822998,0.3029928505420685,0.5996258854866028,-0.0752990394830703,-0.2064817547798156,0.0452354699373245,-0.4177362024784088,-0.4568968713283539,-0.3439441919326782,0.0082272449508309,-0.1173905804753303,0.1103455275297164,3487,0.064238600516203,0.0289647261256094,0.2793232004588471,0.2646974476627473,0.3627760252365931,0.0,0.37058823529411766,0.3588235294117647,0.5,0.3647058823529412,0.4323529411764706,0.5392156862745098,0.7352941176470589,0.14705882352941177,0.7352941176470589,0.4857843137254902,
139-013,Mohra Moradu stupa and monastery,1000,E2024,2024,3493,0.4997317492961883,0.3565050959587097,0.6374510526657104,-0.1053509786725044,-0.2153754830360412,0.0045577618293464,-0.4334836304187774,-0.4780420064926147,-0.3778636455535888,-0.0212974287569522,-0.1337696015834808,0.0776541084051132,3493,0.0417978814772401,0.0085886057829945,0.2668193529916977,0.3595762954480389,0.3232178643000286,0.0,0.14705882352941177,0.21764705882352942,0.9117647058823529,0.1823529411764706,0.5470588235294118,0.5392156862745098,0.7352941176470589,0.14705882352941177,0.7352941176470589,0.5431372549019609,5.0
139-014,Pippala stupa and monastery,1000,E2004,2004,3491,0.3913921415805816,0.3177030682563782,0.5071712732315063,-0.0398690141737461,-0.1391970515251159,0.0444218888878822,-0.424170047044754,-0.4670840799808502,-0.3657811284065246,0.0426500290632247,-0.0511551983654499,0.1135843396186828,3491,0.0802062446290461,0.0068748209682039,0.4686336293325694,0.118304210827843,0.3259810942423374,0.0,0.5588235294117647,0.5352941176470588,0.711764705882353,0.5470588235294118,0.6294117647058823,0.5588235294117647,0.6764705882352942,0.3235294117647059,0.6764705882352942,0.5941176470588235,
139-014,Pippala stupa and monastery,1000,E2009,2009,3491,0.3928344845771789,0.3090121448040008,0.4973698854446411,-0.0397079735994339,-0.1294008046388626,0.0554224327206611,-0.4212316572666168,-0.4639631509780884,-0.3700630068778991,0.0370423570275306,-0.0489032939076423,0.120906725525856,3491,0.1039816671440847,0.0014322543683758,0.5316528215411057,0.0971068461758808,0.2658264107705528,0.0,0.5470588235294118,0.5470588235294118,0.6176470588235294,0.5470588235294118,0.5823529411764706,0.5588235294117647,0.6764705882352942,0.3235294117647059,0.6764705882352942,0.5705882352941176,
139-014,Pippala stupa and monastery,1000,E2014,2014,3481,0.4157823026180267,0.3095820844173431,0.5700609087944031,-0.0454936474561691,-0.1754074841737747,0.0531254820525646,-0.4196764528751373,-0.4607690870761871,-0.3576513826847076,0.033206507563591,-0.0891324579715728,0.1146139055490493,3481,0.0879057742028152,0.0123527721918988,0.3634013214593508,0.2008043665613329,0.3355357655846021,0.0,0.45294117647058824,0.4764705882352941,0.5705882352941176,0.4647058823529412,0.5176470588235293,0.5588235294117647,0.6764705882352942,0.3235294117647059,0.6764705882352942,0.538235294117647,
139-014,Pippala stupa and monastery,1000,E2019,2019,3478,0.4488940238952636,0.3118101060390472,0.5831688046455383,-0.0817186087369918,-0.2022417783737182,0.031366154551506,-0.4111840724945068,-0.4501600861549377,-0.341970682144165,0.0019967346452176,-0.1084034368395805,0.100862830877304,3478,0.1132834962622196,0.0143760782058654,0.3464634847613571,0.2619321449108683,0.2639447958596895,0.0,0.34705882352941175,0.3,0.28823529411764703,0.32352941176470584,0.30588235294117644,0.5588235294117647,0.6764705882352942,0.3235294117647059,0.6764705882352942,0.4323529411764706,
139-014,Pippala stupa and monastery,1000,E2024,2024,3489,0.49749556183815,0.3521521389484405,0.6343882083892822,-0.1022821813821792,-0.2219779342412948,0.0042553762905299,-0.427701860666275,-0.4686674773693084,-0.3708465993404388,-0.0203500147908926,-0.1381647884845733,0.0765871033072471,3489,0.0713671539122957,0.0060189165950128,0.3404987102321582,0.3591286901691028,0.2229865290914302,0.0,0.17058823529411765,0.22941176470588234,0.8294117647058824,0.2,0.5147058823529412,0.5588235294117647,0.6764705882352942,0.3235294117647059,0.6764705882352942,0.536764705882353,8.0
139-015,Jaulian stupa and monastery,1000,E2004,2004,3491,0.3903939425945282,0.3106606304645538,0.5497496128082275,-0.0428957268595695,-0.1759240329265594,0.045291781425476,-0.4228085875511169,-0.4709114730358124,-0.3347791731357574,0.0416083671152591,-0.0871410220861435,0.1148010790348053,3491,0.1059868232598109,0.0114580349470065,0.3365797765683185,0.1718705242050988,0.3741048410197651,0.0,0.5823529411764706,0.5117647058823529,0.6882352941176471,0.5470588235294118,0.6176470588235294,0.6568627450980392,0.8529411764705882,0.2647058823529412,0.8529411764705882,0.6372549019607843,
139-015,Jaulian stupa and monastery,1000,E2009,2009,3491,0.3878536224365234,0.3081444799900055,0.525631308555603,-0.0432236157357692,-0.157780721783638,0.0544968210160732,-0.4209088981151581,-0.468922883272171,-0.3514531552791595,0.0363335646688938,-0.0753054469823837,0.1222271472215652,3491,0.1091377828702377,0.0037238613577771,0.3995989687768547,0.1575479805213405,0.3299914064737898,0.0,0.5941176470588235,0.5,0.5941176470588235,0.5470588235294118,0.5705882352941176,0.6568627450980392,0.8529411764705882,0.2647058823529412,0.8529411764705882,0.6137254901960785,
139-015,Jaulian stupa and monastery,1000,E2014,2014,3486,0.4517564177513122,0.3207886517047882,0.6530241966247559,-0.0700991675257682,-0.2473663538694381,0.0451106280088424,-0.4254305064678192,-0.4742638766765594,-0.35080286860466,0.0101061705499887,-0.1616898477077484,0.1080144792795181,3486,0.0702811244979919,0.0134825014343086,0.2489959839357429,0.2983362019506598,0.3689041881812966,0.0,0.3352941176470588,0.37058823529411766,0.7470588235294118,0.3529411764705882,0.55,0.6568627450980392,0.8529411764705882,0.2647058823529412,0.8529411764705882,0.6034313725490197,
139-015,Jaulian stupa and monastery,1000,E2019,2019,3448,0.4635946750640869,0.3236801028251648,0.6350333094596863,-0.085902027785778,-0.2491588443517685,0.0209101438522338,-0.4202724993228912,-0.4692330658435821,-0.343988686800003,-0.0009563355124555,-0.1614342480897903,0.0907580405473709,3448,0.0785962877030162,0.0142111368909512,0.2215777262180974,0.2914733178654292,0.3941415313225058,0.0,0.3235294117647059,0.28823529411764703,0.5823529411764706,0.3058823529411765,0.44411764705882356,0.6568627450980392,0.8529411764705882,0.2647058823529412,0.8529411764705882,0.5504901960784314,
139-015,Jaulian stupa and monastery,1000,E2024,2024,3490,0.5444291830062866,0.3804781138896942,0.6822241544723511,-0.1329928934574127,-0.260537326335907,-0.0155852166935801,-0.4382877349853515,-0.4839880764484405,-0.3776307702064514,-0.0503404214978218,-0.179869070649147,0.0585310086607933,3490,0.0495702005730659,0.0068767908309455,0.1782234957020057,0.4891117478510028,0.2762177650429799,0.0,0.07647058823529412,0.12352941176470589,0.9588235294117647,0.1,0.5294117647058824,0.6568627450980392,0.8529411764705882,0.2647058823529412,0.8529411764705882,0.5931372549019608,1.0
139-016,Lalchak mounds,1000,E2004,2004,3489,0.432150274515152,0.3505573272705078,0.5203045010566711,-0.0671207010746002,-0.1445189714431762,0.0051950979977846,-0.4231571555137634,-0.4476388096809387,-0.3973290622234344,0.0156900286674499,-0.0585314072668552,0.0809784159064292,3489,0.0166236744052737,0.0008598452278589,0.6560619088564058,0.1691028948122671,0.1573516766981943,0.0,0.3941176470588235,0.4,0.7,0.3970588235294118,0.5485294117647059,0.3235294117647059,0.029411764705882353,0.9117647058823529,0.029411764705882353,0.4360294117647059,
139-016,Lalchak mounds,1000,E2009,2009,3489,0.4290275871753692,0.3366670906543731,0.5193153023719788,-0.0671849623322486,-0.1433879733085632,0.007102504838258,-0.4185605347156524,-0.4432500004768371,-0.3893186450004577,0.0117722703143954,-0.06280517578125,0.0821775421500206,3489,0.0386930352536543,0.0008598452278589,0.7431928919461164,0.1183720263685869,0.0988822012037833,0.0,0.4294117647058823,0.38235294117647056,0.5470588235294118,0.40588235294117647,0.47647058823529415,0.3235294117647059,0.029411764705882353,0.9117647058823529,0.029411764705882353,0.4,
139-016,Lalchak mounds,1000,E2014,2014,3485,0.4838181734085083,0.3134108483791351,0.6650732159614563,-0.0940040349960327,-0.2637903988361358,0.0245172586292028,-0.4218436479568481,-0.4475607275962829,-0.3856811225414276,-0.012642384506762,-0.1790904402732849,0.0949544981122016,3485,0.0835007173601147,0.006599713055954,0.412051649928264,0.3962697274031563,0.1015781922525107,0.0,0.22941176470588234,0.27647058823529413,0.6411764705882353,0.2529411764705882,0.4470588235294118,0.3235294117647059,0.029411764705882353,0.9117647058823529,0.029411764705882353,0.38529411764705884,
139-016,Lalchak mounds,1000,E2019,2019,3429,0.4870051741600036,0.3381256759166717,0.6296184659004211,-0.1219677105545997,-0.2517931163311004,-0.0093946196138858,-0.408976674079895,-0.4358530044555664,-0.3633449673652649,-0.0303441528230905,-0.1596141159534454,0.0678518861532211,3429,0.1134441528142315,0.0005832604257801,0.4928550597841936,0.3648293963254593,0.0282881306503353,0.0,0.20588235294117646,0.1588235294117647,0.2529411764705882,0.18235294117647058,0.21764705882352942,0.3235294117647059,0.029411764705882353,0.9117647058823529,0.029411764705882353,0.2705882352941177,
139-016,Lalchak mounds,1000,E2024,2024,3483,0.492510437965393,0.3492436110973358,0.6118034720420837,-0.1022017821669578,-0.1990787088871002,-0.0112022822722792,-0.4298983216285705,-0.4632551670074463,-0.371772825717926,-0.0195822417736053,-0.1149746850132942,0.0632499903440475,3483,0.0881424059718633,0.0014355440712029,0.4590869939707149,0.3161068044788975,0.1352282515073212,0.0,0.19411764705882353,0.2411764705882353,0.8529411764705882,0.21764705882352942,0.5352941176470588,0.3235294117647059,0.029411764705882353,0.9117647058823529,0.029411764705882353,0.4294117647058824,14.0
139-017,Buddhist remains around Bhallar stupa,1000,E2004,2004,3494,0.3260107636451721,0.1680514067411422,0.4351760745048523,0.0056887362152338,-0.1013684868812561,0.0711501315236091,-0.3987073898315429,-0.436543732881546,-0.3113872110843658,0.0810909122228622,-0.0179860834032297,0.1348395496606826,3494,0.3002289639381797,0.048654836863194,0.5578133943903835,0.0326273611906124,0.0606754436176302,0.0,0.888235294117647,0.8411764705882353,0.08823529411764706,0.8647058823529412,0.47647058823529415,0.6568627450980392,0.6176470588235294,0.7352941176470589,0.6176470588235294,0.5666666666666667,
139-017,Buddhist remains around Bhallar stupa,1000,E2009,2009,3494,0.3049342334270477,0.1513652503490448,0.4131253063678741,0.0172404944896698,-0.0875017642974853,0.0806183293461799,-0.3919301331043243,-0.4328034818172455,-0.3091780245304107,0.0900923758745193,-0.006447734311223,0.1412827670574188,3494,0.3397252432741843,0.0975958786491127,0.4908414424728105,0.0191757298225529,0.0526617057813394,0.0,0.9823529411764705,0.9705882352941176,0.041176470588235294,0.9764705882352941,0.5088235294117647,0.6568627450980392,0.6176470588235294,0.7352941176470589,0.6176470588235294,0.5828431372549019,
139-017,Buddhist remains around Bhallar stupa,1000,E2014,2014,2919,0.3242760896682739,0.2072486281394958,0.4886122345924377,-0.0002873803605325,-0.1210644245147705,0.0710029006004333,-0.3866725564002991,-0.4328436851501465,-0.3245240747928619,0.0782670006155967,-0.0315104871988296,0.1366971582174301,2919,0.262761219595752,0.0976361767728674,0.4614594039054471,0.0715998629667694,0.1065433367591641,0.0,0.9,0.7823529411764706,0.01764705882352941,0.8411764705882353,0.4294117647058824,0.6568627450980392,0.6176470588235294,0.7352941176470589,0.6176470588235294,0.5431372549019609,
139-017,Buddhist remains around Bhallar stupa,1000,E2019,2019,2911,0.345770001411438,0.1921625882387161,0.4821263551712036,-0.0181883368641138,-0.1329192519187927,0.0561489090323448,-0.3833741247653961,-0.4243409037590027,-0.3036888539791107,0.0624390766024589,-0.0387443974614143,0.1272317618131637,2911,0.2665750601167983,0.0882858124355891,0.451391274476125,0.0663002404671934,0.127447612504294,0.0,0.7823529411764706,0.711764705882353,0.0058823529411764705,0.7470588235294118,0.3764705882352941,0.6568627450980392,0.6176470588235294,0.7352941176470589,0.6176470588235294,0.5166666666666666,
139-017,Buddhist remains around Bhallar stupa,1000,E2024,2024,3266,0.3416663706302643,0.1756162941455841,0.5209028720855713,-0.0072441068477928,-0.1301294863224029,0.0724278464913368,-0.3934904038906097,-0.440970778465271,-0.3079950213432312,0.0708679109811782,-0.0455782189965248,0.1389864385128021,3266,0.2305572565829761,0.0952235150030618,0.4503980404164115,0.0964482547458665,0.127372933251684,0.0,0.8176470588235294,0.7470588235294118,0.052941176470588235,0.7823529411764706,0.4176470588235294,0.6568627450980392,0.6176470588235294,0.7352941176470589,0.6176470588235294,0.5372549019607843,7.0
139-018,Giri Mosque and tombs,1000,E2004,2004,3491,0.5313573479652405,0.3985341489315033,0.6227130889892578,-0.1615618169307708,-0.2852932214736938,-0.0208783149719238,-0.4148705601692199,-0.4721024632453918,-0.3091839253902435,-0.0772565826773643,-0.1882234215736389,0.0565763413906097,3491,0.0146089945574334,0.0005729017473503,0.1243196791750214,0.5889429962761387,0.2715554282440561,0.0,0.11176470588235295,0.08823529411764706,0.3941176470588235,0.1,0.24705882352941178,0.6372549019607843,0.9705882352941176,0.029411764705882353,0.9117647058823529,0.442156862745098,
139-018,Giri Mosque and tombs,1000,E2009,2009,3491,0.4943636655807495,0.3603947162628174,0.5917727947235107,-0.1278375089168548,-0.250578910112381,0.005332404281944,-0.4135569334030151,-0.4700354337692261,-0.3189865946769714,-0.0489766560494899,-0.1636997163295745,0.079090915620327,3491,0.0346605557146949,0.0022916069894013,0.1781724434259524,0.4769407046691492,0.3079346892008021,0.0,0.18235294117647058,0.14705882352941177,0.3352941176470588,0.16470588235294117,0.25,0.6372549019607843,0.9705882352941176,0.029411764705882353,0.9117647058823529,0.44362745098039214,
139-018,Giri Mosque and tombs,1000,E2014,2014,3483,0.5531600713729858,0.3925212025642395,0.720405101776123,-0.1817183196544647,-0.3746843039989471,-0.0092533342540264,-0.4329917430877685,-0.4874476790428161,-0.1682920455932617,-0.0977992117404937,-0.2692058384418487,0.0634218752384185,3483,0.0172265288544358,0.0054550674705713,0.0872810795291415,0.6141257536606374,0.2759115704852139,0.0,0.041176470588235294,0.029411764705882353,0.888235294117647,0.03529411764705882,0.4617647058823529,0.6372549019607843,0.9705882352941176,0.029411764705882353,0.9117647058823529,0.5495098039215686,
139-018,Giri Mosque and tombs,1000,E2019,2019,3466,0.5245875120162964,0.3700560927391052,0.700816810131073,-0.161577045917511,-0.3348177671432495,-0.0157382618635892,-0.4322758913040161,-0.4843831062316894,-0.233469933271408,-0.0772576779127121,-0.2416938841342926,0.0650829672813415,3466,0.0236583958453548,0.0034622042700519,0.102135025966532,0.5354875937680323,0.3352567801500288,0.0,0.12352941176470589,0.07647058823529412,0.8764705882352941,0.1,0.48823529411764705,0.6372549019607843,0.9705882352941176,0.029411764705882353,0.9117647058823529,0.5627450980392157,
139-018,Giri Mosque and tombs,1000,E2024,2024,3477,0.6282167434692383,0.4741838872432709,0.7338172197341919,-0.2092579156160354,-0.3299831748008728,-0.0715651661157608,-0.4474499523639679,-0.4882874488830566,-0.3701705634593963,-0.1282172799110412,-0.2437492161989212,0.0076853679493069,3477,0.0143802128271498,0.0,0.0788035662927811,0.732815645671556,0.1740005752085131,0.0,0.01764705882352941,0.01764705882352941,0.9823529411764705,0.01764705882352941,0.5,0.6372549019607843,0.9705882352941176,0.029411764705882353,0.9117647058823529,0.5686274509803921,4.0
