date,precipitation_sum,temperature_2m_mean,temperature_2m_max,temperature_2m_min,relative_humidity_2m_mean,wind_speed_10m_mean
1991-01-01,0.0,6.63,13.93,2.75,46.43,2.16
1991-01-02,0.0,6.01,14.53,1.01,46.33,2.94
1991-01-03,0.0,7.45,15.71,1.64,43.52,2.19
1991-01-04,0.0,9.31,15.63,5.77,40.11,1.52
1991-01-05,0.0,9.89,17.56,5.46,38.13,1.83
1991-01-06,0.0,9.6,14.68,5.24,45.08,1.98
1991-01-07,0.0,10.12,16.84,4.97,59.58,1.94
1991-01-08,0.0,9.87,18.13,5.15,65.9,2.86
1991-01-09,0.0,10.08,18.02,4.82,50.85,2.18
1991-01-10,0.0,11.4,18.2,6.5,49.55,1.89
1991-01-11,0.0,10.34,15.75,5.84,68.31,2.5
1991-01-12,0.0,9.18,17.15,4.49,62.64,2.58
1991-01-13,0.0,9.08,16.88,3.91,48.75,2.44
1991-01-14,0.0,8.93,17.8,3.65,43.89,2.94
1991-01-15,0.0,8.53,14.88,4.27,41.02,2.01
1991-01-16,0.0,8.09,13.43,3.4,51.09,2.36
1991-01-17,0.0,8.85,17.62,3.09,51.61,2.55
1991-01-18,0.0,9.64,16.72,4.49,48.05,2.21
1991-01-19,0.0,9.85,19.39,4.25,44.41,3.18
1991-01-20,0.0,10.87,18.96,5.41,39.29,2.61
1991-01-21,0.0,11.34,19.65,5.9,40.92,2.82
1991-01-22,0.0,10.46,19.54,4.49,42.56,2.69
1991-01-23,0.0,11.91,19.12,7.3,40.47,1.91
1991-01-24,0.0,11.83,20.0,5.75,48.06,2.83
1991-01-25,0.0,9.76,12.33,8.29,74.59,2.61
1991-01-26,0.27,12.82,19.25,7.57,79.42,3.16
1991-01-27,1.66,16.28,22.81,9.43,57.61,2.22
1991-01-28,0.92,14.0,19.14,8.59,62.89,2.13
1991-01-29,0.0,12.95,23.16,6.19,51.06,3.3
1991-01-30,0.0,14.58,22.08,8.94,39.09,2.08
1991-01-31,0.0,13.22,21.55,8.09,47.56,2.56
1991-02-01,0.0,12.35,21.81,6.6,41.24,3.29
1991-02-02,0.0,11.26,17.76,6.72,43.06,2.87
1991-02-03,0.0,13.72,20.88,7.69,41.76,1.77
1991-02-04,0.0,10.88,16.36,6.83,51.73,2.56
1991-02-05,0.0,10.29,18.74,7.04,60.61,3.68
1991-02-06,0.29,12.38,18.03,6.81,56.85,2.17
1991-02-07,0.46,10.93,18.1,5.46,63.92,2.84
1991-02-08,0.25,13.13,20.93,8.42,56.03,2.75
1991-02-09,1.14,14.46,22.14,9.44,64.13,3.68
1991-02-10,0.09,14.4,20.32,10.72,64.94,5.91
1991-02-11,0.97,13.01,18.56,8.17,68.04,5.86
1991-02-12,0.04,11.8,20.08,6.27,50.12,2.72
1991-02-13,0.0,11.23,17.92,5.46,41.23,2.18
1991-02-14,0.0,11.17,17.44,6.77,42.54,4.57
1991-02-15,0.02,9.22,17.09,3.24,42.83,2.99
1991-02-16,5.51,9.93,18.55,2.9,38.49,2.09
1991-02-17,0.0,10.87,19.63,3.82,33.88,1.94
1991-02-18,0.0,10.14,19.4,3.45,36.16,2.57
1991-02-19,0.0,12.49,20.59,6.35,36.29,2.33
1991-02-20,0.0,16.59,24.03,10.18,24.44,1.82
1991-02-21,0.0,15.99,24.56,8.3,29.16,2.31
1991-02-22,0.0,15.69,24.23,8.2,31.73,2.15
1991-02-23,0.0,15.36,23.03,10.38,40.86,3.38
1991-02-24,0.34,13.02,17.14,9.97,65.83,3.22
1991-02-25,16.45,14.0,19.91,9.21,70.47,2.34
1991-02-26,0.06,14.84,22.08,8.66,52.1,1.68
1991-02-27,0.0,13.41,21.16,6.77,55.49,3.25
1991-02-28,0.0,12.82,21.37,6.33,48.22,2.76
1991-03-01,0.32,15.08,23.67,6.96,38.98,2.47
1991-03-02,0.0,13.22,19.62,9.37,51.96,2.65
1991-03-03,0.0,14.51,21.27,7.73,57.82,3.55
1991-03-04,10.2,13.28,17.95,9.83,74.98,3.73
1991-03-05,0.01,15.0,21.97,8.8,54.85,2.23
1991-03-06,0.0,13.46,23.07,5.92,38.25,3.88
1991-03-07,0.0,15.33,24.36,6.79,33.25,3.36
1991-03-08,0.0,14.8,20.75,10.18,47.81,4.86
1991-03-09,3.3,17.12,25.42,9.81,47.66,3.69
1991-03-10,0.35,18.43,26.98,12.2,43.59,2.36
1991-03-11,0.0,18.82,27.27,10.86,38.52,2.72
1991-03-12,0.07,19.66,27.36,12.1,40.09,3.06
1991-03-13,0.01,17.89,26.43,11.16,42.82,2.88
1991-03-14,0.0,17.12,26.61,9.51,38.16,2.75
1991-03-15,0.05,17.11,24.61,11.08,40.07,2.37
1991-03-16,0.0,19.31,27.08,12.21,32.43,2.44
1991-03-17,0.0,19.03,26.24,13.38,38.11,2.56
1991-03-18,1.75,14.76,22.18,11.41,56.55,3.54
1991-03-19,0.0,18.58,28.21,10.39,48.72,2.82
1991-03-20,5.61,20.35,28.42,13.13,41.6,1.99
1991-03-21,0.0,19.5,26.63,13.46,43.89,3.16
1991-03-22,0.0,18.56,26.59,13.98,44.74,3.16
1991-03-23,6.58,15.99,21.44,11.37,57.11,2.5
1991-03-24,0.14,17.71,25.88,9.42,46.42,2.49
1991-03-25,3.1,17.94,24.31,11.94,43.78,2.54
1991-03-26,0.0,19.49,27.62,11.67,40.55,2.83
1991-03-27,0.0,22.04,31.06,12.95,36.94,2.67
1991-03-28,0.0,24.66,33.48,17.03,37.49,3.01
1991-03-29,0.0,25.87,34.99,18.61,38.92,3.16
1991-03-30,0.0,26.71,35.58,17.86,36.52,2.5
1991-03-31,0.0,26.81,34.39,20.21,35.27,2.65
1991-04-01,0.0,25.05,32.84,19.31,36.34,3.56
1991-04-02,5.91,24.73,32.7,18.36,37.86,4.59
1991-04-03,0.67,23.16,30.64,16.18,38.8,2.35
1991-04-04,0.52,22.76,31.4,15.3,38.62,2.06
1991-04-05,0.0,23.11,32.04,15.13,37.85,2.31
1991-04-06,0.0,22.23,30.36,15.94,39.72,2.79
1991-04-07,0.08,22.18,29.7,16.05,45.81,2.68
1991-04-08,0.64,16.34,18.75,12.93,69.54,3.09
1991-04-09,5.68,16.25,21.71,12.33,65.57,2.83
1991-04-10,1.83,18.4,26.39,10.97,51.85,2.45
1991-04-11,3.77,19.56,26.74,11.34,45.47,3.01
1991-04-12,0.0,19.25,24.31,14.84,50.25,2.55
1991-04-13,0.0,17.86,24.88,13.42,60.69,5.14
1991-04-14,7.17,19.17,25.15,14.12,56.66,3.76
1991-04-15,23.82,19.17,25.17,13.28,51.54,3.59
1991-04-16,0.44,18.64,25.5,10.75,39.56,2.93
1991-04-17,0.0,18.61,27.85,9.76,32.65,3.92
1991-04-18,0.0,21.45,31.39,11.88,27.04,3.21
1991-04-19,0.0,24.35,33.36,13.43,24.29,1.98
1991-04-20,0.0,24.64,33.3,14.52,30.12,2.99
1991-04-21,0.0,24.38,31.21,18.8,38.47,3.38
1991-04-22,0.01,24.78,33.85,16.35,40.74,3.2
1991-04-23,0.26,24.22,32.3,16.45,38.2,2.5
1991-04-24,0.01,25.0,33.61,15.69,33.54,3.18
1991-04-25,0.0,26.42,35.15,16.77,28.28,2.55
1991-04-26,0.0,27.47,35.92,18.74,28.2,2.64
1991-04-27,0.0,27.25,36.33,19.11,29.89,2.81
1991-04-28,0.0,26.52,35.05,17.76,28.86,2.75
1991-04-29,0.0,28.56,37.42,19.21,27.56,2.87
1991-04-30,0.0,29.72,38.25,20.08,22.94,2.75
1991-05-01,0.0,30.0,37.61,21.61,22.93,4.1
1991-05-02,0.0,28.5,36.31,21.22,21.66,3.99
1991-05-03,0.0,27.33,35.38,17.6,24.1,2.57
1991-05-04,0.0,27.96,36.98,19.48,19.39,3.49
1991-05-05,0.0,28.21,35.27,21.42,25.21,3.65
1991-05-06,0.0,28.74,36.5,20.97,24.86,3.15
1991-05-07,0.05,29.47,37.63,21.06,24.46,2.66
1991-05-08,0.0,28.25,35.39,22.95,26.76,2.75
1991-05-09,0.0,29.73,37.87,21.35,20.46,3.14
1991-05-10,0.0,29.14,36.03,22.59,15.74,4.64
1991-05-11,0.0,28.45,35.91,20.86,12.3,2.62
1991-05-12,0.0,29.24,38.1,19.29,13.47,3.52
1991-05-13,0.0,30.68,39.59,22.49,14.48,3.66
1991-05-14,0.0,30.83,39.24,23.54,16.25,3.5
1991-05-15,0.0,31.82,40.28,22.75,13.83,3.74
1991-05-16,0.0,31.52,39.02,23.77,14.03,2.98
1991-05-17,0.01,32.59,39.9,25.13,18.5,2.9
1991-05-18,0.05,33.25,40.3,27.05,22.18,2.32
1991-05-19,0.0,33.51,41.08,25.58,21.12,3.51
1991-05-20,0.01,30.31,37.7,23.09,34.52,4.82
1991-05-21,3.57,30.54,36.49,24.28,33.05,2.03
1991-05-22,0.2,29.8,37.01,23.02,29.91,2.94
1991-05-23,0.0,30.65,38.45,22.7,21.92,3.09
1991-05-24,0.0,32.65,40.89,24.09,20.49,2.66
1991-05-25,0.42,31.82,39.0,24.86,23.99,2.95
1991-05-26,0.04,32.26,40.16,24.24,17.35,4.33
1991-05-27,0.04,31.98,39.99,22.53,12.14,2.77
1991-05-28,0.0,31.96,40.13,23.37,12.1,2.5
1991-05-29,0.0,32.25,41.49,23.3,12.34,3.53
1991-05-30,0.0,32.07,39.87,23.44,13.12,3.12
1991-05-31,0.0,33.42,42.11,23.12,9.82,2.5
1991-06-01,0.0,34.1,42.99,22.65,7.3,3.13
1991-06-02,0.0,35.34,44.61,23.62,6.52,2.64
1991-06-03,0.0,36.65,44.7,27.59,6.25,2.18
1991-06-04,0.0,36.81,45.29,28.54,7.7,2.58
1991-06-05,0.0,37.14,46.12,25.85,8.04,2.65
1991-06-06,0.0,36.5,44.26,26.21,9.0,2.73
1991-06-07,0.0,36.54,45.01,27.56,10.55,2.8
1991-06-08,0.0,37.32,45.49,27.25,11.37,2.6
1991-06-09,0.11,36.8,46.54,26.55,16.28,4.1
1991-06-10,0.09,37.02,45.04,28.61,19.63,5.47
1991-06-11,2.44,34.5,41.01,28.34,29.07,4.19
1991-06-12,0.0,34.54,41.73,27.95,24.72,2.77
1991-06-13,0.0,35.89,44.13,27.14,17.67,2.31
1991-06-14,0.0,36.25,44.41,26.44,14.08,2.76
1991-06-15,0.0,36.31,44.1,26.79,17.13,2.85
1991-06-16,0.0,37.26,44.82,28.14,14.48,2.17
1991-06-17,0.0,37.5,44.91,28.72,16.11,3.13
1991-06-18,0.02,35.79,42.06,28.74,17.31,3.02
1991-06-19,1.29,31.79,37.57,26.54,32.86,4.24
1991-06-20,0.2,31.72,38.46,24.68,31.78,2.38
1991-06-21,0.13,33.18,40.59,25.83,20.91,2.41
1991-06-22,0.14,33.09,40.62,24.76,21.49,3.47
1991-06-23,0.0,34.4,41.9,26.42,17.62,2.41
1991-06-24,0.0,34.76,42.84,26.18,15.79,2.98
1991-06-25,0.0,34.9,43.49,25.97,12.64,3.08
1991-06-26,0.02,34.64,43.63,24.76,10.04,3.33
1991-06-27,0.0,35.63,44.32,26.62,10.33,3.11
1991-06-28,0.0,36.53,44.65,28.14,10.98,2.27
1991-06-29,0.0,36.59,44.7,27.99,14.35,2.32
1991-06-30,0.0,38.01,45.7,27.63,12.25,2.25
1991-07-01,0.0,38.01,46.04,29.29,12.47,3.02
1991-07-02,0.0,37.29,45.16,28.86,15.54,2.98
1991-07-03,0.0,37.74,45.23,28.77,14.97,2.55
1991-07-04,0.0,37.54,45.67,28.9,15.04,2.69
1991-07-05,0.0,36.83,43.88,29.38,20.03,2.15
1991-07-06,6.42,35.61,41.78,29.03,24.32,2.28
1991-07-07,1.71,34.75,41.45,27.21,27.93,2.02
1991-07-08,0.18,35.58,43.02,27.18,25.48,2.16
1991-07-09,0.0,37.16,44.74,28.28,21.29,2.14
1991-07-10,0.0,37.15,44.95,28.8,21.84,2.42
1991-07-11,0.25,36.26,43.94,27.78,20.84,2.39
1991-07-12,0.0,35.56,42.83,27.82,21.78,4.0
1991-07-13,25.51,32.96,40.12,26.94,37.15,6.09
1991-07-14,31.56,31.21,36.6,26.25,53.35,2.06
1991-07-15,2.41,31.84,39.12,23.74,48.75,2.57
1991-07-16,0.06,33.82,41.34,25.62,42.29,2.6
1991-07-17,0.0,33.76,41.06,26.54,41.37,2.68
1991-07-18,0.03,33.55,40.53,26.48,42.2,2.9
1991-07-19,8.93,33.64,41.05,26.07,46.26,2.77
1991-07-20,0.76,33.74,40.95,26.42,46.11,2.43
1991-07-21,0.85,32.93,39.12,27.75,48.13,2.7
1991-07-22,8.09,31.72,37.32,26.34,55.17,2.12
1991-07-23,0.13,32.11,38.9,24.89,45.42,1.76
1991-07-24,0.02,32.55,40.7,24.17,42.03,2.33
1991-07-25,0.0,33.37,39.99,27.38,39.53,1.68
1991-07-26,10.7,32.54,39.88,24.64,47.46,2.04
1991-07-27,0.0,33.48,40.36,26.04,43.73,2.24
1991-07-28,0.0,34.49,42.57,26.44,41.34,2.45
1991-07-29,0.0,34.26,42.75,26.85,39.82,3.58
1991-07-30,2.7,32.63,39.35,26.41,49.91,2.78
1991-07-31,26.87,31.82,37.0,26.33,56.93,1.85
1991-08-01,8.01,32.08,37.4,26.08,56.07,2.14
1991-08-02,31.43,31.57,36.25,27.17,58.19,1.71
1991-08-03,0.09,31.8,38.23,25.29,54.83,2.08
1991-08-04,0.1,32.48,39.12,26.28,51.55,2.69
1991-08-05,7.46,31.31,37.23,25.91,55.12,1.97
1991-08-06,7.8,30.78,36.99,24.85,56.18,2.02
1991-08-07,0.0,31.1,37.48,24.65,53.32,2.22
1991-08-08,0.01,31.94,38.65,25.36,50.2,2.64
1991-08-09,0.05,31.65,39.02,26.28,50.19,4.88
1991-08-10,44.9,28.2,31.65,24.18,59.04,2.59
1991-08-11,0.0,28.51,34.4,21.58,53.08,1.99
1991-08-12,0.03,29.84,36.63,22.13,47.02,2.04
1991-08-13,0.0,30.28,37.23,22.44,47.11,2.16
1991-08-14,0.0,31.56,38.09,23.85,45.95,1.69
1991-08-15,0.0,31.22,37.24,24.69,50.14,1.83
1991-08-16,0.0,31.22,37.25,24.46,49.4,1.78
1991-08-17,0.0,31.89,38.58,25.26,49.34,2.18
1991-08-18,0.48,31.22,37.1,25.55,53.09,2.63
1991-08-19,4.5,31.22,36.51,26.21,58.66,1.72
1991-08-20,0.08,31.1,37.12,25.85,58.14,2.05
1991-08-21,1.71,31.1,36.99,25.37,57.31,2.16
1991-08-22,5.01,30.0,35.78,24.79,62.06,1.78
1991-08-23,1.77,29.27,35.08,24.52,64.84,2.59
1991-08-24,0.38,29.65,36.13,23.83,61.04,1.77
1991-08-25,0.07,30.73,37.57,24.68,56.68,2.05
1991-08-26,0.0,31.39,38.37,24.19,50.77,1.94
1991-08-27,0.0,32.94,40.02,24.82,43.06,2.03
1991-08-28,1.37,30.69,36.95,24.42,55.03,3.15
1991-08-29,2.98,29.69,35.48,24.93,65.75,1.96
1991-08-30,4.01,29.12,35.04,24.01,65.42,1.38
1991-08-31,2.83,29.67,35.29,24.18,60.68,1.4
1991-09-01,1.94,30.63,36.83,24.71,56.55,1.57
1991-09-02,0.12,30.14,36.2,23.68,54.62,1.82
1991-09-03,0.03,31.19,37.95,23.87,50.64,1.59
1991-09-04,0.07,31.3,38.49,24.46,50.45,1.94
1991-09-05,1.52,31.15,39.13,24.05,50.06,2.41
1991-09-06,0.0,30.64,37.64,24.1,48.75,2.17
1991-09-07,19.5,29.37,35.97,22.81,54.9,1.9
1991-09-08,14.24,29.18,36.17,22.59,55.67,1.93
1991-09-09,0.0,30.02,36.94,23.55,50.53,1.73
1991-09-10,0.0,30.26,37.34,23.42,48.9,2.15
1991-09-11,0.0,29.84,36.91,22.93,50.86,2.07
1991-09-12,0.0,29.79,37.09,22.9,51.02,2.1
1991-09-13,0.0,29.73,36.65,23.22,51.34,2.18
1991-09-14,0.02,30.3,37.39,23.69,52.12,2.26
1991-09-15,17.29,28.54,34.01,24.17,59.05,2.18
1991-09-16,6.02,27.72,32.55,24.06,62.2,1.77
1991-09-17,29.07,25.61,30.44,21.87,68.96,2.27
1991-09-18,2.99,25.99,31.07,20.69,62.16,2.0
1991-09-19,0.07,25.89,31.39,20.49,60.32,2.01
1991-09-20,0.01,26.42,32.52,20.5,55.26,2.08
1991-09-21,0.0,26.81,33.42,20.46,52.29,2.27
1991-09-22,0.0,26.94,34.02,19.8,47.6,2.06
1991-09-23,0.0,26.9,34.85,19.4,45.53,2.33
1991-09-24,0.0,26.42,35.1,18.86,42.5,2.48
1991-09-25,0.0,26.18,34.29,18.57,43.04,2.74
1991-09-26,4.89,26.49,34.67,18.7,44.53,2.44
1991-09-27,15.14,23.93,31.46,18.62,57.3,3.24
1991-09-28,0.99,22.72,31.23,17.87,64.63,3.78
1991-09-29,0.59,22.87,29.94,17.5,55.58,2.6
1991-09-30,0.0,21.73,29.37,15.73,45.48,2.34
1991-10-01,0.0,21.29,29.0,16.02,38.78,2.47
1991-10-02,0.0,21.93,30.23,14.98,37.26,2.02
1991-10-03,0.0,22.78,31.44,14.95,36.88,2.09
1991-10-04,0.0,23.43,32.62,15.08,36.72,2.17
1991-10-05,0.0,24.35,31.61,18.2,35.41,1.99
1991-10-06,0.0,23.93,32.32,16.35,36.7,2.37
1991-10-07,0.0,24.24,31.9,16.06,36.35,2.0
1991-10-08,0.0,24.41,32.26,18.41,38.76,2.09
1991-10-09,0.0,24.02,32.15,16.05,38.04,2.07
1991-10-10,0.0,23.76,32.74,15.93,38.93,2.36
1991-10-11,0.0,22.49,31.03,15.93,40.52,2.75
1991-10-12,0.28,22.77,30.89,15.28,36.81,1.8
1991-10-13,0.0,21.44,30.05,14.79,40.74,2.79
1991-10-14,0.0,21.61,29.2,14.21,38.94,2.18
1991-10-15,1.23,20.05,26.59,14.36,47.59,2.4
1991-10-16,0.09,20.0,28.73,12.64,47.36,2.29
1991-10-17,1.5,21.31,29.65,14.11,43.76,2.01
1991-10-18,0.0,21.63,30.38,15.11,38.47,2.16
1991-10-19,0.0,21.92,30.46,14.34,37.27,2.06
1991-10-20,0.0,22.5,30.66,15.56,33.11,2.17
1991-10-21,0.0,20.89,30.05,13.66,37.77,3.04
1991-10-22,0.0,21.83,30.53,15.24,36.52,2.66
1991-10-23,0.0,21.48,30.47,13.89,36.48,2.8
1991-10-24,0.0,21.68,30.3,14.37,35.28,2.09
1991-10-25,0.0,21.49,30.55,14.94,34.08,2.56
1991-10-26,0.0,20.89,29.47,12.81,31.96,2.4
1991-10-27,0.0,21.74,30.62,13.5,30.76,2.11
1991-10-28,0.0,21.23,29.31,13.35,31.11,2.38
1991-10-29,0.0,21.22,29.43,15.12,31.44,1.9
1991-10-30,0.0,20.59,29.24,13.98,30.82,2.06
1991-10-31,0.04,20.05,28.68,13.65,28.65,2.42
1991-11-01,0.0,21.0,29.91,14.55,22.77,2.16
1991-11-02,0.0,19.66,29.75,11.84,20.81,2.95
1991-11-03,0.0,19.97,29.59,11.62,17.8,2.33
1991-11-04,0.0,19.27,28.74,10.79,18.03,2.38
1991-11-05,0.0,18.94,28.82,11.11,18.89,2.52
1991-11-06,0.0,18.45,27.83,10.92,19.09,2.87
1991-11-07,0.0,18.04,26.66,10.21,19.71,2.57
1991-11-08,0.0,18.12,27.28,10.3,20.89,2.39
1991-11-09,0.0,17.94,26.47,10.49,22.24,2.39
1991-11-10,0.0,17.19,25.52,10.27,24.46,2.25
1991-11-11,0.0,17.44,25.24,11.2,24.03,2.08
1991-11-12,0.0,17.17,24.43,10.41,31.37,2.23
1991-11-13,0.0,17.4,24.84,12.09,29.66,2.49
1991-11-14,0.05,17.82,25.33,10.64,29.57,2.11
1991-11-15,0.0,17.21,24.68,11.98,29.59,2.81
1991-11-16,0.0,16.88,25.1,10.95,24.39,2.19
1991-11-17,0.0,15.74,24.54,9.02,24.94,2.69
1991-11-18,0.0,15.82,24.19,9.32,24.19,2.33
1991-11-19,0.0,17.03,25.18,11.98,21.86,2.29
1991-11-20,0.0,16.71,25.2,9.74,20.96,2.21
1991-11-21,0.0,16.54,25.4,9.99,20.95,2.49
1991-11-22,0.0,16.17,24.67,9.11,22.24,2.42
1991-11-23,0.0,16.67,25.83,11.47,21.57,2.98
1991-11-24,0.0,16.27,25.4,10.33,21.53,3.34
1991-11-25,0.0,17.48,25.33,12.7,19.23,2.48
1991-11-26,0.0,16.94,21.83,11.52,23.61,2.08
1991-11-27,0.0,15.62,24.63,9.68,40.18,2.85
1991-11-28,0.0,16.54,24.64,11.18,29.02,2.37
1991-11-29,0.0,14.59,22.05,9.57,31.15,4.65
1991-11-30,0.01,13.67,22.5,7.87,34.46,2.92
1991-12-01,4.19,12.89,21.65,7.97,31.15,2.88
1991-12-02,0.0,13.38,22.65,6.63,22.79,2.91
1991-12-03,0.0,14.66,21.84,8.9,17.43,1.67
1991-12-04,0.0,16.43,24.1,10.9,23.42,2.49
1991-12-05,0.0,15.26,22.97,10.27,43.27,3.3
1991-12-06,0.0,16.16,24.41,10.98,37.55,2.98
1991-12-07,0.04,17.73,24.65,12.76,31.06,1.64
1991-12-08,0.27,15.91,24.06,11.36,39.16,2.5
1991-12-09,0.36,16.05,23.5,11.03,36.61,2.27
1991-12-10,0.0,15.34,23.36,9.48,37.25,2.67
1991-12-11,0.63,13.52,19.78,9.46,44.36,2.43
1991-12-12,0.26,15.87,23.03,10.34,43.81,2.29
1991-12-13,0.12,16.23,23.89,10.92,51.18,2.74
1991-12-14,0.26,17.53,25.17,12.91,45.76,2.01
1991-12-15,0.0,16.48,23.27,12.89,43.46,1.97
1991-12-16,0.0,16.33,21.67,12.8,36.47,2.31
1991-12-17,0.0,16.52,21.45,14.16,32.15,2.17
1991-12-18,0.0,15.82,19.53,12.87,34.18,1.83
1991-12-19,0.0,16.19,21.97,13.16,42.3,2.74
1991-12-20,0.0,16.13,21.64,13.21,34.45,3.22
1991-12-21,1.13,13.29,16.06,11.41,57.48,3.83
1991-12-22,14.86,12.3,17.57,8.35,77.42,2.23
1991-12-23,1.42,12.1,18.42,8.23,62.95,1.98
1991-12-24,0.0,12.32,19.27,7.59,52.82,1.8
1991-12-25,0.02,11.01,15.94,6.48,58.14,1.37
1991-12-26,0.0,9.91,17.43,4.27,59.22,2.46
1991-12-27,0.07,9.77,14.99,5.57,54.68,2.42
1991-12-28,0.79,9.01,16.03,4.13,58.93,2.3
1991-12-29,0.1,9.34,16.34,4.41,49.99,2.1
1991-12-30,0.0,9.65,16.15,5.05,44.73,1.98
1991-12-31,0.0,8.14,16.63,3.33,49.12,2.58
1992-01-01,0.0,7.98,16.01,2.8,47.32,2.45
1992-01-02,0.0,9.79,18.37,4.94,49.0,2.65
1992-01-03,0.0,10.15,16.95,5.36,48.79,2.89
1992-01-04,0.0,13.38,20.04,8.6,51.28,1.85
1992-01-05,0.0,11.53,17.63,7.78,61.28,2.81
1992-01-06,0.0,13.36,20.29,8.2,49.43,2.43
1992-01-07,0.0,12.35,17.16,9.41,59.96,4.51
1992-01-08,7.92,12.2,19.03,7.22,63.43,1.86
1992-01-09,0.28,11.55,18.1,7.8,61.36,2.35
1992-01-10,0.22,10.57,16.86,5.39,55.99,3.09
1992-01-11,3.58,8.94,16.91,3.66,51.27,2.32
1992-01-12,2.06,6.84,13.8,2.15,54.05,3.1
1992-01-13,0.02,10.79,18.27,4.57,40.82,2.26
1992-01-14,0.0,9.49,14.12,5.64,53.63,2.57
1992-01-15,0.0,11.52,18.19,6.63,50.32,1.86
1992-01-16,0.0,11.77,20.2,7.45,45.9,2.39
1992-01-17,0.0,10.65,18.24,5.33,47.07,3.05
1992-01-18,0.0,12.59,17.56,9.28,41.41,1.63
1992-01-19,0.0,12.9,20.49,8.65,48.86,2.56
1992-01-20,0.0,13.22,21.24,8.42,53.85,2.17
1992-01-21,0.0,13.2,21.08,7.8,52.83,2.26
1992-01-22,0.0,12.3,19.77,6.47,55.83,2.71
1992-01-23,0.02,13.22,18.71,9.81,56.02,1.93
1992-01-24,4.82,11.58,14.85,8.92,77.65,3.72
1992-01-25,0.2,12.21,15.27,9.84,81.13,3.04
1992-01-26,3.37,11.23,13.22,10.06,86.97,3.09
1992-01-27,2.94,12.59,17.13,9.52,78.94,1.21
1992-01-28,3.88,10.94,13.54,8.81,86.32,1.64
1992-01-29,13.5,11.08,14.19,9.21,90.95,4.81
1992-01-30,42.7,11.69,15.77,8.6,89.29,3.35
1992-01-31,5.22,11.1,17.34,6.86,77.75,2.2
1992-02-01,4.69,11.36,18.55,6.46,55.97,2.75
1992-02-02,0.0,10.8,18.39,3.56,54.27,2.7
1992-02-03,0.0,10.84,18.7,4.29,58.59,2.66
1992-02-04,0.0,11.63,17.82,7.9,52.47,2.1
1992-02-05,0.07,11.48,16.62,6.93,70.0,2.4
1992-02-06,9.2,10.03,11.68,7.51,85.58,4.75
1992-02-07,6.38,10.15,13.81,6.11,80.61,1.44
1992-02-08,0.0,9.36,16.95,3.16,66.06,2.87
1992-02-09,0.15,11.03,18.8,5.27,50.94,2.14
1992-02-10,0.0,11.12,19.09,5.72,48.15,2.26
1992-02-11,0.0,11.95,19.53,5.46,46.3,2.32
1992-02-12,0.03,9.42,13.28,6.59,68.97,4.9
1992-02-13,35.4,11.04,16.26,6.52,82.18,2.69
1992-02-14,0.14,10.01,17.54,4.82,64.57,3.09
1992-02-15,0.81,11.01,19.93,4.65,52.09,3.13
1992-02-16,0.0,10.71,18.72,3.5,50.02,2.99
1992-02-17,0.0,12.4,19.52,6.18,52.52,2.18
1992-02-18,0.0,11.84,19.57,5.44,53.38,3.06
1992-02-19,0.0,10.04,15.44,5.33,63.58,2.31
1992-02-20,0.05,10.57,15.85,5.0,65.92,1.96
1992-02-21,0.0,11.74,18.23,6.63,60.34,1.59
1992-02-22,0.0,12.05,19.31,6.49,58.02,2.34
1992-02-23,0.0,12.72,21.06,6.46,54.88,2.75
1992-02-24,0.0,12.94,21.78,5.63,49.02,2.7
1992-02-25,0.0,14.76,22.01,8.22,41.72,2.43
1992-02-26,0.0,15.73,23.19,10.61,48.21,2.23
1992-02-27,0.01,14.5,21.84,9.79,55.38,3.91
1992-02-28,5.35,13.67,17.26,10.54,67.73,5.76
1992-02-29,3.89,14.4,22.34,7.97,64.03,4.86
1992-03-01,1.7,12.48,20.85,5.97,50.07,3.04
1992-03-02,0.99,13.46,22.06,7.11,43.88,2.74
1992-03-03,0.0,14.26,22.5,8.16,43.65,2.76
1992-03-04,0.0,14.66,22.8,6.85,43.19,2.84
1992-03-05,0.0,14.02,20.54,9.16,54.96,2.96
1992-03-06,0.0,13.8,22.5,7.86,55.48,3.14
1992-03-07,0.02,14.6,22.77,8.08,48.09,3.13
1992-03-08,0.0,15.12,23.55,8.73,47.65,3.09
1992-03-09,0.0,16.7,25.1,9.17,43.36,2.47
1992-03-10,0.13,16.61,24.93,10.25,47.6,3.47
1992-03-11,0.7,16.11,21.82,12.03,50.48,7.09
1992-03-12,0.14,15.03,21.82,9.52,59.58,4.65
1992-03-13,6.57,14.6,21.09,9.96,55.01,4.88
1992-03-14,0.22,12.13,20.88,5.17,56.37,3.08
1992-03-15,0.66,13.43,22.16,5.82,44.06,3.6
1992-03-16,0.0,15.46,24.35,7.81,46.44,2.85
1992-03-17,0.0,18.54,26.41,11.33,45.0,2.58
1992-03-18,0.0,18.24,26.35,11.11,47.14,2.5
1992-03-19,0.02,17.89,24.79,12.43,49.51,2.8
1992-03-20,3.36,15.8,21.19,12.09,64.88,4.6
1992-03-21,0.19,17.5,24.37,10.36,55.18,2.22
1992-03-22,5.38,15.14,18.0,12.22,78.42,3.4
1992-03-23,16.99,16.05,20.87,13.05,83.71,5.24
1992-03-24,28.91,17.18,22.61,11.6,72.74,2.43
1992-03-25,4.79,16.01,19.56,12.74,76.54,5.54
1992-03-26,57.08,16.6,21.55,12.76,83.52,6.33
1992-03-27,0.0,16.57,22.8,12.24,70.89,2.33
1992-03-28,1.95,16.29,21.39,11.55,61.0,2.36
1992-03-29,0.35,15.5,21.83,10.24,69.83,2.07
1992-03-30,0.7,16.6,22.89,10.22,59.3,1.85
1992-03-31,0.0,16.59,23.96,9.27,59.41,3.23
1992-04-01,0.0,18.36,24.4,13.27,54.05,2.31
1992-04-02,0.0,19.83,25.93,14.68,50.8,2.31
1992-04-03,0.0,19.75,26.77,12.71,58.63,2.43
1992-04-04,0.06,19.66,26.36,14.53,59.98,2.73
1992-04-05,1.57,17.66,23.88,12.68,67.78,2.82
1992-04-06,5.64,18.17,23.78,13.63,68.06,2.72
1992-04-07,0.06,17.99,24.84,11.13,60.2,2.99
1992-04-08,0.19,19.73,26.33,13.1,53.91,2.01
1992-04-09,0.0,20.46,27.03,13.4,53.05,2.93
1992-04-10,0.03,19.03,25.02,14.39,55.12,3.68
1992-04-11,1.05,19.21,25.81,11.66,51.75,1.91
1992-04-12,0.28,19.83,26.6,12.44,52.93,2.22
1992-04-13,0.02,20.91,27.69,13.19,48.57,2.36
1992-04-14,0.02,22.15,30.19,14.08,52.89,1.89
1992-04-15,0.08,22.04,29.4,15.1,53.81,2.44
1992-04-16,0.33,22.63,31.04,15.03,53.08,2.93
1992-04-17,0.0,22.29,31.28,17.54,57.1,3.69
1992-04-18,1.82,23.29,31.9,15.68,52.0,2.85
1992-04-19,2.75,22.48,26.63,18.04,54.84,2.59
1992-04-20,0.78,23.58,31.08,16.31,54.71,2.97
1992-04-21,2.89,20.87,25.3,16.33,61.95,4.24
1992-04-22,0.64,21.34,27.25,15.16,54.28,1.4
1992-04-23,9.35,22.82,30.5,14.98,51.22,2.45
1992-04-24,0.09,23.77,31.92,16.33,48.46,2.76
1992-04-25,0.0,25.41,33.39,17.95,47.31,2.32
1992-04-26,0.0,25.81,33.9,18.14,47.18,2.98
1992-04-27,0.0,26.26,34.37,18.48,47.68,3.33
1992-04-28,0.0,26.39,35.36,20.15,46.48,3.24
1992-04-29,1.94,26.25,33.53,20.09,46.19,2.74
1992-04-30,1.26,26.36,33.06,19.71,48.69,2.38
1992-05-01,2.63,24.31,31.22,18.13,49.98,2.45
1992-05-02,0.76,24.93,33.09,17.24,46.2,2.7
1992-05-03,2.15,25.42,32.29,19.67,44.06,3.88
1992-05-04,7.03,24.22,31.14,16.82,52.01,3.6
1992-05-05,0.4,24.12,30.51,17.1,43.2,3.17
1992-05-06,6.2,23.53,31.4,16.45,49.44,2.87
1992-05-07,0.0,24.69,33.47,16.82,44.14,3.65
1992-05-08,0.0,25.38,33.31,16.61,39.46,2.86
1992-05-09,0.0,26.17,34.69,18.21,40.23,3.59
1992-05-10,0.68,27.19,35.67,18.65,43.27,3.54
1992-05-11,0.0,29.3,37.6,20.3,39.49,3.03
1992-05-12,0.0,30.42,39.43,21.95,39.23,3.2
1992-05-13,0.0,30.5,39.46,22.67,39.55,3.69
1992-05-14,0.0,29.92,38.18,23.05,40.17,3.06
1992-05-15,0.0,29.06,37.15,21.42,39.37,2.76
1992-05-16,2.4,24.45,29.77,19.65,52.35,3.24
1992-05-17,0.33,26.2,34.24,19.13,43.82,2.85
1992-05-18,4.53,26.78,33.7,19.21,41.0,2.62
1992-05-19,0.0,26.92,35.49,18.28,38.81,3.21
1992-05-20,0.0,27.25,35.16,18.88,38.06,3.03
1992-05-21,0.0,29.3,37.47,21.79,31.23,2.95
1992-05-22,0.0,29.88,38.87,19.96,30.55,3.34
1992-05-23,0.0,31.95,41.3,23.04,27.72,3.35
1992-05-24,0.0,31.95,41.31,23.12,26.46,3.51
1992-05-25,0.0,32.74,42.62,22.62,22.76,3.67
1992-05-26,3.71,31.0,37.55,23.73,24.47,3.46
1992-05-27,1.47,28.71,35.78,20.75,37.62,2.96
1992-05-28,8.55,26.07,34.46,19.99,50.56,3.51
1992-05-29,0.37,24.63,30.92,19.49,50.56,2.66
1992-05-30,0.02,26.33,34.37,18.67,40.65,2.41
1992-05-31,0.14,26.96,35.07,18.64,34.02,2.89
1992-06-01,0.24,28.64,37.07,19.8,28.64,3.11
1992-06-02,0.0,30.31,39.64,20.57,23.28,3.14
1992-06-03,0.0,29.85,38.41,21.25,24.99,3.32
1992-06-04,0.01,32.02,41.55,21.95,22.76,2.69
1992-06-05,0.08,33.68,42.26,24.24,21.76,2.59
1992-06-06,0.0,34.72,43.35,25.97,19.79,3.16
1992-06-07,0.0,34.45,43.01,25.63,19.57,3.34
1992-06-08,0.0,34.79,43.45,26.16,16.6,3.04
1992-06-09,0.02,33.92,41.96,26.12,16.51,2.25
1992-06-10,0.0,35.09,44.01,25.49,15.2,2.75
1992-06-11,0.03,34.82,42.74,26.08,14.33,3.04
1992-06-12,0.92,33.43,40.54,25.99,16.11,2.88
1992-06-13,1.21,33.87,41.76,24.54,18.15,3.04
1992-06-14,1.85,34.77,42.82,26.76,15.6,2.61
1992-06-15,0.0,34.23,43.11,25.03,16.21,3.4
1992-06-16,0.0,35.12,43.98,25.6,13.81,3.08
1992-06-17,0.0,35.95,45.13,25.51,13.19,3.17
1992-06-18,0.0,36.0,45.06,25.92,11.89,3.07
1992-06-19,0.0,36.41,43.57,27.42,12.15,2.93
1992-06-20,0.0,36.09,44.14,25.95,13.77,3.16
1992-06-21,0.04,36.47,44.58,27.31,16.57,2.89
1992-06-22,8.49,34.09,40.12,28.35,30.21,2.32
1992-06-23,0.38,34.32,42.69,25.81,24.75,2.92
1992-06-24,0.72,34.5,43.5,23.94,19.15,3.29
1992-06-25,0.0,35.17,42.99,26.86,15.1,2.17
1992-06-26,0.0,35.7,44.61,26.24,12.81,2.35
1992-06-27,0.0,34.99,43.07,25.38,16.19,3.64
1992-06-28,0.2,35.49,43.03,26.65,23.13,2.7
1992-06-29,0.06,35.15,41.0,28.75,25.34,2.24
1992-06-30,0.0,34.49,41.21,28.21,23.35,2.77
1992-07-01,0.02,33.4,39.82,26.35,24.56,2.78
1992-07-02,4.82,31.51,38.1,24.44,36.35,2.91
1992-07-03,0.58,32.14,39.19,24.71,33.65,2.67
1992-07-04,0.0,33.2,40.62,24.83,24.27,2.26
1992-07-05,0.0,34.28,42.65,23.45,17.69,2.71
1992-07-06,0.0,36.16,44.48,25.5,14.53,2.18
1992-07-07,0.0,35.13,43.89,24.85,14.88,3.28
1992-07-08,0.0,35.81,44.88,26.19,16.97,2.98
1992-07-09,0.01,34.09,41.56,26.07,24.11,3.11
1992-07-10,4.88,33.25,39.41,27.48,34.92,1.83
1992-07-11,9.58,31.78,37.34,25.6,49.57,1.78
1992-07-12,0.09,32.45,38.26,26.37,47.22,1.39
1992-07-13,1.02,32.93,39.15,26.81,45.02,2.04
1992-07-14,39.02,31.0,35.3,26.21,54.7,1.2
1992-07-15,37.66,30.47,34.21,25.44,59.13,1.44
1992-07-16,5.34,31.48,37.44,24.59,55.47,2.12
1992-07-17,6.1,30.72,35.47,25.43,55.09,1.86
1992-07-18,8.9,29.86,34.19,24.48,58.87,1.49
1992-07-19,3.99,30.12,35.46,24.28,61.29,1.71
1992-07-20,2.17,29.68,34.31,24.79,65.62,2.44
1992-07-21,7.67,30.03,34.41,25.45,66.14,1.92
1992-07-22,4.45,27.02,29.58,24.63,80.83,3.13
1992-07-23,0.22,28.83,33.89,24.21,68.76,2.25
1992-07-24,3.08,29.76,35.76,24.65,66.13,2.22
1992-07-25,0.71,29.76,35.93,24.16,65.45,2.13
1992-07-26,6.09,30.55,35.94,24.84,61.45,1.79
1992-07-27,0.77,30.78,35.73,25.29,61.05,1.67
1992-07-28,0.22,31.6,36.94,25.69,59.17,1.82
1992-07-29,1.73,31.48,37.0,26.25,59.35,2.14
1992-07-30,4.4,30.67,35.94,25.19,58.8,2.36
1992-07-31,4.77,30.78,35.86,25.06,58.76,1.45
1992-08-01,0.45,31.71,37.61,25.32,57.89,1.63
1992-08-02,0.0,32.18,38.25,26.74,55.29,1.71
1992-08-03,22.2,29.15,33.76,25.56,70.64,3.28
1992-08-04,37.27,27.31,31.95,23.56,79.66,3.28
1992-08-05,4.63,26.31,29.22,23.69,82.5,2.63
1992-08-06,1.34,27.99,33.59,22.26,69.36,1.73
1992-08-07,1.19,29.71,34.73,24.09,62.68,1.67
1992-08-08,6.77,28.9,33.41,24.55,69.7,3.12
1992-08-09,65.72,27.12,30.66,23.97,78.86,2.86
1992-08-10,0.02,27.44,32.73,22.64,73.9,2.02
1992-08-11,1.13,28.53,33.41,23.23,65.46,1.4
1992-08-12,0.14,28.96,33.73,22.64,66.14,1.51
1992-08-13,0.0,29.62,34.49,24.78,67.56,1.83
1992-08-14,0.63,29.89,34.87,24.85,64.34,1.54
1992-08-15,0.33,30.46,35.3,25.03,62.57,1.8
1992-08-16,2.8,30.04,35.14,25.4,65.99,1.76
1992-08-17,7.5,28.72,32.97,24.92,71.34,1.95
1992-08-18,13.31,28.33,32.01,24.05,71.4,0.93
1992-08-19,1.2,28.85,33.53,23.87,65.46,1.41
1992-08-20,12.09,28.36,33.53,22.48,67.24,1.94
1992-08-21,0.0,28.75,33.7,23.41,65.87,1.66
1992-08-22,0.0,29.8,34.53,24.15,60.1,2.04
1992-08-23,0.0,30.18,36.4,24.05,57.51,2.21
1992-08-24,0.0,29.88,36.1,23.7,60.24,1.89
1992-08-25,0.04,30.15,36.1,24.51,62.79,2.58
1992-08-26,0.02,30.13,36.42,24.36,63.05,2.03
1992-08-27,1.33,29.12,35.17,23.61,63.12,2.07
1992-08-28,15.4,28.67,33.81,23.54,66.65,1.68
1992-08-29,1.45,29.36,35.39,23.5,59.67,1.91
1992-08-30,0.0,30.36,36.54,23.28,53.9,1.76
1992-08-31,0.0,31.73,37.75,24.41,49.79,1.87
1992-09-01,0.03,31.95,37.63,25.88,51.35,1.67
1992-09-02,0.0,30.5,36.63,24.8,58.74,1.94
1992-09-03,34.06,29.78,34.27,25.82,63.14,1.55
1992-09-04,0.28,27.01,32.32,22.82,70.89,2.25
1992-09-05,0.4,28.08,34.17,22.29,63.61,1.57
1992-09-06,0.06,28.98,34.14,23.53,60.52,2.0
1992-09-07,0.86,27.77,32.6,23.06,67.59,2.43
1992-09-08,1.76,26.72,31.46,22.92,70.98,3.24
1992-09-09,48.47,24.22,27.84,20.71,86.82,3.86
1992-09-10,92.6,24.24,28.36,20.92,84.44,2.07
1992-09-11,0.56,24.35,29.16,19.85,74.94,2.05
1992-09-12,0.84,25.16,29.93,20.01,67.63,1.62
1992-09-13,0.0,25.88,30.47,21.38,65.65,1.25
1992-09-14,1.45,25.25,29.93,20.95,72.64,1.96
1992-09-15,2.35,25.29,29.69,20.99,72.37,1.74
1992-09-16,0.38,25.24,30.13,20.93,68.29,1.89
1992-09-17,2.93,24.2,28.87,18.97,66.37,1.72
1992-09-18,0.41,24.15,29.03,18.45,67.11,2.13
1992-09-19,0.0,23.93,29.12,18.67,66.02,1.91
1992-09-20,0.0,23.72,29.12,17.56,62.95,2.24
1992-09-21,0.0,24.44,30.37,17.91,58.54,2.38
1992-09-22,0.0,24.78,31.34,18.92,54.05,2.08
1992-09-23,0.0,25.3,31.67,18.51,45.91,1.84
1992-09-24,0.0,24.88,31.72,17.53,48.02,1.75
1992-09-25,0.0,24.16,31.11,17.36,49.55,2.34
1992-09-26,0.0,24.21,31.06,17.58,49.95,2.05
1992-09-27,0.0,23.91,30.73,18.14,51.3,1.87
1992-09-28,0.0,23.98,30.55,17.6,49.6,1.86
1992-09-29,0.0,23.8,30.62,17.41,51.42,1.96
1992-09-30,0.0,24.0,31.49,17.26,54.86,2.76
1992-10-01,0.0,24.12,31.78,17.93,54.44,3.11
1992-10-02,1.85,23.73,31.27,17.46,52.73,3.26
1992-10-03,0.8,24.1,31.84,17.11,52.84,2.46
1992-10-04,2.48,23.95,31.82,16.86,51.85,2.63
1992-10-05,0.0,23.18,30.31,17.27,53.95,3.44
1992-10-06,4.91,22.2,27.79,17.37,58.4,3.01
1992-10-07,0.0,21.6,29.45,15.0,57.61,2.7
1992-10-08,0.0,23.96,30.26,18.74,46.35,1.83
1992-10-09,0.0,23.4,30.46,16.71,50.06,1.87
1992-10-10,0.0,23.71,31.64,16.91,48.39,2.53
1992-10-11,0.0,24.16,32.01,16.76,45.28,1.82
1992-10-12,0.0,24.09,31.77,17.35,43.87,2.2
1992-10-13,0.0,23.36,31.13,16.11,41.73,2.21
1992-10-14,0.0,23.85,32.12,16.67,36.88,1.92
1992-10-15,0.0,22.97,32.01,15.45,40.13,2.31
1992-10-16,0.0,22.99,31.39,16.23,41.08,2.08
1992-10-17,0.0,21.9,30.84,15.18,46.29,3.53
1992-10-18,0.0,22.19,30.41,15.92,49.74,4.52
1992-10-19,0.02,22.33,29.84,16.08,51.49,2.3
1992-10-20,3.81,21.66,30.13,14.41,45.71,3.06
1992-10-21,0.0,22.14,29.6,14.81,39.56,1.84
1992-10-22,0.0,22.3,29.58,16.0,39.37,2.17
1992-10-23,0.0,21.14,29.08,12.91,35.75,2.38
1992-10-24,0.0,19.63,29.55,12.55,38.91,3.19
1992-10-25,0.0,20.18,28.37,13.21,36.79,2.52
1992-10-26,0.0,20.23,28.89,12.95,36.53,2.7
1992-10-27,0.0,20.29,28.95,13.3,34.73,2.62
1992-10-28,0.0,20.26,29.53,12.59,34.69,2.47
1992-10-29,0.0,19.98,29.0,12.88,34.9,2.21
1992-10-30,0.0,20.45,28.23,14.19,33.3,1.85
1992-10-31,0.0,20.08,28.35,13.16,34.67,2.02
1992-11-01,0.0,19.95,28.77,12.15,37.65,2.08
1992-11-02,0.0,20.23,28.65,13.65,43.21,2.15
1992-11-03,0.0,20.35,28.02,14.21,39.81,2.1
1992-11-04,0.0,20.49,27.65,15.22,33.47,1.87
1992-11-05,0.0,18.53,26.79,10.2,36.49,2.58
1992-11-06,0.0,16.91,26.46,10.3,37.25,2.94
1992-11-07,0.0,17.6,26.59,11.06,27.32,2.75
1992-11-08,0.0,18.6,27.74,11.65,22.3,2.01
1992-11-09,0.0,18.27,26.83,12.65,23.15,2.06
1992-11-10,0.0,18.69,27.89,12.12,24.99,2.47
1992-11-11,0.0,18.33,26.33,13.18,26.88,1.88
1992-11-12,0.0,18.25,27.28,12.04,29.35,2.19
1992-11-13,0.0,18.88,27.62,11.51,28.66,1.95
1992-11-14,0.0,19.17,27.67,12.11,28.04,1.77
1992-11-15,0.0,18.74,26.68,11.51,30.15,2.04
1992-11-16,0.0,18.38,26.25,13.19,35.69,1.92
1992-11-17,0.0,17.85,23.4,13.56,42.31,2.88
1992-11-18,0.0,18.44,25.04,13.09,46.0,1.82
1992-11-19,4.59,15.78,21.81,10.39,65.16,2.48
1992-11-20,33.75,12.82,18.1,8.88,74.02,1.89
1992-11-21,1.76,13.54,20.43,7.61,49.28,2.31
1992-11-22,0.0,13.93,21.38,9.2,53.22,2.28
1992-11-23,0.0,13.0,22.48,7.46,47.87,3.26
1992-11-24,0.0,13.3,22.19,8.33,40.02,2.64
1992-11-25,0.0,14.74,23.36,9.24,35.36,2.04
1992-11-26,0.0,13.49,22.22,8.93,42.37,2.68
1992-11-27,0.0,13.96,20.22,10.23,39.68,1.81
1992-11-28,0.0,14.42,21.73,9.85,43.31,1.67
1992-11-29,0.0,14.52,23.07,10.07,45.52,2.69
1992-11-30,0.0,14.69,23.69,9.94,45.48,2.28
1992-12-01,0.0,15.09,22.99,10.1,43.66,1.86
1992-12-02,0.0,14.23,22.87,8.24,48.06,2.35
1992-12-03,0.0,14.16,21.39,9.57,50.62,2.49
1992-12-04,0.0,12.84,21.15,7.8,55.94,2.53
1992-12-05,0.0,14.58,21.7,8.81,43.19,1.81
1992-12-06,0.0,12.99,17.35,9.84,45.82,1.91
1992-12-07,0.0,14.19,22.83,10.57,44.28,2.06
1992-12-08,0.0,14.69,21.91,10.87,47.18,2.17
1992-12-09,0.0,14.46,22.74,9.26,48.31,2.67
1992-12-10,0.0,13.94,20.33,8.94,42.37,2.28
1992-12-11,0.0,12.03,14.63,8.72,56.09,2.91
1992-12-12,0.84,11.82,20.11,6.72,60.03,2.6
1992-12-13,7.25,10.98,20.73,5.14,53.01,3.14
1992-12-14,0.0,12.41,22.28,5.2,37.12,2.99
1992-12-15,0.0,15.15,22.89,10.16,36.33,1.9
1992-12-16,0.0,14.49,20.65,10.28,41.06,1.44
1992-12-17,0.0,13.84,21.78,9.25,42.77,2.28
1992-12-18,0.0,14.22,21.03,9.97,43.47,1.58
1992-12-19,0.0,13.01,19.51,8.6,47.76,2.03
1992-12-20,0.0,13.53,22.09,9.23,50.93,2.81
1992-12-21,0.0,13.06,21.16,8.01,51.57,2.55
1992-12-22,0.0,13.27,22.77,8.39,46.73,3.21
1992-12-23,0.0,15.91,23.47,11.0,38.31,1.57
1992-12-24,0.01,15.23,22.02,10.91,46.93,2.81
1992-12-25,0.0,14.06,22.58,8.96,51.41,2.71
1992-12-26,0.0,14.24,21.57,8.28,47.72,2.28
1992-12-27,0.0,12.87,20.88,7.43,49.43,2.43
1992-12-28,0.0,11.91,20.33,6.22,48.66,3.1
1992-12-29,0.0,12.8,17.15,8.71,48.62,2.43
1992-12-30,0.0,15.2,22.29,10.76,52.56,2.45
1992-12-31,0.03,12.74,15.73,10.7,70.87,4.62
1993-01-01,0.26,14.86,21.02,10.93,66.58,1.98
1993-01-02,1.04,13.67,18.96,8.89,73.57,2.26
1993-01-03,0.88,12.42,19.8,7.75,65.39,2.72
1993-01-04,0.0,9.33,16.18,5.25,55.22,2.78
1993-01-05,0.0,10.41,19.38,4.63,49.65,2.37
1993-01-06,0.39,7.07,11.03,4.77,82.71,3.37
1993-01-07,7.42,7.53,13.05,3.77,75.67,3.06
1993-01-08,0.05,6.66,13.07,2.26,62.64,2.02
1993-01-09,1.68,7.88,13.97,2.7,45.89,1.82
1993-01-10,0.01,6.6,10.88,3.98,74.46,2.53
1993-01-11,0.41,8.37,15.45,2.7,71.42,1.86
1993-01-12,1.25,8.97,17.34,3.68,67.88,2.34
1993-01-13,0.0,8.68,16.38,3.63,45.26,2.6
1993-01-14,0.0,8.62,16.95,3.18,37.94,2.57
1993-01-15,0.36,6.67,12.06,3.95,57.74,3.59
1993-01-16,8.59,7.58,10.99,4.95,87.5,3.58
1993-01-17,0.57,7.57,15.07,2.19,70.05,2.67
1993-01-18,2.18,8.95,15.62,4.71,50.28,1.54
1993-01-19,0.0,9.48,16.78,4.22,42.93,1.76
1993-01-20,0.06,6.71,14.0,1.79,49.85,2.69
1993-01-21,0.82,6.56,15.45,0.4,46.47,2.72
1993-01-22,0.0,8.03,16.23,2.62,40.66,2.28
1993-01-23,0.0,9.28,17.03,4.41,36.35,2.14
1993-01-24,0.0,9.43,18.05,3.81,38.58,2.38
1993-01-25,0.0,10.39,19.57,3.95,37.16,2.61
1993-01-26,0.0,10.5,19.99,4.65,40.63,3.26
1993-01-27,0.0,12.0,23.76,4.0,36.6,3.64
1993-01-28,0.0,12.79,20.79,6.92,38.42,2.67
1993-01-29,0.0,13.02,21.32,5.13,37.37,2.73
1993-01-30,0.0,13.34,20.87,5.75,41.97,2.47
1993-01-31,0.0,12.28,22.37,5.67,48.81,3.25
1993-02-01,0.0,13.53,22.15,8.09,37.45,2.88
1993-02-02,0.0,14.64,22.74,9.47,39.92,2.85
1993-02-03,0.0,15.29,24.48,10.06,43.09,2.4
1993-02-04,0.0,15.08,24.93,9.33,44.91,2.97
1993-02-05,0.0,16.27,24.24,10.82,44.9,3.92
1993-02-06,0.0,17.8,27.58,10.67,43.01,3.67
1993-02-07,0.0,18.24,27.72,13.17,43.6,3.4
1993-02-08,0.0,19.37,30.75,12.08,35.29,4.23
1993-02-09,0.38,20.62,29.84,14.79,33.44,2.99
1993-02-10,8.95,18.9,28.4,12.25,42.12,3.09
1993-02-11,0.0,18.7,27.08,13.29,39.81,3.12
1993-02-12,0.0,19.1,27.85,12.44,42.37,2.72
1993-02-13,0.0,17.87,28.29,10.97,41.49,3.54
1993-02-14,0.0,17.19,26.85,10.98,39.78,3.75
1993-02-15,0.0,16.94,25.32,11.96,46.76,2.7
1993-02-16,0.0,18.0,27.56,10.89,42.65,4.47
1993-02-17,0.52,15.35,23.53,8.84,34.39,2.61
1993-02-18,8.17,13.26,22.86,6.84,32.89,2.97
1993-02-19,0.0,12.19,21.35,3.59,28.47,3.05
1993-02-20,0.0,12.31,20.74,5.13,24.45,2.2
1993-02-21,0.0,10.99,20.91,2.7,28.59,2.46
1993-02-22,0.0,11.23,19.19,4.27,35.18,2.44
1993-02-23,0.0,12.62,20.1,6.89,44.95,1.94
1993-02-24,0.09,10.31,13.38,8.26,69.25,3.5
1993-02-25,13.68,10.63,13.73,8.0,84.54,4.19
1993-02-26,7.5,13.63,19.16,9.82,68.0,1.54
1993-02-27,0.8,12.77,18.13,8.14,62.97,1.91
1993-02-28,0.0,13.31,19.89,8.73,61.0,1.51
1993-03-01,0.0,13.83,21.89,7.77,54.54,2.22
1993-03-02,0.0,13.48,20.62,8.45,54.61,2.45
1993-03-03,0.12,12.68,18.4,9.29,58.66,2.44
1993-03-04,0.0,14.44,24.04,7.16,46.97,3.51
1993-03-05,2.99,16.09,24.03,9.52,44.25,2.89
1993-03-06,0.0,17.05,25.39,10.36,44.49,2.69
1993-03-07,0.58,17.2,26.78,10.56,49.13,3.37
1993-03-08,0.0,20.01,27.57,14.0,43.24,2.5
1993-03-09,0.0,19.69,28.22,14.7,49.1,2.74
1993-03-10,0.02,19.26,25.95,13.87,51.59,4.23
1993-03-11,19.14,17.53,22.83,13.29,58.98,8.95
1993-03-12,32.19,15.78,20.98,12.41,78.28,5.37
1993-03-13,4.38,14.74,21.58,10.7,71.85,4.4
1993-03-14,6.26,13.74,20.05,8.87,67.58,2.84
1993-03-15,0.01,13.34,21.35,6.98,58.33,2.75
1993-03-16,0.0,14.23,22.4,7.59,47.56,3.19
1993-03-17,0.0,15.55,24.46,7.83,45.41,2.78
1993-03-18,0.0,15.22,23.0,8.92,45.55,2.96
1993-03-19,0.0,15.04,24.46,6.67,44.59,2.99
1993-03-20,0.14,13.22,21.06,7.9,52.79,3.51
1993-03-21,0.0,15.11,22.39,8.83,53.45,2.62
1993-03-22,3.45,14.8,17.58,12.05,61.71,4.15
1993-03-23,1.8,15.66,21.95,12.36,70.97,6.59
1993-03-24,33.68,14.46,19.91,6.64,63.01,6.53
1993-03-25,0.95,13.69,22.16,5.43,44.1,2.91
1993-03-26,3.07,13.79,21.15,8.47,45.22,2.62
1993-03-27,0.0,13.81,22.42,5.83,46.05,2.71
1993-03-28,0.42,16.16,23.84,8.36,40.04,2.51
1993-03-29,0.0,16.86,25.43,9.02,41.91,2.8
1993-03-30,0.0,17.13,24.85,10.61,47.24,3.21
1993-03-31,0.0,17.46,25.74,9.77,47.85,2.88
1993-04-01,0.0,17.56,26.22,10.0,43.72,3.02
1993-04-02,0.0,16.78,24.48,11.12,44.11,2.75
1993-04-03,0.0,17.44,25.59,9.34,44.72,2.76
1993-04-04,0.0,20.71,28.48,14.08,39.26,2.59
1993-04-05,0.0,20.58,29.45,11.76,41.52,2.89
1993-04-06,0.0,21.73,30.04,13.62,43.32,2.94
1993-04-07,0.0,23.34,29.87,18.15,41.53,1.53
1993-04-08,3.6,22.53,30.17,15.78,49.05,2.38
1993-04-09,1.97,22.73,30.87,14.28,48.23,2.37
1993-04-10,0.0,24.87,32.3,19.33,38.93,2.05
1993-04-11,0.42,23.21,29.08,17.93,44.96,2.07
1993-04-12,0.26,23.37,31.4,15.54,49.88,2.65
1993-04-13,0.13,22.64,29.43,17.28,51.28,2.98
1993-04-14,0.05,20.5,25.06,16.78,66.63,3.13
1993-04-15,5.31,19.79,25.03,15.82,69.23,3.84
1993-04-16,2.71,20.67,29.21,12.97,48.52,4.2
1993-04-17,3.67,23.01,32.11,13.62,42.94,3.15
1993-04-18,0.0,25.05,34.71,15.6,35.8,3.24
1993-04-19,0.0,26.5,35.34,17.09,31.1,2.92
1993-04-20,0.0,26.14,36.17,16.7,35.57,3.16
1993-04-21,0.0,26.78,35.48,17.53,37.56,2.84
1993-04-22,0.01,27.32,36.24,19.71,37.96,2.95
1993-04-23,2.95,27.24,36.29,18.37,40.61,3.1
1993-04-24,0.0,28.93,37.78,20.32,37.4,2.48
1993-04-25,0.0,29.87,39.34,20.21,35.41,2.71
1993-04-26,0.0,29.48,38.92,21.18,35.94,3.25
1993-04-27,0.32,29.72,39.5,20.91,36.0,3.16
1993-04-28,0.0,29.98,38.41,22.28,35.95,2.65
1993-04-29,0.0,30.6,40.22,22.42,34.2,3.5
1993-04-30,0.0,31.32,40.4,22.84,31.69,3.02
1993-05-01,2.08,30.88,39.28,23.4,31.87,3.34
1993-05-02,5.19,30.48,39.26,22.27,38.52,2.74
1993-05-03,0.01,30.36,39.97,21.6,31.69,2.93
1993-05-04,0.12,30.65,40.41,20.93,24.04,3.36
1993-05-05,0.0,31.65,41.0,21.74,19.93,3.32
1993-05-06,0.0,32.26,41.4,23.16,21.79,3.52
1993-05-07,0.0,33.93,42.9,25.2,20.68,2.73
1993-05-08,0.0,32.91,40.98,25.89,19.95,3.6
1993-05-09,0.0,30.56,37.55,23.2,20.65,4.58
1993-05-10,0.29,28.28,36.26,21.53,23.76,5.02
1993-05-11,4.72,25.2,34.27,17.32,24.85,3.03
1993-05-12,0.0,25.54,35.42,16.69,15.99,3.07
1993-05-13,0.0,27.74,37.59,16.42,12.18,3.29
1993-05-14,0.0,31.2,40.42,19.56,12.03,2.9
1993-05-15,0.0,31.23,39.1,23.46,21.04,4.66
1993-05-16,0.18,29.84,37.94,22.9,23.68,2.25
1993-05-17,0.42,29.88,37.47,22.97,21.72,3.25
1993-05-18,0.18,28.64,36.56,20.33,24.64,3.23
1993-05-19,0.03,29.55,38.62,20.39,16.28,3.2
1993-05-20,0.0,31.05,40.12,20.31,14.11,3.13
1993-05-21,0.0,33.03,42.29,22.48,13.22,2.93
1993-05-22,0.0,34.14,42.48,27.24,15.51,2.54
1993-05-23,0.0,34.78,43.95,25.56,16.55,3.36
1993-05-24,0.0,35.68,44.14,26.52,15.19,3.02
1993-05-25,0.0,37.47,45.48,29.29,15.86,2.73
1993-05-26,0.0,36.27,44.78,28.05,14.01,3.08
1993-05-27,0.04,36.65,45.84,27.19,12.44,3.16
1993-05-28,0.0,37.11,44.99,27.57,10.77,2.46
1993-05-29,0.01,35.45,42.99,26.66,14.21,4.2
1993-05-30,0.26,34.48,41.62,26.69,17.6,2.93
1993-05-31,12.26,27.87,33.13,25.06,40.42,2.81
1993-06-01,0.0,29.5,36.83,21.28,36.51,2.56
1993-06-02,10.16,30.11,37.04,23.01,38.3,2.3
1993-06-03,0.26,30.72,38.52,23.18,36.69,2.78
1993-06-04,0.03,31.82,39.94,22.12,30.94,2.24
1993-06-05,0.0,33.01,41.01,25.09,29.68,2.98
1993-06-06,0.0,34.46,43.53,25.26,24.29,3.08
1993-06-07,0.0,35.65,44.64,25.64,19.42,2.88
1993-06-08,0.0,35.7,44.94,25.76,16.12,3.45
1993-06-09,0.0,36.44,45.6,27.28,13.68,2.98
1993-06-10,0.0,36.81,46.36,25.77,9.63,2.76
1993-06-11,0.0,37.95,47.11,26.02,8.05,2.45
1993-06-12,0.0,38.11,47.13,26.5,8.66,2.58
1993-06-13,0.0,37.51,46.06,27.66,13.64,3.58
1993-06-14,0.0,36.8,43.81,29.8,22.89,3.13
1993-06-15,2.39,34.53,39.99,29.29,28.88,3.14
1993-06-16,16.34,32.03,38.19,26.16,46.13,2.34
1993-06-17,1.07,32.81,39.09,25.93,42.08,2.34
1993-06-18,0.05,32.25,39.6,25.7,42.76,2.84
1993-06-19,0.21,32.0,40.28,23.0,34.76,2.46
1993-06-20,0.0,33.01,42.24,22.75,24.49,2.66
1993-06-21,0.0,34.85,43.05,24.06,20.09,2.48
1993-06-22,0.0,37.35,46.0,26.39,19.39,2.37
1993-06-23,0.0,38.12,46.13,30.04,22.72,2.72
1993-06-24,9.85,35.37,41.8,27.2,29.76,2.22
1993-06-25,16.22,30.59,37.28,23.77,48.43,2.39
1993-06-26,0.2,29.18,34.56,23.63,49.12,3.09
1993-06-27,0.1,30.9,37.63,23.76,42.67,2.36
1993-06-28,3.03,32.55,39.86,24.38,39.15,2.74
1993-06-29,0.01,34.06,40.58,27.06,32.33,1.76
1993-06-30,0.0,33.95,41.25,25.46,33.8,2.0
1993-07-01,0.1,33.76,41.2,26.86,31.77,3.38
1993-07-02,2.7,33.36,40.23,25.19,35.11,2.27
1993-07-03,0.59,34.59,41.71,26.09,33.51,1.95
1993-07-04,0.01,35.75,42.89,28.65,32.12,1.79
1993-07-05,3.57,34.97,41.29,28.04,33.63,2.03
1993-07-06,1.25,34.99,42.25,27.14,35.58,2.22
1993-07-07,0.0,37.51,44.81,29.38,29.94,3.26
1993-07-08,31.77,31.04,36.43,25.68,59.32,4.71
1993-07-09,1.39,28.77,33.96,24.88,65.69,4.9
1993-07-10,26.04,27.45,31.68,23.74,73.76,2.12
1993-07-11,14.91,28.44,33.61,24.06,70.12,1.56
1993-07-12,0.34,30.33,36.42,24.13,59.08,2.47
1993-07-13,0.0,31.4,38.23,23.71,53.47,1.83
1993-07-14,0.0,32.74,39.13,24.66,53.4,1.6
1993-07-15,0.0,33.14,39.5,26.35,54.17,2.31
1993-07-16,9.51,31.45,37.14,26.68,61.78,3.17
1993-07-17,0.86,30.22,36.02,25.27,66.25,2.17
1993-07-18,8.43,29.27,35.87,24.66,66.73,2.22
1993-07-19,1.72,29.98,36.04,23.89,65.88,2.59
1993-07-20,3.99,31.33,37.69,25.56,65.58,2.06
1993-07-21,0.02,32.41,39.24,26.59,59.91,2.36
1993-07-22,4.51,30.04,35.24,25.51,66.27,3.6
1993-07-23,0.23,28.86,33.83,25.03,65.89,3.7
1993-07-24,1.85,27.28,31.49,23.48,69.0,2.34
1993-07-25,41.72,27.21,32.78,21.76,59.58,1.56
1993-07-26,18.99,28.55,35.26,20.53,48.33,2.23
1993-07-27,0.0,30.86,36.95,23.4,39.93,1.6
1993-07-28,0.0,31.3,37.97,22.7,44.57,1.71
1993-07-29,0.0,30.54,37.77,23.33,52.88,2.78
1993-07-30,0.0,31.52,39.15,23.64,51.68,2.48
1993-07-31,0.0,32.48,39.64,24.62,48.07,2.54
1993-08-01,0.0,32.5,39.22,25.33,49.6,2.09
1993-08-02,1.83,31.79,37.98,25.29,53.32,2.24
1993-08-03,5.74,30.62,35.97,26.0,58.77,2.39
1993-08-04,6.9,31.5,37.13,25.62,55.44,1.72
1993-08-05,2.58,31.72,38.23,25.07,54.22,2.17
1993-08-06,0.24,30.78,36.48,26.66,61.48,2.73
1993-08-07,6.59,29.8,35.71,25.32,65.31,2.9
1993-08-08,2.55,31.06,38.34,24.61,54.55,2.17
1993-08-09,0.1,31.69,39.87,24.49,45.92,2.83
1993-08-10,29.68,30.14,36.18,24.12,51.84,2.28
1993-08-11,2.98,30.11,36.13,23.48,51.76,2.04
1993-08-12,0.04,30.57,36.64,24.04,53.26,1.78
1993-08-13,0.02,31.32,37.3,25.57,51.03,1.77
1993-08-14,0.0,31.42,38.66,24.59,50.27,2.32
1993-08-15,1.07,31.34,38.42,24.97,49.21,2.57
1993-08-16,17.9,30.14,36.65,24.08,55.51,2.34
1993-08-17,1.18,31.32,37.76,24.82,50.83,1.9
1993-08-18,15.27,30.98,37.58,24.13,53.24,2.06
1993-08-19,0.01,30.72,37.3,24.39,50.32,2.29
1993-08-20,3.29,30.77,37.59,24.04,47.86,2.04
1993-08-21,3.23,30.24,37.63,22.6,45.21,2.49
1993-08-22,0.0,30.56,38.73,22.49,44.22,2.2
1993-08-23,0.0,31.14,38.88,23.61,43.37,2.65
1993-08-24,0.0,30.45,38.34,23.4,47.08,3.18
1993-08-25,0.05,30.74,38.41,23.67,46.55,2.75
1993-08-26,0.55,30.88,38.2,23.31,46.41,1.96
1993-08-27,0.05,31.8,38.58,23.74,42.11,1.79
1993-08-28,0.0,32.98,39.94,25.18,37.78,1.51
1993-08-29,0.0,32.49,40.06,26.41,40.24,1.96
1993-08-30,0.0,31.45,39.02,23.85,44.89,1.91
1993-08-31,0.0,31.1,39.01,23.75,45.88,2.4
1993-09-01,0.02,30.05,37.13,23.36,49.65,2.16
1993-09-02,21.03,27.65,32.87,22.95,66.95,1.74
1993-09-03,12.76,27.61,32.4,23.45,66.17,1.58
1993-09-04,3.83,28.5,33.82,22.92,58.87,1.81
1993-09-05,19.31,27.58,33.06,22.67,62.44,2.14
1993-09-06,1.78,27.82,33.71,22.22,61.22,1.85
1993-09-07,2.38,27.42,33.19,22.06,63.63,1.55
1993-09-08,3.17,27.43,32.78,22.0,64.23,1.2
1993-09-09,2.24,28.15,33.7,21.9,60.55,1.98
1993-09-10,0.0,28.9,35.18,23.13,58.57,1.78
1993-09-11,0.05,28.54,34.16,23.01,56.92,1.47
1993-09-12,0.01,28.85,35.23,22.51,51.03,1.55
1993-09-13,9.05,27.16,32.58,22.57,59.78,1.82
1993-09-14,3.51,26.68,32.84,20.61,55.92,1.89
1993-09-15,0.04,27.65,34.74,20.03,50.11,1.88
1993-09-16,0.0,28.08,35.39,20.65,47.28,2.05
1993-09-17,0.0,28.04,35.04,20.74,45.11,2.0
1993-09-18,0.0,28.47,36.28,20.1,39.47,2.05
1993-09-19,0.0,29.23,36.8,22.76,35.08,1.56
1993-09-20,0.0,29.05,37.17,20.36,37.01,1.84
1993-09-21,0.0,29.03,37.14,20.71,37.05,2.0
1993-09-22,0.0,30.14,37.28,22.59,34.36,1.53
1993-09-23,0.0,29.18,36.26,21.04,39.72,1.99
1993-09-24,0.01,28.52,35.75,20.65,40.05,2.03
1993-09-25,0.0,27.46,35.1,20.01,43.6,2.78
1993-09-26,0.0,27.8,35.23,20.55,44.44,2.13
1993-09-27,0.0,26.67,34.25,19.57,46.13,2.27
1993-09-28,1.65,26.82,34.24,20.15,45.0,2.3
1993-09-29,0.16,27.23,35.11,19.15,42.2,2.15
1993-09-30,0.0,27.77,35.95,19.78,36.91,1.96
1993-10-01,0.0,26.84,34.73,19.77,36.02,2.07
1993-10-02,0.0,26.99,36.5,18.59,31.72,2.34
1993-10-03,0.0,26.55,36.42,18.38,27.95,2.67
1993-10-04,0.0,27.7,36.49,19.13,22.84,1.89
1993-10-05,0.0,26.18,35.31,17.7,24.51,2.88
1993-10-06,0.0,26.19,35.29,18.99,27.8,4.28
1993-10-07,0.07,26.85,35.26,18.96,28.22,2.87
1993-10-08,0.0,26.92,35.27,19.8,27.76,3.46
1993-10-09,0.01,26.97,33.91,20.2,29.23,2.63
1993-10-10,0.1,25.36,33.79,18.63,27.49,3.22
1993-10-11,0.0,23.17,33.37,14.8,23.45,3.13
1993-10-12,0.0,23.65,33.02,16.15,12.06,2.39
1993-10-13,0.0,22.93,32.5,14.95,12.33,2.29
1993-10-14,0.0,23.58,33.7,14.8,11.36,2.57
1993-10-15,0.0,23.56,33.18,14.86,10.89,2.32
1993-10-16,0.0,23.28,33.13,14.74,11.85,2.51
1993-10-17,0.0,23.52,32.47,14.46,13.33,2.64
1993-10-18,0.0,22.89,32.15,16.23,13.14,2.59
1993-10-19,0.0,21.32,31.13,14.49,11.68,2.69
1993-10-20,0.0,20.9,30.59,13.64,10.45,3.03
1993-10-21,0.0,21.39,30.67,13.85,9.71,2.22
1993-10-22,0.0,20.44,30.76,12.05,9.48,2.94
1993-10-23,0.0,20.24,30.5,11.67,9.94,2.89
1993-10-24,0.0,21.06,30.73,12.03,11.38,2.75
1993-10-25,0.0,21.22,30.68,13.74,12.02,2.59
1993-10-26,0.0,20.82,30.45,12.93,12.68,2.93
1993-10-27,0.0,21.27,31.15,13.28,11.94,2.96
1993-10-28,0.0,21.88,30.68,14.16,11.81,2.44
1993-10-29,0.0,21.45,30.78,13.51,12.66,2.64
1993-10-30,0.0,22.13,31.33,15.82,13.01,2.2
1993-10-31,0.0,21.81,30.67,13.3,12.76,2.26
1993-11-01,0.0,21.65,30.97,12.94,13.65,2.14
1993-11-02,0.0,22.37,30.93,14.35,13.82,1.98
1993-11-03,0.0,22.08,31.15,15.32,15.26,2.35
1993-11-04,0.0,21.75,30.48,15.43,17.28,2.39
1993-11-05,0.0,21.56,30.17,15.59,20.12,2.58
1993-11-06,3.27,21.35,27.36,16.5,28.39,4.03
1993-11-07,0.11,19.98,28.78,13.85,38.01,3.31
1993-11-08,1.25,18.93,25.96,13.93,34.73,3.8
1993-11-09,0.12,17.55,27.08,11.14,34.15,3.42
1993-11-10,4.63,16.97,26.77,10.06,34.82,3.27
1993-11-11,0.0,17.55,27.06,11.15,29.99,2.65
1993-11-12,0.0,18.44,28.1,10.9,26.94,3.35
1993-11-13,0.0,19.47,28.6,12.1,26.33,2.9
1993-11-14,0.0,19.39,28.78,11.77,26.88,2.47
1993-11-15,0.0,19.74,28.91,12.32,25.53,2.51
1993-11-16,0.0,19.36,28.47,12.52,28.32,2.6
1993-11-17,0.0,19.89,28.26,14.33,31.88,2.43
1993-11-18,0.34,18.19,26.41,12.87,38.48,3.81
1993-11-19,0.0,16.67,27.06,10.06,34.84,3.35
1993-11-20,0.49,17.18,26.51,10.33,20.8,2.3
1993-11-21,0.0,16.14,23.89,8.72,18.43,2.44
1993-11-22,0.0,15.66,23.48,8.45,19.59,2.12
1993-11-23,0.0,15.15,23.99,8.95,18.57,2.53
1993-11-24,0.0,15.22,26.38,8.05,18.77,4.11
1993-11-25,0.0,17.12,27.62,9.0,13.92,3.02
1993-11-26,0.0,17.35,27.08,10.13,14.67,2.62
1993-11-27,0.0,16.93,25.69,11.1,18.5,2.8
1993-11-28,0.0,18.01,26.89,11.94,18.55,2.6
1993-11-29,0.0,18.85,27.26,12.2,20.46,2.26
1993-11-30,0.0,16.49,24.04,12.28,23.52,3.76
1993-12-01,0.0,15.86,23.06,10.3,25.85,2.62
1993-12-02,0.0,15.78,22.6,10.5,23.39,2.27
1993-12-03,0.0,15.61,23.27,9.35,21.59,2.51
1993-12-04,0.0,15.88,24.43,9.56,20.65,2.45
1993-12-05,0.0,16.7,25.18,9.7,21.29,2.72
1993-12-06,0.0,17.72,25.66,11.73,19.11,2.14
1993-12-07,0.0,16.45,23.57,10.35,22.79,3.02
1993-12-08,0.0,16.01,26.35,9.05,23.45,3.75
1993-12-09,0.0,16.8,24.78,10.12,15.87,1.91
1993-12-10,0.0,14.35,23.44,8.21,18.41,3.02
1993-12-11,0.0,14.06,22.72,9.11,17.21,2.19
1993-12-12,0.0,14.11,22.49,9.05,15.97,2.21
1993-12-13,0.0,12.82,22.54,6.92,17.14,2.6
1993-12-14,0.0,12.37,21.79,6.82,16.72,3.5
1993-12-15,0.0,13.97,23.18,8.12,12.06,2.11
1993-12-16,0.0,13.88,22.36,7.63,10.8,2.04
1993-12-17,0.0,14.76,23.41,9.56,9.67,2.19
1993-12-18,0.0,13.53,22.03,8.11,11.24,2.74
1993-12-19,0.0,12.21,21.07,6.71,11.91,2.48
1993-12-20,0.0,13.2,22.18,6.38,11.9,1.85
1993-12-21,0.0,12.19,21.33,6.12,12.7,2.78
1993-12-22,0.0,12.47,22.52,5.75,11.27,2.85
1993-12-23,0.0,12.9,22.52,7.32,8.67,2.68
1993-12-24,0.0,13.77,22.94,8.48,9.36,1.81
1993-12-25,0.0,13.21,21.51,8.38,11.63,2.32
1993-12-26,0.0,14.76,23.75,8.67,10.78,2.78
1993-12-27,0.0,15.36,22.48,10.86,14.65,1.95
1993-12-28,0.0,14.87,22.21,10.19,18.03,2.45
1993-12-29,0.0,13.89,21.86,7.84,21.59,2.28
1993-12-30,0.0,14.85,24.24,8.87,22.65,2.59
1993-12-31,0.0,14.7,20.28,9.9,23.81,1.9
1994-01-01,0.0,14.36,21.2,9.02,25.67,3.14
1994-01-02,0.04,12.96,21.57,6.54,32.12,2.69
1994-01-03,0.01,12.84,19.0,6.58,38.08,2.79
1994-01-04,0.0,14.04,20.86,9.8,42.42,2.95
1994-01-05,0.02,12.97,21.57,7.39,37.66,2.51
1994-01-06,0.23,13.93,22.2,6.74,32.65,2.55
1994-01-07,0.0,15.32,24.15,10.85,27.79,2.4
1994-01-08,0.0,13.31,21.22,8.22,45.63,2.92
1994-01-09,0.3,13.87,21.15,9.33,33.86,1.99
1994-01-10,0.0,13.32,20.78,8.02,28.42,2.27
1994-01-11,0.0,13.73,21.72,8.94,24.47,2.21
1994-01-12,0.06,12.23,20.48,7.62,50.29,3.5
1994-01-13,2.39,11.4,18.2,7.79,67.91,1.63
1994-01-14,12.54,11.1,16.9,7.2,52.0,1.55
1994-01-15,0.58,10.22,16.71,4.99,51.42,1.96
1994-01-16,0.09,9.73,17.01,3.18,46.77,2.09
1994-01-17,0.0,8.1,15.1,3.22,48.63,2.81
1994-01-18,0.02,8.85,14.48,5.34,56.51,2.58
1994-01-19,0.13,8.31,14.27,3.8,59.18,2.31
1994-01-20,4.22,7.82,13.46,3.07,70.57,2.71
1994-01-21,0.0,8.68,19.3,2.26,48.85,2.71
1994-01-22,0.09,10.71,19.56,4.68,32.11,2.15
1994-01-23,0.0,11.32,20.52,5.15,33.89,2.21
1994-01-24,0.0,12.99,20.29,9.07,34.39,1.89
1994-01-25,0.0,13.45,20.44,8.65,38.28,2.11
1994-01-26,0.0,14.46,22.14,9.12,46.49,3.31
1994-01-27,4.48,13.36,19.42,8.07,59.48,3.09
1994-01-28,3.43,12.69,19.84,7.32,67.21,2.42
1994-01-29,0.19,11.54,20.49,6.02,57.63,2.46
1994-01-30,0.6,10.88,19.8,4.69,39.52,2.77
1994-01-31,0.0,11.27,18.11,6.43,38.4,2.24
1994-02-01,0.0,12.58,21.82,4.64,37.29,2.5
1994-02-02,0.0,12.92,20.84,8.14,42.05,2.78
1994-02-03,0.0,13.14,21.54,6.33,45.1,2.71
1994-02-04,0.0,9.6,10.59,8.64,68.16,6.29
1994-02-05,0.06,10.06,16.33,4.24,55.01,3.16
1994-02-06,1.2,11.02,19.86,4.07,46.57,2.33
1994-02-07,0.67,14.03,21.04,8.65,38.92,2.01
1994-02-08,0.1,11.35,19.4,6.06,47.53,2.69
1994-02-09,0.75,10.44,19.22,4.27,45.83,2.63
1994-02-10,0.1,10.97,18.02,5.37,46.31,3.17
1994-02-11,0.02,10.75,18.72,4.27,52.25,3.11
1994-02-12,0.01,10.78,18.18,4.4,52.19,2.56
1994-02-13,0.23,9.64,14.1,5.73,59.98,3.8
1994-02-14,0.04,11.48,19.49,4.11,53.08,2.08
1994-02-15,0.52,10.31,15.2,6.31,59.39,2.39
1994-02-16,0.75,12.29,19.06,6.7,54.0,3.01
1994-02-17,0.11,12.45,20.52,5.72,49.44,2.71
1994-02-18,0.05,13.23,21.19,6.23,45.5,3.03
1994-02-19,0.0,14.19,22.54,8.54,40.69,2.66
1994-02-20,0.05,11.92,15.39,9.15,53.72,4.55
1994-02-21,28.95,11.59,18.54,7.33,70.61,4.09
1994-02-22,0.78,10.35,17.65,5.33,61.98,2.24
1994-02-23,0.17,11.56,20.14,4.72,45.84,2.79
1994-02-24,0.0,12.61,22.13,4.42,41.48,2.99
1994-02-25,0.0,12.9,19.46,7.21,46.08,2.89
1994-02-26,0.0,14.69,22.76,7.48,50.3,2.27
1994-02-27,0.0,14.1,21.67,8.22,46.82,2.27
1994-02-28,0.0,13.74,23.57,6.75,39.98,3.91
1994-03-01,0.0,15.82,26.06,6.01,31.79,3.13
1994-03-02,0.0,17.29,26.21,9.93,34.01,2.65
1994-03-03,2.11,16.58,24.7,10.83,45.83,4.65
1994-03-04,0.01,16.6,24.58,11.06,45.6,2.26
1994-03-05,0.51,16.18,25.06,9.41,43.0,2.94
1994-03-06,0.01,16.64,25.57,9.19,36.0,2.7
1994-03-07,0.0,16.8,26.05,10.45,35.44,3.05
1994-03-08,0.0,16.53,26.98,8.55,37.37,3.4
1994-03-09,0.0,17.35,27.04,9.82,37.11,2.84
1994-03-10,0.0,17.44,25.26,11.4,39.03,2.58
1994-03-11,0.0,18.2,25.3,12.05,43.79,2.42
1994-03-12,0.0,18.67,26.36,11.57,49.24,3.0
1994-03-13,0.0,21.26,29.03,14.17,44.91,2.27
1994-03-14,0.05,20.9,28.03,15.4,51.96,3.72
1994-03-15,0.2,21.3,29.4,13.86,44.39,2.52
1994-03-16,0.81,19.54,27.05,14.59,53.48,3.13
1994-03-17,0.55,21.89,29.95,15.5,44.45,2.59
1994-03-18,0.02,22.37,31.44,16.04,39.51,3.96
1994-03-19,2.57,20.62,28.53,15.38,47.49,3.74
1994-03-20,16.12,19.42,26.71,13.19,64.17,3.24
1994-03-21,0.55,20.19,28.51,12.67,51.92,2.03
1994-03-22,0.06,21.06,29.27,14.77,42.42,2.49
1994-03-23,1.0,21.78,30.96,12.62,40.45,2.82
1994-03-24,0.0,22.55,30.89,14.02,36.52,2.48
1994-03-25,0.6,21.72,30.14,16.28,43.7,2.9
1994-03-26,0.06,20.84,29.82,12.64,42.64,3.23
1994-03-27,0.39,21.72,30.56,13.26,37.02,2.7
1994-03-28,0.0,22.49,30.82,16.15,36.07,2.94
1994-03-29,0.0,21.92,28.56,16.43,39.84,3.18
1994-03-30,5.16,21.36,29.54,16.08,53.3,5.54
1994-03-31,0.38,22.8,31.26,15.26,50.87,2.24
1994-04-01,0.69,23.86,31.92,17.14,40.95,2.83
1994-04-02,0.0,24.1,32.95,15.56,33.13,2.74
1994-04-03,0.06,23.29,31.66,16.95,28.8,3.86
1994-04-04,3.86,19.49,24.43,16.19,50.04,6.68
1994-04-05,23.94,18.56,22.97,14.12,67.86,6.96
1994-04-06,7.61,14.41,22.01,8.01,51.2,3.49
1994-04-07,11.46,14.54,23.55,6.9,37.2,2.4
1994-04-08,0.01,17.8,26.18,8.52,32.38,2.46
1994-04-09,0.0,17.36,24.58,10.16,33.5,4.14
1994-04-10,0.0,20.4,29.42,11.83,30.81,5.02
1994-04-11,0.2,20.38,29.72,12.12,32.46,3.25
1994-04-12,0.0,20.74,29.98,11.17,33.45,2.84
1994-04-13,0.0,20.33,27.88,13.73,38.5,2.63
1994-04-14,0.39,20.65,26.41,15.06,46.45,3.16
1994-04-15,5.3,19.78,26.28,13.31,54.04,2.74
1994-04-16,0.0,21.44,30.0,12.93,46.19,3.03
1994-04-17,0.04,23.01,31.14,13.42,35.53,2.41
1994-04-18,0.26,23.28,31.73,12.91,33.8,2.4
1994-04-19,0.01,24.1,31.3,17.54,34.82,1.91
1994-04-20,0.0,21.61,29.45,15.91,54.23,3.52
1994-04-21,0.0,23.91,32.42,16.08,43.69,2.89
1994-04-22,0.04,23.92,31.42,16.0,48.93,3.14
1994-04-23,4.95,22.87,29.59,16.67,46.64,2.68
1994-04-24,0.4,22.86,31.38,14.16,39.35,3.33
1994-04-25,0.11,24.81,33.63,15.08,36.48,2.91
1994-04-26,0.0,26.69,36.01,17.17,34.86,2.43
1994-04-27,0.0,27.74,37.64,17.81,32.84,2.71
1994-04-28,0.0,29.34,38.61,19.0,27.93,2.67
1994-04-29,0.01,28.51,37.35,20.52,26.91,4.06
1994-04-30,5.81,26.59,33.84,18.78,38.2,4.01
1994-05-01,1.92,27.53,35.81,19.54,43.22,3.85
1994-05-02,1.93,28.39,36.85,19.34,36.09,2.59
1994-05-03,1.42,28.06,36.2,20.77,36.15,3.89
1994-05-04,0.12,29.96,37.59,22.75,31.09,2.35
1994-05-05,0.0,30.44,39.07,22.52,23.57,2.77
1994-05-06,0.0,30.67,40.21,21.03,21.07,2.81
1994-05-07,0.0,31.65,40.13,23.18,20.82,2.82
1994-05-08,0.13,31.0,38.54,24.39,25.83,3.97
1994-05-09,2.76,29.27,37.52,21.93,28.45,2.93
1994-05-10,0.65,27.16,35.24,18.5,27.26,3.01
1994-05-11,0.54,28.25,37.04,18.44,21.88,2.12
1994-05-12,0.04,25.2,32.16,20.3,24.31,4.01
1994-05-13,4.22,25.31,31.27,18.61,38.59,1.94
1994-05-14,0.85,26.16,33.68,18.65,43.28,2.13
1994-05-15,11.23,28.29,36.24,19.45,40.08,2.25
1994-05-16,0.0,30.26,38.25,20.59,30.24,2.23
1994-05-17,0.0,31.59,39.74,20.94,25.12,2.25
1994-05-18,0.13,32.3,40.93,22.11,24.04,2.19
1994-05-19,0.0,32.53,41.26,23.04,25.06,2.67
1994-05-20,0.15,33.62,42.32,24.34,21.67,3.22
1994-05-21,1.36,33.86,42.92,25.06,22.03,3.84
1994-05-22,0.46,33.82,42.04,26.34,23.41,3.35
1994-05-23,0.0,35.15,43.66,25.27,19.74,3.22
1994-05-24,0.02,33.21,41.14,25.48,20.49,4.78
1994-05-25,2.87,31.37,40.32,22.37,20.28,3.58
1994-05-26,0.49,32.12,41.69,21.77,16.54,2.86
1994-05-27,0.0,33.71,43.09,23.45,14.05,3.25
1994-05-28,0.0,34.79,44.0,24.56,13.48,3.28
1994-05-29,0.0,35.37,44.59,25.15,11.83,2.6
1994-05-30,0.0,35.7,44.42,26.09,11.88,2.99
1994-05-31,0.01,35.46,43.27,28.18,13.86,2.9
1994-06-01,0.1,35.25,42.9,27.3,13.4,2.47
1994-06-02,0.0,35.46,44.24,25.41,11.87,2.74
1994-06-03,0.04,35.93,43.67,26.48,11.28,1.91
1994-06-04,0.0,35.42,43.44,26.92,12.26,2.63
1994-06-05,0.0,35.52,43.93,26.91,13.56,3.56
1994-06-06,0.0,36.81,45.83,26.17,10.09,2.72
1994-06-07,0.0,38.29,46.83,27.56,9.25,2.57
1994-06-08,0.0,38.4,46.85,28.2,10.85,4.59
1994-06-09,2.78,36.69,43.52,30.71,18.97,5.21
1994-06-10,0.76,35.26,42.45,27.04,21.94,3.39
1994-06-11,1.8,29.7,33.72,26.12,40.82,3.08
1994-06-12,13.91,28.67,33.06,24.29,43.39,1.19
1994-06-13,0.08,28.87,35.36,23.0,42.27,2.03
1994-06-14,2.02,29.16,37.29,20.96,40.59,3.11
1994-06-15,0.5,31.97,40.13,21.13,30.18,1.91
1994-06-16,0.0,34.12,42.11,25.23,23.48,2.67
1994-06-17,0.0,35.69,44.79,26.38,14.95,2.77
1994-06-18,0.0,37.06,46.47,25.11,11.53,2.8
1994-06-19,0.0,38.74,47.27,27.05,9.52,1.98
1994-06-20,0.0,38.06,47.53,27.49,12.24,2.71
1994-06-21,0.0,38.11,46.6,28.46,17.14,2.04
1994-06-22,0.0,37.59,45.46,28.99,20.88,3.52
1994-06-23,0.0,38.25,45.89,30.66,23.33,3.05
1994-06-24,0.0,39.21,46.86,31.89,21.55,2.28
1994-06-25,0.21,38.12,44.41,32.51,24.92,3.9
1994-06-26,4.35,37.02,43.08,30.59,32.7,2.67
1994-06-27,0.24,36.63,42.63,31.47,37.13,3.33
1994-06-28,0.05,36.49,43.44,29.99,34.76,2.67
1994-06-29,0.0,36.63,43.87,29.57,31.73,2.66
1994-06-30,0.05,37.66,44.47,30.4,31.37,2.25
1994-07-01,1.83,37.01,43.07,30.96,33.02,2.46
1994-07-02,0.5,34.97,40.84,29.89,41.53,3.65
1994-07-03,3.18,32.57,36.66,29.49,49.34,3.05
1994-07-04,1.79,32.29,37.74,27.42,52.53,2.47
1994-07-05,0.01,34.43,41.4,27.62,41.58,2.04
1994-07-06,0.0,35.58,41.78,29.65,35.38,1.58
1994-07-07,0.0,36.31,42.82,29.35,34.85,2.23
1994-07-08,5.65,36.6,43.28,31.1,37.66,2.9
1994-07-09,16.78,32.53,36.42,28.89,58.62,1.93
1994-07-10,0.56,33.34,39.54,27.69,56.73,1.96
1994-07-11,23.39,31.45,35.26,28.28,61.28,2.24
1994-07-12,13.9,31.01,35.99,26.99,65.43,2.05
1994-07-13,0.49,31.68,38.2,25.94,57.23,1.87
1994-07-14,3.12,32.21,37.28,25.83,55.82,2.17
1994-07-15,4.08,33.21,38.75,28.22,50.56,2.43
1994-07-16,0.0,34.1,40.7,26.5,44.31,1.94
1994-07-17,0.0,34.82,40.9,29.35,44.73,2.13
1994-07-18,0.66,32.71,38.17,27.37,57.0,2.08
1994-07-19,19.33,31.98,36.67,27.42,63.46,2.17
1994-07-20,51.06,28.81,33.05,23.92,78.66,4.51
1994-07-21,55.36,25.2,28.2,22.27,82.02,5.36
1994-07-22,17.31,26.33,29.19,24.02,85.09,3.0
1994-07-23,5.18,27.96,32.2,24.18,79.89,2.18
1994-07-24,25.45,29.02,32.81,24.54,76.6,1.65
1994-07-25,7.96,29.57,33.05,24.99,71.18,1.58
1994-07-26,1.08,30.21,34.57,25.79,70.1,1.63
1994-07-27,3.33,30.69,35.29,25.29,70.26,1.75
1994-07-28,5.49,30.32,33.95,26.92,70.23,1.14
1994-07-29,4.61,29.28,33.45,25.2,74.09,1.48
1994-07-30,14.91,29.33,33.55,25.09,73.19,1.54
1994-07-31,2.73,27.46,31.16,24.63,80.92,3.48
1994-08-01,0.17,28.66,32.95,24.61,75.41,1.94
1994-08-02,0.0,29.78,34.6,24.69,69.67,1.43
1994-08-03,0.0,30.11,33.9,25.46,69.18,1.51
1994-08-04,33.96,29.25,32.34,26.02,77.38,1.58
1994-08-05,43.99,28.79,31.85,25.51,76.82,1.36
1994-08-06,25.58,29.0,32.99,25.09,76.38,1.73
1994-08-07,0.91,29.15,32.87,25.66,75.96,2.18
1994-08-08,24.6,28.23,31.86,25.03,79.42,1.76
1994-08-09,13.98,28.71,32.7,25.04,79.36,1.84
1994-08-10,45.08,28.44,32.42,24.97,81.16,2.48
1994-08-11,4.15,27.86,31.4,24.99,78.79,1.9
1994-08-12,8.74,28.69,32.52,24.52,73.86,1.69
1994-08-13,0.0,28.67,32.25,24.27,74.94,1.34
1994-08-14,0.0,27.92,32.06,24.41,82.6,2.07
1994-08-15,0.0,28.73,32.9,24.62,76.3,1.52
1994-08-16,12.72,27.92,31.68,24.65,77.48,2.75
1994-08-17,8.52,27.24,31.29,23.56,76.56,2.35
1994-08-18,38.57,27.96,32.33,23.38,73.24,1.8
1994-08-19,0.2,29.05,32.89,24.42,70.56,1.41
1994-08-20,0.0,29.24,33.55,24.84,70.95,1.31
1994-08-21,0.0,28.83,32.78,24.64,73.28,1.35
1994-08-22,0.0,29.55,33.37,25.62,71.33,1.38
1994-08-23,0.08,28.54,32.21,25.26,77.73,1.84
1994-08-24,1.64,26.95,30.76,23.93,85.43,2.52
1994-08-25,5.5,27.25,31.09,23.76,82.91,1.64
1994-08-26,4.72,27.18,30.82,23.82,82.29,1.65
1994-08-27,1.31,26.92,30.7,23.87,82.38,2.69
1994-08-28,1.34,28.12,32.24,23.58,73.34,1.61
1994-08-29,0.59,28.59,32.58,24.61,69.14,1.4
1994-08-30,0.2,28.37,33.3,23.74,74.28,1.63
1994-08-31,16.32,29.1,33.28,24.99,74.25,1.65
1994-09-01,25.67,28.41,32.62,25.05,78.03,1.64
1994-09-02,0.0,28.28,32.32,24.11,75.28,1.38
1994-09-03,1.47,28.01,32.51,24.11,75.61,1.76
1994-09-04,6.06,25.6,28.19,22.98,85.53,2.27
1994-09-05,3.66,24.85,28.11,22.53,80.92,1.85
1994-09-06,5.02,25.36,29.41,21.46,78.7,1.94
1994-09-07,2.21,26.24,30.92,21.77,73.28,1.9
1994-09-08,0.0,26.92,31.66,22.49,68.13,1.66
1994-09-09,0.0,26.68,31.95,22.02,68.17,1.78
1994-09-10,0.01,26.48,31.03,21.77,72.07,1.48
1994-09-11,0.2,26.93,31.55,22.15,66.68,1.6
1994-09-12,0.75,27.5,32.45,23.24,64.39,1.83
1994-09-13,1.04,26.09,31.18,20.98,71.65,1.79
1994-09-14,0.01,25.78,31.27,20.91,71.86,2.18
1994-09-15,0.0,26.83,32.4,21.11,54.36,1.65
1994-09-16,0.0,25.8,31.88,19.01,57.24,2.19
1994-09-17,0.15,24.93,30.73,19.43,60.25,2.3
1994-09-18,0.0,24.26,30.38,17.59,53.77,2.0
1994-09-19,0.0,24.2,30.48,17.95,50.74,1.93
1994-09-20,0.04,23.75,30.8,16.61,51.25,2.32
1994-09-21,1.43,23.67,30.55,16.94,53.93,2.23
1994-09-22,0.1,24.0,30.37,18.5,54.64,2.2
1994-09-23,0.15,22.62,29.07,17.36,59.2,2.42
1994-09-24,0.43,22.6,29.99,16.49,49.34,2.28
1994-09-25,0.0,22.95,30.68,15.58,41.43,2.3
1994-09-26,0.0,23.6,31.36,15.99,41.6,1.91
1994-09-27,0.0,24.36,31.73,16.73,39.62,2.0
1994-09-28,0.0,24.4,32.27,16.18,39.56,2.03
1994-09-29,0.0,23.63,31.35,15.67,40.72,2.2
1994-09-30,0.0,24.54,31.66,16.35,35.29,2.3
1994-10-01,0.0,23.78,32.42,17.96,40.97,2.37
1994-10-02,0.0,23.98,32.59,15.45,38.15,2.27
1994-10-03,0.0,23.72,31.9,17.21,42.53,2.61
1994-10-04,0.0,24.44,32.86,17.44,41.25,2.42
1994-10-05,0.64,22.46,28.85,16.85,49.42,2.47
1994-10-06,0.33,22.95,31.49,15.56,47.39,2.44
1994-10-07,1.12,23.21,31.07,15.21,44.0,2.58
1994-10-08,0.21,24.14,31.72,16.48,38.64,2.09
1994-10-09,0.01,24.38,32.16,16.0,36.97,1.91
1994-10-10,0.0,24.18,31.93,17.95,38.05,2.09
1994-10-11,1.2,21.99,29.92,16.42,39.81,3.49
1994-10-12,0.04,19.85,28.06,12.2,38.87,2.35
1994-10-13,0.0,19.83,27.95,12.05,37.59,2.63
1994-10-14,0.02,19.37,27.76,12.38,41.34,2.26
1994-10-15,1.82,19.67,27.71,13.2,41.06,2.29
1994-10-16,0.0,20.18,28.4,13.51,37.26,2.59
1994-10-17,0.0,21.32,30.21,13.44,32.94,2.15
1994-10-18,0.0,21.96,30.71,14.93,31.81,2.17
1994-10-19,0.0,21.58,30.48,13.59,34.76,2.21
1994-10-20,0.0,22.79,31.31,15.2,33.23,2.1
1994-10-21,0.0,21.98,30.36,13.76,36.0,2.52
1994-10-22,0.0,21.67,30.35,13.44,38.7,2.33
1994-10-23,0.0,21.83,30.62,15.36,41.04,2.26
1994-10-24,0.0,21.48,29.56,14.39,45.25,2.69
1994-10-25,0.0,21.94,29.57,16.31,46.47,2.54
1994-10-26,2.82,20.42,25.73,15.2,52.1,2.69
1994-10-27,19.86,18.55,26.04,13.07,60.41,2.72
1994-10-28,0.0,19.89,27.33,14.61,46.64,2.49
1994-10-29,0.0,18.47,26.55,12.21,44.01,2.82
1994-10-30,0.01,18.4,27.07,12.83,40.56,2.55
1994-10-31,0.0,18.76,27.86,11.88,38.36,2.36
1994-11-01,0.0,18.5,27.64,10.72,37.41,2.4
1994-11-02,0.0,20.08,27.93,13.42,37.27,2.03
1994-11-03,0.0,19.31,26.61,13.61,45.08,2.35
1994-11-04,0.0,18.28,26.86,12.08,48.93,2.8
1994-11-05,0.02,19.2,27.96,13.54,46.13,2.48
1994-11-06,0.01,19.34,27.85,13.2,44.36,2.46
1994-11-07,0.0,18.42,26.65,13.28,46.5,2.4
1994-11-08,0.0,18.74,27.47,12.04,45.55,2.56
1994-11-09,0.0,19.55,27.24,13.82,43.54,2.05
1994-11-10,0.0,19.49,26.76,14.99,46.98,2.03
1994-11-11,0.0,19.12,25.25,15.16,51.73,2.56
1994-11-12,0.0,17.79,25.95,11.98,52.76,2.95
1994-11-13,0.6,17.58,26.72,10.97,49.94,2.73
1994-11-14,0.0,18.4,26.61,12.64,43.41,2.46
1994-11-15,0.0,17.39,26.22,10.36,40.8,2.45
1994-11-16,0.0,17.44,25.89,9.89,39.04,2.21
1994-11-17,0.0,16.7,25.26,10.38,39.98,2.4
1994-11-18,0.0,17.24,25.67,9.71,39.32,2.15
1994-11-19,0.0,17.89,25.81,12.72,39.88,2.07
1994-11-20,0.0,17.52,25.06,11.35,44.76,2.25
1994-11-21,0.0,17.29,25.24,11.51,45.17,2.36
1994-11-22,0.07,16.26,25.08,11.07,45.03,2.83
1994-11-23,0.0,16.47,25.31,10.22,38.82,2.45
1994-11-24,0.0,15.69,22.34,10.51,41.55,2.35
1994-11-25,0.0,17.06,25.04,9.98,36.3,1.97
1994-11-26,0.0,16.38,23.81,11.62,38.26,2.06
1994-11-27,0.0,16.93,24.97,11.82,36.59,2.05
1994-11-28,0.0,16.91,24.91,11.19,36.3,2.22
1994-11-29,0.0,15.56,24.95,9.24,37.84,2.94
1994-11-30,0.0,16.03,25.13,8.91,30.01,2.19
1994-12-01,0.0,16.55,24.69,9.91,28.58,1.87
1994-12-02,0.0,17.49,24.67,12.39,24.81,1.44
1994-12-03,0.0,15.78,24.32,9.05,28.93,2.07
1994-12-04,0.0,15.94,24.96,9.14,30.51,2.86
1994-12-05,0.0,17.62,25.25,13.51,30.77,1.87
1994-12-06,2.51,14.1,16.8,11.7,65.07,3.77
1994-12-07,5.32,14.28,16.34,13.08,68.08,4.68
1994-12-08,17.74,12.84,19.7,4.82,67.94,4.45
1994-12-09,0.62,10.5,19.31,4.56,47.55,2.37
1994-12-10,2.45,9.94,18.49,4.11,50.55,2.63
1994-12-11,0.01,9.65,19.6,3.03,44.85,3.35
1994-12-12,0.0,9.56,19.29,2.1,37.78,2.84
1994-12-13,0.0,11.65,21.2,5.0,43.41,2.88
1994-12-14,0.0,12.14,20.44,5.35,38.99,2.45
1994-12-15,0.0,10.73,20.1,5.0,42.37,3.92
1994-12-16,0.0,11.36,21.01,4.23,36.61,3.01
1994-12-17,0.0,11.31,18.66,5.13,36.15,2.05
1994-12-18,0.0,11.89,20.37,6.66,36.44,2.02
1994-12-19,0.0,11.75,20.52,5.5,36.72,2.48
1994-12-20,0.0,11.39,20.01,4.01,37.55,2.47
1994-12-21,0.0,11.68,20.03,4.31,42.34,2.81
1994-12-22,0.3,12.11,19.22,7.99,54.59,2.98
1994-12-23,2.16,12.1,19.32,7.51,60.71,2.95
1994-12-24,0.88,10.75,18.17,6.65,65.61,3.16
1994-12-25,0.32,10.72,18.82,4.94,60.02,2.44
1994-12-26,4.53,9.33,11.42,7.57,79.58,2.56
1994-12-27,0.61,8.89,10.42,7.62,89.93,2.89
1994-12-28,10.0,10.32,13.96,7.59,84.04,2.83
1994-12-29,14.67,8.36,13.95,3.51,72.46,2.21
1994-12-30,5.86,6.77,15.79,1.26,57.92,3.59
1994-12-31,0.0,7.01,17.16,-0.13,39.41,3.29
1995-01-01,0.0,6.93,17.53,-0.31,39.46,3.29
1995-01-02,0.0,7.78,14.68,2.37,39.91,2.58
1995-01-03,0.0,9.61,17.53,4.72,43.75,2.37
1995-01-04,0.01,9.96,19.1,2.72,45.38,2.58
1995-01-05,0.02,10.63,19.06,6.2,47.82,2.44
1995-01-06,0.0,11.16,20.79,3.82,42.59,2.62
1995-01-07,0.0,11.65,19.54,4.83,38.56,2.33
1995-01-08,0.0,11.21,18.72,6.7,45.73,2.46
1995-01-09,0.18,8.79,13.01,6.09,75.64,2.62
1995-01-10,18.75,8.27,12.32,4.0,80.67,2.07
1995-01-11,0.0,8.95,17.94,3.3,57.86,2.91
1995-01-12,0.0,10.91,17.85,5.85,40.48,1.89
1995-01-13,0.62,10.56,16.89,5.11,45.89,1.83
1995-01-14,16.72,7.18,13.8,3.48,64.33,2.78
1995-01-15,0.02,6.78,14.05,1.38,78.11,3.48
1995-01-16,1.99,6.65,11.41,3.07,76.95,2.43
1995-01-17,0.07,7.49,15.43,2.32,62.45,2.94
1995-01-18,0.77,8.83,16.33,3.29,48.9,2.18
1995-01-19,0.22,9.73,15.33,5.29,56.85,2.18
1995-01-20,0.08,9.76,17.26,3.79,58.55,2.37
1995-01-21,0.01,9.78,17.52,4.68,48.94,2.21
1995-01-22,0.04,7.67,17.31,0.66,43.67,3.16
1995-01-23,0.19,7.76,15.24,0.63,41.81,2.63
1995-01-24,0.0,9.6,18.59,2.84,43.43,2.65
1995-01-25,0.0,10.55,18.19,2.93,42.17,2.39
1995-01-26,0.0,10.0,17.3,3.4,50.71,2.96
1995-01-27,0.0,12.22,18.81,7.62,53.27,2.26
1995-01-28,0.0,11.99,19.65,6.4,55.26,2.49
1995-01-29,0.02,11.84,20.42,6.69,52.56,3.04
1995-01-30,0.0,11.91,21.21,4.65,42.77,2.78
1995-01-31,0.0,12.09,21.38,3.8,37.22,2.56
1995-02-01,0.0,12.7,21.72,6.59,37.88,2.57
1995-02-02,0.0,13.23,19.61,8.37,39.78,1.84
1995-02-03,0.0,13.28,20.46,8.33,41.0,2.01
1995-02-04,0.0,13.12,20.87,6.61,41.07,1.95
1995-02-05,0.0,13.06,22.96,6.5,43.13,2.81
1995-02-06,0.0,13.3,22.9,5.71,43.69,3.39
1995-02-07,0.0,15.09,22.76,9.91,51.1,2.3
1995-02-08,0.16,15.74,23.41,10.24,58.68,2.61
1995-02-09,0.0,15.91,21.82,12.0,55.72,2.21
1995-02-10,0.06,16.93,23.13,12.05,59.94,2.38
1995-02-11,1.33,13.46,16.46,9.7,79.91,3.09
1995-02-12,13.66,12.82,18.16,8.32,78.02,2.68
1995-02-13,2.08,13.79,21.26,6.66,61.62,2.64
1995-02-14,3.58,11.33,13.77,8.68,81.06,3.63
1995-02-15,38.23,12.05,18.1,7.33,72.39,1.94
1995-02-16,0.0,12.08,19.54,4.63,55.16,2.55
1995-02-17,0.04,13.02,20.19,8.22,55.4,3.32
1995-02-18,10.18,11.07,16.89,6.38,60.6,3.93
1995-02-19,3.75,10.38,18.49,4.21,50.3,2.52
1995-02-20,0.3,9.7,18.69,3.04,48.62,3.16
1995-02-21,0.64,10.09,18.56,3.55,45.13,2.56
1995-02-22,0.0,11.12,17.55,5.74,46.8,2.01
1995-02-23,0.0,10.63,18.07,2.74,53.12,2.13
1995-02-24,0.0,11.88,19.12,6.49,47.88,2.77
1995-02-25,0.06,12.33,19.23,5.5,42.91,1.75
1995-02-26,0.0,12.26,19.52,6.03,54.28,2.98
1995-02-27,10.17,10.29,14.56,4.61,77.78,4.22
1995-02-28,0.24,9.17,17.92,2.04,55.26,3.05
1995-03-01,1.76,10.3,19.11,3.23,45.5,2.97
1995-03-02,0.07,12.95,21.24,6.63,39.22,2.79
1995-03-03,0.0,13.5,21.15,5.4,38.34,2.28
1995-03-04,0.0,13.87,22.01,6.01,40.37,2.15
1995-03-05,0.0,13.88,21.79,7.35,40.87,2.25
1995-03-06,0.0,14.67,22.17,5.96,40.96,2.44
1995-03-07,0.0,15.36,22.64,9.12,41.77,2.05
1995-03-08,0.05,14.71,22.06,7.45,44.2,2.89
1995-03-09,0.03,12.93,21.2,6.02,46.61,2.86
1995-03-10,0.53,14.23,21.77,7.11,39.69,2.11
1995-03-11,0.03,14.12,22.03,6.2,44.08,2.3
1995-03-12,0.14,15.04,22.33,9.81,43.76,1.85
1995-03-13,0.0,15.3,23.2,7.85,44.61,3.12
1995-03-14,0.0,15.91,24.89,7.19,42.22,3.23
1995-03-15,0.0,17.11,23.9,11.85,40.48,2.0
1995-03-16,0.0,17.52,26.49,10.99,47.8,3.11
1995-03-17,0.15,19.88,28.06,11.53,43.79,2.17
1995-03-18,0.23,18.68,25.18,12.33,50.06,2.17
1995-03-19,0.02,19.64,24.59,13.81,52.39,1.67
1995-03-20,0.0,19.21,27.84,12.11,53.94,3.08
1995-03-21,0.08,20.93,29.81,13.45,48.41,2.98
1995-03-22,0.14,22.23,29.78,16.36,53.88,2.54
1995-03-23,1.75,20.9,28.03,16.89,64.06,2.56
1995-03-24,7.15,18.36,20.67,16.67,79.59,2.27
1995-03-25,7.61,20.32,26.63,15.62,68.26,3.4
1995-03-26,11.04,18.48,23.62,14.54,69.27,2.22
1995-03-27,0.83,17.72,23.34,12.74,64.71,2.46
1995-03-28,44.0,15.74,19.06,12.13,82.13,4.01
1995-03-29,7.95,16.24,22.24,10.69,70.37,2.07
1995-03-30,18.73,16.13,22.72,9.12,56.59,2.48
1995-03-31,0.12,17.38,24.26,10.11,51.85,2.28
1995-04-01,0.87,16.33,22.88,10.07,54.08,2.95
1995-04-02,4.74,16.34,24.05,8.33,51.53,2.99
1995-04-03,0.0,17.86,25.26,9.1,47.02,2.42
1995-04-04,0.02,17.48,24.67,9.3,49.72,2.2
1995-04-05,0.97,18.87,26.1,10.77,45.48,1.83
1995-04-06,0.1,19.77,27.15,11.41,47.78,2.2
1995-04-07,0.0,19.45,25.91,13.03,51.49,3.22
1995-04-08,0.0,20.38,27.61,14.66,52.84,3.3
1995-04-09,2.41,21.21,29.89,13.13,50.89,2.85
1995-04-10,11.91,19.64,25.85,13.42,62.64,3.26
1995-04-11,0.02,21.26,28.28,14.61,50.63,1.88
1995-04-12,0.07,19.95,27.2,13.06,53.64,2.95
1995-04-13,15.32,20.91,28.5,12.67,48.09,2.65
1995-04-14,0.0,20.25,26.51,13.93,48.98,2.49
1995-04-15,1.27,20.04,26.65,15.76,53.86,4.53
1995-04-16,0.09,21.06,29.34,13.78,52.95,2.98
1995-04-17,2.76,21.05,29.17,15.07,58.88,3.13
1995-04-18,37.1,20.86,26.95,16.14,63.81,2.88
1995-04-19,32.06,19.86,24.99,14.86,68.09,2.37
1995-04-20,0.52,20.77,26.38,14.29,61.87,2.09
1995-04-21,0.39,22.07,27.76,15.6,58.39,2.06
1995-04-22,3.36,22.14,27.3,17.84,60.09,2.0
1995-04-23,6.88,20.43,24.79,16.99,69.46,2.72
1995-04-24,0.94,22.59,28.83,15.67,65.64,2.41
1995-04-25,0.82,23.32,27.47,19.07,65.36,2.13
1995-04-26,0.46,21.49,27.34,17.59,68.22,3.09
1995-04-27,0.13,22.65,29.49,15.99,58.5,2.72
1995-04-28,1.8,23.68,30.56,17.44,56.96,3.45
1995-04-29,0.04,24.21,30.38,18.23,57.3,2.27
1995-04-30,2.15,24.32,30.54,18.71,55.21,2.29
1995-05-01,0.0,24.54,30.18,17.9,50.53,2.0
1995-05-02,0.01,25.63,31.84,18.33,48.92,2.08
1995-05-03,0.03,26.23,33.52,19.17,46.26,2.58
1995-05-04,0.0,26.27,33.88,17.96,45.13,2.4
1995-05-05,0.0,27.29,35.78,18.63,44.43,2.49
1995-05-06,0.0,28.66,36.6,19.86,40.28,2.29
1995-05-07,0.0,28.84,37.46,19.74,40.66,2.64
1995-05-08,0.0,30.16,38.89,20.78,39.07,2.57
1995-05-09,0.0,30.58,39.21,22.9,38.78,2.57
1995-05-10,0.0,30.67,39.68,22.25,39.06,2.98
1995-05-11,0.71,29.96,37.79,22.47,41.99,2.89
1995-05-12,0.09,29.64,37.9,21.71,44.14,3.14
1995-05-13,0.8,30.66,39.64,22.44,39.76,2.42
1995-05-14,0.0,30.78,40.18,22.43,37.27,2.86
1995-05-15,0.0,31.27,41.5,21.83,33.37,3.15
1995-05-16,0.0,31.96,41.41,22.14,31.22,3.11
1995-05-17,0.0,32.84,41.27,23.45,31.25,3.05
1995-05-18,0.0,30.97,38.28,23.73,35.13,3.13
1995-05-19,3.12,29.4,37.44,22.25,37.98,2.28
1995-05-20,6.87,27.93,36.35,19.61,38.68,2.87
1995-05-21,3.3,27.84,34.9,20.48,37.66,2.36
1995-05-22,2.2,26.61,33.91,20.46,40.5,2.54
1995-05-23,1.26,26.04,33.74,18.15,38.39,2.61
1995-05-24,2.74,27.77,35.93,19.26,37.52,2.24
1995-05-25,0.25,26.53,34.62,19.28,43.53,3.55
1995-05-26,4.79,26.68,34.54,18.82,39.63,3.22
1995-05-27,1.74,26.88,35.8,19.33,35.61,3.88
1995-05-28,0.0,28.14,37.59,18.62,29.34,3.59
1995-05-29,0.0,30.75,40.17,19.23,25.1,2.7
1995-05-30,0.0,30.94,39.93,21.75,27.86,2.56
1995-05-31,0.0,31.82,40.91,24.02,29.88,2.71
1995-06-01,0.0,31.29,38.29,24.48,30.78,3.68
1995-06-02,0.0,32.16,40.73,24.72,28.22,4.01
1995-06-03,0.0,31.96,40.68,23.23,24.83,3.66
1995-06-04,0.01,31.96,41.42,22.06,17.86,4.26
1995-06-05,0.0,33.55,43.27,23.87,14.5,3.31
1995-06-06,0.0,35.07,44.43,24.52,14.37,3.08
1995-06-07,0.0,36.46,45.22,27.28,14.07,3.17
1995-06-08,0.0,37.72,46.52,26.18,13.35,2.97
1995-06-09,0.0,38.19,46.38,29.58,11.9,2.72
1995-06-10,0.0,37.74,46.41,27.77,12.29,3.34
1995-06-11,0.0,37.93,46.27,29.73,11.1,2.93
1995-06-12,0.0,37.1,46.59,27.22,10.26,3.31
1995-06-13,0.0,38.22,46.27,28.11,10.73,2.49
1995-06-14,0.0,37.78,45.49,29.96,14.32,2.68
1995-06-15,0.0,38.09,46.8,28.22,12.6,2.94
1995-06-16,0.24,38.15,46.86,28.88,14.1,2.31
1995-06-17,0.0,38.74,47.26,28.98,11.97,2.81
1995-06-18,0.0,37.32,46.59,27.32,15.74,3.54
1995-06-19,0.0,36.49,43.01,30.37,26.59,3.52
1995-06-20,11.37,32.98,39.5,27.39,37.9,3.58
1995-06-21,9.81,26.28,30.67,23.05,62.03,5.41
1995-06-22,0.24,27.91,34.19,21.52,52.1,2.25
1995-06-23,1.69,29.36,35.07,22.15,44.43,2.24
1995-06-24,1.05,30.92,37.37,22.42,44.61,1.84
1995-06-25,0.0,33.42,39.95,26.1,38.37,1.94
1995-06-26,0.09,33.96,42.09,24.81,33.79,2.13
1995-06-27,0.0,35.35,43.02,27.46,25.42,2.76
1995-06-28,0.0,35.87,43.82,26.55,20.55,2.25
1995-06-29,0.0,37.21,44.88,28.96,16.64,2.37
1995-06-30,0.0,37.46,44.64,28.13,17.15,2.2
1995-07-01,0.0,36.38,44.26,27.27,17.44,2.78
1995-07-02,0.22,36.98,45.09,27.09,15.6,2.27
1995-07-03,0.0,36.73,45.14,27.71,17.87,2.67
1995-07-04,0.0,36.98,44.44,28.91,21.17,2.56
1995-07-05,0.71,36.58,43.79,29.24,26.61,2.65
1995-07-06,0.56,36.84,43.75,29.72,28.8,2.35
1995-07-07,28.28,34.56,40.8,29.19,42.55,1.85
1995-07-08,19.93,33.55,40.44,26.22,50.38,2.56
1995-07-09,17.28,31.76,36.38,27.71,56.79,2.18
1995-07-10,28.67,31.03,35.86,26.77,61.22,2.42
1995-07-11,14.15,30.51,34.83,26.0,59.47,2.3
1995-07-12,30.6,30.0,34.66,25.33,64.37,1.88
1995-07-13,4.72,30.31,35.32,24.9,63.37,2.21
1995-07-14,1.66,31.48,37.48,25.36,60.37,2.11
1995-07-15,7.04,31.19,36.14,26.25,60.36,2.22
1995-07-16,1.78,30.52,34.92,25.61,61.16,2.1
1995-07-17,0.16,32.28,37.35,26.37,59.78,1.5
1995-07-18,0.0,33.2,38.82,27.68,59.62,1.93
1995-07-19,11.15,28.0,30.97,25.1,76.77,3.43
1995-07-20,15.97,28.24,31.87,24.64,74.92,1.91
1995-07-21,32.46,28.59,31.7,25.43,76.71,1.45
1995-07-22,4.91,29.17,33.37,25.21,73.94,1.6
1995-07-23,19.09,29.0,33.04,25.3,76.29,2.17
1995-07-24,29.13,27.63,31.28,24.61,82.5,3.69
1995-07-25,46.8,27.06,31.22,22.93,80.53,3.13
1995-07-26,23.84,26.05,29.58,22.56,71.68,2.34
1995-07-27,37.25,25.8,31.09,22.57,82.23,2.45
1995-07-28,33.64,27.29,31.2,23.25,78.82,2.2
1995-07-29,6.65,27.92,31.46,23.57,72.43,1.3
1995-07-30,80.21,28.19,31.83,23.02,72.69,1.51
1995-07-31,0.1,29.07,32.99,24.16,71.0,1.52
1995-08-01,0.01,29.01,32.96,24.53,74.44,1.7
1995-08-02,45.55,28.32,32.12,24.51,74.28,1.92
1995-08-03,28.31,27.81,31.92,23.28,78.35,1.65
1995-08-04,10.27,26.66,29.98,24.01,85.98,3.27
1995-08-05,0.18,27.5,31.63,23.51,76.94,1.91
1995-08-06,8.96,27.88,31.78,24.38,79.21,1.79
1995-08-07,0.09,27.23,31.1,23.28,82.73,1.96
1995-08-08,21.37,27.21,30.84,23.92,81.36,1.61
1995-08-09,0.78,27.34,31.36,23.0,79.32,2.07
1995-08-10,8.31,27.85,31.29,23.8,75.88,1.37
1995-08-11,6.55,28.78,33.01,24.27,77.19,1.46
1995-08-12,1.39,28.68,32.36,24.96,81.04,1.72
1995-08-13,0.0,29.09,33.23,24.86,74.95,1.44
1995-08-14,3.68,27.36,31.02,24.06,81.81,2.61
1995-08-15,12.74,28.05,31.82,24.01,81.04,1.82
1995-08-16,2.35,28.67,32.63,24.57,75.89,1.35
1995-08-17,2.23,27.78,31.46,24.13,81.75,2.22
1995-08-18,3.3,27.78,31.83,24.35,82.07,1.76
1995-08-19,10.86,27.41,30.86,23.88,80.67,1.58
1995-08-20,28.21,27.5,31.53,23.45,79.38,1.92
1995-08-21,28.39,26.91,29.94,23.27,81.3,2.16
1995-08-22,10.3,27.08,30.64,22.93,78.31,1.27
1995-08-23,0.79,27.56,31.61,22.45,76.05,1.34
1995-08-24,0.0,28.04,31.65,23.52,78.1,1.81
1995-08-25,5.07,27.52,31.09,24.04,81.57,2.06
1995-08-26,10.0,27.91,31.06,24.08,77.19,1.32
1995-08-27,14.93,27.62,31.04,23.74,78.81,1.51
1995-08-28,11.65,27.27,30.82,23.74,77.54,1.48
1995-08-29,6.51,26.61,30.66,22.88,81.46,1.96
1995-08-30,5.63,25.89,30.14,22.21,84.25,2.0
1995-08-31,1.89,26.03,30.08,21.91,79.42,1.45
1995-09-01,3.9,25.5,29.17,21.99,76.48,2.06
1995-09-02,12.59,27.26,32.14,21.99,64.8,1.56
1995-09-03,0.01,25.91,30.5,22.08,79.06,2.49
1995-09-04,2.12,25.66,30.14,20.66,78.54,1.54
1995-09-05,0.72,25.04,29.74,20.58,74.95,1.66
1995-09-06,0.0,25.5,30.54,20.76,67.23,1.89
1995-09-07,0.0,25.73,31.52,19.16,61.91,1.76
1995-09-08,0.0,25.5,30.96,19.61,71.96,1.73
1995-09-09,0.0,25.64,30.24,21.24,78.34,2.09
1995-09-10,0.0,26.41,31.04,21.84,64.4,1.63
1995-09-11,0.0,25.88,31.62,20.28,68.58,2.08
1995-09-12,3.39,25.01,30.45,19.6,70.57,2.02
1995-09-13,0.91,25.69,31.12,19.87,65.2,1.95
1995-09-14,0.0,26.29,32.07,20.2,62.6,2.0
1995-09-15,0.0,25.34,30.96,19.45,64.94,2.22
1995-09-16,0.4,25.69,30.7,19.98,64.61,1.92
1995-09-17,0.0,25.52,30.94,19.5,63.56,1.85
1995-09-18,0.0,26.47,32.01,20.01,58.81,2.04
1995-09-19,0.0,25.4,31.51,19.67,62.8,2.17
1995-09-20,0.0,25.75,32.17,19.1,57.14,2.21
1995-09-21,0.0,25.96,32.72,19.17,55.76,2.15
1995-09-22,0.0,25.62,32.09,18.74,57.15,2.1
1995-09-23,0.0,24.99,31.38,18.5,62.59,2.55
1995-09-24,53.12,24.87,30.29,19.38,65.35,2.1
1995-09-25,2.51,24.54,30.3,19.02,62.5,2.29
1995-09-26,0.0,24.76,30.79,18.45,61.48,2.19
1995-09-27,0.0,24.85,30.83,18.77,60.34,2.17
1995-09-28,0.0,24.58,30.83,18.52,63.55,2.11
1995-09-29,0.84,24.24,30.16,19.28,68.22,2.56
1995-09-30,0.03,24.45,30.5,18.98,61.74,2.9
1995-10-01,0.18,24.61,30.84,18.85,59.15,2.05
1995-10-02,0.0,24.81,31.28,18.86,59.45,2.26
1995-10-03,0.5,24.36,30.61,19.11,59.6,2.07
1995-10-04,8.63,23.44,29.7,18.25,60.29,2.12
1995-10-05,0.11,23.11,29.7,16.47,57.07,2.55
1995-10-06,0.0,23.42,30.16,16.97,53.09,2.46
1995-10-07,0.0,23.56,30.59,16.84,50.45,2.07
1995-10-08,0.0,23.12,30.62,16.53,49.19,2.21
1995-10-09,0.0,23.88,30.6,17.24,46.2,1.93
1995-10-10,0.0,22.68,29.79,16.18,53.59,2.4
1995-10-11,0.0,22.91,29.95,15.93,53.64,2.42
1995-10-12,0.0,23.87,31.27,17.1,51.44,2.48
1995-10-13,0.0,23.63,30.61,17.27,50.73,2.42
1995-10-14,0.0,23.58,30.61,17.49,51.22,2.53
1995-10-15,0.27,22.86,31.22,16.64,52.99,2.43
1995-10-16,24.82,21.27,27.59,17.14,63.46,2.93
1995-10-17,0.03,20.42,26.33,15.27,63.71,2.25
1995-10-18,0.34,20.7,27.08,15.8,61.23,2.35
1995-10-19,0.14,20.36,26.91,14.94,61.69,2.3
1995-10-20,6.36,18.66,25.06,13.88,60.72,2.44
1995-10-21,0.0,18.51,25.95,11.92,57.27,2.58
1995-10-22,0.11,18.55,26.0,12.23,55.07,2.75
1995-10-23,1.88,19.12,25.85,13.28,45.19,2.21
1995-10-24,0.0,19.4,27.51,12.92,42.41,2.41
1995-10-25,0.0,19.53,27.35,12.66,47.02,2.36
1995-10-26,0.0,20.12,27.13,14.2,49.7,2.29
1995-10-27,0.0,19.68,26.44,13.33,50.52,2.51
1995-10-28,0.0,20.19,27.85,12.5,45.45,2.22
1995-10-29,0.0,18.89,26.77,12.23,52.92,2.31
1995-10-30,0.14,19.77,26.42,14.55,49.43,1.84
1995-10-31,0.05,18.78,26.03,12.41,51.48,2.07
1995-11-01,0.86,17.73,25.49,11.73,50.78,2.54
1995-11-02,0.0,17.52,26.05,11.11,44.01,2.49
1995-11-03,0.0,17.99,27.08,10.56,42.18,2.83
1995-11-04,0.0,18.26,26.67,12.57,40.74,2.28
1995-11-05,0.0,17.72,25.72,10.63,42.84,2.37
1995-11-06,0.0,18.04,26.46,11.65,44.31,2.32
1995-11-07,0.0,19.11,26.67,12.59,39.35,1.85
1995-11-08,0.0,18.54,27.68,11.67,43.6,2.54
1995-11-09,0.0,18.87,28.21,11.54,40.19,2.58
1995-11-10,0.0,18.46,27.06,11.42,38.36,2.66
1995-11-11,0.0,17.61,26.16,10.1,41.39,2.65
1995-11-12,0.0,17.25,25.95,10.54,41.38,3.02
1995-11-13,0.0,17.74,26.59,11.32,37.61,2.83
1995-11-14,0.0,18.71,27.05,12.57,35.42,2.47
1995-11-15,0.0,18.28,27.05,12.13,37.02,2.62
1995-11-16,0.0,17.59,25.69,11.22,40.1,2.26
1995-11-17,0.0,17.34,26.01,10.12,43.77,2.6
1995-11-18,0.0,16.85,25.34,10.4,46.42,2.68
1995-11-19,0.0,16.43,24.24,10.36,38.84,2.05
1995-11-20,0.0,15.78,24.45,9.57,38.34,2.54
1995-11-21,0.0,15.68,24.6,8.73,36.1,2.34
1995-11-22,0.0,14.53,22.92,8.59,36.36,2.85
1995-11-23,0.0,14.61,23.17,7.77,34.41,2.48
1995-11-24,0.0,13.51,22.97,7.8,37.77,3.09
1995-11-25,0.0,13.66,22.44,7.54,33.21,2.79
1995-11-26,0.0,12.61,21.5,6.64,35.08,2.86
1995-11-27,0.0,13.2,21.91,6.69,35.03,5.16
1995-11-28,6.4,10.47,16.85,6.0,62.1,6.24
1995-11-29,0.0,9.14,17.66,3.3,45.93,2.53
1995-11-30,11.2,9.1,19.3,1.8,44.69,2.83
1995-12-01,0.74,10.06,20.52,3.11,42.85,3.29
1995-12-02,0.0,10.64,20.03,3.93,37.49,2.93
1995-12-03,0.0,11.41,21.61,4.64,37.35,3.0
1995-12-04,0.0,12.52,21.67,5.94,35.95,2.58
1995-12-05,0.0,12.31,21.56,6.62,43.79,2.92
1995-12-06,0.0,12.82,21.34,6.78,57.08,2.88
1995-12-07,0.0,13.53,20.26,9.91,60.0,2.41
1995-12-08,2.75,12.17,16.59,8.94,72.16,1.7
1995-12-09,0.02,11.99,19.27,6.82,72.06,2.2
1995-12-10,0.73,12.27,18.26,8.4,62.19,2.5
1995-12-11,0.32,11.09,18.67,5.99,65.73,2.56
1995-12-12,3.52,10.76,19.03,4.74,53.61,2.87
1995-12-13,0.03,10.32,14.32,7.6,48.32,1.62
1995-12-14,0.0,11.14,18.16,5.74,55.85,2.19
1995-12-15,0.32,10.19,15.51,5.94,71.39,3.03
1995-12-16,0.04,10.64,18.61,5.91,63.49,2.85
1995-12-17,0.44,11.58,18.73,8.42,50.35,2.28
1995-12-18,0.07,12.86,18.89,9.15,47.44,1.76
1995-12-19,0.04,12.22,20.19,7.19,56.05,2.6
1995-12-20,0.3,12.19,18.78,8.83,55.7,2.39
1995-12-21,0.16,11.19,19.71,5.87,55.93,2.94
1995-12-22,0.04,10.92,19.04,6.33,46.31,2.75
1995-12-23,0.0,10.73,20.06,4.47,44.96,2.98
1995-12-24,0.0,11.65,19.32,7.03,38.23,2.04
1995-12-25,0.0,11.06,20.12,3.65,39.47,2.53
1995-12-26,0.0,11.44,19.88,5.39,44.06,2.79
1995-12-27,0.0,13.8,21.07,9.22,41.88,1.97
1995-12-28,0.0,13.83,20.61,9.01,43.15,1.56
1995-12-29,0.0,12.48,20.14,6.14,48.38,2.35
1995-12-30,0.0,12.77,21.42,6.67,49.8,2.48
1995-12-31,0.0,12.51,20.96,7.96,49.56,2.2
1996-01-01,0.0,12.33,21.34,5.73,43.92,2.6
1996-01-02,0.0,12.37,20.84,6.4,38.97,2.42
1996-01-03,0.0,11.52,20.15,5.18,44.5,2.62
1996-01-04,0.0,12.29,20.35,6.17,38.91,2.83
1996-01-05,0.0,11.57,17.32,8.45,39.99,1.72
1996-01-06,0.0,11.73,19.82,7.18,38.73,2.4
1996-01-07,0.0,12.79,20.82,6.67,37.33,2.24
1996-01-08,0.0,14.86,21.99,10.74,37.81,1.78
1996-01-09,0.0,13.62,20.67,7.32,41.94,2.22
1996-01-10,0.0,10.21,15.23,6.2,60.73,3.07
1996-01-11,0.0,10.03,18.02,5.16,51.63,2.77
1996-01-12,0.02,9.51,17.12,4.15,42.02,2.64
1996-01-13,0.12,9.87,14.86,6.39,47.27,1.98
1996-01-14,0.54,6.99,8.66,4.34,88.55,3.87
1996-01-15,22.15,7.53,10.48,5.31,86.11,5.07
1996-01-16,11.61,7.89,13.31,2.92,69.51,1.98
1996-01-17,1.14,7.3,15.43,1.22,56.59,2.32
1996-01-18,1.33,5.71,12.1,0.68,55.72,2.64
1996-01-19,0.0,9.65,17.19,3.37,46.42,2.23
1996-01-20,0.0,10.64,17.59,4.52,46.12,2.37
1996-01-21,0.01,8.66,14.55,3.89,60.49,3.23
1996-01-22,5.07,7.69,11.43,3.65,79.93,2.59
1996-01-23,0.01,6.92,16.13,0.68,61.77,3.24
1996-01-24,9.03,6.85,15.67,1.0,52.18,3.32
1996-01-25,0.18,11.21,18.12,5.39,46.01,1.99
1996-01-26,0.04,10.25,17.8,5.19,51.23,2.17
1996-01-27,0.72,8.96,17.7,2.64,54.56,3.02
1996-01-28,0.0,8.43,18.43,1.69,44.65,3.5
1996-01-29,0.0,8.79,19.39,0.65,36.62,3.54
1996-01-30,0.0,11.52,20.63,2.92,33.18,2.77
1996-01-31,0.0,11.32,19.96,5.3,38.25,2.77
1996-02-01,0.0,11.87,21.22,4.18,41.57,2.66
1996-02-02,0.0,12.87,22.35,4.46,37.54,2.67
1996-02-03,0.0,12.51,19.98,6.88,40.88,2.71
1996-02-04,0.0,14.74,22.93,7.54,41.24,2.37
1996-02-05,0.0,14.62,23.67,8.86,44.99,2.65
1996-02-06,0.0,15.2,24.03,9.55,48.53,2.75
1996-02-07,0.0,15.92,23.49,10.48,57.26,3.61
1996-02-08,0.0,15.0,22.8,8.98,51.92,2.9
1996-02-09,11.12,13.11,17.57,9.99,63.41,4.56
1996-02-10,11.11,12.78,18.91,7.94,69.84,2.29
1996-02-11,10.57,12.6,19.75,7.86,66.6,2.66
1996-02-12,0.02,14.17,20.95,7.84,51.61,1.91
1996-02-13,0.0,13.88,20.18,8.4,62.07,2.29
1996-02-14,4.79,12.01,14.84,10.03,77.75,5.46
1996-02-15,37.66,11.12,16.53,6.58,75.57,2.72
1996-02-16,0.0,10.65,19.2,3.63,57.33,2.69
1996-02-17,0.0,11.67,20.73,5.2,52.45,3.06
1996-02-18,0.0,13.99,21.26,7.65,45.9,2.77
1996-02-19,0.0,15.11,22.91,9.39,46.4,2.53
1996-02-20,0.0,15.7,23.1,9.01,42.01,2.21
1996-02-21,0.0,15.63,22.58,9.57,46.33,2.01
1996-02-22,0.0,14.98,22.49,8.74,52.69,2.29
1996-02-23,0.0,11.95,14.93,9.45,74.56,2.8
1996-02-24,38.53,12.33,15.22,9.74,84.65,2.86
1996-02-25,1.15,12.83,17.89,7.93,71.62,1.69
1996-02-26,1.09,12.54,19.52,6.93,70.1,2.23
1996-02-27,0.16,13.0,19.11,7.54,67.85,2.53
1996-02-28,0.11,14.56,21.06,8.86,56.89,2.54
1996-02-29,0.0,14.96,21.93,9.11,57.04,2.43
1996-03-01,0.0,14.12,18.47,10.72,71.88,3.21
1996-03-02,0.07,15.57,21.58,10.49,65.66,2.66
1996-03-03,0.28,15.45,23.01,9.79,62.5,3.17
1996-03-04,1.85,18.16,24.88,11.32,52.64,2.5
1996-03-05,0.0,18.34,25.74,12.79,59.05,2.98
1996-03-06,0.0,18.08,23.63,12.92,59.09,2.3
1996-03-07,4.95,16.39,22.67,10.81,67.87,2.56
1996-03-08,0.45,14.73,19.47,10.11,68.97,3.06
1996-03-09,0.23,16.99,24.39,11.46,62.83,2.48
1996-03-10,0.0,18.35,25.48,12.45,64.61,2.98
1996-03-11,0.0,20.76,27.36,14.57,57.87,2.4
1996-03-12,5.74,20.63,26.76,14.86,59.35,2.69
1996-03-13,0.94,19.42,26.95,13.58,59.98,2.86
1996-03-14,0.02,19.97,26.5,13.87,54.95,2.7
1996-03-15,0.89,19.07,25.41,14.73,62.37,7.29
1996-03-16,0.22,18.05,24.02,14.59,69.7,6.85
1996-03-17,3.1,17.43,22.72,13.7,74.17,4.46
1996-03-18,16.53,14.87,18.88,12.17,82.53,4.5
1996-03-19,23.89,15.5,21.41,10.08,73.61,2.62
1996-03-20,0.35,15.6,19.89,10.99,58.69,1.71
1996-03-21,0.49,15.8,22.02,10.21,64.33,3.52
1996-03-22,3.25,15.5,21.49,9.24,67.36,2.1
1996-03-23,0.33,16.76,22.96,9.97,60.18,2.42
1996-03-24,0.0,18.25,25.29,10.91,54.6,2.3
1996-03-25,0.0,18.83,25.31,13.29,58.28,2.51
1996-03-26,0.0,19.71,28.11,11.82,52.63,3.53
1996-03-27,0.0,20.72,28.24,13.93,48.09,2.55
1996-03-28,1.54,22.2,28.93,15.61,51.87,2.64
1996-03-29,0.79,18.82,27.13,11.14,57.27,4.78
1996-03-30,4.05,16.43,23.62,8.33,39.39,1.96
1996-03-31,0.14,17.21,25.16,9.06,37.72,2.67
1996-04-01,0.0,18.59,26.8,9.77,38.89,2.52
1996-04-02,0.0,18.42,26.0,10.73,43.39,2.71
1996-04-03,0.0,21.34,29.04,13.05,42.2,2.48
1996-04-04,0.19,22.03,30.22,14.4,44.58,3.62
1996-04-05,0.13,20.79,28.01,15.96,47.57,5.4
1996-04-06,2.84,21.43,29.25,14.99,48.76,3.99
1996-04-07,3.59,21.06,28.07,14.46,50.57,3.0
1996-04-08,0.21,20.61,28.86,13.49,42.8,3.12
1996-04-09,6.71,20.31,28.27,11.58,38.82,2.69
1996-04-10,0.0,21.16,29.6,12.97,38.05,2.5
1996-04-11,0.0,22.29,31.01,14.11,40.34,3.11
1996-04-12,0.47,22.8,30.98,16.56,45.15,2.9
1996-04-13,0.37,23.15,31.89,15.34,44.23,3.41
1996-04-14,0.24,24.58,34.11,16.87,40.18,3.66
1996-04-15,0.0,26.34,35.68,16.68,37.01,2.49
1996-04-16,0.0,27.82,36.65,18.15,36.22,2.29
1996-04-17,0.0,27.71,36.2,18.96,37.17,2.29
1996-04-18,0.0,27.54,35.94,19.24,38.4,3.03
1996-04-19,0.0,27.37,35.7,21.11,40.65,3.46
1996-04-20,0.08,26.93,32.94,19.88,39.7,2.22
1996-04-21,0.07,25.46,31.98,18.58,45.0,2.3
1996-04-22,0.04,25.45,32.33,17.77,44.67,1.58
1996-04-23,0.01,24.96,33.44,16.56,42.83,2.81
1996-04-24,4.46,27.08,35.39,18.62,35.08,2.4
1996-04-25,0.0,28.47,38.03,17.95,28.32,2.31
1996-04-26,0.0,28.35,37.35,20.72,30.15,3.23
1996-04-27,0.0,28.02,36.59,21.11,37.22,3.97
1996-04-28,0.0,27.99,36.51,20.57,34.12,3.53
1996-04-29,0.04,28.67,37.65,20.95,32.26,3.85
1996-04-30,0.13,28.77,38.03,21.55,32.86,4.74
1996-05-01,1.81,27.03,36.08,18.9,35.77,2.36
1996-05-02,0.54,27.85,37.0,18.56,26.48,3.12
1996-05-03,0.01,28.33,37.65,20.86,19.29,6.13
1996-05-04,0.0,27.79,37.57,17.85,18.75,3.29
1996-05-05,0.99,25.98,34.86,18.13,23.02,3.34
1996-05-06,0.07,26.73,36.8,17.18,20.06,3.8
1996-05-07,0.0,27.86,38.12,17.38,15.63,3.17
1996-05-08,0.0,28.84,38.43,19.0,15.07,3.18
1996-05-09,0.0,29.74,39.51,20.07,14.05,3.05
1996-05-10,0.0,30.49,39.56,20.92,13.66,3.46
1996-05-11,0.0,29.59,37.51,21.49,19.2,4.57
1996-05-12,0.66,28.11,36.12,19.84,21.95,2.58
1996-05-13,0.26,29.52,36.78,21.69,22.48,2.28
1996-05-14,0.0,29.91,37.22,21.37,22.3,1.96
1996-05-15,1.3,29.55,36.8,22.83,24.92,4.19
1996-05-16,0.56,28.67,36.43,20.36,25.59,2.59
1996-05-17,0.03,28.73,37.06,20.25,24.13,2.55
1996-05-18,0.29,30.0,38.57,19.89,18.14,2.8
1996-05-19,0.0,31.36,39.29,21.48,15.39,2.05
1996-05-20,0.01,30.75,39.4,21.6,20.79,3.66
1996-05-21,0.98,28.17,33.57,22.92,35.14,4.09
1996-05-22,2.39,27.52,33.19,23.34,42.9,2.36
1996-05-23,9.92,27.55,32.87,22.03,47.27,1.34
1996-05-24,0.57,29.07,36.94,22.04,45.07,2.04
1996-05-25,1.69,28.26,35.64,20.73,42.09,2.17
1996-05-26,0.65,30.75,39.24,21.03,34.0,2.9
1996-05-27,0.03,33.0,41.72,22.97,24.29,2.27
1996-05-28,0.0,34.06,42.02,25.34,18.26,2.6
1996-05-29,0.0,31.28,40.88,22.82,15.96,3.26
1996-05-30,0.14,32.0,40.37,23.14,18.81,3.48
1996-05-31,0.0,34.15,43.59,24.12,12.89,3.31
1996-06-01,0.0,35.07,43.44,26.07,13.72,2.29
1996-06-02,0.0,35.04,43.64,25.12,12.88,2.34
1996-06-03,0.0,36.09,45.71,24.92,8.69,3.22
1996-06-04,0.0,33.56,42.88,22.82,11.96,3.24
1996-06-05,0.01,33.22,40.89,24.26,14.67,2.47
1996-06-06,0.0,33.99,41.88,23.91,13.79,2.43
1996-06-07,0.0,35.43,43.41,24.79,10.76,2.2
1996-06-08,0.0,36.23,44.49,26.14,12.15,2.93
1996-06-09,0.0,35.84,42.48,27.83,16.69,2.26
1996-06-10,0.0,35.64,41.79,28.0,22.45,1.63
1996-06-11,0.0,35.83,43.15,27.57,21.82,2.61
1996-06-12,0.0,36.31,42.81,28.19,19.87,2.77
1996-06-13,0.0,34.28,38.45,30.28,26.31,2.49
1996-06-14,0.0,33.4,39.71,28.97,30.49,2.42
1996-06-15,0.82,34.19,41.0,26.4,30.22,2.25
1996-06-16,23.85,29.96,33.28,26.06,51.34,1.35
1996-06-17,25.2,28.82,33.24,24.63,58.82,2.58
1996-06-18,1.8,30.38,37.08,23.9,51.41,2.38
1996-06-19,3.96,27.65,32.47,24.5,60.94,2.54
1996-06-20,2.09,27.49,32.64,23.23,64.77,3.21
1996-06-21,9.69,29.43,36.18,23.29,61.2,2.85
1996-06-22,1.79,31.58,38.27,26.07,55.93,2.03
1996-06-23,0.66,31.53,38.33,24.81,58.69,2.34
1996-06-24,1.47,32.65,39.29,25.84,54.68,2.0
1996-06-25,1.83,32.84,39.42,25.61,52.04,1.96
1996-06-26,0.31,33.87,39.82,27.82,46.31,1.56
1996-06-27,3.31,32.91,39.2,26.51,48.77,2.32
1996-06-28,1.1,32.99,39.69,26.65,47.32,2.83
1996-06-29,9.87,31.43,36.47,26.77,52.48,3.49
1996-06-30,23.42,27.54,31.39,23.94,65.89,2.48
1996-07-01,0.99,28.9,35.82,22.38,52.1,2.08
1996-07-02,0.1,30.66,37.79,22.44,52.13,1.91
1996-07-03,0.0,32.51,39.12,25.46,46.15,1.76
1996-07-04,0.17,31.25,37.82,25.03,51.94,4.27
1996-07-05,1.05,30.49,36.89,25.03,53.11,2.61
1996-07-06,8.96,29.94,35.89,23.52,53.21,2.06
1996-07-07,2.18,31.71,38.26,23.9,46.26,1.76
1996-07-08,0.06,32.99,39.9,24.78,45.41,1.95
1996-07-09,0.08,33.18,40.22,25.8,45.83,2.22
1996-07-10,0.0,33.23,40.07,25.59,44.78,1.95
1996-07-11,0.0,33.37,41.43,25.8,42.9,3.76
1996-07-12,0.0,33.47,40.74,26.03,42.52,3.15
1996-07-13,9.54,31.26,36.05,26.79,56.52,2.97
1996-07-14,3.42,29.47,34.39,25.78,63.28,2.16
1996-07-15,8.28,29.08,33.53,24.96,59.26,2.32
1996-07-16,0.0,28.84,35.46,23.81,55.68,1.65
1996-07-17,7.76,31.39,38.31,24.5,43.53,1.95
1996-07-18,0.0,33.12,39.87,24.93,35.39,2.12
1996-07-19,0.0,32.51,40.51,24.41,39.78,2.72
1996-07-20,0.0,33.27,41.52,25.36,42.5,2.89
1996-07-21,0.13,33.45,40.77,26.45,41.37,2.52
1996-07-22,1.15,33.12,40.43,25.16,43.96,2.34
1996-07-23,4.88,32.29,38.36,26.68,45.36,2.76
1996-07-24,1.08,32.87,40.12,25.09,43.04,2.1
1996-07-25,0.0,33.19,40.41,25.88,41.48,1.8
1996-07-26,0.01,34.58,41.76,27.06,39.54,1.95
1996-07-27,0.0,36.38,44.27,27.84,34.76,2.08
1996-07-28,5.29,35.29,43.11,28.57,39.23,2.38
1996-07-29,2.22,32.73,39.44,26.29,51.92,2.06
1996-07-30,31.58,31.25,36.13,26.64,59.79,1.92
1996-07-31,15.14,32.07,37.37,26.3,61.9,1.7
1996-08-01,44.12,30.97,34.45,27.25,65.28,1.13
1996-08-02,12.19,28.75,31.94,25.86,74.17,2.04
1996-08-03,1.64,28.59,33.0,25.21,74.95,3.01
1996-08-04,25.72,29.07,33.01,24.3,71.34,1.36
1996-08-05,6.3,30.35,34.44,25.59,69.14,1.65
1996-08-06,5.82,29.32,33.26,25.4,71.55,2.06
1996-08-07,7.62,29.57,33.56,24.88,67.73,1.63
1996-08-08,24.47,29.45,34.0,24.87,68.88,1.98
1996-08-09,2.15,29.8,34.73,24.36,64.77,1.89
1996-08-10,3.53,29.73,34.14,24.53,63.71,1.65
1996-08-11,16.27,29.42,34.09,24.41,66.78,1.92
1996-08-12,0.04,29.4,34.14,24.73,68.27,1.9
1996-08-13,0.48,29.75,34.84,24.64,64.73,1.93
1996-08-14,0.22,29.97,35.11,24.64,64.04,2.2
1996-08-15,1.83,29.77,35.1,25.23,66.83,1.77
1996-08-16,4.19,28.94,34.1,24.24,69.02,1.94
1996-08-17,3.13,29.16,34.5,24.25,66.44,1.73
1996-08-18,2.28,29.55,34.31,24.89,65.03,1.44
1996-08-19,34.39,27.94,31.84,23.64,69.29,1.69
1996-08-20,1.08,26.96,31.68,21.53,66.0,2.65
1996-08-21,0.0,27.76,32.74,22.3,64.24,2.6
1996-08-22,3.25,27.61,32.5,22.73,65.93,1.55
1996-08-23,56.91,26.19,30.6,21.81,73.17,1.65
1996-08-24,36.64,25.23,29.91,20.68,76.55,2.16
1996-08-25,1.35,25.8,30.86,20.53,70.89,3.05
1996-08-26,8.0,27.09,32.38,21.07,60.44,1.67
1996-08-27,0.0,28.2,33.01,21.83,57.5,1.74
1996-08-28,0.0,28.6,33.54,23.21,58.8,1.74
1996-08-29,0.01,27.7,33.09,22.66,67.29,2.1
1996-08-30,0.61,26.91,31.35,21.93,71.97,2.06
1996-08-31,1.89,27.67,32.26,23.2,68.38,2.16
1996-09-01,0.0,27.02,32.59,21.27,63.39,2.63
1996-09-02,0.0,27.06,33.53,20.87,63.61,2.01
1996-09-03,0.84,27.1,32.22,21.7,65.53,1.88
1996-09-04,0.06,27.63,32.76,22.32,64.14,2.36
1996-09-05,0.03,27.35,33.21,20.92,63.92,1.99
1996-09-06,1.19,27.55,32.72,22.18,63.34,2.34
1996-09-07,1.44,26.53,31.53,21.81,70.23,1.99
1996-09-08,3.48,26.51,31.29,21.72,70.29,1.9
1996-09-09,2.65,26.74,32.56,21.88,71.1,1.71
1996-09-10,0.02,26.81,32.33,21.91,71.59,1.65
1996-09-11,0.0,27.08,33.39,21.08,68.22,1.97
1996-09-12,0.0,27.78,34.4,21.6,60.8,1.95
1996-09-13,0.0,27.84,34.66,21.32,58.6,2.15
1996-09-14,0.0,28.3,35.79,21.61,52.82,2.04
1996-09-15,1.24,27.49,34.71,20.71,54.03,2.8
1996-09-16,2.09,27.67,34.18,21.52,54.45,1.93
1996-09-17,0.24,27.27,34.37,20.76,51.22,2.08
1996-09-18,0.0,26.79,33.56,19.88,48.99,1.83
1996-09-19,22.24,25.32,31.29,19.6,53.06,2.16
1996-09-20,0.0,24.99,32.21,18.11,52.72,2.18
1996-09-21,0.0,26.13,33.26,18.83,51.36,1.99
1996-09-22,0.0,25.99,33.27,19.72,52.53,2.28
1996-09-23,12.25,26.48,33.82,19.7,52.97,2.26
1996-09-24,0.0,27.09,34.06,19.93,51.17,1.95
1996-09-25,0.0,28.07,34.85,22.54,48.87,2.48
1996-09-26,0.0,27.92,36.18,20.33,45.56,2.3
1996-09-27,0.0,26.91,34.86,19.58,45.17,2.71
1996-09-28,0.0,26.55,35.11,19.34,44.8,2.67
1996-09-29,0.0,26.89,35.12,19.65,43.56,2.34
1996-09-30,0.0,26.87,34.64,21.34,43.64,2.45
1996-10-01,0.0,26.07,34.35,19.28,45.52,2.85
1996-10-02,0.0,25.5,33.81,18.86,49.51,3.57
1996-10-03,37.82,23.6,29.83,19.26,64.91,4.15
1996-10-04,16.56,19.67,24.9,15.96,72.8,2.77
1996-10-05,1.51,20.44,26.16,15.55,64.51,1.47
1996-10-06,0.14,21.16,27.62,15.45,59.31,2.34
1996-10-07,0.0,21.41,29.0,15.49,52.63,2.56
1996-10-08,0.0,21.63,29.62,14.96,48.2,2.65
1996-10-09,0.0,22.31,30.64,15.3,46.91,2.79
1996-10-10,1.99,22.1,30.49,14.92,49.96,3.02
1996-10-11,0.0,22.87,30.1,15.2,46.55,2.1
1996-10-12,0.0,22.32,29.92,15.98,51.55,2.73
1996-10-13,1.46,21.71,29.59,15.91,54.73,2.66
1996-10-14,1.31,21.6,29.58,15.42,51.8,2.95
1996-10-15,0.0,21.41,29.44,14.35,46.84,2.67
1996-10-16,0.0,21.66,29.99,15.01,46.65,2.74
1996-10-17,0.94,21.74,29.88,15.21,47.82,2.47
1996-10-18,0.28,22.42,30.66,16.26,47.21,2.33
1996-10-19,1.29,20.46,27.26,16.25,55.73,3.55
1996-10-20,11.52,19.12,26.97,14.15,57.74,2.95
1996-10-21,0.37,18.48,27.12,12.11,56.47,2.53
1996-10-22,1.02,19.35,27.83,13.89,51.9,2.4
1996-10-23,0.0,19.38,28.32,14.14,45.71,3.09
1996-10-24,0.0,19.72,28.4,13.57,36.66,2.76
1996-10-25,0.0,19.96,28.53,14.3,37.09,2.15
1996-10-26,0.0,19.97,28.9,13.41,38.82,2.45
1996-10-27,0.0,19.27,28.04,13.01,41.02,2.81
1996-10-28,0.0,19.43,28.82,13.47,41.17,2.92
1996-10-29,0.0,19.48,28.82,13.37,41.25,3.06
1996-10-30,0.0,20.47,30.88,13.27,38.86,2.27
1996-10-31,0.0,20.5,30.85,13.28,37.98,2.78
1996-11-01,0.0,19.68,28.36,12.35,38.36,2.69
1996-11-02,0.0,19.28,28.59,12.91,40.24,3.01
1996-11-03,0.0,19.75,28.27,12.91,34.6,2.7
1996-11-04,0.0,18.29,27.93,10.61,37.98,3.04
1996-11-05,0.0,17.37,27.13,11.03,40.94,3.29
1996-11-06,0.0,17.6,26.95,11.55,38.49,2.75
1996-11-07,0.0,17.68,27.84,11.74,38.48,3.28
1996-11-08,0.0,18.59,28.0,12.07,32.85,2.68
1996-11-09,0.0,17.91,27.88,10.17,34.98,2.86
1996-11-10,0.0,17.71,27.32,10.33,36.51,2.75
1996-11-11,0.0,17.0,26.3,9.6,35.79,2.84
1996-11-12,0.0,17.28,25.68,8.72,30.92,2.26
1996-11-13,0.0,15.42,24.75,9.33,38.33,3.68
1996-11-14,0.0,13.63,22.71,7.78,41.95,3.39
1996-11-15,0.0,14.54,24.96,7.76,41.43,3.21
1996-11-16,0.0,15.23,25.68,9.0,33.11,3.37
1996-11-17,0.0,15.95,23.67,9.79,29.94,2.34
1996-11-18,0.0,14.45,19.04,11.17,44.68,3.43
1996-11-19,0.0,14.35,20.17,9.72,42.96,3.68
1996-11-20,0.2,14.34,21.39,8.62,44.27,2.7
1996-11-21,5.4,13.66,22.55,7.61,52.09,2.19
1996-11-22,2.89,13.54,22.85,6.41,48.27,2.52
1996-11-23,0.0,13.9,23.03,9.03,40.83,2.83
1996-11-24,0.0,13.85,23.14,6.86,37.08,2.36
1996-11-25,0.0,13.43,23.21,6.08,38.31,2.54
1996-11-26,0.0,13.11,22.62,6.16,37.55,2.63
1996-11-27,0.0,13.46,23.04,6.54,37.39,2.46
1996-11-28,0.0,12.9,22.61,6.7,39.3,2.84
1996-11-29,0.0,13.26,22.29,6.84,37.07,2.49
1996-11-30,0.0,14.26,22.05,9.48,34.01,2.04
1996-12-01,0.0,14.02,21.93,9.26,35.71,2.15
1996-12-02,0.0,13.65,20.85,9.51,43.97,2.29
1996-12-03,0.29,11.95,19.14,8.12,60.04,2.95
1996-12-04,2.9,11.54,19.19,7.0,51.83,2.29
1996-12-05,0.17,12.05,19.8,6.58,37.78,2.08
1996-12-06,0.0,11.54,19.35,4.89,36.13,2.42
1996-12-07,0.0,9.43,18.96,3.57,40.6,2.73
1996-12-08,0.0,8.85,18.43,2.24,35.82,3.03
1996-12-09,0.0,10.07,20.05,4.56,30.7,2.63
1996-12-10,0.0,10.42,21.16,2.66,28.87,2.75
1996-12-11,0.0,12.22,21.45,6.55,28.23,2.27
1996-12-12,0.0,13.05,21.67,8.06,28.82,2.24
1996-12-13,0.0,13.28,22.65,8.35,31.46,2.62
1996-12-14,0.0,12.69,22.99,6.57,34.25,3.27
1996-12-15,0.0,13.16,23.62,6.36,31.35,3.24
1996-12-16,0.0,13.64,22.89,6.49,26.52,2.79
1996-12-17,0.0,11.95,22.84,5.59,32.36,3.17
1996-12-18,0.0,13.51,22.93,7.99,30.84,2.99
1996-12-19,0.0,14.22,23.61,8.91,28.33,2.48
1996-12-20,0.0,13.73,22.77,8.01,25.91,2.37
1996-12-21,0.0,13.12,22.37,7.94,25.88,2.23
1996-12-22,0.0,13.41,22.06,9.06,24.84,2.01
1996-12-23,0.0,12.74,21.55,7.95,26.93,2.47
1996-12-24,0.0,14.09,21.51,10.01,25.07,2.33
1996-12-25,0.0,14.62,21.4,7.71,27.13,2.28
1996-12-26,0.0,12.63,21.25,7.53,33.5,3.1
1996-12-27,0.89,13.55,22.76,8.99,37.24,2.38
1996-12-28,0.0,13.22,22.55,7.88,33.41,3.33
1996-12-29,0.0,14.6,24.24,7.92,27.77,2.59
1996-12-30,0.0,14.38,24.06,6.55,25.34,2.5
1996-12-31,0.0,14.64,23.66,7.95,25.46,2.48
1997-01-01,0.0,14.31,23.18,9.74,26.96,2.83
1997-01-02,0.0,14.83,23.12,9.55,24.66,2.06
1997-01-03,0.0,14.36,20.8,9.92,24.73,2.03
1997-01-04,0.0,12.93,21.53,7.9,24.96,2.89
1997-01-05,0.0,12.25,20.76,7.43,26.35,2.49
1997-01-06,0.0,12.03,20.87,6.94,29.39,2.79
1997-01-07,0.0,12.47,21.15,7.64,27.6,2.7
1997-01-08,0.0,12.42,21.65,7.2,25.7,2.83
1997-01-09,0.0,12.76,21.94,7.49,23.42,2.5
1997-01-10,0.0,13.08,19.98,9.55,23.8,2.4
1997-01-11,0.0,13.88,21.69,8.89,20.87,1.7
1997-01-12,0.0,13.07,21.06,8.64,18.94,1.61
1997-01-13,0.0,12.08,20.63,7.45,18.47,2.28
1997-01-14,0.0,12.12,19.65,6.29,18.08,1.86
1997-01-15,0.0,11.77,19.9,6.06,17.89,2.08
1997-01-16,0.0,11.09,20.29,4.5,22.73,3.16
1997-01-17,0.0,11.86,18.46,6.17,23.45,1.96
1997-01-18,0.0,10.0,14.63,6.67,52.71,3.58
1997-01-19,5.47,6.15,8.02,4.02,87.32,2.81
1997-01-20,17.27,8.09,12.6,4.7,82.51,2.32
1997-01-21,7.98,8.51,15.11,3.16,68.69,1.77
1997-01-22,0.01,7.54,16.07,1.55,56.24,3.37
1997-01-23,0.22,10.06,16.86,4.35,39.48,2.1
1997-01-24,0.0,9.61,18.38,2.1,42.45,2.84
1997-01-25,0.0,9.64,19.84,1.7,38.62,2.8
1997-01-26,0.0,10.6,18.97,4.27,36.99,2.12
1997-01-27,1.49,8.7,13.05,4.78,62.05,1.74
1997-01-28,0.05,9.59,18.41,2.97,59.51,2.97
1997-01-29,0.43,11.97,17.97,7.06,46.13,1.52
1997-01-30,0.0,12.0,19.64,5.62,48.34,2.3
1997-01-31,0.0,12.47,20.01,7.01,45.53,2.06
1997-02-01,0.0,11.76,20.12,4.97,55.87,3.36
1997-02-02,5.22,8.13,10.32,5.29,83.71,3.62
1997-02-03,5.77,10.79,17.1,4.81,65.63,1.71
1997-02-04,0.22,10.94,17.95,5.45,59.9,2.23
1997-02-05,0.06,10.17,18.64,4.66,50.74,3.14
1997-02-06,0.17,10.54,19.71,4.06,39.87,2.86
1997-02-07,0.0,11.65,20.6,4.61,34.26,2.33
1997-02-08,0.79,9.52,15.59,4.54,47.93,3.08
1997-02-09,0.0,11.09,19.56,3.72,45.81,2.8
1997-02-10,0.28,11.48,18.67,3.43,44.14,2.16
1997-02-11,0.39,10.3,18.64,4.97,49.4,2.51
1997-02-12,2.45,10.14,19.81,3.32,44.53,3.67
1997-02-13,0.0,13.02,20.8,5.95,38.0,2.31
1997-02-14,0.0,11.67,18.11,7.35,55.51,2.62
1997-02-15,0.0,12.75,21.1,6.53,46.25,2.43
1997-02-16,0.0,13.12,22.09,6.15,41.0,3.14
1997-02-17,0.15,13.36,22.31,6.12,32.89,2.8
1997-02-18,0.0,14.86,22.99,8.31,25.64,1.72
1997-02-19,0.0,14.0,22.88,7.28,30.34,2.62
1997-02-20,0.0,13.42,21.6,7.49,30.9,2.51
1997-02-21,0.0,14.03,23.14,6.72,31.16,2.95
1997-02-22,0.0,15.22,24.48,7.45,32.0,2.65
1997-02-23,0.0,16.14,25.54,9.25,34.93,2.6
1997-02-24,0.0,16.15,24.84,10.2,42.08,3.83
1997-02-25,0.05,16.43,24.77,10.82,51.85,3.12
1997-02-26,1.02,15.81,24.53,9.74,42.23,2.33
1997-02-27,0.07,15.37,25.34,7.69,32.57,3.74
1997-02-28,0.0,17.58,27.24,9.96,30.34,2.53
1997-03-01,0.0,18.65,27.22,12.26,37.14,5.59
1997-03-02,0.02,13.77,22.7,6.04,44.97,3.64
1997-03-03,2.44,15.33,24.46,7.57,33.55,2.23
1997-03-04,0.0,15.6,25.42,7.19,33.67,3.25
1997-03-05,0.0,18.79,26.98,11.58,28.16,2.27
1997-03-06,0.0,15.42,21.57,10.43,38.59,2.71
1997-03-07,0.02,18.78,27.86,10.4,35.96,2.52
1997-03-08,0.31,18.73,27.44,11.17,37.51,2.94
1997-03-09,0.22,19.12,28.47,11.99,38.39,3.19
1997-03-10,0.29,18.37,23.41,14.1,42.31,2.89
1997-03-11,0.04,19.14,26.26,12.6,38.0,4.02
1997-03-12,0.12,17.53,27.23,9.67,28.06,3.04
1997-03-13,0.08,17.72,27.54,8.87,19.89,2.86
1997-03-14,0.06,16.93,25.17,10.07,20.65,3.05
1997-03-15,0.3,16.53,23.61,9.91,44.05,3.16
1997-03-16,2.8,16.99,24.32,10.83,57.8,2.32
1997-03-17,0.02,17.91,24.39,12.34,42.66,2.39
1997-03-18,1.82,15.91,18.98,13.21,61.05,2.46
1997-03-19,5.65,16.83,22.62,12.26,66.92,2.41
1997-03-20,0.0,17.05,25.84,9.84,44.09,3.19
1997-03-21,0.03,18.68,26.69,10.16,35.32,2.16
1997-03-22,4.7,18.46,26.27,12.16,41.16,3.4
1997-03-23,0.79,16.95,25.6,9.62,40.65,2.75
1997-03-24,0.62,17.34,26.55,8.69,35.47,3.8
1997-03-25,0.0,20.32,29.31,10.41,29.13,2.86
1997-03-26,0.0,21.42,30.32,12.98,30.99,2.25
1997-03-27,0.0,21.33,30.64,15.53,37.37,2.87
1997-03-28,2.97,16.43,18.98,14.14,72.52,4.86
1997-03-29,1.02,18.69,25.56,13.21,59.3,2.08
1997-03-30,21.13,20.3,28.29,12.46,46.89,2.02
1997-03-31,0.0,19.82,26.23,15.84,46.11,2.23
1997-04-01,3.43,19.02,25.6,14.0,57.89,2.21
1997-04-02,14.51,16.46,20.36,13.63,69.57,2.55
1997-04-03,2.96,18.15,24.6,12.19,62.71,2.21
1997-04-04,51.99,14.37,18.01,10.63,83.64,3.86
1997-04-05,0.0,16.91,24.23,9.31,56.8,2.45
1997-04-06,0.0,18.4,25.78,11.04,55.13,2.64
1997-04-07,0.0,20.6,28.38,13.41,52.75,2.6
1997-04-08,0.0,20.88,28.12,14.27,56.57,2.38
1997-04-09,0.03,22.31,29.6,15.32,52.86,2.71
1997-04-10,0.13,23.15,30.8,14.53,46.88,2.4
1997-04-11,0.04,24.12,31.62,16.57,44.32,2.53
1997-04-12,0.0,24.36,32.73,17.32,44.34,2.68
1997-04-13,3.45,23.48,31.07,16.32,44.79,2.57
1997-04-14,4.97,23.31,31.86,16.99,43.01,7.16
1997-04-15,0.27,20.69,28.45,15.18,36.28,5.48
1997-04-16,2.63,19.78,26.89,14.18,37.16,2.38
1997-04-17,1.38,20.58,28.28,12.0,39.0,2.33
1997-04-18,0.03,20.6,28.19,13.57,40.68,2.35
1997-04-19,0.0,23.28,30.8,16.15,40.01,2.06
1997-04-20,0.0,22.53,29.73,17.03,46.27,3.08
1997-04-21,0.0,24.57,32.12,17.28,44.27,2.07
1997-04-22,0.0,25.55,33.84,16.47,40.48,2.73
1997-04-23,0.0,25.93,34.81,16.84,39.59,3.01
1997-04-24,0.0,29.16,37.17,19.74,31.88,2.25
1997-04-25,0.0,28.46,36.19,19.85,35.06,2.03
1997-04-26,0.0,26.35,33.34,21.31,42.4,2.79
1997-04-27,0.36,26.27,33.52,19.61,40.15,3.41
1997-04-28,0.36,27.28,35.43,19.55,39.76,3.11
1997-04-29,1.66,26.22,33.0,19.83,44.12,3.51
1997-04-30,0.02,26.05,33.18,19.07,45.48,1.94
1997-05-01,0.0,26.32,33.44,19.39,45.14,2.07
1997-05-02,0.58,25.7,33.24,18.6,45.44,2.47
1997-05-03,2.08,23.93,29.64,18.66,50.26,2.25
1997-05-04,0.0,24.77,31.18,17.95,47.88,1.55
1997-05-05,0.01,25.58,33.58,19.33,46.53,2.35
1997-05-06,0.0,26.29,33.69,17.61,45.46,2.05
1997-05-07,0.67,22.43,26.2,18.17,59.54,2.6
1997-05-08,0.28,22.23,30.38,15.35,45.78,2.97
1997-05-09,0.49,21.79,30.57,12.47,36.03,2.74
1997-05-10,0.61,23.68,32.77,13.85,27.13,2.78
1997-05-11,0.0,24.91,34.54,16.37,24.49,3.19
1997-05-12,0.0,25.24,33.33,17.06,27.7,2.93
1997-05-13,0.61,25.36,33.38,19.16,25.93,2.6
1997-05-14,0.7,26.38,33.86,18.78,25.25,1.89
1997-05-15,11.0,26.36,34.52,16.89,34.87,2.6
1997-05-16,0.0,27.05,35.55,17.68,32.87,2.18
1997-05-17,0.0,27.02,35.77,18.84,29.22,3.04
1997-05-18,0.0,27.43,36.7,19.14,23.25,2.81
1997-05-19,0.0,28.03,37.96,17.92,17.67,3.33
1997-05-20,0.0,28.7,37.91,17.47,15.14,2.8
1997-05-21,0.0,30.9,39.45,20.28,14.11,3.18
1997-05-22,0.0,31.5,40.75,21.06,14.77,2.56
1997-05-23,0.0,31.46,40.21,22.37,16.67,3.21
1997-05-24,0.0,32.35,41.28,22.67,17.54,2.38
1997-05-25,0.0,32.64,41.17,22.39,14.95,2.9
1997-05-26,0.16,33.24,40.53,26.44,15.67,3.3
1997-05-27,0.0,33.55,41.89,24.13,16.48,3.14
1997-05-28,0.0,34.36,42.74,25.57,15.38,3.26
1997-05-29,0.0,33.41,41.01,25.46,16.84,4.7
1997-05-30,0.08,32.53,39.86,23.82,22.02,3.02
1997-05-31,0.61,29.96,36.75,21.95,30.98,3.18
1997-06-01,0.06,31.37,37.88,23.27,23.34,2.16
1997-06-02,0.0,31.84,38.68,25.21,23.87,2.34
1997-06-03,0.0,31.18,38.18,24.22,29.8,2.96
1997-06-04,3.81,28.31,32.07,25.44,42.6,2.48
1997-06-05,4.65,29.23,34.66,23.11,46.75,1.76
1997-06-06,0.0,31.92,38.6,24.04,36.96,1.75
1997-06-07,0.0,33.31,39.97,25.74,28.74,1.88
1997-06-08,0.02,33.36,40.77,25.28,24.42,2.33
1997-06-09,0.09,32.82,40.18,24.68,23.13,2.47
1997-06-10,0.0,33.09,40.73,24.53,20.62,2.88
1997-06-11,0.1,34.38,42.18,25.68,19.7,2.14
1997-06-12,0.0,34.68,41.33,27.11,20.47,2.79
1997-06-13,0.0,33.23,40.53,26.05,26.22,2.9
1997-06-14,0.13,34.51,41.88,26.77,20.88,2.7
1997-06-15,0.04,35.64,43.14,26.62,19.59,2.26
1997-06-16,0.0,36.78,44.59,28.31,15.45,2.32
1997-06-17,0.0,37.51,44.88,28.15,13.52,2.56
1997-06-18,0.0,37.54,45.0,28.46,15.92,2.46
1997-06-19,0.0,36.93,43.99,29.65,21.22,3.22
1997-06-20,0.06,34.54,38.94,30.74,29.51,1.98
1997-06-21,0.07,34.2,40.66,27.27,29.76,2.73
1997-06-22,0.0,36.01,43.03,29.07,25.35,2.4
1997-06-23,0.0,36.68,43.58,28.82,24.7,2.28
1997-06-24,0.63,36.72,44.67,28.45,22.89,2.95
1997-06-25,0.0,37.07,44.46,29.17,19.89,2.83
1997-06-26,0.0,37.95,45.38,30.66,19.08,2.61
1997-06-27,0.0,36.6,44.38,28.87,20.21,3.05
1997-06-28,0.26,34.48,40.87,27.93,27.68,3.94
1997-06-29,2.33,32.76,39.43,25.12,36.18,3.89
1997-06-30,0.44,33.78,41.04,26.4,30.76,2.3
1997-07-01,0.26,34.06,40.55,27.03,35.63,2.42
1997-07-02,0.0,36.08,42.98,28.05,24.62,2.17
1997-07-03,0.0,37.32,44.38,28.98,20.24,1.86
1997-07-04,0.0,37.79,45.04,30.0,19.57,2.22
1997-07-05,1.11,38.06,45.82,29.19,18.98,2.44
1997-07-06,0.0,38.75,45.56,30.7,18.37,2.0
1997-07-07,0.0,37.93,45.37,30.03,20.03,2.7
1997-07-08,0.0,37.63,43.98,30.73,24.6,2.87
1997-07-09,0.0,38.5,45.32,31.65,25.54,3.04
1997-07-10,0.01,38.74,45.1,31.83,27.63,2.46
1997-07-11,0.32,37.04,42.79,32.0,30.76,3.32
1997-07-12,0.58,35.43,41.65,29.7,34.03,2.51
1997-07-13,0.02,36.69,43.26,29.41,29.7,2.04
1997-07-14,0.0,37.86,44.42,30.7,22.86,2.21
1997-07-15,0.0,37.88,45.29,30.21,24.95,2.12
1997-07-16,0.01,38.34,44.82,31.92,26.69,1.58
1997-07-17,0.21,37.13,43.76,30.89,34.63,2.7
1997-07-18,0.21,37.66,43.72,31.37,35.09,2.75
1997-07-19,0.0,38.39,44.24,32.55,31.53,2.34
1997-07-20,2.3,36.13,41.12,31.15,38.35,3.21
1997-07-21,5.26,35.68,40.73,30.9,41.57,1.84
1997-07-22,5.46,33.06,38.62,28.25,50.01,3.12
1997-07-23,1.39,31.66,37.46,26.23,57.95,1.62
1997-07-24,2.64,33.08,39.08,27.99,51.78,1.47
1997-07-25,0.08,33.8,40.26,27.29,46.3,1.95
1997-07-26,0.32,34.06,40.07,28.21,47.75,2.55
1997-07-27,4.24,35.15,41.47,29.53,45.46,2.08
1997-07-28,8.13,32.74,37.83,28.25,59.16,2.53
1997-07-29,10.6,31.86,37.29,27.61,61.78,2.01
1997-07-30,0.63,31.58,37.34,26.3,59.98,2.15
1997-07-31,0.32,31.87,38.1,26.44,53.47,1.83
1997-08-01,0.12,31.06,36.86,25.23,52.33,2.2
1997-08-02,0.05,31.54,38.19,24.89,46.17,1.7
1997-08-03,0.08,32.98,39.79,26.2,37.03,2.16
1997-08-04,0.0,32.6,39.52,25.83,38.76,2.15
1997-08-05,0.0,33.18,40.8,25.73,31.14,2.4
1997-08-06,0.0,33.78,42.12,25.81,29.37,2.2
1997-08-07,0.0,34.45,42.55,26.52,25.97,2.35
1997-08-08,0.03,33.99,41.45,27.37,39.17,3.59
1997-08-09,0.09,34.6,41.91,27.85,42.36,2.58
1997-08-10,0.0,35.37,42.56,28.31,32.64,1.75
1997-08-11,0.0,35.98,42.67,29.04,34.52,2.72
1997-08-12,0.0,34.62,40.88,29.63,41.02,4.24
1997-08-13,0.92,31.96,38.38,26.65,48.74,5.16
1997-08-14,1.31,30.16,36.37,25.16,51.64,2.4
1997-08-15,1.2,32.93,39.92,25.6,42.06,1.86
1997-08-16,0.0,33.59,41.2,26.08,36.68,2.15
1997-08-17,0.0,34.03,41.04,26.76,36.22,2.32
1997-08-18,0.0,34.99,41.93,27.61,34.02,2.32
1997-08-19,0.0,35.14,42.55,27.76,33.11,2.17
1997-08-20,0.0,35.84,42.88,28.67,31.14,1.86
1997-08-21,0.0,35.71,42.39,29.73,36.76,2.68
1997-08-22,4.31,34.18,40.29,27.5,45.13,3.75
1997-08-23,3.18,30.03,35.41,26.25,61.32,3.22
1997-08-24,0.02,30.81,36.96,25.27,57.5,2.68
1997-08-25,0.53,31.92,37.99,25.99,48.93,2.54
1997-08-26,0.37,29.38,36.01,23.4,52.84,4.8
1997-08-27,6.82,25.88,28.81,22.19,75.14,5.29
1997-08-28,19.8,28.56,34.11,23.6,63.67,2.43
1997-08-29,0.52,29.32,36.67,22.18,52.32,1.86
1997-08-30,0.0,30.1,37.05,22.66,47.88,1.35
1997-08-31,0.0,30.26,38.05,23.38,46.68,1.97
1997-09-01,0.0,30.09,38.6,22.42,47.6,2.18
1997-09-02,0.0,29.75,37.17,23.07,50.34,2.29
1997-09-03,1.49,30.2,37.51,23.61,51.73,1.51
1997-09-04,0.34,30.85,38.89,23.58,50.54,2.07
1997-09-05,0.0,32.31,39.24,25.37,44.64,2.02
1997-09-06,0.0,32.11,39.57,25.08,42.84,2.17
1997-09-07,0.06,32.17,39.13,25.89,42.53,3.03
1997-09-08,0.75,32.04,38.58,27.08,43.34,2.74
1997-09-09,0.25,31.77,37.84,26.96,44.41,2.02
1997-09-10,0.0,31.57,38.3,25.13,40.96,1.94
1997-09-11,0.0,31.55,37.64,26.54,39.24,2.57
1997-09-12,4.87,30.78,37.6,26.05,38.88,2.43
1997-09-13,4.0,30.04,36.04,24.74,46.26,1.98
1997-09-14,0.0,30.58,38.29,23.56,42.19,2.36
1997-09-15,0.0,30.71,38.66,22.5,33.53,1.96
1997-09-16,0.02,31.06,38.72,23.13,32.64,1.95
1997-09-17,0.0,30.89,38.75,24.04,35.44,2.14
1997-09-18,0.0,30.44,38.28,22.96,26.98,2.16
1997-09-19,0.0,29.98,38.86,21.16,23.51,2.16
1997-09-20,4.0,29.75,37.9,22.22,28.52,2.6
1997-09-21,1.4,28.9,36.45,22.01,34.5,2.14
1997-09-22,0.0,28.81,37.14,21.33,33.83,2.59
1997-09-23,0.0,29.36,38.46,21.41,25.07,2.74
1997-09-24,0.0,29.44,38.42,20.78,19.21,2.42
1997-09-25,0.0,28.69,38.17,19.96,15.96,2.61
1997-09-26,0.0,29.19,38.37,19.2,13.94,2.0
1997-09-27,0.0,28.04,36.85,19.87,14.35,2.53
1997-09-28,0.0,27.35,36.43,18.99,16.43,2.58
1997-09-29,0.08,27.23,35.72,19.34,21.0,2.29
1997-09-30,0.04,26.37,33.89,19.03,22.75,2.11
1997-10-01,0.0,25.89,34.09,18.42,27.4,2.25
1997-10-02,0.03,26.58,34.69,19.56,26.69,2.47
1997-10-03,0.0,26.0,34.19,18.4,23.97,2.07
1997-10-04,0.01,25.6,33.43,18.56,30.5,2.24
1997-10-05,0.0,24.67,32.2,18.26,37.41,2.38
1997-10-06,0.0,25.08,31.49,18.41,42.62,0.96
1997-10-07,0.15,24.65,31.23,18.07,39.99,1.98
1997-10-08,0.33,24.67,31.63,17.83,37.62,2.25
1997-10-09,0.09,25.12,32.69,17.94,30.68,2.06
1997-10-10,0.05,25.05,31.72,19.27,30.13,1.75
1997-10-11,0.03,24.79,31.69,18.94,32.44,1.99
1997-10-12,0.0,24.07,32.57,17.02,29.46,2.45
1997-10-13,0.0,23.91,31.6,16.8,28.57,2.48
1997-10-14,0.0,24.08,31.8,16.43,26.81,2.03
1997-10-15,0.02,24.04,31.84,17.18,25.26,2.48
1997-10-16,0.0,23.69,30.71,17.57,26.17,2.15
1997-10-17,0.0,23.4,29.25,18.55,28.57,2.09
1997-10-18,0.0,22.56,30.09,16.35,32.27,2.37
1997-10-19,0.47,21.59,25.83,18.77,39.74,1.74
1997-10-20,2.2,18.14,20.31,15.49,70.57,2.25
1997-10-21,8.14,18.99,24.36,15.39,66.4,2.0
1997-10-22,0.18,18.58,24.67,13.76,64.11,1.64
1997-10-23,0.0,19.66,27.18,14.38,53.72,1.6
1997-10-24,0.0,19.27,26.98,13.27,53.26,2.63
1997-10-25,0.0,19.92,27.51,14.67,48.1,2.63
1997-10-26,0.01,19.8,25.89,15.2,48.52,1.57
1997-10-27,0.0,19.46,26.36,14.58,45.74,2.68
1997-10-28,0.0,19.86,26.98,14.69,45.73,2.1
1997-10-29,0.0,19.36,27.04,13.45,46.15,2.56
1997-10-30,0.11,18.09,25.06,13.28,49.47,2.27
1997-10-31,0.01,18.98,27.68,12.79,40.45,2.16
1997-11-01,0.0,19.3,27.3,14.29,36.86,2.34
1997-11-02,3.5,19.21,27.71,13.65,42.55,2.76
1997-11-03,0.0,18.89,26.82,13.27,37.64,2.43
1997-11-04,0.0,18.85,28.45,12.95,35.28,3.09
1997-11-05,0.0,19.52,28.49,13.46,34.24,2.88
1997-11-06,0.0,20.32,29.28,15.63,30.93,2.25
1997-11-07,0.0,20.02,28.43,13.96,32.32,2.8
1997-11-08,0.01,21.26,29.16,15.3,36.4,2.47
1997-11-09,1.27,17.09,21.01,13.71,65.27,2.62
1997-11-10,0.0,17.22,22.95,12.21,46.94,1.66
1997-11-11,0.0,16.35,24.69,10.99,40.78,2.53
1997-11-12,0.0,16.13,25.12,10.16,33.49,3.09
1997-11-13,0.0,16.65,24.82,11.03,23.85,2.35
1997-11-14,0.0,18.11,25.16,12.78,22.88,1.43
1997-11-15,0.01,16.85,24.44,12.53,26.72,2.98
1997-11-16,0.02,17.01,24.31,12.26,31.95,2.3
1997-11-17,0.08,16.88,25.28,10.89,37.95,3.12
1997-11-18,0.0,16.42,24.35,11.78,39.38,2.25
1997-11-19,0.0,16.51,24.37,9.62,33.36,2.3
1997-11-20,0.0,16.08,24.15,9.77,33.02,2.33
1997-11-21,0.0,16.45,24.76,10.73,30.71,2.2
1997-11-22,0.0,16.19,23.56,11.76,28.11,1.96
1997-11-23,0.0,15.44,22.54,10.38,27.3,2.26
1997-11-24,0.0,14.76,22.84,8.59,27.88,2.4
1997-11-25,3.94,12.08,14.43,10.22,62.21,2.01
1997-11-26,3.75,13.05,17.74,8.88,74.95,1.91
1997-11-27,3.55,12.75,19.23,7.99,65.93,2.36
1997-11-28,0.0,13.95,21.59,8.75,51.87,2.11
1997-11-29,0.04,13.79,19.86,9.17,46.7,2.47
1997-11-30,0.0,11.92,19.88,6.46,49.98,2.68
1997-12-01,0.0,11.94,19.9,5.96,49.27,2.5
1997-12-02,0.0,12.87,18.77,8.94,45.94,2.97
1997-12-03,0.0,13.22,20.45,8.81,48.88,2.28
1997-12-04,0.01,13.4,20.09,8.83,44.91,1.88
1997-12-05,0.04,13.2,20.78,8.16,44.18,2.24
1997-12-06,0.0,13.54,21.0,8.49,42.97,1.9
1997-12-07,0.0,13.64,20.77,8.15,42.96,2.23
1997-12-08,0.01,12.77,15.61,10.52,66.0,1.88
1997-12-09,0.0,12.65,18.97,8.7,68.4,1.83
1997-12-10,0.0,12.59,19.11,7.52,61.23,1.96
1997-12-11,0.0,12.9,19.41,7.94,50.58,2.82
1997-12-12,0.02,11.85,17.01,9.06,61.15,1.79
1997-12-13,0.09,11.22,17.06,6.79,69.22,1.81
1997-12-14,0.0,11.34,19.07,6.74,59.4,2.07
1997-12-15,0.0,11.51,15.46,8.28,52.89,1.39
1997-12-16,0.0,11.86,18.78,7.39,51.06,2.48
1997-12-17,0.0,12.2,20.97,6.44,40.39,2.35
1997-12-18,0.0,12.13,18.87,8.39,35.72,2.2
1997-12-19,0.02,11.61,18.6,6.85,43.3,2.63
1997-12-20,0.0,10.56,19.44,5.16,45.58,2.95
1997-12-21,0.0,11.77,20.57,6.37,26.98,2.5
1997-12-22,0.0,10.19,15.19,7.23,33.35,2.38
1997-12-23,0.0,10.43,18.43,5.28,45.11,2.56
1997-12-24,0.0,11.92,20.24,6.76,38.69,2.34
1997-12-25,0.0,12.27,18.94,7.85,32.25,1.88
1997-12-26,0.0,11.21,17.6,6.49,34.37,1.65
1997-12-27,0.0,10.78,15.52,8.0,35.89,2.07
1997-12-28,0.11,10.88,17.35,6.24,46.7,3.22
1997-12-29,0.82,8.17,12.15,4.23,65.74,1.54
1997-12-30,0.0,7.61,16.55,2.1,41.8,3.54
1997-12-31,0.0,7.84,15.86,3.58,25.3,2.64
1998-01-01,0.0,8.46,17.6,2.43,23.25,2.82
1998-01-02,0.0,9.38,18.19,4.49,21.9,2.98
1998-01-03,0.0,10.15,18.2,5.69,22.09,2.77
1998-01-04,0.0,12.8,19.33,7.83,46.48,3.15
1998-01-05,0.0,13.05,21.58,8.33,44.97,2.47
1998-01-06,0.16,12.34,18.98,7.31,44.42,2.69
1998-01-07,3.06,12.74,18.65,9.36,52.23,3.94
1998-01-08,0.02,11.42,17.77,7.1,57.83,2.67
1998-01-09,0.0,11.46,19.96,6.5,45.6,2.37
1998-01-10,0.0,10.63,15.84,7.22,38.65,2.52
1998-01-11,0.0,13.11,21.07,8.07,36.63,3.09
1998-01-12,0.0,11.08,17.0,7.45,56.47,2.28
1998-01-13,0.0,10.06,18.1,5.44,60.3,2.33
1998-01-14,6.96,11.98,18.87,5.22,43.75,4.71
1998-01-15,0.4,9.04,14.18,4.46,71.9,4.34
1998-01-16,0.0,8.96,17.07,3.66,54.45,2.25
1998-01-17,0.0,10.09,16.86,4.56,40.9,1.93
1998-01-18,0.0,8.09,17.21,2.66,42.84,2.89
1998-01-19,0.0,9.05,17.89,2.77,36.08,2.9
1998-01-20,0.0,8.13,14.58,3.27,36.1,2.32
1998-01-21,0.0,8.91,18.37,1.75,36.55,2.88
1998-01-22,0.08,11.12,17.47,6.93,31.22,1.8
1998-01-23,0.01,9.63,16.3,4.85,38.51,3.03
1998-01-24,0.0,9.27,18.38,3.81,43.43,3.57
1998-01-25,0.0,10.81,19.76,4.9,32.66,1.95
1998-01-26,0.0,11.41,20.67,4.81,27.26,2.73
1998-01-27,0.0,12.24,19.72,6.37,24.46,2.37
1998-01-28,0.0,12.79,18.78,8.77,31.06,2.3
1998-01-29,0.0,12.03,19.84,5.93,43.67,2.65
1998-01-30,0.0,12.5,18.5,8.58,40.03,2.16
1998-01-31,0.0,10.31,15.82,7.04,60.65,2.36
1998-02-01,0.0,11.34,18.91,5.94,64.26,2.3
1998-02-02,0.0,12.31,18.6,7.08,51.07,1.84
1998-02-03,0.0,11.77,20.22,6.21,39.9,3.05
1998-02-04,0.0,11.28,20.99,4.61,29.78,3.48
1998-02-05,0.0,11.92,20.8,5.87,21.28,3.02
1998-02-06,0.0,13.81,22.04,7.58,16.54,2.0
1998-02-07,0.0,12.33,21.51,6.19,19.74,2.83
1998-02-08,0.0,13.69,22.93,7.0,21.74,3.08
1998-02-09,0.07,14.17,21.99,8.49,28.23,3.91
1998-02-10,0.0,17.39,26.01,9.75,30.52,2.66
1998-02-11,0.0,17.6,25.61,11.22,29.4,2.73
1998-02-12,0.0,17.74,26.7,10.83,33.69,3.08
1998-02-13,0.0,19.43,26.65,14.47,25.31,3.9
1998-02-14,5.43,13.33,16.31,11.23,60.18,8.83
1998-02-15,2.03,14.59,18.96,11.35,69.47,3.11
1998-02-16,1.76,14.4,19.32,10.82,72.01,3.92
1998-02-17,2.13,13.85,20.52,10.02,49.12,5.27
1998-02-18,7.88,11.62,16.44,7.21,73.71,4.14
1998-02-19,0.0,11.72,20.67,5.29,53.94,2.99
1998-02-20,0.0,14.1,23.42,6.57,36.01,2.56
1998-02-21,0.0,13.95,21.86,5.84,35.0,2.45
1998-02-22,0.0,12.93,20.57,5.05,39.44,2.61
1998-02-23,2.0,12.26,19.2,8.58,46.87,4.37
1998-02-24,10.96,8.06,9.82,6.53,85.48,5.32
1998-02-25,0.12,11.13,16.79,7.09,64.54,2.56
1998-02-26,0.0,12.56,20.12,4.81,52.34,2.09
1998-02-27,0.0,13.22,20.71,6.66,53.21,2.09
1998-02-28,0.0,13.85,21.94,7.86,50.49,3.16
1998-03-01,0.0,14.29,22.75,8.43,49.57,3.53
1998-03-02,0.27,13.09,22.21,7.65,47.18,3.17
1998-03-03,2.45,11.17,14.21,9.2,79.78,5.68
1998-03-04,1.53,12.11,16.46,8.56,80.3,4.8
1998-03-05,0.02,13.24,19.49,7.25,69.63,2.94
1998-03-06,0.0,13.45,21.25,7.66,55.99,2.82
1998-03-07,0.0,12.83,21.5,5.21,40.31,3.52
1998-03-08,0.0,13.69,21.63,5.77,33.69,2.11
1998-03-09,0.0,14.39,24.27,6.11,36.05,3.13
1998-03-10,0.0,16.28,25.6,8.34,36.42,2.54
1998-03-11,29.39,14.11,20.97,9.95,61.11,3.57
1998-03-12,1.97,11.85,15.19,8.97,81.6,1.84
1998-03-13,0.25,13.35,20.52,7.98,66.47,2.13
1998-03-14,0.0,14.34,22.32,6.96,51.99,3.7
1998-03-15,0.0,16.14,25.11,7.71,46.54,3.0
1998-03-16,0.0,18.02,25.64,12.3,41.79,2.07
1998-03-17,0.73,17.31,25.59,11.14,45.04,4.21
1998-03-18,0.0,17.16,25.34,10.24,50.12,2.95
1998-03-19,4.78,15.36,20.0,11.26,58.41,2.03
1998-03-20,0.01,15.28,21.67,10.57,65.48,2.84
1998-03-21,0.06,17.81,25.24,11.77,59.06,2.43
1998-03-22,0.03,18.55,26.05,12.21,54.88,2.67
1998-03-23,0.01,17.07,25.87,9.85,42.34,3.69
1998-03-24,0.0,16.43,28.19,6.96,28.01,3.75
1998-03-25,0.0,17.97,28.35,9.27,27.28,3.8
1998-03-26,0.0,21.44,31.02,12.64,28.25,2.97
1998-03-27,0.0,21.09,30.88,12.68,37.03,2.81
1998-03-28,0.0,23.13,31.36,16.64,36.45,2.7
1998-03-29,0.0,22.1,30.2,15.06,35.76,2.69
1998-03-30,0.0,20.59,31.04,11.64,35.01,3.38
1998-03-31,0.0,22.6,31.89,14.88,34.53,3.52
1998-04-01,0.0,23.79,32.95,15.24,37.09,2.88
1998-04-02,0.01,24.39,32.34,17.49,35.53,2.82
1998-04-03,2.96,24.46,32.19,18.17,36.9,5.37
1998-04-04,0.04,22.58,30.55,15.91,44.74,2.77
1998-04-05,0.0,22.57,30.42,15.04,42.13,3.13
1998-04-06,0.0,23.6,31.91,15.5,38.49,3.67
1998-04-07,0.0,26.02,34.32,18.45,33.08,3.08
1998-04-08,0.9,25.03,31.89,17.52,26.91,8.25
1998-04-09,8.9,20.32,27.23,13.78,45.3,3.26
1998-04-10,0.0,21.35,29.67,13.62,41.49,2.51
1998-04-11,0.0,21.92,29.95,14.08,39.61,2.21
1998-04-12,0.11,22.4,30.77,14.69,37.83,2.81
1998-04-13,0.0,23.67,32.14,14.82,31.42,2.45
1998-04-14,0.0,24.53,34.12,14.63,25.15,2.29
1998-04-15,0.0,25.28,35.37,15.38,19.77,2.67
1998-04-16,0.0,26.59,36.95,16.04,19.15,3.32
1998-04-17,0.0,27.4,37.18,18.09,18.75,3.48
1998-04-18,0.01,28.27,38.45,18.58,17.26,3.08
1998-04-19,0.06,28.89,38.15,19.61,17.45,3.44
1998-04-20,0.01,29.83,38.71,20.02,14.64,2.56
1998-04-21,0.1,30.67,39.23,22.4,16.95,2.51
1998-04-22,0.01,29.96,38.61,21.43,19.06,3.18
1998-04-23,0.0,30.89,39.29,22.11,18.71,3.59
1998-04-24,0.0,31.46,40.22,22.2,18.42,2.91
1998-04-25,6.21,24.89,27.81,19.6,48.8,7.37
1998-04-26,0.98,25.31,32.35,18.84,52.62,4.4
1998-04-27,0.0,27.31,34.47,20.29,36.3,2.64
1998-04-28,0.0,28.49,37.31,18.84,24.94,2.66
1998-04-29,0.34,30.08,39.31,19.47,20.58,3.11
1998-04-30,0.22,27.95,33.36,22.88,28.43,3.48
1998-05-01,2.89,28.59,36.59,21.17,32.7,3.21
1998-05-02,1.87,30.08,36.95,22.54,35.21,2.71
1998-05-03,0.4,29.13,34.89,22.46,43.63,2.3
1998-05-04,0.0,29.06,36.87,21.7,28.8,2.78
1998-05-05,0.0,29.81,38.01,21.44,20.34,2.59
1998-05-06,3.02,25.54,30.39,20.01,36.81,3.47
1998-05-07,1.59,25.93,34.25,17.14,35.99,2.66
1998-05-08,0.97,22.2,27.2,17.65,48.73,2.2
1998-05-09,0.0,25.17,33.68,16.54,34.91,2.21
1998-05-10,0.0,26.69,34.83,17.53,29.27,2.07
1998-05-11,0.01,28.25,36.26,19.26,26.89,3.19
1998-05-12,0.0,29.21,37.81,20.37,22.93,3.24
1998-05-13,0.0,31.14,40.62,21.29,18.95,3.11
1998-05-14,0.0,32.66,41.99,23.38,15.86,2.81
1998-05-15,0.0,33.87,42.83,23.83,13.95,3.53
1998-05-16,0.0,34.9,44.75,24.47,12.2,2.76
1998-05-17,0.33,32.62,40.98,25.9,17.91,4.06
1998-05-18,0.2,33.91,42.44,25.67,17.86,3.48
1998-05-19,0.05,32.75,41.3,24.63,17.81,2.89
1998-05-20,0.0,33.55,42.7,24.23,11.84,2.77
1998-05-21,0.0,34.79,43.92,24.19,10.17,3.15
1998-05-22,0.02,34.69,43.55,26.32,11.93,3.02
1998-05-23,0.0,35.43,45.04,24.66,10.9,4.31
1998-05-24,0.0,36.76,45.13,27.13,11.27,3.67
1998-05-25,0.0,37.75,46.02,27.19,11.39,2.71
1998-05-26,1.52,36.94,45.99,27.33,12.39,3.28
1998-05-27,0.0,36.56,45.66,26.81,10.04,3.89
1998-05-28,0.24,34.92,43.25,25.57,11.42,5.62
1998-05-29,5.12,31.98,41.08,22.63,17.56,4.24
1998-05-30,0.0,32.81,41.56,23.27,15.86,3.35
1998-05-31,0.01,34.23,43.09,23.77,13.92,4.03
1998-06-01,0.0,32.89,40.03,26.45,20.3,3.93
1998-06-02,0.0,33.48,41.2,25.13,18.51,3.18
1998-06-03,0.06,33.27,40.85,24.2,16.65,2.68
1998-06-04,0.87,32.91,41.49,24.05,17.42,2.7
1998-06-05,0.0,33.13,42.03,23.64,14.71,3.08
1998-06-06,0.0,34.0,42.16,24.37,12.52,3.08
1998-06-07,0.0,33.64,41.56,25.79,15.23,3.25
1998-06-08,0.0,33.51,41.62,24.57,15.29,2.89
1998-06-09,0.44,33.54,41.47,24.32,17.06,2.7
1998-06-10,0.06,33.87,41.41,25.72,16.49,3.1
1998-06-11,1.91,32.23,39.06,24.82,32.71,3.42
1998-06-12,23.55,26.88,31.1,22.86,62.73,4.1
1998-06-13,0.0,28.09,34.64,22.09,51.86,2.29
1998-06-14,0.01,29.33,36.96,21.84,40.29,2.28
1998-06-15,0.0,30.08,38.67,21.3,36.17,3.22
1998-06-16,0.0,32.18,40.33,22.58,31.34,2.22
1998-06-17,0.0,32.68,40.73,23.19,28.75,2.27
1998-06-18,15.12,31.44,38.86,23.8,37.8,3.95
1998-06-19,0.0,32.95,41.2,23.75,33.24,2.95
1998-06-20,0.0,34.47,42.43,25.3,29.82,2.84
1998-06-21,0.0,34.93,43.29,25.73,28.03,4.19
1998-06-22,0.0,35.13,42.85,27.17,24.47,4.01
1998-06-23,0.0,34.87,42.47,27.09,24.97,2.78
1998-06-24,0.0,35.56,43.1,27.16,23.16,3.09
1998-06-25,0.0,36.69,43.8,29.48,22.73,2.96
1998-06-26,0.0,37.73,45.16,29.49,20.45,2.41
1998-06-27,0.07,37.44,44.38,30.03,20.78,2.75
1998-06-28,0.02,37.18,43.71,31.17,26.01,3.36
1998-06-29,0.72,36.19,42.68,30.2,31.61,3.0
1998-06-30,2.44,36.69,42.77,30.56,35.17,2.94
1998-07-01,21.12,34.13,37.99,31.24,48.41,2.06
1998-07-02,0.59,33.83,39.53,28.45,47.02,1.87
1998-07-03,0.96,33.24,39.5,25.94,48.95,2.42
1998-07-04,1.04,34.24,40.85,27.29,49.37,2.24
1998-07-05,12.34,34.57,39.9,28.73,50.52,2.3
1998-07-06,5.74,33.46,38.98,28.55,53.96,2.33
1998-07-07,0.11,34.47,41.64,27.8,49.34,2.2
1998-07-08,0.74,34.96,41.62,27.91,44.79,2.21
1998-07-09,7.56,34.24,40.52,27.63,47.01,2.09
1998-07-10,13.34,34.13,40.17,27.53,47.91,1.94
1998-07-11,15.16,32.3,36.75,27.56,53.32,1.57
1998-07-12,2.07,32.52,37.53,26.9,55.36,1.77
1998-07-13,0.04,32.29,37.69,26.99,56.78,1.75
1998-07-14,0.61,33.47,39.93,27.04,53.51,1.64
1998-07-15,7.55,33.27,39.02,28.07,55.92,1.97
1998-07-16,12.24,31.67,36.62,27.05,65.1,1.95
1998-07-17,0.66,32.99,38.36,27.68,51.83,1.33
1998-07-18,12.45,32.33,37.73,26.33,54.6,1.84
1998-07-19,3.79,31.67,37.39,26.24,53.78,2.57
1998-07-20,3.95,32.15,37.74,25.23,52.75,1.75
1998-07-21,0.65,32.09,37.7,25.81,52.53,2.14
1998-07-22,0.12,33.19,39.52,26.11,46.96,1.9
1998-07-23,0.0,33.31,39.91,25.91,46.31,2.19
1998-07-24,0.0,33.54,40.05,26.87,42.11,2.01
1998-07-25,4.15,33.12,39.93,25.76,42.2,2.07
1998-07-26,13.69,32.44,38.35,27.03,46.79,1.9
1998-07-27,0.0,33.24,40.23,26.7,46.51,2.84
1998-07-28,0.0,34.03,40.31,27.33,41.26,2.07
1998-07-29,0.0,34.17,40.84,26.3,39.79,2.25
1998-07-30,0.96,33.5,39.77,27.69,45.69,2.47
1998-07-31,0.57,33.54,39.94,27.01,45.17,1.93
1998-08-01,0.35,33.32,39.65,26.76,44.37,2.0
1998-08-02,5.38,32.48,38.87,26.31,47.44,2.15
1998-08-03,7.3,31.89,38.13,26.08,54.22,2.6
1998-08-04,0.0,33.55,40.76,26.53,48.73,2.74
1998-08-05,12.9,33.02,38.88,27.93,50.86,2.01
1998-08-06,15.21,31.26,36.11,26.31,59.48,1.61
1998-08-07,0.18,32.34,38.12,25.93,52.56,1.45
1998-08-08,0.03,33.17,39.1,26.45,47.47,1.38
1998-08-09,0.01,32.53,39.1,25.56,49.27,1.87
1998-08-10,0.54,32.99,39.74,26.72,49.53,1.74
1998-08-11,1.12,33.13,40.03,26.43,49.66,1.9
1998-08-12,0.02,33.37,40.46,26.57,50.59,2.54
1998-08-13,15.7,31.98,37.47,27.16,57.32,2.45
1998-08-14,7.78,31.74,37.24,26.25,60.27,1.77
1998-08-15,5.95,30.43,34.99,26.08,65.14,1.75
1998-08-16,0.02,30.89,36.92,25.23,57.87,2.36
1998-08-17,0.0,31.36,38.32,24.56,49.18,2.47
1998-08-18,0.86,31.06,38.17,24.09,45.77,2.45
1998-08-19,1.39,30.53,37.42,23.7,47.88,1.97
1998-08-20,3.2,30.57,37.23,23.63,55.11,1.81
1998-08-21,1.0,31.94,38.74,24.63,49.55,2.22
1998-08-22,3.67,32.0,38.25,26.26,51.92,1.97
1998-08-23,6.89,31.2,37.12,25.88,53.76,2.26
1998-08-24,1.4,31.68,38.16,25.63,50.93,2.37
1998-08-25,3.37,31.0,37.3,25.88,51.66,2.54
1998-08-26,0.68,30.49,36.07,25.76,53.45,2.04
1998-08-27,0.0,30.84,37.43,25.0,52.58,1.62
1998-08-28,0.42,30.75,37.96,23.61,50.65,1.81
1998-08-29,1.82,31.32,38.14,24.23,48.85,2.14
1998-08-30,6.58,31.45,37.65,24.7,45.26,2.29
1998-08-31,3.75,30.04,37.28,23.36,45.53,2.68
1998-09-01,0.0,30.33,37.8,22.34,38.52,2.6
1998-09-02,0.49,30.43,38.45,22.48,40.3,1.99
1998-09-03,0.59,30.73,38.44,22.95,40.35,2.01
1998-09-04,1.29,31.33,37.94,23.83,43.91,1.96
1998-09-05,0.02,30.27,34.43,25.92,48.24,1.79
1998-09-06,0.0,31.32,38.49,24.6,44.37,2.29
1998-09-07,0.0,32.38,39.01,25.98,40.21,1.82
1998-09-08,0.1,32.62,39.33,26.47,39.92,2.26
1998-09-09,0.04,32.31,39.35,26.2,37.97,2.18
1998-09-10,2.43,32.26,39.29,25.77,33.73,2.18
1998-09-11,4.34,30.74,38.0,24.5,39.57,2.26
1998-09-12,0.13,29.75,35.78,24.11,42.79,2.02
1998-09-13,0.02,29.88,36.75,22.58,38.86,1.62
1998-09-14,0.0,29.54,36.86,22.86,38.24,1.65
1998-09-15,0.0,29.65,37.94,21.97,30.61,2.38
1998-09-16,0.0,30.35,38.32,22.39,26.29,2.43
1998-09-17,0.0,31.02,38.15,23.19,30.55,1.94
1998-09-18,0.0,30.06,36.06,26.18,42.42,3.05
1998-09-19,0.06,31.08,38.07,25.46,39.06,2.09
1998-09-20,0.32,30.5,37.88,24.51,37.87,2.01
1998-09-21,0.31,30.17,37.76,23.65,33.73,2.47
1998-09-22,0.09,29.15,36.26,23.04,40.64,1.99
1998-09-23,0.01,28.71,36.39,22.11,35.93,1.89
1998-09-24,0.0,29.0,36.79,21.91,29.53,2.39
1998-09-25,0.0,29.63,37.68,22.08,22.95,2.32
1998-09-26,0.0,30.3,38.98,22.03,22.24,2.24
1998-09-27,0.0,31.33,39.25,24.82,20.12,2.27
1998-09-28,0.0,30.61,38.65,23.61,20.47,2.79
1998-09-29,0.0,30.38,38.56,22.43,20.79,3.15
1998-09-30,0.01,30.4,38.9,22.94,20.64,2.49
1998-10-01,2.93,29.91,38.66,21.52,26.62,2.48
1998-10-02,0.58,29.66,36.64,24.01,30.16,1.8
1998-10-03,0.0,28.47,36.93,21.64,30.58,2.17
1998-10-04,0.0,27.54,34.93,20.87,29.95,2.04
1998-10-05,0.0,26.95,35.21,19.86,26.72,2.57
1998-10-06,0.0,27.09,36.0,19.14,24.78,2.61
1998-10-07,0.0,27.87,36.33,20.11,24.12,2.43
1998-10-08,0.0,27.7,36.61,19.82,22.13,3.02
1998-10-09,0.0,27.56,36.1,19.59,20.63,2.38
1998-10-10,2.11,27.54,35.82,20.18,24.73,2.99
1998-10-11,0.0,26.31,35.93,18.64,22.81,3.1
1998-10-12,0.0,25.89,35.21,18.35,16.59,2.32
1998-10-13,0.0,25.99,35.6,17.65,15.58,2.2
1998-10-14,0.0,25.71,34.65,17.06,14.89,2.19
1998-10-15,0.01,24.8,34.25,17.08,16.49,3.14
1998-10-16,1.0,21.52,28.96,15.81,40.03,1.97
1998-10-17,0.01,22.57,30.67,15.01,41.43,1.39
1998-10-18,0.0,23.11,31.63,15.61,27.53,2.22
1998-10-19,0.0,23.92,32.91,15.97,19.71,2.16
1998-10-20,0.0,24.21,33.7,16.18,17.1,2.28
1998-10-21,0.0,24.19,33.9,16.57,15.34,2.6
1998-10-22,0.0,24.71,33.57,17.54,13.71,2.07
1998-10-23,0.0,23.68,33.49,16.37,13.09,2.63
1998-10-24,0.0,23.24,32.8,14.77,12.1,2.32
1998-10-25,0.0,22.84,32.1,16.15,15.27,2.48
1998-10-26,1.86,21.96,30.3,14.68,25.09,2.7
1998-10-27,0.64,21.38,30.0,13.98,25.99,2.92
1998-10-28,0.0,21.46,29.97,14.94,20.79,2.55
1998-10-29,0.0,21.28,31.06,14.1,19.46,2.86
1998-10-30,0.0,20.5,30.44,14.12,17.01,3.23
1998-10-31,0.0,21.03,31.41,13.16,13.59,3.19
1998-11-01,0.0,21.47,31.6,13.5,11.02,2.53
1998-11-02,0.0,21.39,30.93,14.01,11.04,2.31
1998-11-03,0.0,21.27,30.3,13.94,11.37,2.08
1998-11-04,0.0,20.59,30.07,12.82,11.9,2.3
1998-11-05,0.0,19.76,29.2,11.94,13.69,2.79
1998-11-06,0.0,19.59,28.55,12.44,17.2,3.25
1998-11-07,0.05,20.35,28.37,13.56,28.37,2.33
1998-11-08,0.0,19.94,28.2,13.58,30.84,2.48
1998-11-09,0.0,19.02,28.12,12.95,26.06,2.85
1998-11-10,0.0,19.59,28.82,12.73,19.36,2.93
1998-11-11,0.0,20.9,30.35,14.44,12.27,2.23
1998-11-12,0.0,20.75,29.25,14.75,10.96,1.82
1998-11-13,0.0,20.57,28.88,14.76,11.69,1.88
1998-11-14,0.0,19.3,28.23,12.21,13.01,2.05
1998-11-15,0.0,18.81,28.81,11.81,12.88,2.6
1998-11-16,0.0,19.1,29.17,11.6,11.0,2.74
1998-11-17,0.0,19.93,29.02,14.2,9.13,1.8
1998-11-18,0.0,19.02,28.37,11.02,11.05,2.3
1998-11-19,0.0,18.14,27.81,10.85,13.21,2.54
1998-11-20,0.0,18.3,27.92,10.62,13.52,2.81
1998-11-21,0.0,18.89,28.19,11.63,10.01,2.38
1998-11-22,0.0,19.03,28.3,13.13,8.41,2.51
1998-11-23,0.0,19.39,28.46,12.47,7.96,2.23
1998-11-24,0.0,18.56,27.54,12.2,10.4,2.49
1998-11-25,0.0,17.75,28.22,9.94,13.77,2.95
1998-11-26,0.0,17.89,28.26,10.22,12.36,2.78
1998-11-27,0.0,16.88,26.37,9.54,14.09,2.65
1998-11-28,0.0,15.59,24.36,9.32,14.5,2.91
1998-11-29,0.0,16.5,26.01,9.36,11.8,2.45
1998-11-30,0.0,16.05,26.22,9.52,12.53,2.75
1998-12-01,0.0,16.13,25.52,9.0,14.58,3.18
1998-12-02,0.0,17.06,25.65,11.11,13.75,2.4
1998-12-03,0.0,17.81,26.52,13.37,11.67,2.79
1998-12-04,0.0,17.8,27.87,11.05,21.19,3.81
1998-12-05,0.0,19.42,29.87,13.34,17.01,2.87
1998-12-06,0.0,19.77,30.02,12.55,14.9,3.46
1998-12-07,0.0,18.4,28.87,12.51,18.14,2.92
1998-12-08,0.0,17.96,26.67,11.88,14.06,2.85
1998-12-09,0.0,16.63,29.1,8.89,9.52,3.89
1998-12-10,0.0,14.89,26.1,7.9,5.99,2.81
1998-12-11,0.0,15.18,24.45,8.09,7.92,1.91
1998-12-12,0.0,16.08,25.42,7.72,9.26,2.3
1998-12-13,0.0,15.24,23.95,8.76,12.63,2.1
1998-12-14,0.0,15.9,23.96,10.95,13.35,1.85
1998-12-15,0.0,15.32,24.5,9.91,14.73,2.46
1998-12-16,0.0,15.27,24.2,10.05,14.43,2.21
1998-12-17,0.0,14.97,23.96,8.43,12.89,2.35
1998-12-18,0.0,15.13,24.57,8.08,11.65,2.68
1998-12-19,0.0,14.89,21.48,11.89,14.04,2.03
1998-12-20,0.0,13.73,22.07,8.65,17.33,2.21
1998-12-21,0.0,14.44,22.5,9.13,23.03,1.71
1998-12-22,3.55,13.81,21.72,9.04,28.78,2.23
1998-12-23,0.0,12.7,21.65,7.43,30.74,3.08
1998-12-24,0.0,12.74,23.07,6.0,27.37,2.99
1998-12-25,0.0,13.77,21.72,9.46,19.79,2.37
1998-12-26,0.0,13.27,22.06,7.62,17.51,2.73
1998-12-27,0.0,14.19,24.02,8.13,18.12,2.58
1998-12-28,0.0,15.16,23.33,9.31,16.52,2.05
1998-12-29,0.0,13.72,21.64,9.66,20.83,2.24
1998-12-30,0.0,12.8,20.08,6.84,21.93,2.17
1998-12-31,0.0,12.65,23.37,6.19,17.86,2.58
1999-01-01,0.0,12.75,21.42,8.81,11.31,2.45
1999-01-02,0.0,13.71,21.38,8.97,12.76,2.31
1999-01-03,0.08,12.75,19.2,8.53,17.61,2.34
1999-01-04,0.34,12.91,19.94,8.0,38.77,3.34
1999-01-05,3.96,11.15,15.92,8.37,61.58,4.72
1999-01-06,0.95,9.77,13.54,7.98,71.53,4.52
1999-01-07,1.78,9.37,12.39,6.37,79.2,3.27
1999-01-08,1.04,8.99,13.57,5.3,76.52,1.37
1999-01-09,0.0,9.17,19.62,3.24,56.8,3.73
1999-01-10,0.0,10.26,18.01,4.31,33.37,2.59
1999-01-11,0.29,11.39,16.82,5.45,37.12,2.03
1999-01-12,0.26,11.96,18.59,6.11,48.03,1.64
1999-01-13,0.0,11.07,19.11,5.78,46.33,2.76
1999-01-14,0.0,11.62,19.91,6.73,43.9,2.47
1999-01-15,0.0,12.97,21.79,6.58,36.2,2.33
1999-01-16,0.0,12.95,21.46,7.31,32.36,2.49
1999-01-17,0.0,12.6,20.18,7.94,31.88,2.37
1999-01-18,0.0,13.67,22.28,8.68,32.97,2.45
1999-01-19,0.07,14.17,21.33,10.29,38.91,2.12
1999-01-20,11.25,10.8,12.91,9.27,82.36,2.71
1999-01-21,4.04,12.25,18.02,8.69,74.15,3.75
1999-01-22,2.04,11.64,17.51,7.83,71.18,2.49
1999-01-23,1.05,12.71,19.32,8.17,63.43,3.58
1999-01-24,21.7,10.33,13.98,8.01,85.46,3.72
1999-01-25,0.01,10.69,18.03,6.2,69.82,2.57
1999-01-26,0.03,8.94,14.62,3.47,47.02,2.08
1999-01-27,7.4,9.8,15.82,5.51,73.01,2.59
1999-01-28,0.05,9.29,14.37,5.56,80.87,1.92
1999-01-29,0.0,10.44,17.3,4.91,71.03,1.73
1999-01-30,1.75,9.38,14.53,5.52,68.25,2.12
1999-01-31,0.36,9.48,16.96,4.03,63.58,2.52
1999-02-01,1.61,9.76,16.9,3.93,52.72,2.62
1999-02-02,2.81,11.15,18.11,6.57,51.85,2.62
1999-02-03,0.0,9.36,17.76,2.69,49.19,2.72
1999-02-04,0.0,11.41,20.66,2.9,39.03,2.33
1999-02-05,3.39,13.15,21.29,5.27,44.36,2.74
1999-02-06,0.0,14.73,22.38,7.82,41.06,1.82
1999-02-07,1.16,12.1,17.2,9.3,56.5,2.65
1999-02-08,0.12,13.89,20.6,8.43,60.0,2.52
1999-02-09,1.17,15.67,24.79,9.27,58.78,2.26
1999-02-10,0.0,18.14,26.63,11.96,50.81,2.44
1999-02-11,0.97,16.83,23.1,13.59,63.09,2.12
1999-02-12,0.26,15.19,20.69,11.53,69.49,2.58
1999-02-13,0.0,16.5,25.27,10.38,57.51,2.52
1999-02-14,0.0,17.28,24.38,12.84,47.59,2.21
1999-02-15,0.44,17.75,25.22,12.23,47.27,2.28
1999-02-16,0.4,16.41,20.89,12.96,57.9,1.85
1999-02-17,0.29,16.78,24.11,12.16,64.25,2.91
1999-02-18,1.29,16.21,23.09,11.01,61.85,2.83
1999-02-19,1.86,15.35,21.14,10.53,61.87,1.61
1999-02-20,0.0,14.3,22.35,9.11,50.03,2.51
1999-02-21,0.0,15.95,24.62,8.31,42.53,3.32
1999-02-22,0.0,16.58,24.86,12.0,49.31,3.32
1999-02-23,0.17,16.75,23.91,10.97,54.27,1.99
1999-02-24,0.3,14.71,21.83,9.27,61.63,2.02
1999-02-25,0.0,14.19,23.06,7.3,48.58,3.23
1999-02-26,0.0,14.17,24.18,6.54,40.57,3.52
1999-02-27,0.0,15.47,24.94,8.64,33.34,2.51
1999-02-28,0.0,16.59,26.54,8.05,32.63,2.68
1999-03-01,0.0,15.44,24.44,9.07,39.02,3.94
1999-03-02,0.0,17.39,26.48,9.96,49.7,2.77
1999-03-03,0.0,20.01,28.21,13.03,46.5,2.67
1999-03-04,4.06,16.77,21.08,13.2,63.65,3.64
1999-03-05,0.67,17.96,24.82,11.74,54.9,2.11
1999-03-06,3.01,18.52,26.37,13.41,57.33,3.29
1999-03-07,7.35,15.57,19.55,12.54,81.26,4.08
1999-03-08,1.67,16.14,21.15,12.2,72.16,2.41
1999-03-09,0.12,16.69,23.86,11.97,56.31,1.93
1999-03-10,0.0,16.33,24.81,9.51,46.48,2.35
1999-03-11,0.0,18.29,26.1,11.65,37.1,2.01
1999-03-12,0.06,17.39,25.64,10.63,36.11,2.96
1999-03-13,0.0,16.5,26.75,7.07,31.72,3.25
1999-03-14,0.0,16.58,26.02,9.22,32.85,3.07
1999-03-15,0.02,19.1,26.37,12.55,32.8,1.93
1999-03-16,0.17,19.63,27.92,12.1,33.38,3.51
1999-03-17,0.85,18.67,28.0,12.45,38.16,3.14
1999-03-18,0.0,17.73,26.73,9.75,37.52,2.49
1999-03-19,1.0,17.59,25.97,11.04,35.41,2.69
1999-03-20,4.0,15.67,24.31,10.0,45.53,3.47
1999-03-21,0.0,15.99,25.69,7.0,40.48,2.87
1999-03-22,0.0,20.1,29.5,11.92,33.27,2.62
1999-03-23,0.16,20.62,29.06,12.54,35.54,3.28
1999-03-24,0.47,20.46,29.49,13.95,40.94,3.16
1999-03-25,1.34,20.29,28.84,13.35,43.16,3.04
1999-03-26,0.31,18.88,29.1,10.77,35.64,4.2
1999-03-27,0.0,20.3,31.42,10.22,23.78,4.19
1999-03-28,0.0,22.99,33.34,14.1,27.23,3.77
1999-03-29,0.0,23.49,32.25,16.16,27.88,2.92
1999-03-30,0.0,24.46,34.54,15.46,23.82,3.48
1999-03-31,0.0,24.09,33.01,17.7,21.75,3.92
1999-04-01,0.0,24.3,34.09,16.5,20.97,3.69
1999-04-02,0.0,22.87,33.15,14.59,20.57,3.53
1999-04-03,0.0,23.14,33.64,13.07,18.53,3.05
1999-04-04,0.0,24.94,35.22,16.71,15.91,3.78
1999-04-05,0.0,25.82,35.97,16.38,14.9,3.45
1999-04-06,0.0,25.81,35.02,17.62,17.0,3.41
1999-04-07,0.0,26.83,36.84,17.25,17.62,3.26
1999-04-08,0.0,27.11,36.4,19.71,16.86,2.72
1999-04-09,0.02,26.31,36.01,17.66,17.16,3.34
1999-04-10,0.03,28.87,37.82,20.2,16.4,3.27
1999-04-11,3.17,29.33,39.2,20.15,15.03,6.53
1999-04-12,0.01,26.32,35.38,17.59,17.43,3.13
1999-04-13,0.01,25.16,34.64,15.89,10.98,5.1
1999-04-14,0.33,23.16,32.95,14.16,11.9,2.99
1999-04-15,0.0,23.83,33.85,14.57,12.18,3.03
1999-04-16,0.0,25.85,36.8,15.55,12.35,3.36
1999-04-17,0.0,27.28,37.48,17.42,13.17,3.83
1999-04-18,0.0,28.12,38.3,18.22,13.36,3.28
1999-04-19,0.0,28.71,39.04,18.73,10.72,3.15
1999-04-20,0.41,29.8,38.15,19.91,11.13,3.17
1999-04-21,0.02,28.84,38.13,20.06,17.79,2.77
1999-04-22,0.0,29.06,37.64,21.91,16.42,2.6
1999-04-23,0.0,29.17,37.68,22.11,13.86,3.29
1999-04-24,0.0,29.37,38.96,20.16,11.24,3.46
1999-04-25,0.0,29.25,39.84,19.23,8.73,3.63
1999-04-26,0.0,29.89,40.27,18.94,8.25,3.62
1999-04-27,0.0,30.65,41.26,20.03,5.78,3.22
1999-04-28,0.0,31.21,41.52,19.85,6.77,3.05
1999-04-29,0.0,31.85,41.83,21.45,7.76,2.95
1999-04-30,0.0,32.69,42.83,22.69,9.16,3.21
1999-05-01,0.09,31.91,40.98,23.2,11.11,3.16
1999-05-02,0.05,32.58,41.82,22.68,9.28,2.38
1999-05-03,0.04,32.16,40.93,22.21,8.96,3.74
1999-05-04,0.04,31.32,40.28,22.41,11.33,4.99
1999-05-05,0.28,30.86,40.14,23.49,18.23,3.64
1999-05-06,0.0,32.3,41.83,22.64,13.27,3.84
1999-05-07,0.0,33.38,42.18,25.72,13.24,2.4
1999-05-08,0.0,33.13,41.44,23.84,13.18,2.39
1999-05-09,0.0,33.07,41.19,23.62,13.2,2.65
1999-05-10,0.05,33.09,40.55,23.68,13.58,2.44
1999-05-11,0.12,32.3,40.57,23.15,16.04,3.01
1999-05-12,6.42,30.98,38.54,24.84,22.85,5.33
1999-05-13,2.99,28.71,35.5,22.11,37.46,2.38
1999-05-14,0.0,29.79,38.74,20.67,27.56,2.55
1999-05-15,0.0,32.37,41.92,21.56,16.88,2.97
1999-05-16,0.04,33.25,42.66,23.86,13.65,3.45
1999-05-17,0.0,34.04,43.06,24.3,13.43,3.3
1999-05-18,0.02,35.39,43.07,27.29,12.56,2.05
1999-05-19,0.0,35.78,43.97,25.67,13.15,2.69
1999-05-20,0.0,33.66,40.24,26.81,18.86,2.57
1999-05-21,0.1,34.22,41.59,26.0,18.62,2.25
1999-05-22,0.5,33.15,39.68,25.87,27.29,2.74
1999-05-23,4.18,29.28,34.64,24.18,44.7,3.33
1999-05-24,0.14,31.11,38.78,23.79,34.51,2.62
1999-05-25,0.01,31.99,40.39,23.88,29.66,2.64
1999-05-26,2.71,31.23,39.78,21.97,21.15,2.9
1999-05-27,0.0,31.91,41.39,21.25,13.15,3.65
1999-05-28,0.0,33.41,42.96,23.43,7.68,3.13
1999-05-29,0.0,33.46,42.65,23.7,8.75,3.65
1999-05-30,0.0,33.16,42.78,23.37,9.88,3.65
1999-05-31,0.3,32.62,40.32,23.67,12.38,2.48
1999-06-01,0.03,31.27,39.06,22.22,14.55,2.72
1999-06-02,0.0,32.05,40.22,22.75,16.72,2.69
1999-06-03,0.21,29.46,36.52,21.12,27.04,3.9
1999-06-04,2.68,30.64,38.3,23.14,27.78,4.63
1999-06-05,0.0,30.64,37.83,22.14,23.96,3.16
1999-06-06,0.0,33.29,41.82,22.93,15.68,2.41
1999-06-07,0.0,35.46,44.52,25.56,13.89,3.2
1999-06-08,0.02,36.12,44.25,28.15,16.89,2.86
1999-06-09,0.0,36.94,44.98,27.88,15.93,2.66
1999-06-10,0.13,36.56,43.2,29.57,19.25,2.41
1999-06-11,0.0,35.84,43.48,28.13,19.64,3.95
1999-06-12,0.0,35.26,42.33,26.94,19.69,2.9
1999-06-13,0.0,35.23,42.72,26.18,11.58,2.24
1999-06-14,0.01,35.45,43.71,27.1,11.42,2.63
1999-06-15,0.0,36.47,45.27,25.75,9.5,3.05
1999-06-16,0.0,36.96,45.65,27.04,9.29,2.36
1999-06-17,0.0,36.96,45.24,29.21,15.8,4.36
1999-06-18,0.2,37.17,44.47,29.85,20.69,3.17
1999-06-19,0.35,38.01,45.37,30.28,21.47,2.51
1999-06-20,0.58,35.79,41.59,31.22,31.85,3.38
1999-06-21,0.28,33.97,40.87,28.83,34.8,2.26
1999-06-22,0.05,35.56,42.33,27.96,26.67,2.57
1999-06-23,0.0,36.02,43.55,27.93,21.4,2.83
1999-06-24,0.0,36.48,43.54,28.16,17.37,2.88
1999-06-25,0.23,36.39,44.62,28.49,16.08,3.1
1999-06-26,0.0,37.55,46.58,27.25,14.09,2.97
1999-06-27,0.03,38.35,46.51,29.15,14.75,2.59
1999-06-28,0.01,36.99,45.01,28.93,17.19,3.73
1999-06-29,3.89,36.17,43.36,28.69,26.41,2.67
1999-06-30,0.0,36.84,44.1,29.08,23.26,2.28
1999-07-01,4.77,35.41,42.51,28.35,28.17,2.44
1999-07-02,1.17,36.2,43.5,27.88,32.04,2.42
1999-07-03,2.84,35.53,41.22,30.42,35.3,1.88
1999-07-04,0.02,34.39,40.45,29.43,35.64,2.0
1999-07-05,0.0,35.5,42.18,28.82,28.5,2.55
1999-07-06,1.88,35.87,42.52,28.06,30.07,1.97
1999-07-07,2.91,36.11,42.56,29.41,33.32,1.49
1999-07-08,0.0,37.47,44.64,29.46,26.42,2.22
1999-07-09,0.0,38.42,46.13,30.76,22.37,2.35
1999-07-10,0.0,38.26,45.57,29.96,21.64,1.98
1999-07-11,2.59,37.5,43.55,30.79,27.13,1.87
1999-07-12,11.64,28.74,33.55,23.91,60.32,4.52
1999-07-13,0.0,30.92,37.41,25.18,49.25,1.96
1999-07-14,0.0,33.14,40.43,24.55,38.27,1.9
1999-07-15,0.0,35.04,42.42,27.38,32.61,2.11
1999-07-16,0.0,35.74,43.41,27.73,29.9,2.4
1999-07-17,3.09,35.43,42.54,27.94,35.0,2.09
1999-07-18,1.39,35.65,42.52,28.64,36.01,2.73
1999-07-19,5.07,34.8,40.53,28.97,38.82,1.49
1999-07-20,2.93,33.02,39.02,27.61,43.93,3.21
1999-07-21,4.4,31.55,38.48,25.71,55.26,2.94
1999-07-22,1.34,31.94,38.23,25.72,53.46,1.54
1999-07-23,0.0,34.21,40.97,26.79,39.41,1.78
1999-07-24,0.59,36.1,43.38,28.04,33.21,2.12
1999-07-25,8.05,35.01,40.75,28.92,36.35,1.77
1999-07-26,4.19,33.44,40.3,26.03,38.91,2.58
1999-07-27,0.0,34.99,42.91,26.35,34.92,2.09
1999-07-28,0.11,34.96,42.77,27.6,35.59,3.34
1999-07-29,21.06,31.58,36.83,27.86,54.9,4.09
1999-07-30,0.13,30.23,35.16,26.11,60.42,2.49
1999-07-31,11.33,30.74,35.86,25.94,63.92,1.58
1999-08-01,5.02,30.56,35.82,26.16,64.42,1.78
1999-08-02,0.0,32.73,39.02,26.53,55.31,1.86
1999-08-03,0.02,33.83,40.12,27.98,50.54,2.17
1999-08-04,0.0,34.26,40.58,28.02,49.86,2.09
1999-08-05,1.95,34.1,39.87,27.56,48.66,2.09
1999-08-06,5.08,33.67,39.92,27.77,49.41,1.83
1999-08-07,4.8,33.2,38.9,27.73,50.16,1.86
1999-08-08,1.08,33.8,40.42,28.15,49.03,1.63
1999-08-09,1.04,34.44,40.52,28.37,47.88,1.35
1999-08-10,1.31,33.7,39.01,29.27,48.29,1.36
1999-08-11,9.15,32.3,38.31,26.26,49.47,2.02
1999-08-12,7.16,31.53,38.3,25.57,52.72,2.97
1999-08-13,0.4,30.53,36.38,26.23,58.42,3.62
1999-08-14,0.0,30.91,38.0,25.09,52.36,2.11
1999-08-15,0.0,32.3,39.71,24.71,39.44,2.59
1999-08-16,0.1,33.22,40.64,24.36,35.78,1.73
1999-08-17,0.0,33.37,40.84,24.94,34.32,1.63
1999-08-18,0.0,33.21,41.15,25.05,33.07,2.29
1999-08-19,0.0,33.33,41.26,25.65,31.53,2.64
1999-08-20,1.38,33.43,40.88,26.33,35.72,2.63
1999-08-21,2.34,32.31,39.58,25.69,37.72,2.56
1999-08-22,0.48,33.06,41.23,26.2,34.16,2.72
1999-08-23,0.16,33.51,41.97,25.36,31.21,2.3
1999-08-24,0.0,34.4,41.86,27.07,26.29,1.9
1999-08-25,0.0,34.18,41.39,27.15,26.98,1.97
1999-08-26,11.3,31.48,37.64,25.73,46.61,2.32
1999-08-27,0.98,30.72,36.32,25.97,47.74,1.97
1999-08-28,0.48,30.95,37.59,24.38,42.32,2.02
1999-08-29,0.06,32.04,39.0,24.76,37.96,1.98
1999-08-30,0.0,32.34,39.07,24.92,35.04,1.89
1999-08-31,0.01,33.16,40.46,25.29,30.85,2.11
1999-09-01,6.24,32.06,38.78,24.3,39.56,1.91
1999-09-02,4.14,30.92,37.35,24.41,45.41,2.02
1999-09-03,0.47,30.89,38.43,23.43,40.74,2.39
1999-09-04,0.0,31.4,39.45,23.94,35.92,2.23
1999-09-05,0.17,32.32,39.18,24.47,34.99,1.86
1999-09-06,8.01,31.11,37.69,24.64,43.87,2.07
1999-09-07,0.0,30.57,38.4,23.28,43.05,2.53
1999-09-08,0.0,31.53,39.22,23.83,34.49,2.05
1999-09-09,2.26,31.6,38.31,24.53,32.84,1.78
1999-09-10,0.16,30.28,38.25,21.98,34.2,2.43
1999-09-11,0.0,30.92,39.19,22.54,29.67,2.5
1999-09-12,0.0,31.45,39.22,22.95,27.24,2.03
1999-09-13,0.0,31.64,39.34,23.63,26.89,1.95
1999-09-14,0.0,32.16,40.16,23.38,25.07,1.66
1999-09-15,0.0,32.11,40.05,23.72,27.15,1.93
1999-09-16,0.0,32.58,41.16,23.91,23.92,2.31
1999-09-17,0.07,32.61,41.23,23.68,21.16,1.98
1999-09-18,0.0,31.85,39.31,23.23,21.98,1.75
1999-09-19,0.1,32.45,40.89,23.99,26.79,2.26
1999-09-20,7.79,30.47,37.74,23.39,40.19,2.46
1999-09-21,0.0,30.77,38.29,23.72,33.98,1.92
1999-09-22,0.0,30.68,39.43,22.46,32.88,2.19
1999-09-23,0.02,31.45,39.86,23.42,30.67,2.31
1999-09-24,7.62,28.83,35.61,22.97,44.9,2.14
1999-09-25,0.7,28.63,36.27,22.13,43.86,3.0
1999-09-26,0.0,28.89,37.45,21.89,36.63,2.62
1999-09-27,0.0,30.01,38.88,22.95,31.26,3.03
1999-09-28,0.02,30.38,38.5,23.01,28.89,2.76
1999-09-29,7.14,29.58,36.79,23.68,35.03,2.18
1999-09-30,0.5,27.33,35.15,21.55,45.73,2.48
1999-10-01,0.0,27.47,35.75,19.54,34.37,2.15
1999-10-02,0.0,27.34,35.68,19.65,32.54,2.21
1999-10-03,0.0,27.87,36.24,20.49,27.89,1.88
1999-10-04,0.0,26.96,36.11,19.4,26.95,2.75
1999-10-05,3.42,26.41,34.77,18.39,32.55,2.42
1999-10-06,0.0,27.21,35.09,21.24,27.25,2.4
1999-10-07,0.0,27.19,35.87,18.89,24.87,2.45
1999-10-08,0.0,25.78,35.1,18.26,23.48,3.85
1999-10-09,0.0,26.28,34.86,19.37,17.9,3.17
1999-10-10,0.0,25.77,35.1,16.83,16.41,2.88
1999-10-11,0.0,25.66,33.85,19.97,17.68,2.35
1999-10-12,0.0,24.24,33.94,16.65,18.03,3.05
1999-10-13,0.0,24.2,33.72,16.57,14.67,2.72
1999-10-14,0.0,24.4,34.5,15.67,13.64,2.82
1999-10-15,0.0,24.53,34.16,15.68,13.58,2.75
1999-10-16,0.0,24.73,34.31,16.85,14.33,2.78
1999-10-17,0.0,24.29,33.78,16.24,14.5,2.88
1999-10-18,0.0,24.11,33.28,16.96,15.83,2.52
1999-10-19,0.0,24.01,33.2,15.79,15.55,2.53
1999-10-20,0.0,24.89,33.93,15.92,14.12,2.22
1999-10-21,0.0,24.33,34.11,15.99,13.83,2.95
1999-10-22,0.0,24.6,33.83,15.53,13.83,2.57
1999-10-23,0.0,23.48,32.34,16.07,15.63,3.25
1999-10-24,0.0,23.61,33.44,16.08,14.88,3.29
1999-10-25,0.0,24.35,33.82,15.77,13.69,2.39
1999-10-26,0.0,24.27,34.3,16.71,15.38,2.8
1999-10-27,0.0,24.19,33.85,16.28,17.06,3.45
1999-10-28,0.0,24.68,34.11,16.09,17.12,2.46
1999-10-29,0.0,25.0,35.0,17.24,15.91,3.46
1999-10-30,0.0,24.6,34.08,16.33,13.86,2.71
1999-10-31,0.0,23.5,32.91,15.51,14.24,2.76
1999-11-01,0.0,23.6,32.82,15.67,14.41,2.48
1999-11-02,0.0,24.6,32.7,19.23,14.23,2.78
1999-11-03,1.52,22.84,31.16,15.81,18.75,2.7
1999-11-04,1.78,21.2,28.59,16.15,33.83,3.2
1999-11-05,2.9,20.79,26.5,16.48,39.73,6.86
1999-11-06,0.15,19.64,27.64,13.91,43.55,2.88
1999-11-07,0.06,19.0,27.5,12.77,39.52,2.3
1999-11-08,0.0,18.75,27.57,13.28,31.36,2.57
1999-11-09,0.0,18.53,27.91,11.61,25.76,2.87
1999-11-10,0.0,19.08,27.13,13.85,23.35,2.46
1999-11-11,0.0,18.56,28.26,12.03,25.29,2.96
1999-11-12,0.23,18.13,26.01,13.26,26.07,3.21
1999-11-13,0.43,18.8,28.1,12.4,36.65,3.16
1999-11-14,0.19,19.29,27.78,14.18,37.59,2.93
1999-11-15,0.0,18.86,27.66,13.4,29.77,2.41
1999-11-16,0.0,18.53,27.88,12.03,24.83,3.16
1999-11-17,0.0,19.26,28.21,11.94,16.85,2.08
1999-11-18,0.0,17.82,26.86,11.87,14.0,2.7
1999-11-19,0.0,17.14,26.44,11.1,15.95,2.87
1999-11-20,0.0,17.23,25.95,10.43,19.27,2.86
1999-11-21,0.0,16.37,23.49,11.31,20.31,2.38
1999-11-22,0.04,17.95,25.53,12.18,19.35,2.43
1999-11-23,0.15,17.07,25.21,12.14,25.49,3.14
1999-11-24,0.04,16.7,24.81,11.72,25.58,3.39
1999-11-25,0.0,17.02,25.32,12.07,31.4,2.97
1999-11-26,0.0,16.23,25.1,11.11,28.84,2.72
1999-11-27,0.0,16.04,26.19,9.86,20.85,3.7
1999-11-28,0.0,18.24,28.48,11.84,18.11,3.15
1999-11-29,0.0,19.44,29.74,13.41,18.57,3.11
1999-11-30,0.0,18.36,27.5,12.58,18.32,2.72
1999-12-01,0.0,16.91,26.13,10.98,20.21,3.0
1999-12-02,0.0,16.26,26.17,10.17,21.55,3.85
1999-12-03,0.0,17.11,26.58,11.3,15.28,2.48
1999-12-04,0.0,16.04,25.44,10.53,16.64,2.73
1999-12-05,0.0,15.51,24.37,10.05,15.74,2.66
1999-12-06,0.0,15.14,23.71,8.4,16.68,2.39
1999-12-07,0.0,14.13,23.43,7.54,18.78,2.89
1999-12-08,0.0,13.57,22.3,7.27,19.01,2.86
1999-12-09,0.0,13.36,21.8,7.41,18.99,2.71
1999-12-10,0.0,13.33,22.93,7.05,17.78,2.98
1999-12-11,0.0,15.64,23.77,10.18,15.15,2.23
1999-12-12,0.0,13.97,23.04,8.41,17.57,2.84
1999-12-13,0.0,14.87,23.99,9.76,15.51,2.5
1999-12-14,0.0,15.83,24.2,11.43,12.59,2.02
1999-12-15,0.0,15.16,24.33,9.8,13.65,2.79
1999-12-16,0.0,16.13,25.04,10.69,14.03,2.3
1999-12-17,0.0,16.74,25.37,11.07,13.59,2.11
1999-12-18,0.0,15.47,24.44,9.83,17.04,2.41
1999-12-19,0.0,14.69,22.67,9.38,18.7,2.23
1999-12-20,0.0,13.42,23.01,7.39,21.21,3.33
1999-12-21,0.0,14.78,24.53,8.07,12.69,2.56
1999-12-22,0.0,15.09,24.48,9.74,11.38,2.47
1999-12-23,0.0,15.32,24.41,8.66,11.73,2.53
1999-12-24,0.0,14.82,23.76,8.55,11.69,2.31
1999-12-25,0.0,15.48,23.49,9.51,11.48,1.88
1999-12-26,0.0,12.78,21.5,6.57,15.0,2.42
1999-12-27,0.0,12.54,22.76,7.15,16.66,3.21
1999-12-28,0.0,14.61,22.52,8.23,14.11,2.19
1999-12-29,0.0,13.29,22.09,8.01,15.89,2.32
1999-12-30,0.0,13.55,22.03,7.82,16.5,2.34
1999-12-31,0.0,14.18,22.9,7.9,17.27,1.95
2000-01-01,0.0,13.54,22.54,8.12,19.03,2.5
2000-01-02,0.0,13.91,22.49,8.52,17.78,2.18
2000-01-03,0.0,13.78,22.32,8.42,18.58,2.14
2000-01-04,0.0,13.76,21.8,8.34,20.15,1.8
2000-01-05,0.0,13.08,22.04,7.37,21.68,2.24
2000-01-06,0.0,13.44,21.08,9.01,20.17,2.48
2000-01-07,0.0,14.23,21.79,10.38,16.66,1.92
2000-01-08,0.0,14.87,20.66,10.61,28.98,1.55
2000-01-09,0.19,14.11,20.85,8.66,39.42,2.69
2000-01-10,0.04,12.96,20.44,6.97,39.85,2.75
2000-01-11,0.86,10.32,13.59,7.79,61.46,4.91
2000-01-12,18.67,9.29,10.83,7.84,86.62,4.7
2000-01-13,19.11,8.63,10.87,5.83,87.41,3.15
2000-01-14,0.02,7.41,12.65,3.84,66.33,2.35
2000-01-15,0.0,7.33,14.6,1.44,43.04,1.98
2000-01-16,0.0,6.24,15.21,-0.22,46.52,2.69
2000-01-17,0.0,8.01,18.48,0.86,38.5,3.03
2000-01-18,0.15,12.28,21.6,5.57,50.64,3.11
2000-01-19,0.02,12.74,20.71,7.93,56.31,3.05
2000-01-20,0.0,11.8,21.59,7.02,46.36,3.05
2000-01-21,0.0,11.58,19.61,3.59,37.31,3.1
2000-01-22,0.0,12.3,20.62,6.02,53.06,2.64
2000-01-23,0.0,12.29,20.61,6.54,51.57,2.81
2000-01-24,0.04,13.03,20.67,5.43,45.67,2.43
2000-01-25,1.51,12.38,19.45,7.81,68.68,2.7
2000-01-26,0.02,10.59,16.43,5.88,64.21,1.87
2000-01-27,0.0,10.99,19.03,5.83,55.21,2.08
2000-01-28,0.0,10.35,19.65,4.29,44.76,4.13
2000-01-29,0.0,12.63,23.8,5.41,35.64,3.62
2000-01-30,0.0,14.86,24.5,7.43,35.0,2.71
2000-01-31,14.12,12.32,17.94,9.48,49.05,4.6
2000-02-01,21.51,11.6,18.4,7.51,61.14,3.65
2000-02-02,0.01,10.24,16.46,4.42,57.14,2.68
2000-02-03,0.0,11.78,18.96,4.63,50.3,2.64
2000-02-04,0.36,10.57,16.16,7.82,58.66,2.17
2000-02-05,0.14,9.84,18.55,3.53,64.89,2.49
2000-02-06,0.0,10.14,17.88,4.98,71.28,2.67
2000-02-07,0.0,11.6,19.69,5.5,48.28,2.21
2000-02-08,0.0,11.03,17.41,5.04,51.07,2.24
2000-02-09,3.59,8.93,14.04,5.92,73.58,2.86
2000-02-10,2.97,8.88,13.28,3.98,77.04,1.93
2000-02-11,2.41,9.0,14.17,4.93,74.16,2.31
2000-02-12,1.52,8.84,14.28,3.69,67.24,1.33
2000-02-13,0.0,9.78,18.71,3.57,52.44,2.79
2000-02-14,0.0,11.25,20.18,4.31,39.92,2.99
2000-02-15,0.0,14.26,21.48,9.1,36.42,2.25
2000-02-16,0.0,12.55,19.29,8.24,47.57,3.63
2000-02-17,0.0,11.67,19.11,6.46,48.87,2.41
2000-02-18,0.0,10.89,18.27,3.69,46.57,2.08
2000-02-19,0.63,10.35,19.0,4.18,45.41,2.86
2000-02-20,1.47,10.46,19.25,4.09,42.26,2.87
2000-02-21,0.0,10.68,18.29,3.34,42.86,2.05
2000-02-22,0.0,11.6,19.57,4.53,39.23,2.34
2000-02-23,0.04,12.22,20.64,6.34,41.51,3.0
2000-02-24,0.0,11.29,20.86,4.39,42.03,3.74
2000-02-25,0.0,12.28,22.08,4.24,34.05,3.09
2000-02-26,0.0,13.04,22.22,3.72,30.25,2.56
2000-02-27,0.0,13.17,22.47,5.88,35.32,3.31
2000-02-28,0.01,14.89,25.02,6.73,39.12,3.31
2000-02-29,0.0,16.96,24.45,11.78,40.91,2.36
2000-03-01,0.0,15.64,23.24,9.44,49.79,2.7
2000-03-02,0.0,14.67,22.66,8.59,45.75,2.56
2000-03-03,0.0,15.23,23.38,6.32,34.92,2.57
2000-03-04,0.0,13.36,20.3,7.37,44.29,3.99
2000-03-05,0.0,12.26,20.81,4.89,46.74,2.26
2000-03-06,0.0,14.41,22.77,7.3,33.6,2.17
2000-03-07,0.25,13.93,23.07,6.37,39.66,2.63
2000-03-08,0.0,14.41,24.33,6.44,36.43,3.81
2000-03-09,0.0,16.33,26.35,7.8,30.11,3.21
2000-03-10,0.0,16.98,26.74,7.8,30.92,3.11
2000-03-11,0.0,17.3,25.42,10.27,40.93,2.9
2000-03-12,0.0,16.93,25.88,9.52,38.28,2.96
2000-03-13,0.0,17.67,25.7,9.22,31.0,1.45
2000-03-14,0.0,16.78,26.05,8.48,34.68,2.58
2000-03-15,0.0,17.62,26.51,8.18,30.78,3.34
2000-03-16,0.27,17.62,26.47,10.38,31.41,3.44
2000-03-17,1.44,16.89,25.5,9.98,38.19,3.59
2000-03-18,0.3,16.58,25.76,9.51,35.83,2.54
2000-03-19,0.0,16.13,25.58,7.34,26.08,3.01
2000-03-20,0.01,16.37,24.51,6.95,25.41,2.5
2000-03-21,0.02,17.3,24.16,9.65,32.66,2.82
2000-03-22,0.84,17.65,25.56,10.07,40.79,2.32
2000-03-23,0.5,18.12,26.71,9.37,35.39,2.82
2000-03-24,0.0,18.15,28.14,8.73,29.98,3.28
2000-03-25,0.0,21.69,33.78,10.77,23.12,3.24
2000-03-26,0.0,23.32,31.19,15.24,20.45,2.27
2000-03-27,0.04,24.41,31.15,17.54,22.14,2.22
2000-03-28,0.06,24.69,33.71,16.25,25.81,2.78
2000-03-29,0.85,24.72,33.52,17.29,27.37,3.03
2000-03-30,0.13,23.22,30.29,16.2,28.54,2.54
2000-03-31,0.57,21.81,29.3,15.36,30.22,4.0
2000-04-01,0.05,22.04,31.4,14.04,27.87,3.59
2000-04-02,0.0,23.51,33.74,14.05,16.85,3.78
2000-04-03,0.0,24.91,34.41,15.3,13.2,2.45
2000-04-04,0.0,24.79,34.82,15.41,11.79,3.61
2000-04-05,0.01,23.48,33.56,13.96,10.34,1.84
2000-04-06,0.0,23.97,33.96,13.44,8.09,2.49
2000-04-07,0.0,22.2,27.61,16.65,22.92,4.86
2000-04-08,0.0,24.23,34.6,14.81,22.75,3.94
2000-04-09,0.0,25.33,36.23,15.51,11.77,3.77
2000-04-10,0.0,27.68,39.06,16.34,6.02,3.11
2000-04-11,0.0,29.86,39.55,19.16,6.74,2.34
2000-04-12,0.0,30.78,41.05,19.17,8.18,2.56
2000-04-13,0.0,30.57,40.08,21.78,9.3,3.59
2000-04-14,2.86,28.35,36.95,21.93,22.14,2.73
2000-04-15,0.0,27.24,35.87,19.41,22.9,2.8
2000-04-16,0.0,28.12,37.81,18.97,15.91,3.15
2000-04-17,0.0,29.04,38.9,19.97,13.65,3.44
2000-04-18,0.04,30.45,40.54,21.71,15.0,2.78
2000-04-19,0.0,32.0,39.92,24.28,15.33,2.46
2000-04-20,0.01,32.28,41.61,22.62,14.64,3.31
2000-04-21,0.0,31.82,40.96,22.33,14.02,3.04
2000-04-22,0.0,30.28,37.55,23.45,18.87,2.34
2000-04-23,0.0,31.51,39.22,24.12,19.43,3.21
2000-04-24,0.05,30.96,39.56,21.56,16.7,3.24
2000-04-25,0.0,32.35,41.17,23.22,11.24,2.89
2000-04-26,0.26,31.07,39.89,22.02,10.17,2.91
2000-04-27,0.06,30.62,39.26,22.48,14.1,3.19
2000-04-28,0.03,28.97,37.31,21.12,16.85,2.88
2000-04-29,0.0,28.75,37.16,19.8,12.7,3.09
2000-04-30,0.0,29.32,39.17,19.53,8.59,3.25
2000-05-01,0.0,30.54,41.57,19.92,7.71,4.26
2000-05-02,0.0,33.03,44.0,21.49,6.61,3.83
2000-05-03,0.0,35.32,44.15,25.8,6.4,2.91
2000-05-04,2.28,32.78,39.37,27.66,13.74,3.94
2000-05-05,0.0,32.62,40.64,24.74,20.04,2.36
2000-05-06,0.0,32.6,41.3,24.18,19.22,2.84
2000-05-07,0.0,31.85,40.64,23.56,15.95,2.37
2000-05-08,0.0,31.69,39.92,22.02,15.44,2.33
2000-05-09,0.0,33.22,41.83,23.07,16.26,2.27
2000-05-10,0.0,35.0,42.94,25.3,15.45,2.34
2000-05-11,0.0,36.46,44.68,26.75,15.31,2.28
2000-05-12,0.0,36.34,44.2,28.03,20.51,3.81
2000-05-13,1.75,34.8,41.4,28.25,28.87,2.41
2000-05-14,0.0,34.54,42.35,27.45,26.4,3.1
2000-05-15,0.0,35.32,43.59,27.16,19.47,2.92
2000-05-16,0.0,34.55,42.89,26.84,16.4,2.94
2000-05-17,0.0,34.51,43.21,25.55,15.0,2.98
2000-05-18,0.02,35.52,44.11,26.74,12.92,2.94
2000-05-19,0.65,35.32,43.34,26.93,15.1,2.7
2000-05-20,0.04,35.73,44.65,26.35,11.79,3.21
2000-05-21,0.0,36.67,45.85,26.59,6.85,3.1
2000-05-22,3.41,34.95,43.91,24.73,12.78,3.55
2000-05-23,2.46,35.22,42.44,27.33,25.1,4.2
2000-05-24,0.01,33.58,40.75,27.41,31.82,2.9
2000-05-25,0.01,33.5,42.35,25.67,18.77,3.55
2000-05-26,0.09,34.25,43.9,23.14,12.46,3.21
2000-05-27,0.3,34.88,44.34,25.48,16.97,3.73
2000-05-28,0.0,34.74,43.86,26.74,13.89,3.24
2000-05-29,0.02,35.74,45.13,25.94,13.87,3.52
2000-05-30,3.78,35.26,42.61,27.37,23.92,3.02
2000-05-31,1.15,32.98,39.21,27.76,31.27,4.06
2000-06-01,0.02,33.94,41.52,26.6,25.63,3.0
2000-06-02,0.34,34.84,43.3,25.4,23.61,3.12
2000-06-03,0.83,34.64,41.45,29.22,23.26,6.14
2000-06-04,0.01,33.67,40.81,26.0,27.25,4.37
2000-06-05,0.18,33.1,40.69,25.55,24.15,3.57
2000-06-06,0.0,33.86,42.34,25.01,16.36,2.95
2000-06-07,0.0,34.64,42.36,26.83,16.37,2.69
2000-06-08,0.87,34.45,41.96,26.07,18.23,3.12
2000-06-09,1.23,32.47,38.63,25.63,26.4,2.09
2000-06-10,0.19,32.46,38.96,26.05,30.53,2.69
2000-06-11,0.0,33.13,40.96,25.53,28.51,2.84
2000-06-12,0.0,34.71,42.87,25.62,19.29,2.42
2000-06-13,0.0,36.04,43.75,27.69,15.35,2.38
2000-06-14,0.0,36.99,44.74,29.44,14.93,2.19
2000-06-15,0.18,37.17,45.14,29.2,20.73,2.2
2000-06-16,0.0,37.56,45.37,29.27,16.48,2.9
2000-06-17,0.04,36.77,44.3,30.18,19.88,4.1
2000-06-18,0.0,36.04,43.71,28.87,16.97,3.57
2000-06-19,0.0,36.08,43.7,27.86,13.76,3.48
2000-06-20,1.33,35.44,41.73,28.29,16.19,2.72
2000-06-21,0.06,36.3,43.37,28.48,15.54,2.31
2000-06-22,3.11,35.49,43.47,25.84,19.22,3.08
2000-06-23,0.2,34.65,41.34,28.48,28.11,4.41
2000-06-24,1.95,34.08,41.56,27.08,35.59,3.09
2000-06-25,0.0,35.24,42.8,27.52,27.35,2.15
2000-06-26,0.0,35.72,43.14,28.12,25.52,2.24
2000-06-27,3.79,36.07,43.52,29.11,30.11,1.76
2000-06-28,0.07,35.88,42.49,28.61,30.23,1.99
2000-06-29,1.1,35.95,42.25,29.28,34.42,1.94
2000-06-30,6.52,33.55,37.56,29.57,45.25,2.37
2000-07-01,0.02,33.49,39.3,27.49,45.22,2.1
2000-07-02,0.02,31.38,36.47,27.36,39.47,2.35
2000-07-03,0.01,32.17,38.23,25.42,33.78,2.79
2000-07-04,0.13,32.9,39.21,26.56,35.39,3.3
2000-07-05,0.0,35.07,42.35,27.45,31.15,2.8
2000-07-06,0.0,37.23,44.58,29.23,26.26,1.95
2000-07-07,0.04,38.24,45.38,31.18,25.9,3.05
2000-07-08,0.14,38.09,44.39,32.18,23.6,1.98
2000-07-09,0.5,37.13,44.06,30.16,26.32,1.94
2000-07-10,2.37,37.88,44.55,31.23,25.44,2.08
2000-07-11,5.5,36.09,41.86,30.61,37.12,1.55
2000-07-12,0.12,34.97,40.73,30.3,38.9,3.47
2000-07-13,0.07,35.09,40.36,29.48,38.01,2.29
2000-07-14,0.6,34.12,38.09,30.28,42.37,2.32
2000-07-15,0.57,34.83,40.74,29.13,39.0,1.82
2000-07-16,0.77,36.12,42.49,29.78,35.19,2.43
2000-07-17,0.87,33.89,39.69,28.51,44.43,3.32
2000-07-18,0.27,34.52,40.85,28.54,40.7,2.93
2000-07-19,0.15,35.08,41.25,28.9,34.58,2.7
2000-07-20,2.6,33.93,39.66,29.44,39.8,2.44
2000-07-21,11.41,31.74,37.05,27.98,55.53,2.58
2000-07-22,1.7,28.5,32.98,24.97,69.81,4.47
2000-07-23,6.94,27.19,31.74,23.61,73.97,3.1
2000-07-24,1.28,29.29,34.33,25.31,64.51,2.23
2000-07-25,1.79,31.42,38.62,24.07,55.01,2.13
2000-07-26,0.17,33.41,39.45,26.79,43.72,1.87
2000-07-27,0.0,33.92,40.64,27.66,35.39,1.77
2000-07-28,0.0,32.89,40.44,25.45,38.36,2.07
2000-07-29,0.03,32.56,39.96,26.53,44.35,3.27
2000-07-30,1.63,33.2,40.05,26.47,43.98,2.27
2000-07-31,0.29,34.07,40.98,27.76,37.56,3.01
2000-08-01,25.96,31.4,36.54,27.21,50.09,3.29
2000-08-02,0.35,29.57,35.03,26.01,58.09,3.0
2000-08-03,0.34,28.76,34.14,24.73,61.16,1.8
2000-08-04,0.0,30.04,36.87,24.27,54.44,2.2
2000-08-05,0.0,31.76,38.63,24.55,48.74,2.19
2000-08-06,0.0,33.45,40.4,26.0,45.88,1.87
2000-08-07,0.0,32.4,37.48,28.15,45.68,2.15
2000-08-08,0.0,33.81,41.07,27.37,43.94,1.91
2000-08-09,3.38,34.45,40.72,28.38,42.82,2.38
2000-08-10,0.57,32.03,38.17,27.24,50.23,4.2
2000-08-11,1.67,31.54,38.06,25.6,51.1,2.14
2000-08-12,0.17,32.01,38.69,25.98,49.42,1.71
2000-08-13,0.07,33.46,40.35,26.34,42.4,2.0
2000-08-14,1.13,34.25,41.18,27.11,39.31,2.04
2000-08-15,4.0,33.11,39.48,26.9,46.27,2.41
2000-08-16,1.8,33.57,40.46,27.08,43.77,2.17
2000-08-17,0.03,34.47,41.71,27.78,34.16,2.32
2000-08-18,0.25,34.04,40.69,27.0,33.99,2.6
2000-08-19,0.19,33.11,40.23,26.12,31.28,3.41
2000-08-20,0.0,33.34,40.55,24.45,23.73,2.1
2000-08-21,0.0,33.92,41.07,25.67,22.51,1.93
2000-08-22,0.13,33.24,41.13,25.42,29.33,2.39
2000-08-23,0.0,33.44,40.76,25.85,27.81,1.95
2000-08-24,0.0,33.7,42.02,25.6,28.83,1.92
2000-08-25,0.0,34.87,42.5,26.97,27.61,1.9
2000-08-26,0.0,35.05,42.77,27.04,23.41,1.63
2000-08-27,0.05,34.47,41.87,27.66,33.45,2.59
2000-08-28,1.15,34.91,42.7,26.65,29.48,2.15
2000-08-29,1.64,33.48,41.23,26.71,35.1,2.21
2000-08-30,1.92,33.36,41.14,26.48,33.92,2.04
2000-08-31,9.59,31.19,37.86,26.3,47.31,2.39
2000-09-01,1.37,30.82,37.41,25.06,53.49,1.88
2000-09-02,0.0,32.28,39.2,25.24,42.74,1.76
2000-09-03,0.0,32.64,40.1,24.72,37.79,2.0
2000-09-04,0.0,33.68,41.12,25.96,34.29,2.04
2000-09-05,0.0,33.99,41.44,26.41,32.32,2.26
2000-09-06,0.0,34.03,41.03,27.29,28.28,1.99
2000-09-07,3.35,32.06,39.6,25.32,38.34,2.43
2000-09-08,5.32,31.01,38.26,24.52,45.62,2.68
2000-09-09,0.48,30.85,37.41,25.78,43.16,2.78
2000-09-10,0.01,30.68,37.15,25.72,38.67,2.39
2000-09-11,0.0,30.18,37.93,23.38,33.9,2.42
2000-09-12,0.0,30.57,39.4,22.29,22.94,2.39
2000-09-13,0.0,30.72,39.27,22.47,23.12,2.48
2000-09-14,0.23,32.02,40.53,23.7,22.57,2.13
2000-09-15,0.0,32.24,40.45,23.3,19.83,1.99
2000-09-16,0.0,32.84,40.42,25.22,18.66,1.57
2000-09-17,0.0,31.92,39.81,22.76,20.3,1.8
2000-09-18,0.0,31.47,39.84,23.6,21.99,1.96
2000-09-19,0.0,31.52,39.32,24.46,24.11,1.63
2000-09-20,5.62,29.1,36.33,23.69,36.87,2.32
2000-09-21,3.86,26.72,32.64,22.82,52.09,2.24
2000-09-22,1.62,25.17,29.2,21.03,59.79,2.25
2000-09-23,0.1,26.1,34.25,19.36,50.1,2.28
2000-09-24,0.02,26.99,35.07,20.52,41.1,2.6
2000-09-25,0.0,28.01,36.26,20.09,34.08,2.1
2000-09-26,1.91,27.07,34.43,20.95,38.4,1.88
2000-09-27,0.0,26.26,34.88,19.45,33.06,3.13
2000-09-28,0.0,26.46,35.63,18.92,28.38,2.85
2000-09-29,0.0,26.86,36.64,19.23,24.22,2.87
2000-09-30,0.0,26.55,36.18,18.35,22.76,2.85
2000-10-01,0.0,27.37,37.41,19.5,20.85,2.71
2000-10-02,0.68,26.85,36.34,19.5,24.68,3.09
2000-10-03,0.0,27.3,37.01,20.01,22.63,3.55
2000-10-04,0.0,27.8,37.38,19.68,21.44,2.93
2000-10-05,0.0,28.38,37.06,21.59,22.9,3.02
2000-10-06,1.28,28.16,35.86,21.33,25.85,2.25
2000-10-07,0.34,27.61,35.6,20.9,26.14,2.57
2000-10-08,0.55,27.22,35.81,20.61,29.45,2.44
2000-10-09,0.0,26.89,35.7,20.64,24.33,2.56
2000-10-10,0.0,27.2,35.94,19.21,19.3,2.76
2000-10-11,0.0,26.1,35.12,19.0,19.39,2.77
2000-10-12,0.0,25.04,34.83,17.52,19.03,3.12
2000-10-13,0.0,24.48,34.16,17.03,18.39,3.16
2000-10-14,0.0,24.16,34.04,16.27,17.73,3.28
2000-10-15,0.0,25.26,35.53,16.57,15.55,3.25
2000-10-16,0.0,26.41,36.89,18.28,14.72,3.37
2000-10-17,0.0,26.92,37.24,19.01,14.67,3.32
2000-10-18,0.0,26.98,37.52,18.7,15.94,3.2
2000-10-19,0.0,26.29,36.38,18.48,15.9,2.89
2000-10-20,0.0,26.2,35.58,19.01,15.06,3.22
2000-10-21,0.0,26.22,36.09,17.43,12.99,3.08
2000-10-22,0.0,24.82,34.51,17.39,13.8,3.52
2000-10-23,0.0,25.22,33.81,17.42,15.14,2.33
2000-10-24,0.0,24.67,34.12,16.96,15.83,2.48
2000-10-25,0.0,24.22,33.42,16.21,14.6,3.54
2000-10-26,0.0,24.04,34.36,15.6,12.7,2.52
2000-10-27,0.0,24.47,36.2,15.77,9.82,3.44
2000-10-28,0.0,25.29,35.09,17.28,5.22,1.77
2000-10-29,0.0,22.69,32.52,15.35,8.05,2.89
2000-10-30,0.0,22.55,31.81,14.64,10.22,2.46
2000-10-31,0.0,22.16,32.36,15.78,11.54,2.42
2000-11-01,0.0,20.69,30.56,14.09,14.01,2.82
2000-11-02,0.0,21.7,30.27,14.93,14.8,2.06
2000-11-03,0.0,22.23,30.94,15.43,14.82,2.58
2000-11-04,0.0,22.32,30.23,16.12,15.45,2.18
2000-11-05,0.0,21.77,30.33,15.12,17.92,2.37
2000-11-06,0.0,22.27,30.47,14.83,18.81,2.19
2000-11-07,0.0,21.77,29.48,15.74,19.75,2.53
2000-11-08,0.01,21.16,29.09,14.94,21.61,3.5
2000-11-09,0.0,20.76,29.28,14.55,24.24,3.1
2000-11-10,0.0,20.18,27.74,14.85,20.93,2.9
2000-11-11,0.0,20.94,27.92,16.25,16.03,1.56
2000-11-12,0.0,19.96,28.63,14.18,20.17,3.01
2000-11-13,0.1,17.67,26.08,11.87,30.03,3.55
2000-11-14,0.0,17.06,26.93,10.15,23.88,3.26
2000-11-15,0.0,19.45,28.48,12.46,9.42,2.57
2000-11-16,0.0,19.61,28.18,13.0,10.6,2.39
2000-11-17,0.0,16.51,25.09,11.08,13.31,3.7
2000-11-18,0.0,16.7,25.68,10.33,16.2,2.6
2000-11-19,0.0,16.69,27.84,9.77,12.45,2.6
2000-11-20,0.0,17.82,25.85,11.22,6.08,2.37
2000-11-21,0.0,16.99,24.58,11.57,12.25,3.49
2000-11-22,0.0,18.62,25.23,12.76,22.58,2.73
2000-11-23,1.44,17.05,23.28,13.13,41.11,2.34
2000-11-24,0.01,15.74,24.09,10.41,45.64,2.93
2000-11-25,0.0,15.74,24.52,10.46,30.43,3.03
2000-11-26,0.0,16.62,24.5,9.2,20.89,1.76
2000-11-27,0.0,16.56,24.02,10.79,18.92,2.26
2000-11-28,0.0,14.42,24.29,7.96,26.33,3.05
2000-11-29,0.0,14.21,22.65,9.16,18.26,2.47
2000-11-30,0.0,12.63,21.57,6.82,15.53,3.45
2000-12-01,0.0,11.92,24.23,4.22,7.05,3.37
2000-12-02,0.0,14.43,24.97,6.08,5.61,3.09
2000-12-03,0.0,15.21,23.48,9.49,10.51,2.83
2000-12-04,0.0,14.67,23.97,8.2,14.18,2.65
2000-12-05,0.0,15.24,24.96,8.26,16.28,2.61
2000-12-06,0.0,14.61,24.31,8.22,16.09,2.75
2000-12-07,0.25,13.58,22.54,7.89,20.21,3.18
2000-12-08,0.0,14.1,23.29,7.71,35.34,3.03
2000-12-09,0.0,14.41,23.45,8.84,26.64,2.86
2000-12-10,0.0,13.97,21.27,8.08,18.68,2.2
2000-12-11,0.0,12.68,23.45,5.57,18.65,3.33
2000-12-12,0.0,14.48,23.79,8.15,10.37,2.74
2000-12-13,0.0,15.14,23.43,10.75,15.84,2.48
2000-12-14,0.01,15.31,24.05,9.51,35.58,2.4
2000-12-15,6.8,15.62,23.17,11.46,42.28,2.11
2000-12-16,5.71,14.11,19.31,10.58,57.97,3.06
2000-12-17,6.03,12.85,16.59,10.38,81.48,2.84
2000-12-18,0.0,12.54,20.81,7.63,62.53,2.74
2000-12-19,0.0,11.62,22.92,4.47,39.51,3.3
2000-12-20,0.0,12.88,23.57,6.87,34.66,3.19
2000-12-21,0.0,14.34,24.04,8.81,34.06,2.86
2000-12-22,0.0,14.93,22.85,10.64,33.71,2.12
2000-12-23,0.0,15.98,23.37,11.82,32.05,1.5
2000-12-24,0.0,14.33,22.45,10.31,41.61,2.03
2000-12-25,0.0,14.97,22.5,10.99,42.05,1.83
2000-12-26,0.0,14.11,23.1,8.61,41.04,2.34
2000-12-27,0.0,14.04,21.29,8.96,40.62,2.23
2000-12-28,0.3,11.22,14.87,7.66,61.88,2.8
2000-12-29,0.0,12.48,22.0,6.78,52.97,2.66
2000-12-30,0.01,13.46,22.55,7.1,40.37,2.43
2000-12-31,0.78,11.15,18.14,8.15,52.45,2.54
2001-01-01,0.25,11.06,18.26,6.79,59.99,1.71
2001-01-02,0.0,10.32,17.55,4.73,69.17,2.03
2001-01-03,0.0,10.38,17.32,6.71,59.0,2.46
2001-01-04,0.0,10.69,19.11,6.21,49.3,2.56
2001-01-05,0.0,10.97,19.55,5.16,37.58,2.41
2001-01-06,0.0,11.09,18.21,6.39,35.21,2.2
2001-01-07,0.0,9.24,16.8,5.06,40.7,2.07
2001-01-08,0.0,8.87,17.93,4.25,37.64,2.53
2001-01-09,0.0,10.26,19.72,4.68,29.53,2.72
2001-01-10,0.0,11.2,20.34,6.76,27.03,2.58
2001-01-11,0.0,11.61,21.02,6.53,25.06,2.46
2001-01-12,0.0,12.54,20.78,7.01,26.68,1.86
2001-01-13,0.0,11.15,20.65,6.21,26.41,2.89
2001-01-14,0.0,12.06,22.3,6.3,21.06,2.6
2001-01-15,0.0,12.45,21.07,6.96,21.23,2.18
2001-01-16,0.0,12.6,21.33,7.0,22.54,1.94
2001-01-17,0.0,10.95,16.29,6.73,26.24,2.25
2001-01-18,0.0,12.46,21.08,6.06,25.62,2.16
2001-01-19,0.0,13.01,21.08,7.6,22.84,2.54
2001-01-20,0.0,12.58,21.62,6.58,23.29,2.51
2001-01-21,0.04,11.23,17.58,6.97,29.04,2.63
2001-01-22,0.78,9.34,15.24,4.69,48.65,3.26
2001-01-23,0.0,8.58,17.01,3.49,45.72,3.01
2001-01-24,0.0,8.67,18.9,0.99,24.22,3.82
2001-01-25,0.0,11.71,21.25,4.37,17.93,2.76
2001-01-26,0.0,12.04,22.64,5.3,19.4,2.85
2001-01-27,0.0,13.13,23.92,6.64,17.85,2.83
2001-01-28,0.0,14.66,24.81,7.61,15.86,2.42
2001-01-29,0.0,12.87,21.69,5.6,19.52,4.34
2001-01-30,0.0,13.93,22.05,8.09,22.65,5.61
2001-01-31,0.0,10.88,19.72,4.82,25.88,3.1
2001-02-01,0.0,10.42,19.7,3.79,19.58,3.23
2001-02-02,0.0,11.79,22.28,5.31,15.9,2.9
2001-02-03,0.0,13.44,22.81,6.51,13.89,1.93
2001-02-04,0.0,11.15,20.64,4.76,16.36,3.65
2001-02-05,0.0,12.75,21.91,4.27,15.93,2.57
2001-02-06,0.0,13.7,22.5,7.22,15.3,2.36
2001-02-07,0.0,13.16,22.72,7.24,17.65,3.19
2001-02-08,0.0,13.88,24.86,5.6,20.99,3.86
2001-02-09,0.0,16.12,26.2,9.63,14.06,2.47
2001-02-10,0.0,15.01,24.51,8.15,11.41,2.78
2001-02-11,0.0,13.27,22.73,5.6,12.39,3.18
2001-02-12,0.0,13.87,23.95,6.91,13.89,2.51
2001-02-13,0.01,14.61,24.24,6.43,13.97,2.7
2001-02-14,0.52,16.21,24.75,11.16,36.72,3.25
2001-02-15,0.0,17.23,27.23,9.32,31.71,2.64
2001-02-16,0.02,16.48,23.37,12.17,29.45,1.93
2001-02-17,0.0,17.47,25.14,10.81,31.37,2.07
2001-02-18,0.01,17.06,26.35,10.26,32.05,2.54
2001-02-19,0.0,18.05,27.08,10.72,23.5,2.79
2001-02-20,0.4,14.83,19.97,10.84,39.19,3.77
2001-02-21,0.05,16.15,24.76,8.99,35.41,2.94
2001-02-22,0.43,17.83,24.14,11.42,26.6,1.92
2001-02-23,0.68,16.19,25.03,12.06,47.71,4.29
2001-02-24,1.29,17.55,25.22,11.91,37.05,2.31
2001-02-25,0.32,16.44,23.97,9.07,25.32,3.41
2001-02-26,0.02,14.66,24.44,6.14,21.21,2.61
2001-02-27,0.0,15.94,24.35,7.64,14.38,1.99
2001-02-28,0.06,15.53,24.89,7.51,17.7,2.42
2001-03-01,0.29,15.21,25.67,6.77,18.47,3.73
2001-03-02,0.0,16.45,27.26,8.2,13.38,3.73
2001-03-03,0.0,18.16,26.68,11.77,12.31,2.06
2001-03-04,0.0,17.32,27.84,8.56,13.18,2.96
2001-03-05,0.0,19.68,29.24,10.21,11.6,2.52
2001-03-06,0.0,19.89,28.99,10.9,12.05,2.53
2001-03-07,0.0,20.0,29.08,12.2,14.24,2.5
2001-03-08,0.0,20.11,29.8,12.81,15.36,3.08
2001-03-09,0.0,21.43,30.48,12.82,13.47,2.43
2001-03-10,0.0,21.98,30.6,13.32,12.86,2.64
2001-03-11,0.0,22.34,31.61,12.46,13.24,2.41
2001-03-12,1.71,21.36,29.21,15.3,17.38,3.62
2001-03-13,0.33,20.59,28.22,15.23,22.63,5.03
2001-03-14,0.0,19.29,27.5,12.43,24.46,2.33
2001-03-15,0.07,19.05,28.86,10.89,19.44,2.74
2001-03-16,0.0,19.15,28.74,10.55,18.0,3.57
2001-03-17,0.0,20.41,30.24,11.34,17.64,3.17
2001-03-18,0.0,22.52,32.28,12.08,15.48,3.0
2001-03-19,2.27,18.18,22.54,14.92,50.42,4.3
2001-03-20,0.34,21.07,29.33,12.58,40.08,2.12
2001-03-21,0.03,21.47,29.89,12.52,32.89,2.57
2001-03-22,0.25,21.8,29.42,14.09,31.41,1.77
2001-03-23,0.0,21.68,30.1,12.99,21.93,2.6
2001-03-24,0.0,22.01,30.2,13.67,17.4,3.04
2001-03-25,0.0,23.41,31.72,15.67,16.82,2.18
2001-03-26,0.0,24.98,33.5,16.05,16.34,2.24
2001-03-27,0.0,25.55,34.65,16.7,18.36,3.42
2001-03-28,1.32,22.09,27.1,17.54,41.45,6.94
2001-03-29,2.98,22.1,28.88,16.88,32.6,4.45
2001-03-30,0.0,20.82,28.25,14.35,30.2,2.7
2001-03-31,0.02,22.02,28.01,15.03,27.25,0.92
2001-04-01,0.43,22.49,30.71,13.82,27.53,2.68
2001-04-02,0.0,23.76,32.28,14.59,21.43,2.34
2001-04-03,0.89,23.29,32.33,14.66,26.09,3.33
2001-04-04,0.22,23.29,32.72,14.5,24.67,3.04
2001-04-05,0.0,24.99,35.96,15.08,13.53,3.32
2001-04-06,0.0,25.85,35.23,16.14,12.54,2.21
2001-04-07,0.0,26.72,36.91,16.67,12.97,3.36
2001-04-08,0.0,28.5,38.88,17.53,12.12,3.17
2001-04-09,0.03,28.71,37.52,19.75,12.11,3.71
2001-04-10,0.41,29.12,38.33,20.1,15.67,3.96
2001-04-11,0.34,26.95,33.75,21.44,18.87,2.96
2001-04-12,0.23,27.23,36.97,19.06,20.31,3.8
2001-04-13,5.2,24.85,30.43,19.08,35.0,2.28
2001-04-14,1.62,23.66,29.4,18.58,45.52,2.36
2001-04-15,10.18,23.99,31.79,16.71,47.11,2.22
2001-04-16,4.0,23.95,30.21,17.5,47.73,1.82
2001-04-17,1.23,21.95,26.89,17.38,54.22,2.03
2001-04-18,0.64,19.75,24.21,14.94,66.24,1.5
2001-04-19,6.53,18.94,25.47,15.06,68.22,3.03
2001-04-20,0.01,20.26,28.08,12.19,55.63,2.79
2001-04-21,0.0,23.55,32.33,14.08,39.77,3.15
2001-04-22,0.0,25.94,35.63,16.29,30.97,2.48
2001-04-23,0.0,27.09,36.37,17.44,29.24,3.14
2001-04-24,0.0,23.92,29.92,18.17,38.6,3.39
2001-04-25,0.0,27.22,36.85,17.34,35.87,3.19
2001-04-26,0.04,29.32,38.34,20.85,28.85,3.33
2001-04-27,0.26,29.63,38.88,20.53,26.83,3.15
2001-04-28,0.03,30.23,38.39,23.59,23.93,3.49
2001-04-29,0.06,30.59,40.63,20.33,19.8,3.04
2001-04-30,0.0,32.39,42.07,21.03,15.1,2.86
2001-05-01,2.43,31.79,40.06,26.04,24.33,3.15
2001-05-02,5.3,29.98,38.34,22.2,35.62,3.3
2001-05-03,0.01,30.83,39.61,21.25,24.86,3.02
2001-05-04,0.0,32.25,42.02,20.38,18.42,2.88
2001-05-05,0.0,33.52,43.13,23.52,16.08,3.06
2001-05-06,12.21,31.94,40.62,22.92,31.69,3.12
2001-05-07,0.0,31.65,40.39,23.15,30.05,3.84
2001-05-08,1.78,32.21,39.72,25.16,29.99,2.75
2001-05-09,0.04,32.48,41.7,23.45,27.11,3.32
2001-05-10,0.0,34.07,44.5,23.13,18.25,4.23
2001-05-11,0.0,36.21,46.77,26.77,13.01,3.16
2001-05-12,0.0,35.99,45.16,24.82,12.17,3.27
2001-05-13,0.0,36.14,45.61,27.05,12.47,2.66
2001-05-14,1.53,35.49,44.16,26.54,16.13,3.51
2001-05-15,0.8,33.87,41.71,27.28,19.66,3.88
2001-05-16,0.01,32.62,40.43,23.67,20.46,2.53
2001-05-17,0.05,32.91,41.31,24.19,18.72,3.04
2001-05-18,0.0,32.54,40.52,24.88,21.8,3.04
2001-05-19,0.42,32.56,40.03,23.98,23.95,3.15
2001-05-20,0.8,30.06,35.05,25.73,40.18,3.55
2001-05-21,0.12,31.36,37.97,24.31,37.75,2.67
2001-05-22,0.0,32.3,39.46,25.55,31.9,2.47
2001-05-23,0.0,34.22,42.02,24.91,25.29,2.55
2001-05-24,0.0,35.38,43.29,26.16,10.94,2.49
2001-05-25,0.0,35.02,43.81,25.07,8.36,2.65
2001-05-26,2.64,35.19,43.81,24.8,11.14,2.82
2001-05-27,0.0,35.34,44.28,24.37,10.91,2.82
2001-05-28,0.0,34.86,42.77,26.1,15.81,2.72
2001-05-29,7.81,32.26,37.45,26.81,31.87,3.74
2001-05-30,0.0,32.47,40.08,23.97,33.71,2.2
2001-05-31,0.0,34.13,42.14,25.59,26.95,2.4
2001-06-01,0.0,35.4,43.21,27.59,24.19,3.62
2001-06-02,0.0,36.34,44.14,28.1,24.33,2.7
2001-06-03,3.36,34.45,41.0,28.21,32.03,3.69
2001-06-04,1.47,34.54,41.71,27.71,31.22,3.15
2001-06-05,3.52,31.03,35.27,27.29,44.04,3.98
2001-06-06,0.1,31.26,37.41,24.71,41.91,2.0
2001-06-07,5.86,32.33,39.35,25.22,40.38,2.13
2001-06-08,0.0,32.25,38.68,25.31,42.2,2.17
2001-06-09,0.05,32.82,39.49,24.95,34.14,2.24
2001-06-10,9.69,32.1,39.08,24.04,41.42,2.03
2001-06-11,0.01,33.06,40.87,24.38,37.14,2.03
2001-06-12,0.07,33.8,40.91,26.04,36.64,2.6
2001-06-13,12.16,32.46,38.32,27.03,46.74,2.97
2001-06-14,6.8,31.36,37.25,26.14,54.53,3.22
2001-06-15,6.69,29.93,34.36,25.42,61.43,2.53
2001-06-16,3.81,30.36,35.39,25.62,59.05,2.79
2001-06-17,15.32,27.95,33.02,23.63,70.93,4.53
2001-06-18,0.0,30.24,36.81,24.34,52.05,2.06
2001-06-19,0.0,31.78,39.08,23.65,42.34,2.48
2001-06-20,0.05,33.59,41.12,24.11,37.61,1.93
2001-06-21,0.76,33.85,41.33,25.82,40.26,2.27
2001-06-22,2.64,32.62,39.75,25.49,44.86,3.27
2001-06-23,3.57,30.02,34.91,25.38,52.33,2.77
2001-06-24,1.74,30.18,36.78,23.64,47.71,1.62
2001-06-25,0.66,31.88,38.87,24.35,43.86,1.84
2001-06-26,12.4,31.53,37.9,24.86,48.83,2.21
2001-06-27,0.0,33.27,40.03,25.27,42.44,2.18
2001-06-28,0.0,34.29,41.66,27.33,40.32,1.8
2001-06-29,0.01,34.46,41.95,27.37,43.38,1.66
2001-06-30,4.56,34.11,40.27,27.6,47.52,1.83
2001-07-01,10.28,32.34,37.12,27.84,59.24,2.08
2001-07-02,16.63,31.45,36.56,26.9,64.75,1.88
2001-07-03,2.7,31.34,37.12,26.32,63.41,2.8
2001-07-04,0.09,30.62,36.72,26.32,61.97,1.81
2001-07-05,0.0,32.35,39.49,25.07,48.06,1.61
2001-07-06,0.04,33.95,41.0,26.09,47.3,2.24
2001-07-07,4.1,34.36,40.26,28.48,51.56,1.68
2001-07-08,5.78,32.54,38.3,27.33,58.53,2.95
2001-07-09,0.04,30.0,36.0,26.09,63.41,3.46
2001-07-10,0.52,33.02,39.95,26.38,53.2,2.19
2001-07-11,3.1,32.87,39.45,27.29,56.77,3.0
2001-07-12,3.16,30.1,35.87,25.75,67.97,4.45
2001-07-13,2.25,29.85,35.03,25.55,66.19,3.03
2001-07-14,1.84,31.98,39.06,25.79,60.67,2.48
2001-07-15,1.97,32.52,39.05,26.84,56.28,2.99
2001-07-16,2.88,31.13,36.69,26.66,60.03,4.34
2001-07-17,0.43,30.08,35.71,24.78,54.61,3.9
2001-07-18,0.03,30.66,37.65,24.31,49.59,2.56
2001-07-19,0.0,33.75,41.66,25.34,37.68,2.48
2001-07-20,0.14,33.53,40.53,26.71,41.09,3.74
2001-07-21,1.58,34.98,41.17,28.9,43.82,3.06
2001-07-22,0.74,32.31,35.89,29.32,53.66,3.21
2001-07-23,7.64,31.78,37.67,27.22,60.26,4.31
2001-07-24,8.79,30.36,35.6,26.08,69.72,3.2
2001-07-25,6.41,29.56,33.48,26.0,71.35,1.58
2001-07-26,1.13,31.16,36.94,25.91,60.67,1.99
2001-07-27,2.63,32.02,38.23,26.24,59.82,1.97
2001-07-28,21.43,31.06,35.5,27.07,63.48,1.91
2001-07-29,14.4,29.06,33.95,25.78,73.82,3.8
2001-07-30,5.01,28.94,34.74,24.89,68.77,1.91
2001-07-31,0.53,29.98,36.9,23.23,54.11,1.9
2001-08-01,0.0,30.88,39.0,22.97,46.76,2.35
2001-08-02,0.0,30.29,37.85,23.36,53.08,2.65
2001-08-03,2.23,30.89,37.63,24.96,58.06,3.65
2001-08-04,5.45,30.48,36.06,25.75,62.77,2.48
2001-08-05,0.06,30.75,37.09,24.78,60.65,1.89
2001-08-06,6.87,30.78,36.19,25.71,63.62,1.93
2001-08-07,9.5,30.15,35.43,25.8,68.15,1.69
2001-08-08,2.41,30.07,35.68,25.1,67.77,1.9
2001-08-09,0.6,30.31,36.23,24.9,64.91,2.04
2001-08-10,0.01,30.46,36.14,25.35,62.39,2.63
2001-08-11,0.0,30.49,36.75,25.19,63.94,2.32
2001-08-12,0.0,31.75,38.68,25.22,58.64,1.94
2001-08-13,1.53,32.92,39.52,26.85,53.58,1.91
2001-08-14,2.61,30.98,36.48,26.9,63.94,2.94
2001-08-15,5.47,29.56,33.79,26.28,68.34,3.47
2001-08-16,0.04,31.07,38.03,24.84,60.65,1.91
2001-08-17,0.0,32.28,38.99,25.31,47.73,1.54
2001-08-18,0.0,32.37,39.59,25.6,44.04,1.92
2001-08-19,4.25,31.74,38.89,25.27,50.99,2.53
2001-08-20,6.13,31.85,38.78,25.34,56.51,1.98
2001-08-21,0.3,32.07,39.21,25.13,52.47,2.0
2001-08-22,1.89,31.81,38.4,25.63,49.38,2.02
2001-08-23,4.7,30.78,37.3,24.59,53.72,2.71
2001-08-24,0.02,30.88,36.72,25.06,50.17,1.74
2001-08-25,0.0,31.6,37.88,24.85,47.65,1.63
2001-08-26,0.0,31.49,38.8,24.81,48.33,2.06
2001-08-27,0.0,31.33,38.79,24.58,46.63,2.52
2001-08-28,0.0,32.09,40.78,24.61,39.64,2.31
2001-08-29,1.84,31.13,38.8,24.46,40.56,3.17
2001-08-30,5.53,30.84,37.3,23.82,49.45,2.1
2001-08-31,1.07,31.5,38.37,24.52,49.2,1.89
2001-09-01,0.0,31.67,38.79,25.5,42.49,2.59
2001-09-02,1.05,31.73,38.93,23.89,39.22,2.18
2001-09-03,4.0,31.24,37.9,25.27,46.11,2.14
2001-09-04,0.81,30.45,37.3,24.0,46.51,2.34
2001-09-05,0.04,30.54,36.57,24.35,43.79,1.77
2001-09-06,0.0,30.46,37.35,23.96,42.84,2.09
2001-09-07,6.95,30.54,37.11,24.42,45.19,2.15
2001-09-08,5.62,30.15,36.18,23.92,48.67,1.86
2001-09-09,0.0,30.43,37.75,24.12,41.99,1.55
2001-09-10,0.52,28.89,36.74,21.95,45.0,2.44
2001-09-11,0.54,29.25,36.9,21.9,42.7,2.11
2001-09-12,6.69,28.44,34.8,24.02,52.22,2.25
2001-09-13,0.27,27.94,34.32,21.79,53.56,1.94
2001-09-14,5.34,25.08,29.72,22.3,68.49,2.35
2001-09-15,0.0,25.76,32.52,20.74,54.95,2.46
2001-09-16,0.0,27.1,34.99,19.44,42.26,1.82
2001-09-17,0.0,28.07,35.93,20.03,37.97,2.21
2001-09-18,0.0,28.17,36.05,20.42,37.12,2.64
2001-09-19,0.0,27.65,36.24,20.35,35.7,3.27
2001-09-20,0.18,27.61,35.84,20.82,33.16,4.35
2001-09-21,0.0,28.05,36.72,20.69,32.08,2.81
2001-09-22,0.0,28.94,37.54,21.58,26.76,2.31
2001-09-23,0.0,28.6,37.01,21.63,23.51,2.26
2001-09-24,0.0,29.16,37.69,20.64,20.27,2.45
2001-09-25,0.0,29.56,37.46,22.6,18.27,1.67
2001-09-26,0.13,27.85,37.59,19.37,21.17,2.79
2001-09-27,0.0,28.59,38.7,19.44,16.68,3.07
2001-09-28,0.0,28.96,38.0,20.04,16.08,2.52
2001-09-29,0.0,29.19,38.0,20.25,16.63,2.0
2001-09-30,0.0,28.8,38.1,20.32,17.05,2.39
2001-10-01,0.0,28.76,38.05,21.5,18.29,2.78
2001-10-02,0.1,28.65,36.88,21.71,22.24,2.53
2001-10-03,0.08,28.39,36.34,20.88,24.09,2.11
2001-10-04,4.17,27.71,35.17,21.19,27.02,1.74
2001-10-05,0.0,26.61,35.63,19.7,26.83,3.02
2001-10-06,0.0,26.51,35.64,17.96,23.84,2.52
2001-10-07,0.0,27.28,36.47,18.75,20.29,2.37
2001-10-08,0.0,27.44,37.01,19.01,20.3,2.43
2001-10-09,0.0,27.79,36.61,20.57,17.66,2.36
2001-10-10,0.0,26.03,34.38,18.39,18.46,3.08
2001-10-11,0.0,25.15,32.94,17.6,19.7,3.44
2001-10-12,8.6,23.77,32.3,15.92,33.89,2.14
2001-10-13,0.03,23.29,32.86,15.82,31.19,2.54
2001-10-14,0.0,22.54,31.76,14.4,27.06,2.46
2001-10-15,0.0,23.46,32.93,15.33,22.94,2.29
2001-10-16,0.0,22.75,32.49,14.63,21.78,2.92
2001-10-17,0.0,23.58,33.4,14.8,18.36,2.48
2001-10-18,0.0,23.82,33.08,14.84,17.2,2.36
2001-10-19,0.0,24.16,33.37,16.28,18.72,2.57
2001-10-20,0.0,25.39,34.27,17.37,18.69,2.44
2001-10-21,0.0,24.89,33.91,17.24,19.35,2.42
2001-10-22,0.0,24.32,33.2,17.07,20.34,2.62
2001-10-23,0.0,24.38,34.13,17.29,20.56,2.91
2001-10-24,0.0,25.36,35.25,16.84,19.06,2.73
2001-10-25,0.0,24.79,34.41,17.34,18.66,3.05
2001-10-26,0.0,25.4,35.39,16.79,14.0,2.66
2001-10-27,0.0,24.6,34.87,15.75,13.29,2.76
2001-10-28,0.0,24.35,33.35,16.6,14.65,2.72
2001-10-29,0.0,23.46,31.76,16.32,18.83,2.47
2001-10-30,0.04,22.96,32.15,16.23,22.81,3.06
2001-10-31,0.05,23.29,32.42,16.33,24.93,2.91
2001-11-01,1.64,23.01,30.29,17.34,28.67,3.13
2001-11-02,1.27,22.92,30.77,17.71,29.44,4.74
2001-11-03,2.47,21.16,28.41,15.33,35.5,3.09
2001-11-04,0.0,19.75,28.14,12.8,35.47,2.16
2001-11-05,0.1,20.48,28.03,13.8,30.5,2.1
2001-11-06,0.0,19.21,27.09,12.27,31.57,2.52
2001-11-07,0.01,17.74,26.83,11.7,29.09,3.34
2001-11-08,0.28,17.87,27.71,10.49,28.12,3.19
2001-11-09,0.0,18.56,28.45,10.69,21.85,2.7
2001-11-10,0.0,20.04,27.87,12.23,19.94,1.74
2001-11-11,0.0,19.19,27.68,13.01,23.78,2.12
2001-11-12,0.0,18.65,29.16,11.42,24.01,3.8
2001-11-13,2.86,19.5,31.01,11.54,27.3,3.65
2001-11-14,0.0,21.32,31.27,13.63,22.18,2.29
2001-11-15,0.0,20.44,29.55,12.38,23.0,2.29
2001-11-16,0.0,19.39,29.1,13.15,26.27,2.54
2001-11-17,0.0,18.9,29.18,12.35,26.09,3.3
2001-11-18,0.0,19.6,29.57,13.49,20.06,2.92
2001-11-19,0.0,20.7,29.15,15.23,18.05,1.68
2001-11-20,0.0,18.34,27.55,11.36,22.73,2.47
2001-11-21,0.0,18.31,27.76,12.29,24.78,3.08
2001-11-22,0.0,18.33,28.15,12.11,22.96,2.87
2001-11-23,0.0,18.21,28.1,11.8,21.8,3.15
2001-11-24,0.0,18.62,28.03,11.39,18.41,2.03
2001-11-25,0.0,16.55,26.1,9.99,22.31,2.65
2001-11-26,0.0,16.39,24.65,11.01,22.26,2.48
2001-11-27,0.0,15.82,24.31,8.83,23.06,2.53
2001-11-28,0.0,15.96,22.67,11.53,22.3,1.85
2001-11-29,0.0,15.98,24.11,10.68,23.09,2.28
2001-11-30,0.0,15.36,24.85,8.91,24.75,3.06
2001-12-01,0.0,16.71,24.77,12.6,22.77,2.36
2001-12-02,0.0,16.4,24.8,11.25,22.78,2.33
2001-12-03,0.0,15.71,22.9,12.34,28.07,2.95
2001-12-04,0.01,16.03,25.19,10.23,34.55,2.81
2001-12-05,0.02,15.8,25.01,9.47,32.13,2.6
2001-12-06,0.0,16.96,25.42,12.24,20.86,2.3
2001-12-07,0.0,18.03,26.1,13.28,19.41,2.26
2001-12-08,0.0,16.21,24.56,10.85,22.8,2.79
2001-12-09,0.0,16.1,24.84,8.5,17.01,2.45
2001-12-10,0.0,14.02,21.79,8.05,20.1,3.36
2001-12-11,0.1,14.64,22.45,8.99,26.12,2.74
2001-12-12,0.11,14.07,23.07,8.27,29.69,2.61
2001-12-13,0.12,15.54,23.71,11.1,26.8,2.78
2001-12-14,0.39,14.17,19.99,11.19,54.16,3.19
2001-12-15,0.0,13.1,18.58,8.47,65.58,2.52
2001-12-16,0.04,13.1,20.53,8.12,55.46,2.44
2001-12-17,0.03,12.94,16.15,10.42,42.47,2.28
2001-12-18,0.48,10.32,14.03,6.8,66.1,2.77
2001-12-19,0.0,12.2,21.92,6.71,54.87,2.44
2001-12-20,0.0,11.96,21.88,6.18,26.99,3.28
2001-12-21,0.0,14.13,23.17,9.08,12.91,2.01
2001-12-22,0.0,15.1,22.93,10.13,12.78,1.67
2001-12-23,0.0,15.18,22.73,10.35,12.92,1.42
2001-12-24,0.0,15.15,23.43,9.27,15.88,1.92
2001-12-25,0.0,15.38,24.48,9.87,19.45,2.2
2001-12-26,0.0,14.19,22.59,9.57,23.2,2.42
2001-12-27,0.0,14.11,22.83,9.3,24.13,2.09
2001-12-28,0.0,13.89,22.67,9.0,21.89,2.51
2001-12-29,0.0,13.44,21.73,8.47,22.25,2.41
2001-12-30,0.0,13.34,22.03,8.25,23.44,2.09
2001-12-31,0.0,13.51,22.29,7.6,22.61,2.17
2002-01-01,0.0,14.54,22.34,10.04,19.97,1.71
2002-01-02,0.0,13.97,22.26,9.35,21.09,2.33
2002-01-03,0.0,14.21,22.14,9.16,21.27,2.11
2002-01-04,0.0,14.16,21.35,9.49,21.53,1.66
2002-01-05,0.0,14.06,22.2,9.78,20.83,2.04
2002-01-06,0.0,14.51,22.16,9.94,19.64,1.54
2002-01-07,0.0,13.83,22.51,8.56,21.37,2.49
2002-01-08,0.0,14.04,22.51,8.37,18.53,2.36
2002-01-09,0.0,13.81,20.26,9.51,17.06,1.86
2002-01-10,0.0,15.77,23.67,11.32,14.72,1.68
2002-01-11,0.0,14.32,22.98,9.5,21.17,3.21
2002-01-12,0.0,16.94,24.4,11.49,27.83,2.39
2002-01-13,0.46,17.03,23.53,11.54,36.51,5.18
2002-01-14,2.76,13.71,17.33,11.36,53.5,5.75
2002-01-15,0.12,13.15,20.47,7.37,47.44,2.38
2002-01-16,5.43,10.55,15.29,6.29,79.49,3.1
2002-01-17,0.24,10.03,17.65,4.23,51.41,2.21
2002-01-18,0.26,11.39,18.68,5.7,47.94,1.7
2002-01-19,0.04,11.5,19.51,5.17,37.27,2.02
2002-01-20,0.08,10.6,18.91,4.76,57.95,2.21
2002-01-21,0.0,12.35,19.85,6.56,43.05,2.01
2002-01-22,0.0,11.98,19.86,6.66,31.6,1.83
2002-01-23,0.0,12.17,19.02,6.73,30.88,1.89
2002-01-24,0.0,12.22,19.9,6.43,30.2,2.01
2002-01-25,0.0,10.53,18.56,5.21,37.26,2.57
2002-01-26,0.0,10.58,18.49,4.28,37.29,1.98
2002-01-27,0.0,11.13,19.51,5.37,30.69,2.47
2002-01-28,0.0,10.66,19.46,4.46,24.11,2.49
2002-01-29,0.0,11.13,20.12,5.14,20.26,2.31
2002-01-30,0.0,11.82,20.39,5.73,17.54,2.41
2002-01-31,0.0,12.86,21.01,7.02,17.21,1.91
2002-02-01,0.03,12.05,20.56,5.02,21.81,2.43
2002-02-02,0.2,11.66,18.86,6.21,29.28,2.82
2002-02-03,0.0,10.83,20.95,3.27,28.43,3.6
2002-02-04,0.0,12.37,21.49,5.73,15.77,1.9
2002-02-05,0.0,12.38,21.11,4.28,16.88,3.22
2002-02-06,0.12,11.74,19.49,5.21,25.09,3.68
2002-02-07,1.69,10.72,17.65,4.43,33.44,4.4
2002-02-08,0.01,8.88,16.79,3.59,29.3,2.06
2002-02-09,0.0,10.01,17.52,3.74,25.43,1.5
2002-02-10,0.0,10.9,21.77,1.76,24.22,2.64
2002-02-11,0.0,13.98,24.36,6.67,23.05,2.63
2002-02-12,0.0,11.14,19.04,3.75,48.97,2.2
2002-02-13,0.08,12.3,21.59,5.13,28.75,3.69
2002-02-14,0.0,16.1,25.33,8.43,18.14,2.07
2002-02-15,0.1,17.34,26.59,10.95,19.8,2.46
2002-02-16,0.06,18.18,25.34,11.72,30.17,1.72
2002-02-17,0.16,17.28,24.75,10.29,33.95,2.91
2002-02-18,0.0,16.28,25.65,8.97,31.99,2.68
2002-02-19,0.0,17.41,26.62,10.09,26.13,3.1
2002-02-20,0.0,18.81,26.76,12.8,21.55,2.15
2002-02-21,10.08,17.7,23.77,11.76,31.75,1.92
2002-02-22,17.0,13.56,19.8,11.06,68.68,4.28
2002-02-23,0.48,14.65,21.17,9.64,71.11,2.69
2002-02-24,0.01,14.55,22.54,8.42,55.46,2.3
2002-02-25,0.02,14.8,22.71,7.95,42.36,2.03
2002-02-26,0.69,12.52,18.92,8.24,53.23,3.06
2002-02-27,0.0,15.09,24.85,7.42,45.06,2.75
2002-02-28,0.01,15.83,24.41,9.36,47.28,2.24
2002-03-01,0.18,11.97,13.12,10.51,75.87,4.05
2002-03-02,0.23,13.09,18.17,9.24,67.85,1.64
2002-03-03,0.0,14.43,23.01,7.97,55.93,2.84
2002-03-04,0.0,15.77,25.29,7.53,41.37,3.37
2002-03-05,0.0,17.14,27.41,8.97,34.69,3.02
2002-03-06,0.0,18.61,28.3,10.31,30.32,2.25
2002-03-07,0.0,18.31,25.76,13.74,34.71,2.49
2002-03-08,0.1,18.56,26.65,12.64,37.1,3.23
2002-03-09,9.16,16.2,23.4,11.54,56.86,2.78
2002-03-10,0.61,16.63,24.85,10.23,52.68,2.27
2002-03-11,0.12,16.43,26.21,8.76,44.85,2.9
2002-03-12,0.0,18.43,27.53,12.48,39.28,2.67
2002-03-13,0.0,19.49,28.88,12.45,35.65,2.92
2002-03-14,0.0,19.36,29.2,12.03,37.1,2.92
2002-03-15,0.0,20.25,29.87,11.95,36.04,2.98
2002-03-16,0.0,21.91,31.74,12.7,33.77,3.05
2002-03-17,0.0,22.55,33.18,13.61,32.69,3.21
2002-03-18,3.52,23.04,33.63,13.99,35.73,3.26
2002-03-19,0.0,24.75,34.7,16.99,33.48,2.83
2002-03-20,1.16,23.37,29.98,17.56,34.41,2.95
2002-03-21,9.3,21.91,30.47,16.84,50.81,3.28
2002-03-22,0.68,20.94,28.98,14.6,49.41,3.14
2002-03-23,0.13,23.6,31.91,15.21,41.75,2.38
2002-03-24,8.96,20.64,29.8,13.72,48.07,4.94
2002-03-25,0.05,19.21,27.99,12.22,48.77,2.82
2002-03-26,0.0,20.06,29.52,11.97,42.6,2.58
2002-03-27,0.0,21.66,32.03,12.67,36.96,2.95
2002-03-28,0.0,22.98,33.1,14.53,32.99,3.18
2002-03-29,0.02,23.12,33.25,13.98,33.41,3.21
2002-03-30,0.11,23.89,35.24,15.73,32.65,3.81
2002-03-31,0.09,24.68,33.9,17.21,32.91,3.2
2002-04-01,0.01,23.24,32.0,16.61,42.05,3.6
2002-04-02,0.0,22.48,32.44,13.96,31.27,2.8
2002-04-03,0.0,23.15,33.21,14.53,22.33,3.47
2002-04-04,0.03,24.57,32.55,16.56,17.22,2.34
2002-04-05,0.61,23.04,29.38,18.54,24.93,4.47
2002-04-06,6.36,22.22,28.31,16.9,39.77,4.16
2002-04-07,1.12,21.57,30.29,15.12,48.39,3.16
2002-04-08,0.0,22.82,31.62,15.32,39.87,3.01
2002-04-09,0.15,23.95,33.38,15.45,35.24,2.76
2002-04-10,0.0,25.38,34.59,16.78,27.62,3.16
2002-04-11,0.0,26.82,37.09,16.84,21.63,3.36
2002-04-12,0.0,27.14,37.52,17.12,19.8,3.56
2002-04-13,0.0,29.27,37.9,21.63,18.64,2.79
2002-04-14,0.0,29.9,37.68,24.24,17.81,2.02
2002-04-15,0.98,29.27,37.35,22.69,21.43,3.62
2002-04-16,0.2,27.65,36.12,20.14,26.25,2.92
2002-04-17,0.05,28.1,37.19,20.88,23.24,3.05
2002-04-18,0.0,28.08,37.85,19.04,20.24,3.69
2002-04-19,0.0,30.11,39.79,22.23,16.17,3.3
2002-04-20,0.0,30.97,41.27,20.68,15.35,3.33
2002-04-21,0.0,31.53,41.08,22.65,16.67,3.42
2002-04-22,0.27,31.73,41.41,22.35,16.98,2.86
2002-04-23,1.09,28.64,34.94,22.79,26.27,3.58
2002-04-24,2.93,27.93,36.17,19.09,32.55,4.06
2002-04-25,3.71,26.52,34.02,19.49,35.12,2.99
2002-04-26,0.56,24.97,33.77,15.76,32.05,2.77
2002-04-27,0.02,26.92,36.19,18.09,22.91,3.36
2002-04-28,0.04,25.34,34.13,16.78,17.37,4.58
2002-04-29,0.06,25.68,34.79,15.83,14.5,3.03
2002-04-30,0.06,27.31,36.91,19.27,16.27,4.26
2002-05-01,0.02,27.31,35.27,19.25,25.79,3.28
2002-05-02,0.03,29.94,39.44,21.59,21.78,4.23
2002-05-03,0.0,30.0,38.24,21.33,19.41,3.57
2002-05-04,0.0,31.4,40.53,22.51,19.39,3.85
2002-05-05,0.03,32.61,41.84,23.95,16.4,3.06
2002-05-06,0.2,33.17,42.77,23.86,14.57,3.38
2002-05-07,0.08,32.78,42.22,23.73,13.93,3.41
2002-05-08,0.08,33.23,42.47,23.9,13.75,3.37
2002-05-09,0.0,33.96,43.74,24.82,11.6,3.5
2002-05-10,0.02,33.84,43.43,24.31,11.23,4.33
2002-05-11,0.0,34.72,45.3,24.15,8.85,3.5
2002-05-12,0.0,36.14,45.69,24.74,5.68,2.26
2002-05-13,0.15,35.59,44.8,25.45,8.41,4.61
2002-05-14,0.0,36.77,44.96,28.43,14.93,5.45
2002-05-15,6.1,34.44,41.55,27.88,27.39,3.21
2002-05-16,0.0,33.58,41.95,24.88,22.96,3.79
2002-05-17,0.0,33.59,43.11,24.74,14.65,4.11
2002-05-18,0.0,32.58,42.13,24.21,10.1,3.65
2002-05-19,0.0,31.98,41.48,24.07,8.34,3.44
2002-05-20,0.0,31.56,40.85,21.18,6.5,3.09
2002-05-21,0.0,33.26,41.46,24.86,5.98,2.24
2002-05-22,0.0,34.98,44.07,24.83,6.4,2.4
2002-05-23,0.0,35.22,42.92,28.11,13.3,4.63
2002-05-24,0.0,35.46,44.45,25.55,10.7,3.03
2002-05-25,0.0,36.26,44.29,26.0,7.28,2.4
2002-05-26,0.0,35.54,44.11,25.3,6.0,2.41
2002-05-27,0.0,34.94,43.23,24.94,7.56,2.26
2002-05-28,1.31,33.42,40.49,26.48,17.89,3.76
2002-05-29,1.66,31.78,38.24,26.43,33.23,2.39
2002-05-30,0.0,31.64,39.03,23.56,26.46,2.69
2002-05-31,0.06,33.76,41.48,25.71,20.41,2.18
2002-06-01,0.85,33.73,41.29,25.21,16.98,2.28
2002-06-02,0.0,33.98,41.42,25.17,17.07,2.21
2002-06-03,2.82,34.28,41.33,27.23,19.17,1.76
2002-06-04,0.0,34.83,42.43,26.54,18.52,1.94
2002-06-05,0.0,36.09,44.06,26.2,16.38,2.3
2002-06-06,0.64,36.11,43.91,27.78,15.48,2.41
2002-06-07,0.0,36.39,45.56,26.67,9.33,3.01
2002-06-08,0.0,38.11,47.02,28.28,10.03,2.44
2002-06-09,0.0,37.79,46.76,27.68,13.97,4.19
2002-06-10,0.53,36.98,44.57,29.37,18.83,3.03
2002-06-11,0.0,36.68,44.93,28.66,14.59,2.53
2002-06-12,0.03,36.08,43.69,27.06,11.9,2.23
2002-06-13,0.0,35.94,43.75,26.44,11.36,2.35
2002-06-14,5.01,34.57,42.56,26.5,17.77,2.78
2002-06-15,1.67,35.48,43.39,25.91,17.98,2.43
2002-06-16,5.09,34.16,41.44,27.35,22.4,3.58
2002-06-17,28.92,29.95,35.33,25.54,50.98,3.86
2002-06-18,0.44,31.26,38.03,23.44,39.68,2.6
2002-06-19,9.29,30.87,35.61,26.26,46.1,1.94
2002-06-20,0.0,31.49,38.11,24.5,47.73,2.31
2002-06-21,0.0,32.69,39.92,24.65,40.24,2.6
2002-06-22,0.0,34.85,43.53,24.55,34.09,2.28
2002-06-23,0.16,35.71,44.32,27.13,32.57,3.74
2002-06-24,15.01,33.48,40.33,28.05,44.0,3.08
2002-06-25,2.08,33.1,39.75,26.73,43.58,2.27
2002-06-26,0.17,33.42,39.58,26.68,39.26,1.67
2002-06-27,0.1,33.7,40.38,25.46,38.51,1.66
2002-06-28,0.71,34.0,40.51,26.4,37.83,2.16
2002-06-29,0.16,33.93,41.67,26.1,40.08,2.35
2002-06-30,0.0,35.4,43.02,26.63,32.39,2.47
2002-07-01,0.0,36.37,44.6,27.54,23.6,2.52
2002-07-02,0.0,37.19,45.58,28.01,17.97,2.4
2002-07-03,0.0,37.0,46.1,27.31,17.51,2.59
2002-07-04,0.0,37.21,44.71,28.57,21.09,1.86
2002-07-05,0.14,36.02,43.16,28.84,20.46,2.13
2002-07-06,2.78,34.63,41.6,27.28,30.7,2.34
2002-07-07,4.31,33.94,40.16,27.52,29.1,2.53
2002-07-08,0.15,34.21,41.19,25.5,29.42,1.79
2002-07-09,0.0,34.72,42.34,27.01,25.32,2.64
2002-07-10,2.16,34.19,41.48,27.23,27.43,2.31
2002-07-11,0.01,34.67,42.21,26.32,22.2,2.55
2002-07-12,0.0,35.16,42.77,26.22,18.13,2.08
2002-07-13,0.06,35.9,43.97,27.43,17.28,2.24
2002-07-14,0.0,36.29,44.19,27.13,16.75,2.2
2002-07-15,0.07,36.85,43.68,29.27,17.78,1.76
2002-07-16,0.0,37.41,44.39,29.71,17.4,1.61
2002-07-17,0.06,37.63,44.57,29.6,17.92,2.18
2002-07-18,2.63,36.56,43.34,29.66,21.08,2.08
2002-07-19,0.02,36.77,43.48,29.08,20.39,1.86
2002-07-20,5.39,36.82,44.36,29.48,23.41,1.86
2002-07-21,2.38,34.99,42.54,28.44,28.76,2.19
2002-07-22,1.46,33.92,40.28,27.11,32.36,1.51
2002-07-23,6.13,32.88,39.49,26.35,40.34,2.01
2002-07-24,0.04,33.88,41.03,26.19,36.47,1.77
2002-07-25,18.7,33.77,39.84,28.04,42.48,1.5
2002-07-26,1.62,32.93,39.27,26.41,43.5,1.76
2002-07-27,0.08,33.11,39.67,25.63,41.13,2.01
2002-07-28,4.77,32.97,38.81,27.2,45.29,1.83
2002-07-29,0.49,33.23,40.55,26.41,42.02,2.14
2002-07-30,5.66,32.67,38.6,25.38,40.31,2.06
2002-07-31,0.0,33.3,40.12,25.92,37.83,1.94
2002-08-01,0.01,33.52,40.32,25.87,35.33,1.61
2002-08-02,0.0,33.9,41.07,25.36,32.16,1.56
2002-08-03,0.08,34.48,42.71,25.73,30.88,2.11
2002-08-04,1.44,32.99,39.87,26.69,36.32,3.53
2002-08-05,1.03,33.35,40.06,26.75,38.04,1.73
2002-08-06,0.15,34.53,41.29,27.24,35.71,1.73
2002-08-07,0.71,35.41,41.27,29.48,34.28,1.39
2002-08-08,0.4,35.87,42.43,29.08,31.03,1.59
2002-08-09,1.33,35.18,41.78,29.05,31.49,1.68
2002-08-10,0.01,35.8,42.19,29.07,33.01,1.76
2002-08-11,0.15,36.51,43.25,29.97,29.45,2.16
2002-08-12,2.97,35.68,42.33,29.9,34.33,3.05
2002-08-13,12.74,30.69,34.54,26.63,63.87,3.76
2002-08-14,10.45,28.83,34.5,23.41,63.8,3.42
2002-08-15,0.81,28.82,34.0,24.47,63.87,2.57
2002-08-16,0.06,31.37,38.48,23.71,45.42,2.21
2002-08-17,0.0,31.94,39.16,24.36,43.04,1.92
2002-08-18,0.57,32.95,39.84,26.59,41.94,1.63
2002-08-19,0.99,33.51,40.3,26.34,36.9,1.45
2002-08-20,0.57,33.26,41.27,26.34,38.25,1.8
2002-08-21,0.67,32.57,39.88,26.12,37.38,2.88
2002-08-22,4.68,30.6,36.65,25.91,50.83,3.04
2002-08-23,0.83,31.39,37.55,25.51,50.8,1.51
2002-08-24,0.27,31.78,38.41,25.95,51.06,1.86
2002-08-25,9.43,30.53,35.3,26.45,60.39,1.82
2002-08-26,8.47,29.84,34.91,25.89,66.03,1.74
2002-08-27,5.05,30.34,35.82,24.85,62.81,1.75
2002-08-28,1.66,31.77,38.14,25.99,54.16,2.05
2002-08-29,7.79,30.71,36.08,25.76,59.85,1.85
2002-08-30,20.99,28.52,32.83,24.95,71.2,2.0
2002-08-31,1.95,30.14,34.82,25.54,61.37,1.5
2002-09-01,15.45,29.45,34.79,24.17,63.09,1.62
2002-09-02,19.26,27.71,31.88,23.58,68.68,1.35
2002-09-03,1.39,27.07,32.03,22.54,66.21,2.17
2002-09-04,1.54,26.6,31.19,22.39,66.5,2.42
2002-09-05,0.14,27.2,33.51,20.08,49.35,1.5
2002-09-06,0.0,27.2,34.27,19.36,46.0,1.96
2002-09-07,0.0,28.47,35.24,20.85,46.04,2.14
2002-09-08,0.73,28.19,34.51,21.83,51.3,1.76
2002-09-09,0.17,28.14,34.52,21.43,51.33,1.58
2002-09-10,0.18,28.71,35.0,22.91,47.73,1.78
2002-09-11,0.0,28.52,34.74,22.06,46.45,1.61
2002-09-12,0.0,28.64,35.95,21.23,41.56,1.97
2002-09-13,0.35,27.17,35.13,20.36,52.06,2.52
2002-09-14,3.32,26.25,32.26,21.27,69.98,2.35
2002-09-15,0.01,27.54,34.43,21.81,61.87,1.76
2002-09-16,2.95,27.82,34.37,22.07,60.35,2.09
2002-09-17,3.42,26.69,33.05,21.86,60.66,2.32
2002-09-18,0.5,26.44,32.55,20.74,59.45,1.71
2002-09-19,0.08,27.33,33.46,21.69,49.74,1.71
2002-09-20,0.0,27.51,34.65,20.99,48.68,1.98
2002-09-21,0.0,28.44,36.13,20.37,40.81,2.03
2002-09-22,0.0,27.36,36.23,19.37,41.5,2.09
2002-09-23,0.0,27.37,35.54,19.75,39.12,2.05
2002-09-24,0.02,26.86,34.96,20.09,41.09,2.05
2002-09-25,1.86,26.77,34.07,19.0,38.6,1.88
2002-09-26,0.0,26.67,34.72,19.07,37.99,2.59
2002-09-27,0.0,26.37,34.26,18.59,36.87,2.31
2002-09-28,0.0,27.1,35.2,18.93,35.32,1.96
2002-09-29,0.0,27.37,35.52,19.87,32.32,2.04
2002-09-30,0.0,27.51,35.41,19.97,28.85,1.92
2002-10-01,0.0,27.73,36.31,20.74,25.48,2.23
2002-10-02,0.0,27.85,36.67,19.03,23.0,2.14
2002-10-03,0.0,28.1,37.02,19.3,22.31,1.91
2002-10-04,0.0,28.25,37.16,21.79,21.76,1.96
2002-10-05,0.0,27.57,37.01,19.27,22.66,2.23
2002-10-06,0.0,26.91,36.42,19.54,23.63,2.36
2002-10-07,0.0,26.86,36.27,18.49,23.44,2.29
2002-10-08,0.0,27.47,35.73,19.8,23.79,1.81
2002-10-09,1.74,26.69,35.1,19.76,28.6,2.13
2002-10-10,0.0,25.73,33.5,19.04,30.49,2.37
2002-10-11,0.0,24.82,32.11,18.74,31.58,2.02
2002-10-12,0.0,24.31,31.96,18.76,34.4,2.26
2002-10-13,12.64,22.63,29.12,17.09,52.89,2.01
2002-10-14,1.12,22.77,30.05,16.93,55.2,2.07
2002-10-15,0.0,23.64,31.16,17.12,50.71,1.85
2002-10-16,0.0,24.35,31.34,17.39,47.75,1.85
2002-10-17,0.15,24.63,31.97,17.61,46.14,1.95
2002-10-18,0.0,24.19,31.65,17.4,42.1,2.23
2002-10-19,0.0,24.51,32.64,17.81,36.25,1.88
2002-10-20,0.02,23.79,32.45,15.88,34.96,2.1
2002-10-21,1.22,22.49,31.5,15.66,38.2,2.52
2002-10-22,0.3,22.28,29.74,17.0,38.95,2.04
2002-10-23,0.0,22.87,30.33,16.11,36.82,1.8
2002-10-24,0.0,21.69,29.6,14.49,37.23,2.12
2002-10-25,0.0,22.47,31.05,15.48,31.85,2.68
2002-10-26,0.0,22.35,31.46,14.77,28.14,2.69
2002-10-27,0.0,22.59,30.75,14.87,26.85,2.36
2002-10-28,0.0,22.93,31.63,16.43,26.13,2.4
2002-10-29,0.0,22.95,30.97,15.35,27.17,2.2
2002-10-30,0.0,23.3,30.87,16.11,28.86,1.78
2002-10-31,0.0,22.52,30.38,16.04,30.4,2.31
2002-11-01,0.0,22.14,30.63,15.95,30.64,2.64
2002-11-02,0.0,22.0,30.78,14.43,26.65,2.56
2002-11-03,0.0,21.99,30.15,14.33,23.32,2.14
2002-11-04,0.0,20.5,26.37,14.36,24.87,1.88
2002-11-05,0.0,21.71,29.43,16.36,26.64,2.69
2002-11-06,0.0,21.71,28.82,16.0,34.72,2.39
2002-11-07,0.2,19.0,25.05,15.48,51.49,2.39
2002-11-08,0.0,20.24,27.35,15.32,39.68,1.92
2002-11-09,0.0,20.15,27.88,13.41,35.4,2.29
2002-11-10,0.01,17.78,21.91,15.2,45.66,2.67
2002-11-11,0.21,19.28,26.72,14.26,35.47,1.99
2002-11-12,0.0,17.23,22.96,13.41,41.47,2.5
2002-11-13,0.0,17.9,25.57,12.38,41.15,2.39
2002-11-14,0.0,18.58,26.88,13.26,32.23,3.08
2002-11-15,0.0,19.76,27.73,14.19,23.89,2.27
2002-11-16,0.0,19.64,28.24,13.37,24.39,3.02
2002-11-17,0.0,20.02,28.17,14.09,26.4,2.93
2002-11-18,0.0,19.79,28.97,13.02,24.12,2.67
2002-11-19,0.0,18.26,26.81,12.46,25.09,3.38
2002-11-20,0.0,18.64,27.98,12.2,15.03,2.69
2002-11-21,0.0,18.27,27.42,12.17,12.71,2.41
2002-11-22,0.0,17.78,27.4,11.29,14.14,2.95
2002-11-23,0.0,18.51,27.91,12.54,13.74,2.32
2002-11-24,0.0,18.49,27.39,13.25,14.44,2.29
2002-11-25,0.0,17.79,26.99,11.05,12.16,2.31
2002-11-26,0.0,18.37,26.95,11.21,12.29,1.91
2002-11-27,0.0,17.23,25.89,10.82,14.03,2.14
2002-11-28,8.64,15.68,23.72,9.41,30.62,2.19
2002-11-29,0.0,15.83,23.68,10.53,28.25,2.08
2002-11-30,0.0,16.34,24.03,11.24,29.23,2.61
2002-12-01,0.0,14.9,24.04,9.55,34.05,2.79
2002-12-02,0.0,15.99,23.11,11.39,28.42,2.16
2002-12-03,0.0,14.66,21.66,9.6,31.34,2.17
2002-12-04,0.01,13.35,20.81,8.24,33.37,3.24
2002-12-05,0.02,11.92,19.55,7.77,39.97,2.61
2002-12-06,0.0,11.45,19.99,6.41,32.42,2.61
2002-12-07,0.0,13.18,22.16,7.12,28.07,2.14
2002-12-08,0.0,12.96,21.95,7.67,23.03,2.46
2002-12-09,0.0,13.63,23.92,6.66,17.23,3.0
2002-12-10,0.0,17.08,24.79,12.51,13.85,1.59
2002-12-11,0.0,16.04,22.64,11.56,16.64,2.1
2002-12-12,0.0,13.06,19.22,10.09,29.74,2.17
2002-12-13,0.01,15.34,22.23,11.53,43.04,2.89
2002-12-14,0.1,15.66,22.21,11.53,52.23,3.42
2002-12-15,0.0,17.25,24.66,12.27,51.15,2.65
2002-12-16,0.0,18.43,24.55,13.64,39.05,1.99
2002-12-17,0.0,16.1,24.32,10.54,39.61,2.64
2002-12-18,0.02,16.02,23.58,10.75,35.08,2.2
2002-12-19,0.78,15.29,21.09,11.01,45.15,2.82
2002-12-20,2.8,13.16,19.32,8.92,56.18,2.48
2002-12-21,0.0,13.24,22.43,7.54,48.79,3.02
2002-12-22,0.0,14.87,22.91,9.83,30.94,2.31
2002-12-23,1.79,13.15,19.17,9.69,41.73,2.56
2002-12-24,8.11,11.59,15.37,8.94,68.87,1.83
2002-12-25,0.0,11.31,17.99,6.96,69.75,2.19
2002-12-26,0.2,11.63,17.41,8.03,58.24,1.62
2002-12-27,0.0,10.71,18.83,6.21,56.07,2.66
2002-12-28,0.0,10.7,18.72,6.24,44.76,2.76
2002-12-29,0.0,11.21,19.06,5.85,36.24,1.82
2002-12-30,0.0,10.26,16.96,5.3,42.74,2.24
2002-12-31,0.0,10.47,19.9,4.81,39.46,3.57
2003-01-01,0.0,11.58,19.4,6.01,32.49,1.75
2003-01-02,0.0,10.01,17.8,5.39,36.59,2.31
2003-01-03,0.0,8.89,16.46,4.19,40.96,3.61
2003-01-04,0.0,10.92,19.48,6.41,34.54,2.96
2003-01-05,0.0,12.86,20.89,8.02,27.89,1.68
2003-01-06,0.0,12.18,18.86,7.12,30.0,1.42
2003-01-07,0.0,10.36,18.76,6.06,36.48,2.82
2003-01-08,0.0,10.09,18.15,5.18,31.91,2.22
2003-01-09,0.0,10.1,17.88,6.16,32.2,2.15
2003-01-10,0.0,10.08,19.25,5.15,34.87,2.91
2003-01-11,0.0,11.96,20.21,7.16,25.97,1.91
2003-01-12,0.0,11.62,18.95,5.27,30.69,2.13
2003-01-13,0.0,10.94,21.03,5.02,30.68,3.32
2003-01-14,0.0,13.34,22.06,8.95,22.45,2.37
2003-01-15,0.0,14.43,21.57,9.67,22.53,1.64
2003-01-16,0.0,13.88,21.25,9.48,27.63,2.55
2003-01-17,0.0,15.01,23.0,10.03,25.68,2.02
2003-01-18,0.0,14.67,19.36,10.53,23.8,1.33
2003-01-19,0.0,14.21,22.61,9.24,20.46,1.96
2003-01-20,0.0,13.85,22.51,9.17,19.19,2.13
2003-01-21,0.0,12.63,18.72,9.27,22.2,2.37
2003-01-22,0.0,14.88,23.05,10.24,19.49,2.39
2003-01-23,0.0,14.53,23.2,8.9,28.69,2.51
2003-01-24,0.0,13.75,22.81,6.96,28.13,2.81
2003-01-25,0.0,15.16,22.03,10.15,23.53,2.56
2003-01-26,0.01,13.89,23.65,8.18,34.87,3.59
2003-01-27,1.87,13.1,19.43,9.32,59.05,2.27
2003-01-28,9.46,11.82,17.71,7.94,74.55,3.19
2003-01-29,0.25,11.45,17.8,7.01,72.3,2.22
2003-01-30,0.47,10.26,13.97,6.72,79.25,2.28
2003-01-31,1.06,9.95,16.91,5.23,71.76,2.27
2003-02-01,1.77,10.93,17.74,6.04,57.79,2.05
2003-02-02,0.14,10.17,17.62,5.14,63.57,2.16
2003-02-03,0.12,11.73,21.82,4.58,42.46,2.44
2003-02-04,0.0,13.76,22.6,7.99,34.81,2.19
2003-02-05,0.0,14.34,23.29,6.69,31.72,2.34
2003-02-06,0.05,14.98,21.35,11.18,36.54,2.35
2003-02-07,0.45,13.71,19.75,9.05,46.07,2.43
2003-02-08,0.0,11.88,20.02,6.51,45.22,2.5
2003-02-09,0.0,12.57,21.01,6.11,36.39,2.1
2003-02-10,0.0,13.51,22.33,6.09,34.05,2.16
2003-02-11,0.0,14.13,22.51,8.16,34.51,2.0
2003-02-12,0.0,12.73,20.2,7.79,37.88,2.66
2003-02-13,0.0,14.98,22.67,9.1,35.01,2.54
2003-02-14,0.0,14.98,23.66,7.12,36.18,2.62
2003-02-15,1.42,16.04,23.23,10.34,35.29,2.43
2003-02-16,6.42,11.72,13.45,10.08,72.1,5.06
2003-02-17,25.63,11.71,13.97,9.84,86.68,8.19
2003-02-18,32.54,10.36,11.53,8.26,93.43,4.35
2003-02-19,20.83,10.0,12.35,7.99,92.71,3.52
2003-02-20,0.07,10.19,16.04,6.2,69.44,2.87
2003-02-21,0.0,11.61,19.44,3.93,52.59,2.98
2003-02-22,0.0,13.61,22.03,6.62,53.3,3.12
2003-02-23,1.9,14.33,19.1,10.69,71.44,2.51
2003-02-24,0.11,15.46,21.29,10.76,68.1,2.33
2003-02-25,0.02,15.53,22.57,10.61,62.26,2.62
2003-02-26,0.05,16.49,24.28,9.19,53.21,2.4
2003-02-27,3.07,16.85,23.14,11.7,66.55,3.15
2003-02-28,1.91,16.97,22.15,12.66,78.26,2.13
2003-03-01,16.09,15.83,22.06,12.98,82.71,3.72
2003-03-02,10.61,13.32,18.48,7.12,74.93,2.93
2003-03-03,0.95,10.23,16.26,6.13,44.22,3.02
2003-03-04,0.19,9.59,16.92,4.21,42.67,3.08
2003-03-05,0.0,11.1,20.26,2.0,40.19,3.63
2003-03-06,0.0,13.21,22.49,4.39,42.65,3.11
2003-03-07,0.0,13.33,22.98,5.21,44.56,3.83
2003-03-08,0.0,13.73,22.32,5.48,41.46,3.4
2003-03-09,0.15,14.99,22.54,10.84,49.74,3.11
2003-03-10,2.57,15.36,23.39,9.97,55.21,3.25
2003-03-11,0.51,16.59,24.65,8.29,47.58,2.04
2003-03-12,0.0,17.78,25.44,10.61,44.1,1.81
2003-03-13,0.0,17.99,24.77,11.88,48.71,2.24
2003-03-14,0.05,17.64,23.89,13.37,57.54,3.23
2003-03-15,1.07,18.41,25.61,12.63,54.83,3.25
2003-03-16,0.01,18.44,25.91,10.92,46.46,2.7
2003-03-17,0.39,17.18,25.72,10.25,51.31,2.59
2003-03-18,0.03,17.97,25.9,9.8,48.27,2.11
2003-03-19,0.0,17.77,25.23,11.67,51.56,3.59
2003-03-20,0.0,18.98,28.19,11.44,48.63,3.59
2003-03-21,0.0,21.43,30.55,13.3,39.85,3.26
2003-03-22,0.02,20.37,27.54,15.47,48.99,2.89
2003-03-23,0.25,20.06,27.29,14.79,57.46,2.66
2003-03-24,0.05,22.66,29.64,15.54,50.45,1.41
2003-03-25,0.03,22.25,29.56,15.75,52.6,2.09
2003-03-26,0.0,21.26,30.42,13.65,46.66,3.07
2003-03-27,0.05,20.24,29.36,13.32,45.1,2.83
2003-03-28,11.98,17.64,21.42,14.81,65.6,3.31
2003-03-29,1.76,19.44,27.31,12.41,62.61,2.27
2003-03-30,0.12,20.25,28.13,13.8,54.77,2.44
2003-03-31,0.11,20.79,28.98,13.53,52.76,2.98
2003-04-01,0.0,22.39,30.5,15.15,45.6,3.04
2003-04-02,1.35,21.52,30.2,14.53,44.28,3.76
2003-04-03,0.22,21.51,29.95,14.51,46.08,2.79
2003-04-04,0.84,19.12,26.66,14.1,42.72,3.87
2003-04-05,0.04,19.88,29.03,11.13,42.01,2.3
2003-04-06,0.0,21.2,30.39,13.41,41.2,3.41
2003-04-07,0.0,23.3,33.72,14.7,38.69,3.32
2003-04-08,0.0,25.54,35.49,16.47,33.91,3.06
2003-04-09,0.0,26.85,36.1,17.49,33.33,2.33
2003-04-10,0.0,26.8,35.97,17.89,37.32,2.67
2003-04-11,0.0,27.9,36.32,20.71,36.96,2.17
2003-04-12,0.0,27.68,36.75,19.11,37.04,2.93
2003-04-13,0.05,28.26,37.2,19.22,36.74,2.28
2003-04-14,2.58,26.79,34.08,21.8,44.1,2.64
2003-04-15,1.94,22.35,30.18,17.45,59.67,3.25
2003-04-16,0.61,22.82,29.87,16.14,60.44,1.99
2003-04-17,0.0,25.27,34.93,16.5,41.08,3.19
2003-04-18,2.1,24.67,32.66,19.05,42.84,3.0
2003-04-19,9.69,17.85,21.36,14.67,67.7,3.89
2003-04-20,0.0,21.35,29.34,14.25,47.04,2.62
2003-04-21,0.01,22.34,31.45,13.44,38.99,3.27
2003-04-22,0.0,26.21,35.93,16.04,34.36,3.27
2003-04-23,0.0,28.68,38.23,19.62,34.35,3.16
2003-04-24,0.2,29.56,38.18,22.57,30.29,4.06
2003-04-25,1.3,28.57,37.58,20.62,32.58,3.01
2003-04-26,1.07,25.2,34.3,19.39,36.27,5.03
2003-04-27,0.13,25.45,32.92,19.1,41.35,2.74
2003-04-28,0.03,27.56,36.52,19.02,35.16,2.63
2003-04-29,0.0,28.87,38.03,19.55,31.06,2.38
2003-04-30,4.01,29.49,37.99,20.61,32.38,2.72
2003-05-01,4.67,28.82,37.5,21.2,40.04,5.27
2003-05-02,0.39,26.91,36.12,16.11,31.37,5.78
2003-05-03,0.88,22.87,30.93,13.9,27.88,2.24
2003-05-04,1.17,23.51,31.82,14.91,28.48,2.34
2003-05-05,0.0,23.57,30.86,14.68,21.0,2.44
2003-05-06,0.0,25.08,34.42,15.14,20.17,3.35
2003-05-07,0.0,26.71,36.22,16.55,20.92,3.29
2003-05-08,0.0,28.57,37.85,19.14,16.63,3.1
2003-05-09,0.0,29.13,38.61,19.07,16.42,3.15
2003-05-10,0.01,29.74,38.75,21.11,17.29,2.19
2003-05-11,0.0,30.06,38.42,21.39,17.51,2.34
2003-05-12,0.69,30.51,39.12,22.53,17.59,4.02
2003-05-13,0.13,29.25,37.97,20.4,20.74,2.41
2003-05-14,0.02,30.35,38.5,20.9,16.93,2.58
2003-05-15,0.27,30.23,38.45,23.39,16.16,3.14
2003-05-16,0.0,30.42,39.66,20.8,15.1,3.52
2003-05-17,0.0,32.07,40.75,21.91,13.25,3.36
2003-05-18,0.0,32.91,41.53,24.99,10.27,2.79
2003-05-19,0.02,33.39,41.31,24.35,10.72,2.22
2003-05-20,0.15,33.54,41.53,26.64,14.32,2.88
2003-05-21,0.01,32.54,39.38,26.82,17.08,3.77
2003-05-22,1.48,33.18,41.23,25.7,21.73,3.57
2003-05-23,0.03,33.04,39.79,26.58,21.16,2.75
2003-05-24,2.83,31.77,38.03,25.23,25.51,2.18
2003-05-25,5.08,29.98,36.29,23.42,30.44,1.61
2003-05-26,0.11,29.17,35.99,23.32,34.34,4.14
2003-05-27,0.04,31.1,39.57,22.67,23.34,3.86
2003-05-28,0.01,29.69,38.45,20.24,17.74,2.86
2003-05-29,0.0,30.18,37.87,21.87,17.89,2.6
2003-05-30,0.0,31.9,40.98,22.24,16.87,4.17
2003-05-31,0.0,33.54,42.56,23.87,15.91,3.4
2003-06-01,0.0,34.83,42.66,25.98,17.06,3.42
2003-06-02,0.0,35.48,44.21,27.27,14.22,2.65
2003-06-03,0.01,37.15,45.68,26.59,14.16,2.55
2003-06-04,0.01,36.88,45.64,29.69,11.43,3.36
2003-06-05,0.0,36.17,45.01,26.15,9.54,3.15
2003-06-06,0.0,37.08,46.51,26.34,7.11,3.21
2003-06-07,0.0,38.31,46.7,29.02,6.19,2.51
2003-06-08,1.05,38.25,46.02,29.01,12.82,4.83
2003-06-09,23.07,35.39,43.07,25.89,29.81,5.79
2003-06-10,0.52,32.68,40.37,25.09,38.57,2.38
2003-06-11,0.21,32.72,40.01,24.13,33.31,2.42
2003-06-12,7.7,31.67,38.98,25.09,39.84,2.77
2003-06-13,0.0,32.5,40.36,23.31,31.36,2.92
2003-06-14,0.0,33.58,42.09,23.8,28.14,2.45
2003-06-15,0.01,34.43,43.08,24.83,25.53,2.44
2003-06-16,0.0,35.46,43.68,24.62,20.07,2.45
2003-06-17,0.21,35.88,43.22,26.69,20.43,2.34
2003-06-18,3.09,34.46,40.82,27.72,25.6,2.02
2003-06-19,0.0,33.86,39.69,27.27,28.16,1.98
2003-06-20,0.01,34.84,41.36,27.17,27.82,2.2
2003-06-21,4.65,34.15,41.05,26.94,31.72,2.19
2003-06-22,0.61,33.67,39.61,26.98,32.17,3.19
2003-06-23,0.0,35.11,42.07,28.14,30.44,2.36
2003-06-24,0.0,35.35,42.0,27.7,25.01,2.43
2003-06-25,0.18,36.08,42.69,28.42,24.6,1.46
2003-06-26,0.06,35.58,41.48,28.36,31.96,2.23
2003-06-27,9.94,34.97,39.93,29.3,37.48,1.2
2003-06-28,0.87,32.81,38.78,28.3,47.59,2.05
2003-06-29,0.64,33.07,39.03,26.57,46.9,1.71
2003-06-30,0.12,34.09,40.43,27.63,40.89,1.7
2003-07-01,18.44,33.66,40.08,27.04,46.11,1.75
2003-07-02,0.0,34.22,40.66,26.36,39.58,1.71
2003-07-03,0.06,34.26,41.31,26.14,42.3,2.19
2003-07-04,0.03,34.19,41.18,27.05,42.69,2.3
2003-07-05,27.29,31.42,36.22,26.86,54.98,2.61
2003-07-06,1.29,30.81,36.45,25.82,62.52,1.35
2003-07-07,3.92,30.79,35.41,25.9,61.38,1.81
2003-07-08,5.08,31.79,36.7,26.75,56.0,1.95
2003-07-09,16.44,30.45,34.77,26.09,62.25,1.32
2003-07-10,3.96,29.41,34.28,25.54,62.03,1.68
2003-07-11,0.42,30.91,37.59,24.73,55.71,2.35
2003-07-12,4.52,31.17,36.37,26.05,55.4,1.63
2003-07-13,13.98,29.78,33.93,25.63,62.79,2.29
2003-07-14,0.07,31.55,37.27,24.95,50.23,1.76
2003-07-15,0.56,31.84,38.55,24.68,51.53,2.01
2003-07-16,23.37,30.08,34.39,26.16,67.81,2.04
2003-07-17,2.5,29.85,34.78,25.52,69.62,2.63
2003-07-18,0.0,31.27,36.9,25.75,61.75,1.7
2003-07-19,0.02,31.57,36.49,25.87,63.82,1.74
2003-07-20,8.08,32.84,37.24,27.66,62.09,1.76
2003-07-21,24.01,31.59,35.56,26.84,67.04,2.05
2003-07-22,1.29,29.43,34.49,24.74,72.25,2.5
2003-07-23,1.52,30.96,35.45,26.11,66.39,1.82
2003-07-24,4.89,30.72,35.01,26.71,68.21,1.95
2003-07-25,2.58,31.4,36.48,27.02,66.85,1.62
2003-07-26,5.3,31.0,35.98,26.61,68.56,1.98
2003-07-27,13.16,30.63,35.16,26.24,70.95,1.72
2003-07-28,14.49,28.53,31.13,26.44,75.01,3.39
2003-07-29,2.21,28.29,33.06,25.21,75.83,2.93
2003-07-30,0.58,30.14,34.81,25.05,66.76,1.43
2003-07-31,9.01,31.6,36.9,26.44,66.54,1.76
2003-08-01,15.03,30.0,33.93,26.1,71.92,1.59
2003-08-02,9.06,28.87,32.92,25.34,75.87,2.0
2003-08-03,11.79,27.79,31.45,24.74,81.79,2.98
2003-08-04,6.84,26.53,29.9,24.05,83.13,3.53
2003-08-05,0.31,28.0,32.82,23.43,72.83,1.68
2003-08-06,0.0,29.7,35.23,24.24,65.03,1.57
2003-08-07,3.07,29.97,34.33,24.62,67.56,1.71
2003-08-08,15.58,30.17,34.68,25.85,70.26,1.95
2003-08-09,10.4,30.44,34.38,26.21,69.73,1.46
2003-08-10,3.78,30.12,34.74,26.28,65.72,2.06
2003-08-11,0.27,30.27,35.33,24.92,58.95,1.78
2003-08-12,0.1,30.25,34.97,24.74,59.3,1.47
2003-08-13,0.17,30.49,35.29,25.5,55.82,1.42
2003-08-14,0.01,30.56,36.11,24.44,54.69,1.63
2003-08-15,0.44,29.43,35.28,23.8,59.87,2.07
2003-08-16,0.25,30.36,36.45,24.39,61.95,1.81
2003-08-17,3.19,30.43,35.65,25.54,66.06,1.83
2003-08-18,7.81,30.54,35.88,26.18,66.56,2.07
2003-08-19,20.2,27.75,32.08,24.66,75.27,3.11
2003-08-20,19.67,27.4,31.51,23.75,74.02,2.65
2003-08-21,11.54,26.78,31.32,22.88,70.63,2.05
2003-08-22,0.05,28.05,32.18,22.83,61.74,1.59
2003-08-23,0.0,28.95,35.08,23.11,59.25,1.85
2003-08-24,0.0,28.92,34.87,23.28,62.93,1.83
2003-08-25,0.41,29.42,34.91,24.26,64.72,1.75
2003-08-26,0.47,29.36,34.71,24.84,68.7,1.77
2003-08-27,1.14,28.98,34.31,24.85,71.12,2.01
2003-08-28,0.1,28.95,34.93,24.13,68.48,1.8
2003-08-29,10.41,28.92,34.38,24.42,70.14,1.66
2003-08-30,2.63,29.01,33.35,24.68,69.56,1.68
2003-08-31,0.16,29.75,34.92,24.18,61.57,1.69
2003-09-01,0.09,30.4,35.69,25.12,60.25,1.57
2003-09-02,0.43,30.12,36.16,25.15,63.66,1.95
2003-09-03,13.29,29.15,33.88,25.13,69.83,2.29
2003-09-04,18.05,27.52,31.96,24.29,74.92,3.37
2003-09-05,1.15,27.17,31.58,23.44,71.4,1.71
2003-09-06,1.19,27.14,31.71,22.56,65.92,1.79
2003-09-07,1.02,27.92,33.41,22.66,56.64,1.49
2003-09-08,3.39,27.67,32.46,22.42,58.4,1.48
2003-09-09,0.34,28.0,33.8,22.37,57.2,1.81
2003-09-10,0.01,27.86,34.52,21.44,57.74,2.04
2003-09-11,0.2,28.92,35.42,23.14,54.85,1.62
2003-09-12,3.03,28.81,35.19,22.61,58.59,1.97
2003-09-13,1.03,28.78,34.75,23.5,62.99,1.72
2003-09-14,0.54,27.43,32.4,23.79,67.06,1.68
2003-09-15,0.69,28.81,34.14,24.1,61.43,2.02
2003-09-16,0.0,28.8,34.91,23.88,58.31,1.96
2003-09-17,0.0,29.18,35.71,23.63,54.27,1.93
2003-09-18,0.0,29.05,36.17,22.95,53.55,2.01
2003-09-19,0.0,29.59,35.99,23.14,52.11,1.82
2003-09-20,0.0,29.72,36.9,23.12,54.72,1.82
2003-09-21,0.0,29.86,36.65,23.58,52.99,1.87
2003-09-22,0.0,29.93,37.2,23.46,53.51,2.03
2003-09-23,20.36,27.92,34.64,22.93,62.55,2.43
2003-09-24,45.59,24.68,28.14,21.73,78.94,3.2
2003-09-25,5.82,24.52,28.88,21.03,75.79,2.63
2003-09-26,0.01,24.12,28.32,19.73,64.18,1.38
2003-09-27,0.19,23.81,28.41,19.58,63.89,1.43
2003-09-28,14.01,21.93,28.59,17.05,66.73,3.01
2003-09-29,0.0,22.79,29.42,16.21,55.96,2.08
2003-09-30,0.0,23.09,29.56,16.96,43.03,1.93
2003-10-01,0.0,22.69,30.21,15.51,43.52,2.38
2003-10-02,0.0,23.51,31.1,16.31,42.85,2.19
2003-10-03,0.0,24.87,31.88,17.72,38.8,2.05
2003-10-04,0.0,25.29,33.11,18.18,37.48,2.5
2003-10-05,0.0,23.99,32.38,17.1,43.46,2.38
2003-10-06,0.0,23.2,30.56,16.85,49.22,2.71
2003-10-07,0.12,23.38,29.83,17.23,53.46,2.25
2003-10-08,7.06,23.19,30.03,18.71,53.95,2.17
2003-10-09,0.46,22.27,29.42,16.96,53.49,2.7
2003-10-10,1.5,21.55,29.53,14.78,50.85,2.87
2003-10-11,0.0,22.27,29.68,16.27,43.59,2.32
2003-10-12,0.0,20.86,29.58,13.82,43.94,2.9
2003-10-13,0.0,21.1,29.92,13.7,41.19,2.61
2003-10-14,0.0,21.89,30.03,14.36,38.6,2.39
2003-10-15,0.0,22.26,30.81,14.63,38.78,2.07
2003-10-16,0.0,22.13,30.9,14.58,40.2,2.34
2003-10-17,0.0,22.04,30.41,15.07,40.8,2.35
2003-10-18,0.0,22.74,31.37,14.91,39.73,2.2
2003-10-19,0.0,23.46,31.29,16.22,38.55,1.87
2003-10-20,0.0,22.9,30.95,15.5,40.66,2.22
2003-10-21,0.0,23.41,32.1,15.19,34.31,2.73
2003-10-22,0.0,22.11,31.33,14.0,36.24,2.58
2003-10-23,0.0,21.69,30.63,14.98,37.69,2.42
2003-10-24,0.0,21.43,30.71,14.04,41.04,2.41
2003-10-25,0.0,21.3,29.5,14.62,43.45,2.24
2003-10-26,0.0,21.12,28.96,14.55,44.68,1.97
2003-10-27,0.0,21.09,29.16,14.78,46.41,2.04
2003-10-28,0.0,21.2,29.35,15.87,46.04,2.54
2003-10-29,0.0,21.81,29.94,15.62,38.9,2.17
2003-10-30,0.0,21.36,29.48,15.68,38.18,2.25
2003-10-31,0.0,21.55,29.59,15.32,33.77,1.99
2003-11-01,0.0,20.31,29.15,13.29,36.61,2.23
2003-11-02,0.0,20.2,28.82,13.08,37.21,2.25
2003-11-03,0.0,20.71,28.93,14.5,36.45,2.47
2003-11-04,0.0,19.36,28.3,14.38,43.18,2.62
2003-11-05,0.55,18.46,26.49,13.21,46.9,3.24
2003-11-06,0.0,18.95,25.79,14.17,44.71,2.07
2003-11-07,0.0,17.75,26.06,12.7,48.89,2.74
2003-11-08,0.01,17.18,24.4,12.89,41.37,3.95
2003-11-09,0.42,17.05,26.04,11.75,44.79,2.67
2003-11-10,0.0,17.63,27.48,11.12,36.97,3.23
2003-11-11,0.0,18.98,27.78,12.96,28.65,2.03
2003-11-12,0.0,17.38,25.28,13.5,35.02,2.09
2003-11-13,0.0,18.31,25.97,13.85,33.79,1.78
2003-11-14,0.0,15.42,20.41,11.32,45.66,3.0
2003-11-15,0.26,14.58,20.62,10.68,53.01,2.53
2003-11-16,1.57,14.9,19.84,10.68,58.04,2.59
2003-11-17,0.57,13.75,19.07,10.26,67.63,2.36
2003-11-18,0.01,12.78,20.99,7.21,56.64,2.44
2003-11-19,0.0,14.43,22.78,9.15,46.04,2.19
2003-11-20,0.0,14.62,24.11,9.52,40.64,2.76
2003-11-21,0.0,15.65,24.09,10.36,25.91,1.93
2003-11-22,0.0,14.97,23.78,9.24,25.74,1.92
2003-11-23,0.0,15.56,23.62,9.85,23.04,1.92
2003-11-24,0.0,14.26,23.97,8.72,25.52,3.1
2003-11-25,0.0,14.52,25.62,7.86,21.87,3.12
2003-11-26,0.0,16.79,25.73,11.02,16.54,1.98
2003-11-27,0.0,14.85,24.39,9.22,19.32,2.5
2003-11-28,0.0,14.04,23.77,7.89,18.89,2.28
2003-11-29,0.0,13.68,23.18,8.87,19.16,2.5
2003-11-30,0.0,15.04,23.03,9.13,18.84,2.14
2003-12-01,0.0,15.54,23.34,10.55,19.24,2.1
2003-12-02,0.0,17.07,25.07,11.89,21.76,2.0
2003-12-03,0.0,15.68,24.33,10.62,28.58,2.67
2003-12-04,0.0,15.97,24.09,9.71,32.37,2.34
2003-12-05,0.0,15.96,24.81,10.49,31.76,2.39
2003-12-06,0.0,15.52,24.8,10.03,29.24,3.72
2003-12-07,0.0,17.1,26.49,11.53,22.23,2.91
2003-12-08,0.32,17.77,25.85,11.49,27.55,2.48
2003-12-09,0.86,15.64,22.74,10.78,49.62,2.25
2003-12-10,0.01,15.41,23.46,10.67,44.99,2.55
2003-12-11,0.05,15.51,23.18,10.08,35.84,2.25
2003-12-12,2.7,14.64,20.94,10.14,51.8,2.56
2003-12-13,22.8,14.08,17.74,11.41,76.22,3.7
2003-12-14,5.77,13.22,18.19,9.53,76.75,1.96
2003-12-15,0.7,12.45,18.74,7.77,68.17,2.01
2003-12-16,0.01,11.77,18.16,7.32,57.39,1.65
2003-12-17,0.0,11.21,19.04,5.61,49.5,2.46
2003-12-18,0.0,13.03,20.34,7.36,45.06,1.84
2003-12-19,0.0,12.8,20.29,8.99,46.21,2.36
2003-12-20,0.0,12.55,20.31,7.07,43.27,2.21
2003-12-21,0.0,12.37,20.3,6.27,41.97,2.07
2003-12-22,0.13,12.62,19.8,8.25,45.02,2.42
2003-12-23,0.13,10.85,16.53,6.77,64.04,1.96
2003-12-24,0.0,10.05,17.88,5.35,59.5,2.98
2003-12-25,0.0,11.35,17.34,6.75,46.95,1.51
2003-12-26,0.0,10.07,16.12,5.26,49.77,2.04
2003-12-27,0.03,10.33,17.03,5.58,52.84,1.96
2003-12-28,0.14,8.71,17.87,3.55,51.71,3.42
2003-12-29,0.0,11.76,20.01,5.49,36.72,2.23
2003-12-30,0.0,12.26,18.8,8.56,48.8,2.65
2003-12-31,0.06,11.68,17.19,7.08,60.52,1.93
2004-01-01,1.58,10.62,16.82,7.2,68.79,2.79
2004-01-02,0.0,10.04,16.39,6.99,56.44,2.19
2004-01-03,0.0,9.31,15.94,5.16,52.34,1.8
2004-01-04,0.01,8.83,16.87,3.8,50.45,2.39
2004-01-05,0.08,8.06,10.91,5.25,65.17,2.68
2004-01-06,0.0,8.29,15.62,3.03,69.42,2.71
2004-01-07,0.0,11.01,18.57,6.29,46.99,2.49
2004-01-08,0.01,10.9,16.6,7.77,54.62,2.64
2004-01-09,0.0,11.88,19.87,6.54,58.01,3.26
2004-01-10,0.0,13.91,21.06,9.57,42.23,1.76
2004-01-11,0.0,14.39,22.38,9.18,42.46,2.57
2004-01-12,0.01,15.02,21.55,11.14,44.89,2.08
2004-01-13,0.03,14.75,22.7,9.1,52.69,2.75
2004-01-14,0.0,14.28,22.76,8.66,50.99,2.82
2004-01-15,0.0,16.79,24.76,10.82,43.02,2.49
2004-01-16,0.0,16.08,23.58,12.33,50.6,3.51
2004-01-17,2.92,12.84,15.99,10.77,73.13,3.04
2004-01-18,0.0,11.53,19.28,6.82,64.19,2.75
2004-01-19,0.0,10.77,17.29,6.1,44.7,2.13
2004-01-20,0.0,11.55,17.72,7.31,45.41,2.01
2004-01-21,11.67,9.65,11.7,7.14,81.0,4.22
2004-01-22,21.22,9.03,12.35,7.11,84.76,3.76
2004-01-23,15.89,8.83,11.58,5.92,87.18,2.53
2004-01-24,0.05,9.02,16.38,4.88,67.29,1.99
2004-01-25,0.0,9.74,15.82,5.44,54.07,2.11
2004-01-26,0.0,11.08,17.97,6.68,45.71,2.19
2004-01-27,0.0,10.21,18.15,4.25,48.72,2.44
2004-01-28,0.02,9.18,14.13,5.46,55.84,1.84
2004-01-29,1.6,7.75,8.96,6.17,77.68,2.55
2004-01-30,9.57,6.75,8.51,4.91,88.43,3.13
2004-01-31,0.86,7.75,13.14,3.8,78.83,1.88
2004-02-01,0.0,8.26,15.82,3.27,60.14,2.31
2004-02-02,0.0,8.67,17.94,2.4,48.98,3.16
2004-02-03,0.0,10.27,19.21,1.81,38.23,2.77
2004-02-04,0.0,12.69,19.79,7.48,33.4,1.98
2004-02-05,0.0,11.58,19.38,5.54,41.16,2.8
2004-02-06,0.0,11.33,20.66,4.89,42.01,3.42
2004-02-07,0.0,12.14,21.35,3.63,35.91,2.83
2004-02-08,0.46,12.58,19.52,8.56,46.28,2.61
2004-02-09,6.84,10.83,16.47,7.37,78.81,4.05
2004-02-10,0.01,12.16,20.36,7.45,63.79,2.18
2004-02-11,0.01,13.34,23.78,5.71,46.66,3.47
2004-02-12,0.0,14.51,24.43,5.47,39.95,2.56
2004-02-13,0.0,15.14,22.84,9.77,39.14,1.77
2004-02-14,0.0,13.45,22.39,7.42,46.22,3.05
2004-02-15,0.0,15.05,25.81,6.91,42.99,3.65
2004-02-16,0.0,16.19,25.69,8.06,41.09,2.72
2004-02-17,3.37,15.78,22.75,10.7,52.37,3.31
2004-02-18,0.45,16.53,24.3,10.12,55.23,2.93
2004-02-19,3.29,14.88,23.67,8.48,52.32,2.73
2004-02-20,0.0,15.19,23.39,9.51,42.01,2.72
2004-02-21,0.05,15.39,22.94,10.33,46.56,2.39
2004-02-22,0.0,15.31,24.82,8.87,51.17,3.84
2004-02-23,0.0,16.49,27.01,8.82,39.77,3.62
2004-02-24,0.0,18.32,28.88,10.44,33.59,2.91
2004-02-25,0.0,19.68,28.83,11.54,34.05,2.59
2004-02-26,0.0,19.06,27.71,12.04,40.66,3.34
2004-02-27,2.23,18.37,26.43,13.06,48.72,2.89
2004-02-28,0.83,18.29,26.61,10.7,45.35,2.47
2004-02-29,0.39,17.74,25.28,12.4,42.1,2.33
2004-03-01,0.0,16.01,25.55,8.48,41.61,3.19
2004-03-02,0.0,17.24,26.88,8.75,35.33,3.26
2004-03-03,0.0,18.67,28.31,9.48,32.66,3.03
2004-03-04,0.0,19.0,27.88,10.36,33.97,2.54
2004-03-05,0.0,19.13,28.29,12.4,37.52,3.03
2004-03-06,0.0,19.46,30.89,10.81,34.17,3.52
2004-03-07,0.0,22.36,33.28,11.52,29.72,3.07
2004-03-08,0.0,22.96,32.4,15.93,35.09,3.37
2004-03-09,0.0,20.86,27.15,14.39,38.87,2.8
2004-03-10,0.02,20.55,28.1,14.26,47.74,2.49
2004-03-11,0.03,21.69,29.32,14.75,47.71,2.47
2004-03-12,0.06,22.25,30.0,14.46,44.29,2.41
2004-03-13,0.0,23.49,32.03,15.11,38.42,2.72
2004-03-14,0.01,23.74,33.0,16.05,38.33,2.83
2004-03-15,0.0,24.78,33.68,16.55,36.16,2.93
2004-03-16,0.0,25.32,34.86,17.09,33.14,2.78
2004-03-17,0.0,26.35,34.67,17.6,29.66,2.34
2004-03-18,0.0,26.17,34.79,19.87,29.83,2.68
2004-03-19,0.0,24.93,33.36,18.2,25.35,2.14
2004-03-20,0.0,25.66,34.73,16.11,19.62,2.44
2004-03-21,0.11,26.18,34.79,18.61,23.28,3.12
2004-03-22,0.11,22.54,28.73,16.5,27.44,4.46
2004-03-23,0.06,20.84,29.72,12.93,20.14,4.91
2004-03-24,0.04,21.69,30.45,13.27,18.56,2.34
2004-03-25,0.02,22.88,30.71,14.64,15.82,1.42
2004-03-26,0.07,23.39,31.66,15.57,18.44,1.98
2004-03-27,0.0,24.49,33.18,14.17,17.91,2.1
2004-03-28,0.0,24.6,33.82,14.92,16.27,2.98
2004-03-29,0.0,25.92,34.95,15.82,12.39,2.81
2004-03-30,0.0,26.86,35.76,17.83,10.52,2.15
2004-03-31,0.0,26.5,35.58,16.22,13.19,2.55
2004-04-01,0.0,25.78,32.32,18.7,16.28,2.23
2004-04-02,0.0,27.78,35.48,18.51,17.51,1.85
2004-04-03,0.08,28.02,35.77,20.51,22.43,2.76
2004-04-04,0.0,27.89,36.88,19.16,23.1,3.68
2004-04-05,0.0,29.81,38.58,20.62,16.61,2.26
2004-04-06,0.0,29.58,38.38,19.88,14.72,2.76
2004-04-07,1.07,29.55,35.92,23.51,17.95,3.91
2004-04-08,2.66,29.03,37.21,21.95,21.71,3.59
2004-04-09,0.49,27.93,36.1,20.33,21.8,3.1
2004-04-10,0.01,28.1,36.57,20.08,21.55,2.68
2004-04-11,0.0,28.5,36.44,21.83,18.67,2.19
2004-04-12,0.02,28.64,37.77,20.1,17.24,3.12
2004-04-13,0.0,28.87,36.72,21.35,16.61,3.21
2004-04-14,0.0,27.81,37.66,18.31,10.34,3.18
2004-04-15,0.0,29.2,38.56,19.71,8.26,2.49
2004-04-16,0.35,29.58,37.56,21.62,13.47,4.58
2004-04-17,0.52,28.15,36.16,20.44,31.12,3.11
2004-04-18,0.01,29.83,37.27,21.68,21.9,2.3
2004-04-19,0.0,31.03,39.8,23.2,16.89,2.59
2004-04-20,0.42,28.95,35.48,23.83,19.25,2.3
2004-04-21,0.64,27.99,35.6,22.31,25.14,2.35
2004-04-22,6.12,26.51,31.99,21.35,35.98,2.47
2004-04-23,2.48,26.43,32.61,20.81,35.23,2.41
2004-04-24,0.0,26.26,34.92,17.34,28.33,2.58
2004-04-25,0.0,27.72,35.96,18.38,27.3,1.98
2004-04-26,0.12,29.21,36.79,20.89,27.9,2.46
2004-04-27,3.55,29.6,37.31,22.46,30.6,3.37
2004-04-28,8.32,27.89,34.93,21.01,38.83,2.93
2004-04-29,6.64,24.77,31.15,18.64,45.8,4.84
2004-04-30,5.99,20.09,25.46,16.22,65.56,2.97
2004-05-01,0.67,20.43,26.24,16.02,56.62,1.74
2004-05-02,0.03,22.02,29.62,13.28,41.62,2.61
2004-05-03,0.0,24.9,33.49,14.79,34.2,2.89
2004-05-04,0.0,26.69,35.34,16.79,28.49,2.72
2004-05-05,0.0,28.23,37.52,17.23,24.56,2.94
2004-05-06,0.0,30.53,39.88,20.02,21.94,2.54
2004-05-07,0.36,31.04,39.08,22.79,22.53,3.95
2004-05-08,1.8,29.72,36.88,23.94,28.1,4.37
2004-05-09,0.0,30.34,38.52,22.9,26.0,2.79
2004-05-10,0.0,31.45,40.86,21.69,21.19,2.95
2004-05-11,0.0,33.15,41.86,23.46,16.44,2.31
2004-05-12,0.0,33.41,42.65,25.63,13.95,2.94
2004-05-13,0.0,33.35,42.85,23.62,12.29,3.45
2004-05-14,0.0,35.28,44.17,23.82,10.99,2.6
2004-05-15,0.0,36.08,43.89,27.55,14.03,2.28
2004-05-16,0.05,36.12,43.15,29.71,18.02,2.33
2004-05-17,0.59,35.35,42.88,28.52,20.16,3.12
2004-05-18,0.01,35.99,43.59,28.41,15.45,3.42
2004-05-19,0.0,35.94,44.17,25.23,8.88,2.52
2004-05-20,0.0,34.9,43.23,26.34,9.41,3.55
2004-05-21,0.0,35.61,44.41,25.03,6.77,2.78
2004-05-22,0.0,36.23,44.4,26.3,6.67,2.87
2004-05-23,0.02,34.0,41.45,26.45,14.38,3.05
2004-05-24,0.01,30.86,37.0,23.82,26.18,2.51
2004-05-25,0.0,32.77,39.25,24.41,26.97,2.45
2004-05-26,0.09,33.99,39.79,28.46,22.32,2.61
2004-05-27,1.78,31.54,37.66,26.52,25.25,2.21
2004-05-28,0.06,31.58,38.66,25.24,21.89,2.52
2004-05-29,0.0,32.65,40.68,22.57,16.82,3.27
2004-05-30,0.0,35.19,43.1,26.68,15.35,2.15
2004-05-31,0.66,34.31,40.86,27.75,15.47,2.25
2004-06-01,0.18,33.47,40.26,26.47,15.7,3.09
2004-06-02,0.46,34.03,41.69,26.4,17.88,2.62
2004-06-03,0.03,34.42,42.07,24.92,15.36,2.61
2004-06-04,0.0,35.87,44.07,25.8,12.75,2.39
2004-06-05,0.0,36.44,43.83,29.14,9.88,2.1
2004-06-06,0.04,34.7,42.1,25.92,13.66,2.94
2004-06-07,3.08,33.69,40.25,27.9,21.2,2.26
2004-06-08,5.65,32.08,37.58,25.02,30.11,1.98
2004-06-09,0.18,32.03,37.93,25.16,33.86,1.93
2004-06-10,0.0,32.67,38.87,24.63,28.38,2.18
2004-06-11,0.0,34.13,40.22,26.02,27.69,1.51
2004-06-12,0.0,34.86,41.7,27.39,27.87,2.83
2004-06-13,0.0,36.49,42.48,29.3,23.87,1.3
2004-06-14,0.0,36.28,42.86,28.35,23.25,2.03
2004-06-15,0.0,35.39,40.62,29.6,31.74,2.73
2004-06-16,0.0,36.79,43.29,30.13,26.18,2.53
2004-06-17,0.78,37.48,43.17,29.67,23.45,1.51
2004-06-18,4.44,36.48,42.59,30.69,30.43,2.19
2004-06-19,2.05,34.47,41.22,28.43,39.43,2.59
2004-06-20,0.12,35.59,43.39,28.46,32.96,3.03
2004-06-21,5.97,33.78,39.89,27.45,36.17,2.53
2004-06-22,0.11,34.23,40.38,28.93,35.73,1.95
2004-06-23,0.91,33.91,40.29,27.07,30.84,2.46
2004-06-24,1.02,33.4,39.29,27.25,33.43,2.5
2004-06-25,1.25,33.49,40.12,26.48,34.57,2.2
2004-06-26,1.32,33.39,39.51,26.92,34.35,1.75
2004-06-27,2.78,32.58,38.57,26.14,36.24,2.09
2004-06-28,0.12,33.83,40.3,26.58,35.93,2.19
2004-06-29,0.0,36.38,42.76,30.14,27.28,1.61
2004-06-30,0.01,37.09,44.26,30.76,22.19,1.75
2004-07-01,0.19,37.48,44.48,28.83,24.43,1.91
2004-07-02,1.0,38.2,44.16,32.16,23.48,2.0
2004-07-03,0.0,37.5,44.1,30.96,21.45,2.24
2004-07-04,1.45,36.74,43.16,29.97,21.76,2.05
2004-07-05,28.01,33.9,39.29,27.78,45.22,1.75
2004-07-06,4.24,34.56,40.7,29.32,47.2,1.88
2004-07-07,0.08,34.38,40.97,27.76,45.65,1.67
2004-07-08,0.29,35.28,42.14,28.56,41.08,2.25
2004-07-09,10.23,30.61,35.36,26.81,56.48,2.54
2004-07-10,0.49,32.08,38.36,25.22,47.13,2.21
2004-07-11,0.13,33.2,39.47,26.13,40.07,1.68
2004-07-12,6.12,33.69,39.48,27.79,44.43,1.79
2004-07-13,0.61,34.01,39.63,29.27,43.28,1.75
2004-07-14,10.12,33.19,38.49,28.5,47.05,1.86
2004-07-15,0.07,33.62,39.54,27.46,47.65,1.5
2004-07-16,5.43,32.68,37.67,27.32,49.37,1.93
2004-07-17,0.44,33.03,39.74,25.65,43.19,1.81
2004-07-18,1.41,31.12,37.27,25.13,41.99,3.06
2004-07-19,0.02,32.83,39.64,26.4,40.22,2.11
2004-07-20,2.94,33.14,38.77,26.95,41.9,1.74
2004-07-21,1.77,32.83,39.39,25.86,42.27,1.91
2004-07-22,0.01,32.8,39.51,25.3,40.39,2.14
2004-07-23,0.03,32.85,38.8,27.39,40.73,2.67
2004-07-24,0.0,34.32,40.91,27.55,36.82,1.64
2004-07-25,0.0,34.17,41.34,26.79,37.33,2.22
2004-07-26,0.0,34.96,41.62,27.64,34.38,2.03
2004-07-27,0.0,36.17,42.75,29.35,30.87,2.36
2004-07-28,0.0,36.49,42.33,30.41,28.99,1.44
2004-07-29,9.1,33.58,39.71,27.56,45.45,3.16
2004-07-30,7.46,30.65,36.04,26.6,64.97,2.22
2004-07-31,5.09,29.76,35.24,25.34,62.36,2.47
2004-08-01,0.85,29.8,34.65,24.9,58.52,2.56
2004-08-02,1.19,30.34,35.7,25.46,56.49,1.64
2004-08-03,3.11,30.02,35.7,24.53,60.36,1.62
2004-08-04,0.0,31.79,38.64,25.37,50.2,1.82
2004-08-05,0.0,32.84,40.43,25.48,49.64,1.93
2004-08-06,6.9,30.98,38.51,25.18,60.16,3.54
2004-08-07,12.52,29.93,35.71,24.74,69.14,3.12
2004-08-08,3.57,31.16,37.41,26.06,63.38,2.01
2004-08-09,2.22,30.25,36.17,25.43,62.53,1.73
2004-08-10,0.35,30.85,36.9,25.3,57.14,1.89
2004-08-11,0.95,30.89,36.43,24.99,55.92,1.45
2004-08-12,0.0,31.33,38.09,25.76,50.06,1.99
2004-08-13,0.33,32.22,39.76,25.22,50.88,2.35
2004-08-14,0.89,32.76,40.15,26.07,52.68,2.52
2004-08-15,1.99,32.71,38.69,27.03,54.32,2.0
2004-08-16,1.47,33.61,40.59,27.83,49.81,2.3
2004-08-17,5.75,31.23,37.07,26.33,62.09,2.92
2004-08-18,6.2,29.33,34.98,24.58,69.07,2.85
2004-08-19,3.63,30.25,36.21,25.17,61.28,2.39
2004-08-20,1.12,30.23,36.3,25.22,58.5,3.34
2004-08-21,0.56,31.14,37.6,24.72,55.24,1.95
2004-08-22,0.01,31.03,36.48,25.61,53.06,1.98
2004-08-23,0.8,31.43,37.96,25.58,53.36,2.28
2004-08-24,4.71,30.8,36.46,25.29,57.11,2.41
2004-08-25,53.96,28.31,32.46,24.67,73.39,2.11
2004-08-26,0.88,29.34,34.36,24.31,67.02,1.78
2004-08-27,0.12,30.11,36.11,24.6,58.78,1.59
2004-08-28,0.0,30.78,37.59,23.63,50.0,1.69
2004-08-29,0.0,30.5,37.68,23.19,51.04,2.3
2004-08-30,0.51,31.06,37.72,24.06,50.64,1.76
2004-08-31,0.64,30.91,37.54,23.54,45.81,1.98
2004-09-01,0.02,29.41,36.91,22.9,47.18,2.76
2004-09-02,2.29,29.12,36.26,22.96,49.23,2.32
2004-09-03,0.0,30.52,38.09,22.47,39.33,2.1
2004-09-04,0.0,30.39,38.44,22.57,39.64,2.3
2004-09-05,0.0,30.79,38.51,23.17,40.02,1.83
2004-09-06,0.0,31.11,38.45,22.93,37.58,1.79
2004-09-07,0.0,31.49,39.66,23.37,34.93,1.96
2004-09-08,0.0,31.26,39.56,25.31,35.01,2.01
2004-09-09,0.0,30.72,39.35,23.44,36.7,2.01
2004-09-10,0.0,30.01,37.87,22.56,40.28,2.51
2004-09-11,0.0,29.93,37.79,23.11,42.19,2.3
2004-09-12,0.0,30.45,37.78,23.67,44.58,2.09
2004-09-13,0.0,31.62,38.39,25.12,47.41,1.97
2004-09-14,0.25,32.44,38.87,26.73,42.5,1.48
2004-09-15,3.72,30.54,36.5,25.85,47.7,2.62
2004-09-16,6.54,28.5,32.85,24.71,59.03,2.67
2004-09-17,0.36,28.11,32.65,23.21,58.79,1.62
2004-09-18,0.0,28.72,35.2,22.41,52.22,1.82
2004-09-19,0.0,29.53,36.07,23.01,48.33,1.53
2004-09-20,0.0,29.74,36.48,23.38,43.92,1.7
2004-09-21,2.8,28.32,34.13,23.36,51.01,2.38
2004-09-22,1.08,27.54,34.07,22.3,49.29,2.29
2004-09-23,0.02,27.77,35.34,21.54,36.6,2.45
2004-09-24,0.0,28.42,35.87,22.55,30.14,1.95
2004-09-25,0.0,28.24,36.22,20.59,29.57,1.97
2004-09-26,0.0,28.47,36.64,22.18,29.11,2.76
2004-09-27,0.0,30.13,37.48,23.67,24.05,1.84
2004-09-28,0.0,30.34,37.66,25.38,22.06,1.52
2004-09-29,0.0,29.01,37.23,21.58,25.76,2.29
2004-09-30,0.0,29.39,37.38,22.52,26.73,1.94
2004-10-01,0.0,28.56,33.83,24.56,29.87,1.83
2004-10-02,3.66,23.49,25.08,20.66,59.03,2.37
2004-10-03,0.0,25.79,33.62,19.31,45.12,2.1
2004-10-04,0.0,25.49,34.18,18.34,30.45,2.88
2004-10-05,0.0,26.33,34.64,18.57,26.06,2.27
2004-10-06,0.0,27.79,35.19,20.58,24.94,1.57
2004-10-07,0.0,27.99,35.31,21.16,22.26,1.53
2004-10-08,0.0,25.52,33.7,17.85,26.42,3.56
2004-10-09,0.84,25.82,32.64,20.58,30.1,6.73
2004-10-10,6.31,23.0,28.28,18.72,58.56,6.02
2004-10-11,6.7,19.89,26.29,15.61,63.89,2.58
2004-10-12,0.23,20.82,27.41,15.57,49.31,1.86
2004-10-13,0.01,18.82,24.12,14.48,51.71,2.18
2004-10-14,0.0,20.43,28.58,13.61,42.32,2.79
2004-10-15,0.0,22.03,30.31,15.33,34.25,2.08
2004-10-16,0.0,22.64,30.16,15.38,32.32,2.03
2004-10-17,0.0,22.79,29.84,16.35,35.2,1.99
2004-10-18,0.0,23.14,30.25,17.02,37.3,1.77
2004-10-19,3.52,21.42,29.17,15.66,49.69,2.47
2004-10-20,0.14,21.68,28.89,16.04,47.72,2.31
2004-10-21,1.06,21.06,28.79,15.98,48.78,3.28
2004-10-22,0.0,21.65,30.66,14.81,35.47,2.64
2004-10-23,0.0,21.95,30.59,14.43,28.17,2.35
2004-10-24,0.0,21.58,30.32,14.79,28.22,2.08
2004-10-25,0.0,20.9,29.21,14.1,29.44,2.56
2004-10-26,34.35,19.04,24.28,15.5,49.01,2.97
2004-10-27,0.0,18.71,25.64,13.22,52.97,2.34
2004-10-28,0.1,18.53,26.31,13.24,53.11,2.41
2004-10-29,0.0,17.49,26.33,11.1,48.05,2.43
2004-10-30,0.0,17.88,25.83,11.94,42.43,2.18
2004-10-31,0.0,18.37,26.11,12.96,40.2,1.91
2004-11-01,0.0,18.04,26.38,12.09,42.99,2.37
2004-11-02,0.0,18.65,27.4,12.77,40.84,2.68
2004-11-03,0.0,18.34,26.87,12.69,38.96,2.79
2004-11-04,0.0,18.71,27.67,11.7,36.01,2.89
2004-11-05,0.0,19.03,27.48,12.03,37.37,2.41
2004-11-06,0.0,18.27,27.25,11.76,39.79,2.65
2004-11-07,0.0,18.86,27.72,12.56,35.84,2.49
2004-11-08,0.0,18.34,27.2,12.12,36.21,2.71
2004-11-09,0.0,18.38,27.28,12.39,35.24,2.57
2004-11-10,0.0,18.64,26.95,11.77,34.03,2.1
2004-11-11,0.0,18.62,26.41,12.97,34.27,2.05
2004-11-12,0.0,17.31,23.53,12.35,37.69,2.11
2004-11-13,0.0,17.91,26.73,12.19,37.26,2.17
2004-11-14,0.0,18.33,28.11,11.59,36.38,3.31
2004-11-15,0.0,18.83,28.15,11.19,28.79,2.61
2004-11-16,0.0,19.23,28.45,12.44,26.91,2.73
2004-11-17,0.0,19.24,28.84,12.67,28.44,2.75
2004-11-18,0.0,19.23,27.79,14.06,30.11,3.01
2004-11-19,0.0,19.48,28.67,13.48,30.65,2.89
2004-11-20,0.0,20.39,28.27,15.02,27.05,2.13
2004-11-21,0.0,20.35,28.05,14.55,28.49,2.29
2004-11-22,0.0,20.53,26.97,15.34,33.7,2.38
2004-11-23,0.0,18.55,26.84,13.54,41.28,3.12
2004-11-24,0.0,18.78,26.41,12.99,32.83,2.03
2004-11-25,0.0,18.27,24.03,13.91,36.1,1.88
2004-11-26,0.0,17.46,23.78,13.37,39.29,2.19
2004-11-27,0.0,16.77,24.84,11.69,40.45,2.93
2004-11-28,0.0,16.88,24.72,11.12,35.35,2.49
2004-11-29,10.32,14.86,16.59,11.18,54.48,1.76
2004-11-30,0.09,13.64,17.87,10.15,79.35,2.38
2004-12-01,0.0,14.66,21.06,10.25,58.82,1.73
2004-12-02,0.0,13.65,21.43,8.59,52.97,2.5
2004-12-03,0.0,14.69,21.62,8.97,41.48,1.73
2004-12-04,0.0,14.42,21.83,9.78,49.5,3.42
2004-12-05,0.0,13.98,22.88,8.76,46.52,3.42
2004-12-06,0.0,15.91,24.29,10.8,34.78,2.59
2004-12-07,0.0,15.95,24.55,10.95,29.53,2.28
2004-12-08,0.0,15.14,23.39,10.11,27.75,2.11
2004-12-09,0.0,15.28,25.0,9.84,29.29,3.03
2004-12-10,0.0,16.88,25.89,11.9,25.76,2.28
2004-12-11,0.02,17.74,25.84,13.25,27.38,2.42
2004-12-12,0.0,17.11,25.5,12.58,32.94,2.53
2004-12-13,0.0,16.63,25.66,11.99,32.28,3.11
2004-12-14,0.0,17.48,26.04,11.95,31.96,3.04
2004-12-15,0.0,18.22,26.93,12.82,32.65,2.92
2004-12-16,0.0,17.57,26.81,12.55,31.61,3.11
2004-12-17,0.0,18.38,25.39,14.65,25.44,2.14
2004-12-18,0.0,15.93,23.82,10.34,28.31,2.66
2004-12-19,14.89,11.61,14.47,8.51,55.86,2.98
2004-12-20,0.0,11.85,17.14,7.4,63.72,1.67
2004-12-21,0.0,11.71,18.3,7.74,54.99,1.75
2004-12-22,0.03,11.68,17.57,6.79,57.43,2.28
2004-12-23,0.0,11.34,18.13,5.99,61.8,2.13
2004-12-24,0.0,10.42,17.67,6.13,57.83,2.57
2004-12-25,0.0,9.11,17.24,3.78,49.94,3.36
2004-12-26,0.0,8.6,18.97,2.24,38.62,4.51
2004-12-27,0.02,11.61,17.37,6.63,30.98,1.96
2004-12-28,0.48,13.38,21.0,8.61,52.93,2.43
2004-12-29,0.0,14.34,20.01,10.74,50.72,2.0
2004-12-30,1.0,14.45,21.65,10.77,51.3,1.96
2004-12-31,2.09,12.48,17.47,8.44,73.31,4.1
2005-01-01,1.02,10.48,13.38,7.68,74.03,4.54
2005-01-02,0.69,10.6,16.09,6.41,64.24,1.71
2005-01-03,0.28,9.84,17.09,5.35,67.57,2.15
2005-01-04,0.0,9.84,15.97,5.92,54.31,2.04
2005-01-05,0.0,10.92,17.0,5.92,41.95,1.48
2005-01-06,0.0,11.58,19.23,7.02,41.48,1.98
2005-01-07,0.0,11.99,20.89,6.84,42.06,2.28
2005-01-08,0.0,13.16,20.3,9.29,37.47,2.46
2005-01-09,0.0,12.14,19.82,7.23,45.59,2.41
2005-01-10,0.0,10.89,19.48,6.0,43.54,2.9
2005-01-11,0.0,9.18,18.2,2.07,35.51,2.6
2005-01-12,0.0,11.27,18.56,6.85,30.63,2.04
2005-01-13,0.35,11.31,18.57,6.97,46.78,2.89
2005-01-14,0.05,10.9,18.81,6.18,53.41,2.51
2005-01-15,0.0,11.55,19.17,6.84,47.1,1.94
2005-01-16,0.0,10.77,18.87,5.23,42.69,2.52
2005-01-17,0.0,9.92,16.8,4.58,36.84,1.86
2005-01-18,0.0,9.64,17.67,4.88,38.85,2.63
2005-01-19,0.0,9.28,17.88,4.7,37.31,2.94
2005-01-20,0.0,10.32,18.66,3.93,30.43,2.25
2005-01-21,6.51,8.04,12.95,3.88,58.7,2.9
2005-01-22,21.54,3.82,5.95,2.19,90.2,3.07
2005-01-23,0.04,6.24,12.06,0.88,72.15,1.82
2005-01-24,1.38,7.41,10.54,4.16,73.6,1.35
2005-01-25,0.0,8.8,16.89,3.3,65.86,2.18
2005-01-26,0.06,11.03,18.69,6.39,54.51,2.35
2005-01-27,10.95,6.43,9.75,3.5,79.21,3.48
2005-01-28,0.08,6.97,13.42,2.45,72.1,2.05
2005-01-29,0.0,8.01,17.23,1.45,53.49,2.31
2005-01-30,0.01,9.67,18.22,1.47,44.46,2.26
2005-01-31,0.0,9.51,18.63,3.66,54.29,2.86
2005-02-01,0.0,10.61,18.69,5.17,45.91,2.08
2005-02-02,0.01,11.48,19.06,6.03,46.62,2.52
2005-02-03,1.18,9.63,14.15,6.88,71.02,2.56
2005-02-04,2.32,10.09,17.2,5.94,66.6,3.78
2005-02-05,2.62,9.21,13.89,5.64,80.32,2.88
2005-02-06,10.28,8.08,10.44,5.91,87.46,3.21
2005-02-07,23.57,8.5,10.41,5.71,91.55,3.55
2005-02-08,0.93,9.77,13.15,6.82,84.07,2.0
2005-02-09,21.27,9.83,11.92,6.92,88.94,2.99
2005-02-10,15.22,9.81,15.2,6.27,80.83,3.9
2005-02-11,25.11,10.99,14.21,8.25,89.02,4.75
2005-02-12,6.78,14.03,17.49,11.72,80.47,2.02
2005-02-13,0.05,12.52,17.76,8.25,78.31,1.86
2005-02-14,0.05,12.11,17.5,7.72,62.83,1.82
2005-02-15,4.93,11.2,14.2,8.53,75.46,2.2
2005-02-16,0.18,9.17,14.59,4.9,79.57,3.79
2005-02-17,7.6,9.63,16.03,3.35,61.72,2.34
2005-02-18,11.18,8.01,12.85,3.92,65.31,2.01
2005-02-19,7.43,8.2,13.38,4.81,72.52,2.51
2005-02-20,1.53,8.54,14.36,3.44,66.88,1.63
2005-02-21,0.0,9.73,16.34,5.17,65.87,2.55
2005-02-22,0.0,11.99,20.45,4.06,55.32,2.68
2005-02-23,0.0,12.51,18.29,8.13,58.7,1.73
2005-02-24,0.09,13.11,19.08,7.78,62.21,2.23
2005-02-25,0.0,12.86,20.77,6.49,62.63,3.05
2005-02-26,0.0,13.66,21.88,6.27,56.55,2.99
2005-02-27,0.14,14.51,20.28,11.43,55.33,2.09
2005-02-28,0.02,15.43,21.08,9.98,60.17,1.59
2005-03-01,0.41,15.12,21.78,10.23,68.82,1.91
2005-03-02,0.3,15.31,20.78,10.18,67.21,1.91
2005-03-03,0.66,16.86,23.46,11.0,66.0,2.33
2005-03-04,0.44,18.33,25.35,12.38,62.95,2.93
2005-03-05,1.68,17.09,21.54,12.98,74.58,2.36
2005-03-06,0.02,17.69,24.16,11.07,60.71,1.62
2005-03-07,0.0,17.11,23.16,13.09,65.05,2.59
2005-03-08,0.0,17.75,24.14,12.61,62.14,1.77
2005-03-09,0.35,16.34,24.18,11.73,66.17,2.81
2005-03-10,0.96,14.07,17.95,10.86,82.25,2.36
2005-03-11,0.0,16.23,24.22,9.46,65.72,3.02
2005-03-12,0.0,18.44,25.44,11.98,54.51,2.45
2005-03-13,0.0,20.27,27.72,14.76,53.85,2.03
2005-03-14,0.0,20.47,27.53,14.22,61.01,1.96
2005-03-15,2.6,21.27,28.07,15.73,62.86,2.76
2005-03-16,37.35,21.08,26.95,16.39,67.11,2.51
2005-03-17,4.76,20.33,26.27,16.03,69.56,3.24
2005-03-18,18.69,16.27,18.19,14.27,87.38,2.36
2005-03-19,15.05,19.02,23.68,13.89,70.54,1.77
2005-03-20,0.26,18.83,23.13,15.2,67.5,1.48
2005-03-21,63.13,15.2,17.32,12.83,87.57,3.19
2005-03-22,3.85,16.14,19.7,12.61,76.52,1.76
2005-03-23,0.76,16.1,21.55,11.36,70.36,2.02
2005-03-24,0.0,17.38,22.95,11.89,64.12,2.16
2005-03-25,0.05,15.51,20.88,12.3,71.5,2.27
2005-03-26,4.3,17.37,23.87,11.11,69.86,2.92
2005-03-27,4.22,17.14,22.49,12.96,73.07,2.87
2005-03-28,0.0,17.28,24.14,10.77,66.97,2.79
2005-03-29,0.0,17.97,24.76,12.06,56.92,2.95
2005-03-30,0.12,18.36,24.81,12.67,51.2,2.91
2005-03-31,0.0,18.68,25.96,10.79,49.54,2.82
2005-04-01,0.0,20.17,27.58,12.4,44.37,2.93
2005-04-02,0.0,21.07,28.02,14.08,44.47,2.63
2005-04-03,0.0,21.26,28.58,13.35,46.77,2.87
2005-04-04,0.0,21.54,29.32,15.28,50.8,2.71
2005-04-05,0.49,21.84,29.18,14.84,55.37,3.73
2005-04-06,0.14,21.28,27.61,15.04,55.71,5.43
2005-04-07,0.41,19.91,27.69,12.13,52.28,5.51
2005-04-08,0.07,15.89,23.07,8.11,46.37,3.18
2005-04-09,0.0,16.53,23.19,11.16,41.78,2.21
2005-04-10,0.0,16.2,23.74,9.07,48.9,2.91
2005-04-11,0.0,17.35,24.99,9.55,46.25,2.74
2005-04-12,0.0,18.73,25.35,11.0,44.56,2.74
2005-04-13,0.5,21.26,28.57,13.57,48.7,2.51
2005-04-14,0.46,21.91,28.65,14.91,51.63,2.83
2005-04-15,0.0,21.99,29.63,15.28,49.42,2.68
2005-04-16,0.0,22.09,31.08,13.56,46.55,2.94
2005-04-17,0.0,23.96,31.83,16.6,39.35,2.89
2005-04-18,0.0,24.06,33.64,16.11,38.36,3.51
2005-04-19,0.0,25.29,33.44,18.06,31.41,2.45
2005-04-20,0.0,25.88,34.27,17.78,39.92,2.03
2005-04-21,0.0,24.86,32.28,18.0,48.11,3.16
2005-04-22,0.23,26.24,34.35,19.28,51.05,3.06
2005-04-23,0.34,26.82,34.26,18.74,47.17,2.48
2005-04-24,4.61,24.36,30.25,20.04,56.07,2.39
2005-04-25,8.82,22.97,28.77,17.9,59.55,1.92
2005-04-26,1.91,22.45,28.8,17.67,60.38,2.33
2005-04-27,1.01,22.06,28.36,16.24,52.94,2.55
2005-04-28,0.01,23.49,31.01,16.78,46.71,2.75
2005-04-29,0.0,25.02,32.87,16.16,43.26,2.39
2005-04-30,0.12,26.04,33.46,18.41,46.04,2.44
2005-05-01,4.16,25.29,31.73,18.82,54.55,2.58
2005-05-02,1.82,24.57,30.34,20.05,58.17,1.95
2005-05-03,3.3,21.86,25.01,18.93,71.47,1.65
2005-05-04,0.08,23.57,29.1,17.76,60.35,1.84
2005-05-05,0.59,25.01,30.89,18.8,54.15,2.04
2005-05-06,0.54,26.73,34.2,19.17,51.09,2.35
2005-05-07,0.33,26.57,35.39,19.8,49.65,3.07
2005-05-08,5.75,26.15,33.64,19.51,53.55,2.92
2005-05-09,1.42,24.89,31.69,18.96,48.72,3.39
2005-05-10,0.0,26.21,33.73,17.79,36.78,1.8
2005-05-11,0.0,27.29,35.07,19.32,31.94,2.46
2005-05-12,0.0,28.35,35.42,21.17,27.25,2.46
2005-05-13,0.07,27.28,35.46,18.95,35.99,3.23
2005-05-14,0.43,27.27,35.71,19.35,34.27,2.81
2005-05-15,0.0,27.69,36.67,17.47,31.12,3.11
2005-05-16,0.04,27.85,35.65,20.35,33.91,3.48
2005-05-17,0.06,28.58,37.02,19.91,35.77,2.79
2005-05-18,0.02,29.41,36.96,21.62,33.62,2.48
2005-05-19,1.85,28.63,36.28,20.88,32.94,3.26
2005-05-20,0.32,27.47,35.28,19.86,31.23,3.76
2005-05-21,0.18,26.22,32.88,18.47,30.03,2.92
2005-05-22,0.08,26.85,34.31,20.61,34.61,3.41
2005-05-23,0.01,27.43,35.04,20.15,36.25,2.95
2005-05-24,0.08,27.82,36.87,18.58,28.34,2.8
2005-05-25,0.01,28.61,36.84,20.35,25.48,2.65
2005-05-26,3.88,27.67,35.58,20.55,31.07,3.24
2005-05-27,0.0,28.32,36.31,19.97,29.52,2.51
2005-05-28,0.0,29.33,37.04,21.1,27.31,3.81
2005-05-29,4.55,29.47,37.64,22.24,30.94,3.57
2005-05-30,0.67,28.23,34.4,22.2,40.5,2.26
2005-05-31,0.04,28.93,36.15,21.15,32.65,3.28
2005-06-01,0.0,30.49,38.25,21.51,24.58,2.94
2005-06-02,0.0,32.1,40.09,22.88,20.21,2.95
2005-06-03,0.0,33.84,41.29,24.51,17.49,2.9
2005-06-04,0.0,35.77,43.7,25.9,14.65,2.61
2005-06-05,0.0,36.55,43.98,29.74,12.21,2.09
2005-06-06,0.01,35.08,41.85,26.57,14.58,2.79
2005-06-07,0.03,34.58,41.49,27.29,16.97,2.71
2005-06-08,0.0,33.89,41.06,25.3,18.86,2.11
2005-06-09,0.0,34.73,42.24,26.55,15.73,2.15
2005-06-10,4.45,31.88,39.35,24.4,22.33,2.34
2005-06-11,0.01,32.7,39.82,24.13,21.81,2.05
2005-06-12,0.04,33.43,40.17,25.98,19.06,2.14
2005-06-13,1.14,31.71,36.89,24.93,22.68,2.7
2005-06-14,0.0,33.44,40.59,26.12,21.21,2.59
2005-06-15,0.0,34.8,41.44,26.9,20.16,2.14
2005-06-16,0.0,36.48,43.41,29.21,17.55,2.42
2005-06-17,0.0,36.16,42.66,29.15,18.0,2.01
2005-06-18,0.03,36.35,43.07,29.32,18.96,2.44
2005-06-19,0.18,36.22,43.54,29.27,18.25,2.87
2005-06-20,0.01,36.97,44.55,27.9,15.99,2.76
2005-06-21,0.01,38.1,46.07,28.74,14.78,2.32
2005-06-22,0.08,38.48,45.78,30.19,13.38,2.71
2005-06-23,0.0,39.63,47.26,30.56,12.61,2.34
2005-06-24,0.0,39.14,46.17,29.98,11.93,1.97
2005-06-25,0.0,37.92,44.84,29.22,15.18,2.55
2005-06-26,0.2,38.6,45.27,31.52,21.39,3.02
2005-06-27,0.46,37.56,43.19,31.06,26.59,2.57
2005-06-28,0.07,37.58,43.79,31.19,26.11,2.39
2005-06-29,0.6,35.92,41.43,31.04,37.09,3.42
2005-06-30,1.37,36.69,43.17,29.84,35.69,2.73
2005-07-01,21.94,32.69,36.33,29.66,53.66,2.68
2005-07-02,3.08,28.73,33.14,24.8,62.42,4.18
2005-07-03,1.43,31.93,38.18,24.75,45.92,2.2
2005-07-04,0.96,32.47,38.48,25.73,47.48,1.95
2005-07-05,0.05,31.59,37.59,25.09,49.5,2.41
2005-07-06,0.04,30.5,35.66,25.65,54.11,2.05
2005-07-07,1.5,30.22,36.84,24.45,56.1,2.47
2005-07-08,0.45,31.47,38.15,25.05,55.27,1.94
2005-07-09,0.05,34.45,41.44,27.13,46.51,1.91
2005-07-10,0.0,35.66,42.15,28.08,41.56,2.26
2005-07-11,5.73,34.92,40.91,29.77,47.6,2.78
2005-07-12,26.15,29.73,33.39,26.48,73.14,3.97
2005-07-13,4.71,30.14,35.1,25.13,67.21,2.77
2005-07-14,2.61,30.93,35.94,25.52,61.06,2.63
2005-07-15,1.8,31.33,37.07,25.65,62.05,2.37
2005-07-16,8.54,31.17,36.11,26.04,56.55,1.84
2005-07-17,57.48,29.45,32.99,24.74,63.61,1.62
2005-07-18,4.28,29.66,33.8,24.52,68.17,1.88
2005-07-19,0.67,30.63,35.44,25.12,66.47,1.29
2005-07-20,0.46,32.11,36.36,26.76,60.08,1.6
2005-07-21,7.57,32.07,36.15,28.31,58.74,1.42
2005-07-22,3.8,31.96,36.69,26.41,57.11,1.49
2005-07-23,6.59,32.45,36.78,27.2,53.05,1.57
2005-07-24,0.49,31.32,36.84,25.45,58.02,2.15
2005-07-25,0.0,31.94,37.32,26.0,57.82,1.83
2005-07-26,0.0,33.13,38.78,28.0,50.1,1.65
2005-07-27,1.56,31.77,35.85,26.75,57.13,1.69
2005-07-28,0.73,32.07,37.39,26.53,53.12,1.37
2005-07-29,2.31,32.1,36.91,26.8,51.08,1.28
2005-07-30,1.45,32.29,37.76,27.31,54.07,2.11
2005-07-31,0.0,32.63,38.9,26.31,51.93,1.6
2005-08-01,0.01,33.08,38.37,26.83,53.41,1.38
2005-08-02,0.07,33.31,39.12,27.42,50.08,1.98
2005-08-03,0.7,33.48,39.67,27.59,50.83,1.47
2005-08-04,12.14,32.38,37.06,27.81,59.88,1.45
2005-08-05,19.65,32.29,37.09,27.51,62.14,1.85
2005-08-06,45.76,29.57,32.48,26.35,70.67,2.14
2005-08-07,8.59,28.71,33.07,24.56,69.56,1.83
2005-08-08,2.89,27.13,30.72,23.53,72.53,1.68
2005-08-09,0.0,28.24,33.02,22.36,65.2,1.94
2005-08-10,0.0,29.34,35.09,23.32,62.71,1.91
2005-08-11,4.63,30.34,35.55,24.47,61.54,2.09
2005-08-12,3.55,31.18,36.54,25.13,58.82,1.86
2005-08-13,1.16,31.21,36.64,25.58,58.52,2.0
2005-08-14,0.0,31.68,37.48,25.03,54.85,1.89
2005-08-15,0.0,32.34,38.15,27.12,51.88,2.0
2005-08-16,12.76,31.34,35.63,26.0,58.3,1.96
2005-08-17,8.84,30.85,34.19,26.95,61.73,1.5
2005-08-18,4.64,30.35,35.37,25.22,62.36,1.9
2005-08-19,0.24,30.49,36.13,25.17,57.76,1.66
2005-08-20,7.73,30.52,34.94,26.58,58.1,1.4
2005-08-21,8.14,29.56,34.67,24.32,61.76,1.84
2005-08-22,4.98,30.49,36.39,24.53,58.31,2.13
2005-08-23,4.98,30.45,36.62,24.42,56.85,2.21
2005-08-24,0.0,30.42,36.55,24.58,54.59,2.33
2005-08-25,2.87,30.17,35.64,24.1,56.57,1.62
2005-08-26,0.08,30.03,35.94,24.14,56.67,1.89
2005-08-27,20.93,28.33,32.82,24.1,64.18,2.17
2005-08-28,0.21,28.6,34.34,22.64,56.09,1.65
2005-08-29,0.13,28.11,34.13,21.15,55.32,1.88
2005-08-30,0.0,29.68,35.3,23.36,54.52,1.66
2005-08-31,0.0,30.33,36.52,24.66,50.53,1.83
2005-09-01,0.0,30.51,37.44,23.7,49.88,2.03
2005-09-02,0.21,30.96,37.38,23.72,48.09,1.69
2005-09-03,0.01,31.11,37.13,24.45,46.09,1.69
2005-09-04,0.0,30.65,36.9,24.18,49.17,2.0
2005-09-05,0.39,31.14,37.44,25.63,51.92,1.4
2005-09-06,7.62,30.69,35.65,25.77,60.9,1.51
2005-09-07,6.76,30.11,34.65,26.01,66.25,1.71
2005-09-08,2.92,29.68,33.25,25.91,65.99,1.16
2005-09-09,0.98,29.49,35.0,24.96,63.24,2.01
2005-09-10,2.35,27.86,32.62,23.47,69.63,1.62
2005-09-11,5.38,27.23,31.5,23.0,67.12,1.68
2005-09-12,0.38,28.23,33.56,22.9,58.75,1.44
2005-09-13,1.28,27.34,33.6,22.82,61.88,1.89
2005-09-14,0.27,27.64,34.19,21.5,60.21,2.02
2005-09-15,0.04,27.7,34.3,22.36,59.61,1.99
2005-09-16,0.0,28.94,35.51,22.08,54.98,2.33
2005-09-17,4.74,29.31,35.16,24.03,56.34,1.89
2005-09-18,17.95,26.65,30.23,23.15,71.19,1.84
2005-09-19,0.0,27.69,34.15,21.39,59.14,1.65
2005-09-20,0.0,29.24,36.44,21.84,47.02,1.76
2005-09-21,0.0,29.45,36.53,22.32,45.6,1.74
2005-09-22,0.01,28.9,35.58,22.37,49.98,1.87
2005-09-23,0.37,29.2,34.64,24.34,47.96,1.24
2005-09-24,0.6,28.49,35.11,21.77,49.78,1.95
2005-09-25,0.0,28.53,35.09,22.59,45.09,2.53
2005-09-26,0.0,28.01,34.07,22.89,43.03,1.55
2005-09-27,0.02,27.07,34.42,20.64,43.19,1.93
2005-09-28,0.0,27.51,34.74,20.42,42.85,1.94
2005-09-29,0.0,28.15,35.06,20.91,37.79,1.69
2005-09-30,0.0,27.39,35.3,19.57,36.94,2.16
2005-10-01,0.0,26.62,34.78,18.63,36.62,2.44
2005-10-02,0.0,26.91,35.21,19.35,37.33,1.97
2005-10-03,0.0,26.85,34.92,18.97,40.4,1.86
2005-10-04,0.7,26.36,33.08,20.58,45.4,2.0
2005-10-05,0.06,26.33,34.2,19.34,44.45,2.56
2005-10-06,0.0,26.85,34.62,20.32,40.34,2.63
2005-10-07,0.0,26.94,35.54,19.98,38.31,2.52
2005-10-08,0.0,26.07,34.68,19.06,41.27,2.55
2005-10-09,6.5,25.77,33.34,19.25,46.83,2.26
2005-10-10,0.0,25.3,33.41,18.18,42.87,2.49
2005-10-11,0.03,25.02,33.06,17.98,40.98,2.24
2005-10-12,5.33,23.86,30.77,18.61,44.26,2.57
2005-10-13,0.0,23.52,31.29,16.66,44.9,2.3
2005-10-14,0.0,23.95,31.65,16.36,42.33,2.08
2005-10-15,1.17,23.22,30.34,17.13,48.44,2.4
2005-10-16,21.73,21.44,28.1,17.04,56.9,2.87
2005-10-17,0.03,21.54,30.14,15.27,46.13,2.9
2005-10-18,0.0,21.16,30.47,14.55,37.65,2.72
2005-10-19,0.0,21.18,30.26,13.32,35.61,2.36
2005-10-20,0.0,20.81,29.76,12.91,34.87,2.29
2005-10-21,0.0,20.44,29.64,13.39,35.55,2.7
2005-10-22,0.0,21.98,30.44,14.78,31.15,2.11
2005-10-23,0.0,22.09,30.76,15.05,33.96,2.0
2005-10-24,0.0,20.65,30.13,14.0,42.18,2.54
2005-10-25,0.0,20.52,28.17,14.7,45.06,2.95
2005-10-26,0.08,20.71,29.44,14.52,47.12,2.79
2005-10-27,0.0,20.66,29.33,13.71,36.93,2.7
2005-10-28,0.0,20.66,29.53,12.94,32.65,2.22
2005-10-29,0.0,20.66,29.51,12.37,31.3,2.53
2005-10-30,0.0,22.1,30.61,15.33,25.13,2.34
2005-10-31,0.0,19.86,28.18,12.32,27.95,2.22
2005-11-01,0.0,19.16,27.08,12.9,29.28,1.97
2005-11-02,0.0,19.25,27.05,12.7,29.92,1.94
2005-11-03,0.05,19.51,28.17,13.61,35.64,2.65
2005-11-04,0.0,18.58,27.12,11.79,31.35,2.47
2005-11-05,0.0,17.89,26.65,11.06,28.81,2.53
2005-11-06,0.0,17.68,26.61,11.12,27.08,2.33
2005-11-07,0.0,18.21,26.96,12.14,23.19,2.43
2005-11-08,0.0,18.33,27.46,11.69,29.75,2.5
2005-11-09,0.0,18.95,26.97,12.7,27.75,2.23
2005-11-10,0.06,16.97,25.63,10.74,34.93,3.76
2005-11-11,0.96,16.58,22.98,12.54,51.96,2.27
2005-11-12,0.09,18.15,27.11,12.44,42.62,3.32
2005-11-13,0.0,17.5,26.63,11.48,32.59,3.66
2005-11-14,0.0,17.34,26.35,11.49,24.68,3.08
2005-11-15,0.0,16.7,25.62,11.59,24.08,2.84
2005-11-16,0.0,16.08,24.97,9.94,19.39,3.12
2005-11-17,0.0,15.02,25.98,8.17,16.73,4.12
2005-11-18,0.0,16.03,26.93,7.12,11.48,3.04
2005-11-19,0.0,16.35,25.72,9.15,11.74,2.56
2005-11-20,0.0,18.18,28.0,12.04,11.59,2.52
2005-11-21,0.0,18.96,27.5,12.55,15.32,2.02
2005-11-22,0.0,18.52,26.81,13.29,22.74,2.46
2005-11-23,0.0,17.99,26.61,11.79,27.68,2.53
2005-11-24,0.0,17.65,26.66,10.97,23.81,2.59
2005-11-25,0.0,16.49,24.16,9.35,21.27,2.23
2005-11-26,0.01,15.58,22.63,8.82,27.13,2.53
2005-11-27,4.77,11.78,16.3,8.15,50.14,2.79
2005-11-28,0.13,12.6,21.46,7.35,47.05,2.52
2005-11-29,0.34,12.26,20.63,8.0,41.63,2.74
2005-11-30,0.03,12.91,21.28,7.87,33.08,2.21
2005-12-01,0.0,12.59,21.17,8.0,31.96,2.04
2005-12-02,0.0,12.11,21.62,5.54,29.6,2.74
2005-12-03,0.0,13.39,21.93,9.04,25.88,2.29
2005-12-04,0.0,12.89,21.95,6.87,26.24,2.97
2005-12-05,0.0,13.25,21.59,7.22,25.63,2.87
2005-12-06,0.0,15.48,24.39,9.51,22.68,2.21
2005-12-07,0.0,15.68,24.85,9.21,23.21,2.83
2005-12-08,0.0,16.14,24.51,9.97,22.33,2.12
2005-12-09,0.0,14.44,22.57,10.02,23.3,2.41
2005-12-10,0.0,12.86,23.48,6.53,17.18,3.37
2005-12-11,0.0,12.53,22.6,5.64,11.51,2.73
2005-12-12,0.0,12.85,21.87,7.1,13.06,1.98
2005-12-13,0.0,11.85,20.42,7.74,16.02,2.2
2005-12-14,0.0,13.09,21.91,8.24,13.4,1.8
2005-12-15,0.0,12.6,21.29,8.0,12.38,2.14
2005-12-16,0.0,12.79,22.64,7.11,12.68,2.64
2005-12-17,0.0,13.55,24.18,5.81,12.83,2.68
2005-12-18,0.0,13.34,23.32,6.32,14.38,2.49
2005-12-19,0.0,12.88,21.8,6.22,15.74,2.73
2005-12-20,0.0,13.29,20.58,8.0,17.19,1.92
2005-12-21,0.0,13.87,20.54,8.82,19.17,1.65
2005-12-22,0.0,12.09,20.32,7.96,30.77,2.5
2005-12-23,0.0,12.44,21.56,6.74,31.74,2.66
2005-12-24,0.0,11.26,20.52,5.62,23.9,2.55
2005-12-25,0.0,12.79,21.18,6.86,14.75,2.73
2005-12-26,0.02,14.75,22.16,9.86,11.69,1.48
2005-12-27,0.9,13.56,19.63,8.8,21.5,1.66
2005-12-28,0.01,12.9,20.26,9.1,30.73,1.78
2005-12-29,0.0,13.63,21.92,8.35,29.33,2.3
2005-12-30,0.0,11.52,19.37,5.68,31.19,3.05
2005-12-31,0.0,11.17,18.48,5.21,27.5,2.25
2006-01-01,8.71,9.08,11.09,6.71,60.52,3.38
2006-01-02,8.77,8.13,12.92,4.15,84.49,3.83
2006-01-03,0.19,6.3,11.23,2.84,77.11,2.19
2006-01-04,0.0,7.03,15.65,2.1,51.41,2.71
2006-01-05,0.01,7.15,15.96,0.95,52.51,2.51
2006-01-06,0.0,7.16,16.48,0.27,44.51,2.61
2006-01-07,0.0,9.23,19.93,1.17,37.64,2.44
2006-01-08,0.0,9.54,19.94,2.57,34.83,2.58
2006-01-09,0.0,10.54,16.44,5.97,36.72,1.96
2006-01-10,0.0,12.35,19.43,8.29,32.71,1.78
2006-01-11,0.0,11.18,21.36,4.18,39.54,2.93
2006-01-12,0.0,10.99,20.49,3.55,38.99,2.95
2006-01-13,0.0,10.93,19.01,6.05,42.3,2.9
2006-01-14,0.25,11.95,21.4,5.44,47.55,2.95
2006-01-15,10.86,11.01,14.93,8.66,70.87,3.84
2006-01-16,4.05,12.48,18.12,8.93,75.73,5.36
2006-01-17,14.78,10.18,12.32,7.15,93.85,4.44
2006-01-18,0.03,9.38,17.1,4.36,65.37,2.93
2006-01-19,0.0,8.08,15.68,2.43,49.32,2.82
2006-01-20,0.0,9.03,16.05,4.15,47.73,2.71
2006-01-21,0.0,8.52,16.96,3.62,51.09,2.8
2006-01-22,0.0,9.63,16.26,5.97,44.56,2.29
2006-01-23,0.0,9.51,17.54,3.84,46.66,2.99
2006-01-24,0.0,8.18,17.87,1.5,42.86,3.49
2006-01-25,0.0,9.39,18.67,3.09,38.49,2.97
2006-01-26,0.0,9.18,18.68,2.53,41.75,2.71
2006-01-27,0.0,12.39,20.36,7.08,40.43,2.21
2006-01-28,0.62,12.58,17.48,9.02,59.9,2.42
2006-01-29,0.0,12.84,20.07,8.95,57.16,1.97
2006-01-30,0.0,16.44,24.19,10.4,44.4,1.85
2006-01-31,0.0,15.67,21.6,10.64,42.41,2.03
2006-02-01,0.0,15.12,23.01,10.11,45.88,2.18
2006-02-02,0.0,14.93,24.58,8.47,45.54,3.36
2006-02-03,0.0,15.59,25.34,9.13,42.87,4.02
2006-02-04,0.0,15.61,27.92,7.1,36.3,3.87
2006-02-05,0.0,16.13,26.66,7.83,37.85,2.75
2006-02-06,0.0,16.84,23.09,13.22,37.22,1.89
2006-02-07,0.0,17.25,25.89,10.96,36.25,2.04
2006-02-08,0.0,15.89,25.73,8.51,42.25,2.73
2006-02-09,0.0,16.15,25.98,8.53,40.65,3.12
2006-02-10,0.0,16.95,26.52,9.77,37.54,3.01
2006-02-11,0.0,18.29,26.7,13.24,37.3,2.65
2006-02-12,0.01,18.6,26.66,11.4,42.8,2.47
2006-02-13,0.22,18.38,26.46,11.88,49.43,2.77
2006-02-14,9.84,18.8,26.32,13.83,60.2,2.13
2006-02-15,2.97,16.93,23.69,12.02,64.53,2.5
2006-02-16,0.08,16.95,26.06,9.92,52.35,2.86
2006-02-17,0.36,17.98,27.16,11.59,51.11,2.92
2006-02-18,0.59,18.69,26.28,12.97,59.65,2.45
2006-02-19,8.18,16.35,21.4,13.72,66.88,2.1
2006-02-20,0.0,17.89,26.45,12.75,54.65,2.72
2006-02-21,0.01,18.11,24.95,12.75,44.04,2.0
2006-02-22,0.0,17.14,25.46,12.01,50.28,2.99
2006-02-23,0.13,17.19,25.04,10.64,50.93,2.46
2006-02-24,0.27,17.33,24.88,11.37,52.43,2.09
2006-02-25,8.61,16.49,22.17,12.79,66.87,2.01
2006-02-26,3.05,15.74,22.82,9.99,67.21,2.57
2006-02-27,0.0,15.87,24.76,9.76,52.03,3.38
2006-02-28,0.0,16.52,26.53,9.46,41.38,3.94
2006-03-01,0.0,17.56,27.31,9.07,34.52,2.7
2006-03-02,0.0,18.35,27.58,9.47,35.6,2.29
2006-03-03,0.0,18.73,27.62,11.75,39.38,2.65
2006-03-04,0.05,17.57,26.83,11.37,45.06,2.77
2006-03-05,0.09,17.98,26.11,12.42,48.26,2.71
2006-03-06,0.36,17.46,23.85,12.7,50.86,2.16
2006-03-07,0.67,16.94,25.06,11.39,54.84,3.56
2006-03-08,7.12,13.98,21.74,10.59,67.8,3.88
2006-03-09,0.01,18.66,26.9,12.34,52.99,2.75
2006-03-10,0.0,19.77,28.9,12.96,49.03,2.65
2006-03-11,0.0,18.36,26.93,11.49,59.4,2.39
2006-03-12,0.0,17.73,25.99,11.02,52.23,2.45
2006-03-13,6.08,17.16,24.86,12.84,61.72,2.7
2006-03-14,6.37,15.37,18.76,11.96,82.45,1.63
2006-03-15,4.46,14.18,18.24,10.32,78.65,2.01
2006-03-16,0.06,15.43,22.33,9.36,62.2,2.28
2006-03-17,0.0,15.9,24.72,8.77,48.18,3.25
2006-03-18,0.84,17.93,27.24,10.15,42.94,3.27
2006-03-19,8.42,17.18,23.65,13.36,60.52,3.17
2006-03-20,4.95,14.52,18.37,11.45,79.62,2.31
2006-03-21,0.0,16.49,25.07,9.65,58.53,3.12
2006-03-22,0.0,18.47,27.13,10.43,46.1,3.64
2006-03-23,0.03,19.56,28.29,11.84,43.92,3.08
2006-03-24,0.89,16.98,22.14,12.79,60.3,3.1
2006-03-25,0.13,18.98,25.81,12.11,54.04,2.21
2006-03-26,1.38,19.2,23.77,15.69,54.71,1.3
2006-03-27,1.88,17.64,23.4,12.7,59.37,2.26
2006-03-28,0.13,19.07,27.29,12.24,50.46,1.91
2006-03-29,0.0,20.56,29.16,12.21,44.75,3.48
2006-03-30,0.01,22.25,30.27,14.37,42.14,2.54
2006-03-31,0.38,23.31,29.61,18.01,43.63,2.52
2006-04-01,3.31,22.06,30.63,14.84,47.4,3.53
2006-04-02,0.0,21.34,30.39,14.04,43.65,3.18
2006-04-03,0.0,22.47,31.89,15.14,34.88,2.94
2006-04-04,0.0,23.17,32.4,14.39,35.92,3.55
2006-04-05,0.0,23.7,33.22,14.92,37.62,3.99
2006-04-06,0.0,24.82,34.92,16.8,33.19,3.79
2006-04-07,0.0,24.47,34.79,15.94,32.6,3.15
2006-04-08,1.19,25.43,33.1,19.26,36.32,2.4
2006-04-09,16.64,18.62,26.72,13.46,61.8,5.06
2006-04-10,0.0,18.67,26.54,10.87,42.05,3.39
2006-04-11,0.0,19.11,27.97,12.04,29.92,2.49
2006-04-12,0.02,19.45,28.49,11.9,31.8,2.94
2006-04-13,2.99,20.08,29.87,9.83,32.81,2.73
2006-04-14,0.0,21.51,30.27,13.92,31.32,3.98
2006-04-15,0.0,22.3,31.12,15.92,35.77,3.74
2006-04-16,0.0,22.97,31.66,15.02,34.76,2.58
2006-04-17,0.0,22.09,30.86,14.53,35.81,3.3
2006-04-18,0.0,23.82,33.05,16.32,31.85,2.96
2006-04-19,0.0,23.69,33.2,14.37,33.5,2.91
2006-04-20,0.0,24.74,32.88,16.2,32.86,2.99
2006-04-21,0.27,25.26,33.84,17.81,34.52,3.42
2006-04-22,0.24,26.17,35.29,17.54,32.77,2.93
2006-04-23,0.0,27.81,36.88,19.53,26.13,3.27
2006-04-24,0.0,28.73,37.92,18.7,23.25,3.25
2006-04-25,0.0,30.46,40.18,21.23,19.66,3.14
2006-04-26,0.0,30.34,40.44,20.38,18.14,3.09
2006-04-27,0.0,31.34,42.08,20.48,17.03,2.84
2006-04-28,0.0,33.16,42.24,22.99,13.8,2.41
2006-04-29,0.0,32.03,41.07,24.85,16.44,3.18
2006-04-30,0.0,30.08,36.29,24.27,18.61,2.08
2006-05-01,0.01,29.88,38.2,21.99,20.31,3.29
2006-05-02,0.13,30.2,37.9,23.14,22.75,2.68
2006-05-03,1.15,30.01,38.18,21.18,22.57,3.22
2006-05-04,0.0,31.79,40.71,21.57,16.16,3.03
2006-05-05,0.0,34.11,43.11,24.93,14.71,3.08
2006-05-06,0.0,34.71,43.35,24.38,14.41,2.73
2006-05-07,0.0,35.16,43.07,27.95,12.99,2.71
2006-05-08,0.0,34.91,43.19,25.75,15.28,3.61
2006-05-09,0.54,30.81,37.25,26.53,26.43,3.04
2006-05-10,0.0,33.5,42.04,23.99,20.52,2.9
2006-05-11,0.0,34.93,43.25,25.09,10.08,1.92
2006-05-12,0.0,34.97,44.36,25.23,9.52,2.79
2006-05-13,0.0,35.43,45.5,24.81,7.81,3.16
2006-05-14,0.0,35.74,43.77,27.45,11.01,3.41
2006-05-15,0.0,36.14,43.71,27.24,13.05,2.46
2006-05-16,0.17,35.71,43.01,28.67,17.55,2.85
2006-05-17,11.58,31.76,36.56,27.5,38.3,3.08
2006-05-18,0.08,32.04,38.72,24.87,42.42,2.16
2006-05-19,15.45,31.84,37.24,25.71,42.95,1.31
2006-05-20,9.44,31.66,37.43,25.01,44.45,1.82
2006-05-21,0.69,31.88,37.61,25.15,41.77,1.59
2006-05-22,1.32,32.64,39.09,26.6,39.51,1.96
2006-05-23,0.53,31.84,37.96,25.96,40.33,1.87
2006-05-24,0.01,32.86,39.16,24.85,38.81,1.76
2006-05-25,2.92,33.82,41.29,25.71,37.54,2.22
2006-05-26,0.0,34.01,41.09,26.34,33.85,1.78
2006-05-27,0.0,34.95,42.29,25.95,28.64,2.11
2006-05-28,0.0,35.21,42.14,26.25,22.22,2.72
2006-05-29,0.01,35.44,42.06,27.18,19.23,2.02
2006-05-30,0.0,35.72,42.34,28.63,14.9,1.74
2006-05-31,0.06,35.0,42.18,26.19,16.51,2.42
2006-06-01,0.07,34.1,40.81,28.14,19.71,2.47
2006-06-02,0.02,34.56,42.5,25.58,15.44,2.55
2006-06-03,0.66,33.5,39.58,26.31,22.2,2.2
2006-06-04,3.77,31.57,36.44,27.25,33.7,2.01
2006-06-05,0.09,31.91,37.97,26.31,31.15,2.06
2006-06-06,0.1,32.71,39.38,25.92,24.91,2.17
2006-06-07,0.22,33.56,40.91,25.85,21.57,2.37
2006-06-08,0.27,33.06,40.51,24.05,21.91,3.03
2006-06-09,0.0,34.83,42.3,27.33,14.01,2.45
2006-06-10,0.0,36.3,42.84,28.88,11.23,1.79
2006-06-11,0.01,35.64,42.75,28.81,12.97,2.5
2006-06-12,0.11,33.57,39.98,27.86,14.98,4.57
2006-06-13,0.0,33.8,40.7,24.37,15.86,2.61
2006-06-14,0.0,33.87,39.88,26.39,18.62,1.91
2006-06-15,3.53,33.76,40.31,27.37,27.45,2.31
2006-06-16,14.22,29.34,34.62,21.97,44.04,3.53
2006-06-17,0.0,28.93,36.04,21.71,48.5,2.02
2006-06-18,0.23,29.68,35.83,23.48,45.6,2.03
2006-06-19,2.04,29.67,36.19,22.39,43.42,1.66
2006-06-20,0.0,31.65,37.99,23.37,35.1,1.53
2006-06-21,0.0,33.16,39.62,24.99,33.21,1.76
2006-06-22,0.01,35.16,42.13,28.31,26.97,2.08
2006-06-23,0.03,35.63,42.9,27.76,25.4,2.09
2006-06-24,0.01,37.04,43.59,28.77,21.62,1.93
2006-06-25,1.1,35.17,41.56,28.91,34.27,3.21
2006-06-26,4.6,34.19,40.34,28.38,44.56,3.12
2006-06-27,9.49,32.38,37.09,27.92,54.31,2.34
2006-06-28,5.22,31.06,36.3,25.85,58.26,1.85
2006-06-29,5.68,31.29,36.86,26.12,57.87,2.02
2006-06-30,0.46,30.04,34.91,26.0,58.23,2.01
2006-07-01,0.0,33.13,39.88,26.07,47.81,1.93
2006-07-02,0.04,35.19,41.75,27.82,42.77,1.93
2006-07-03,12.3,33.52,39.37,27.73,51.47,2.47
2006-07-04,28.56,33.76,38.65,28.6,49.62,1.96
2006-07-05,0.5,33.66,40.02,26.66,50.28,1.87
2006-07-06,0.18,34.34,39.63,28.7,52.67,1.9
2006-07-07,0.0,34.8,39.92,29.22,51.92,1.72
2006-07-08,3.61,36.24,41.96,29.84,50.12,1.57
2006-07-09,37.7,34.05,38.27,30.35,61.78,2.03
2006-07-10,10.38,32.07,35.63,27.91,65.34,1.54
2006-07-11,23.74,30.86,35.28,26.41,68.69,1.89
2006-07-12,38.28,28.97,32.19,26.21,78.24,2.83
2006-07-13,79.89,27.09,30.45,24.93,85.56,4.27
2006-07-14,1.32,27.47,32.19,23.83,69.72,1.84
2006-07-15,0.0,28.41,33.16,22.22,56.27,1.99
2006-07-16,0.0,30.13,34.43,23.92,51.89,1.6
2006-07-17,0.0,30.61,34.99,23.79,51.96,1.49
2006-07-18,0.02,30.7,35.56,24.35,60.04,2.07
2006-07-19,5.22,30.21,34.06,25.54,65.75,1.87
2006-07-20,13.44,29.31,33.07,25.18,74.52,2.06
2006-07-21,0.61,29.68,33.65,24.99,72.43,1.4
2006-07-22,2.94,30.23,33.81,25.66,68.84,1.76
2006-07-23,7.56,29.99,33.23,26.8,72.11,2.32
2006-07-24,60.39,28.57,32.29,25.44,84.54,2.58
2006-07-25,31.83,29.5,32.73,25.82,79.19,1.41
2006-07-26,24.79,28.47,31.62,25.61,85.05,2.45
2006-07-27,20.89,27.02,30.7,24.14,85.22,3.17
2006-07-28,1.58,27.34,30.82,23.48,81.93,2.2
2006-07-29,1.4,27.84,31.3,24.54,79.44,2.07
2006-07-30,0.54,28.91,33.54,24.2,72.03,1.65
2006-07-31,0.89,29.67,33.28,25.12,70.34,1.89
2006-08-01,15.64,28.69,32.29,25.0,80.03,2.42
2006-08-02,64.99,25.78,27.07,24.15,88.19,3.28
2006-08-03,29.54,26.84,30.43,23.73,85.86,2.02
2006-08-04,71.18,26.12,29.24,23.71,90.92,3.82
2006-08-05,6.72,26.11,30.24,22.62,86.48,3.24
2006-08-06,1.71,25.95,29.7,22.73,85.87,2.6
2006-08-07,4.36,26.52,29.73,22.87,80.31,2.05
2006-08-08,2.88,26.28,30.1,22.77,80.43,1.72
2006-08-09,0.0,26.26,30.37,22.65,77.88,1.93
2006-08-10,0.17,28.27,32.61,22.39,70.34,1.77
2006-08-11,15.29,28.11,31.95,24.26,81.12,1.85
2006-08-12,1.02,29.62,33.61,24.88,74.38,1.48
2006-08-13,1.23,29.57,32.74,25.89,74.78,0.91
2006-08-14,4.87,28.29,30.59,25.52,78.67,1.31
2006-08-15,10.32,26.51,30.77,22.68,77.58,2.68
2006-08-16,0.16,27.59,32.12,22.35,73.67,2.0
2006-08-17,0.76,28.88,33.23,23.45,68.31,1.49
2006-08-18,0.01,29.85,33.9,24.83,68.62,1.72
2006-08-19,1.38,30.06,33.71,25.78,69.58,1.49
2006-08-20,15.07,27.15,30.15,24.91,86.43,1.95
2006-08-21,5.43,27.76,31.08,23.82,78.88,1.33
2006-08-22,6.53,28.06,31.21,24.13,79.91,1.72
2006-08-23,9.47,28.38,31.31,24.67,79.38,1.72
2006-08-24,2.08,28.77,32.15,24.56,77.21,1.73
2006-08-25,0.17,28.95,32.7,24.76,74.4,1.79
2006-08-26,0.46,29.24,33.08,25.14,74.68,2.22
2006-08-27,10.6,28.33,32.31,24.9,78.04,2.15
2006-08-28,6.9,26.23,29.26,22.65,77.06,1.45
2006-08-29,2.85,26.05,29.42,21.41,76.8,1.56
2006-08-30,0.48,26.12,29.1,22.83,75.83,1.35
2006-08-31,0.1,26.12,30.9,22.05,74.08,1.51
2006-09-01,0.57,25.76,30.51,22.0,77.52,1.54
2006-09-02,7.12,24.13,28.37,20.39,80.74,2.05
2006-09-03,2.34,24.34,28.71,20.65,75.57,1.75
2006-09-04,0.0,25.2,30.6,19.2,70.81,2.1
2006-09-05,0.0,26.31,30.71,20.87,64.29,1.5
2006-09-06,0.0,27.59,32.09,22.26,62.53,1.3
2006-09-07,0.0,27.94,32.22,23.87,64.44,1.01
2006-09-08,0.0,27.44,31.59,23.44,70.43,1.46
2006-09-09,0.0,27.69,31.56,23.25,74.45,1.56
2006-09-10,0.16,27.82,32.22,23.14,74.93,1.55
2006-09-11,0.26,27.54,30.93,23.91,72.53,1.46
2006-09-12,2.08,27.22,31.81,22.38,71.47,1.72
2006-09-13,0.11,26.58,30.7,22.56,72.52,1.56
2006-09-14,6.51,26.05,29.75,22.63,75.91,1.46
2006-09-15,8.84,26.05,29.62,22.5,78.26,1.69
2006-09-16,0.64,26.02,30.21,21.94,75.65,1.68
2006-09-17,0.0,27.34,31.72,22.76,66.18,1.65
2006-09-18,0.0,26.57,30.99,21.6,71.46,1.6
2006-09-19,0.12,26.52,30.8,22.31,73.99,1.68
2006-09-20,1.21,26.46,30.81,22.08,69.07,1.94
2006-09-21,1.7,26.41,30.85,21.1,62.27,1.57
2006-09-22,3.19,25.04,29.93,19.93,66.81,1.89
2006-09-23,0.0,25.2,30.14,19.54,57.6,1.62
2006-09-24,0.0,25.38,30.26,19.24,52.5,1.57
2006-09-25,0.0,25.6,31.45,19.71,52.49,1.79
2006-09-26,1.48,24.72,30.17,18.22,57.13,1.84
2006-09-27,0.0,24.62,31.06,18.16,52.43,2.38
2006-09-28,0.0,24.87,31.6,18.39,51.32,2.11
2006-09-29,0.0,25.1,31.68,18.73,55.63,2.07
2006-09-30,0.0,25.79,32.44,20.31,54.84,1.88
2006-10-01,0.0,26.08,32.39,20.49,52.12,1.94
2006-10-02,0.0,26.0,32.52,19.56,49.83,2.16
2006-10-03,0.0,26.15,33.66,19.41,47.86,2.45
2006-10-04,0.0,26.59,33.53,19.61,41.16,2.08
2006-10-05,0.0,26.6,34.54,19.52,36.36,2.24
2006-10-06,0.0,26.36,34.24,20.1,36.45,2.12
2006-10-07,0.0,25.94,33.66,18.72,38.68,2.33
2006-10-08,0.0,25.25,32.72,19.28,47.03,2.1
2006-10-09,0.0,25.45,32.76,19.36,54.99,2.19
2006-10-10,0.08,25.79,32.31,21.04,55.97,2.08
2006-10-11,0.0,25.45,32.31,20.41,55.49,2.24
2006-10-12,0.02,25.01,32.76,19.38,55.47,2.46
2006-10-13,5.59,24.06,30.83,19.36,60.69,2.38
2006-10-14,1.28,23.46,28.85,18.72,56.59,1.51
2006-10-15,4.11,22.87,29.49,18.17,57.33,2.42
2006-10-16,0.01,23.37,30.66,17.04,49.49,2.56
2006-10-17,0.0,23.87,31.12,17.3,48.06,2.19
2006-10-18,0.0,24.5,30.89,18.08,50.58,1.9
2006-10-19,0.03,24.24,30.53,19.79,56.63,1.45
2006-10-20,10.25,19.26,22.52,14.93,74.7,2.22
2006-10-21,0.06,20.26,27.66,14.43,60.37,1.62
2006-10-22,0.0,21.05,27.44,15.22,58.04,1.47
2006-10-23,0.0,21.72,27.96,16.55,56.42,1.51
2006-10-24,0.01,20.92,26.44,16.7,63.19,2.03
2006-10-25,0.02,21.35,27.32,17.0,65.09,2.39
2006-10-26,0.57,21.29,26.89,17.26,63.21,1.83
2006-10-27,0.33,20.67,28.26,15.3,58.99,2.12
2006-10-28,0.0,21.25,28.37,15.18,52.22,2.13
2006-10-29,0.0,21.18,28.57,15.28,51.1,2.26
2006-10-30,0.0,21.52,28.66,16.29,49.0,1.71
2006-10-31,0.0,21.72,28.77,15.88,49.25,1.71
2006-11-01,0.0,21.26,28.06,15.83,53.87,1.76
2006-11-02,0.0,21.39,28.62,15.51,50.66,1.81
2006-11-03,0.0,20.99,28.42,15.7,51.7,1.98
2006-11-04,0.0,21.43,28.45,15.9,49.13,1.94
2006-11-05,0.0,21.43,28.52,16.1,47.28,1.85
2006-11-06,0.0,20.44,28.48,15.51,52.34,2.06
2006-11-07,0.0,20.58,27.22,15.16,53.08,1.86
2006-11-08,0.0,20.7,28.23,14.45,53.08,1.76
2006-11-09,0.01,20.81,27.73,15.38,50.55,1.59
2006-11-10,0.38,20.15,26.11,16.01,55.97,1.53
2006-11-11,4.05,20.83,27.05,17.21,61.45,1.85
2006-11-12,9.58,18.0,22.38,14.58,78.13,1.92
2006-11-13,0.47,17.79,24.71,13.66,62.22,2.09
2006-11-14,0.07,18.45,26.6,12.1,46.74,2.36
2006-11-15,0.17,16.98,24.46,12.78,50.61,2.7
2006-11-16,0.47,16.48,22.82,11.14,54.06,1.67
2006-11-17,6.25,14.71,18.0,12.43,75.15,1.92
2006-11-18,0.05,15.5,21.21,11.81,73.75,1.37
2006-11-19,0.36,15.46,22.63,10.5,65.76,2.74
2006-11-20,0.0,16.71,24.56,12.37,51.63,2.53
2006-11-21,0.6,15.43,22.35,11.12,55.55,2.6
2006-11-22,0.01,15.71,21.59,11.43,60.95,1.5
2006-11-23,0.43,13.94,21.73,9.35,53.41,3.1
2006-11-24,0.0,13.32,21.45,9.06,41.61,2.83
2006-11-25,0.0,12.81,21.33,7.81,40.32,2.46
2006-11-26,0.0,13.39,21.44,8.35,38.8,2.18
2006-11-27,0.0,12.34,17.69,6.7,45.55,2.03
2006-11-28,0.0,11.32,20.03,5.68,53.26,2.78
2006-11-29,0.02,12.41,20.4,8.02,50.38,2.44
2006-11-30,0.0,11.95,20.5,7.4,46.73,3.0
2006-12-01,0.0,12.21,20.1,7.69,44.31,2.54
2006-12-02,0.01,12.36,17.85,7.83,43.55,2.19
2006-12-03,7.74,11.19,15.46,9.35,68.92,2.7
2006-12-04,42.79,11.16,14.82,8.53,89.74,3.67
2006-12-05,24.08,12.18,14.67,10.24,93.61,4.31
2006-12-06,1.78,12.51,16.78,8.11,80.25,1.33
2006-12-07,0.05,12.26,18.05,6.78,70.83,2.03
2006-12-08,0.0,12.34,20.58,6.89,61.58,2.61
2006-12-09,0.0,11.63,20.16,5.03,47.92,2.84
2006-12-10,1.91,12.77,18.67,8.79,54.48,1.95
2006-12-11,0.03,10.25,17.3,6.12,68.08,2.76
2006-12-12,0.06,9.5,18.09,4.9,55.02,2.52
2006-12-13,0.0,11.13,18.55,6.82,44.33,2.28
2006-12-14,0.0,11.06,20.16,6.01,47.32,2.95
2006-12-15,0.0,12.64,20.39,6.19,39.65,1.94
2006-12-16,0.0,12.57,20.42,8.14,47.32,2.99
2006-12-17,0.0,12.39,22.74,6.05,48.13,3.68
2006-12-18,0.0,12.17,21.79,5.32,42.72,3.38
2006-12-19,0.0,11.67,20.76,6.06,45.65,3.1
2006-12-20,0.0,11.87,18.28,7.82,52.28,2.29
2006-12-21,1.45,10.71,16.82,6.95,64.35,1.99
2006-12-22,0.01,11.05,20.11,6.12,59.73,2.81
2006-12-23,0.0,11.27,19.53,4.84,46.95,2.45
2006-12-24,0.0,11.24,17.78,5.64,47.94,2.16
2006-12-25,0.59,10.11,15.22,6.5,60.37,2.46
2006-12-26,6.52,9.77,14.98,5.9,78.76,2.23
2006-12-27,0.3,9.46,17.81,4.9,68.5,3.64
2006-12-28,0.0,10.05,18.79,3.29,47.82,2.66
2006-12-29,0.0,12.06,18.44,8.41,44.8,1.51
2006-12-30,0.0,11.64,17.78,7.04,42.84,1.37
2006-12-31,0.0,9.62,15.49,5.92,58.72,2.55
2007-01-01,0.0,10.11,16.92,6.26,59.92,2.25
2007-01-02,0.0,9.59,16.79,5.03,52.03,2.3
2007-01-03,0.0,9.18,16.02,4.8,44.82,1.96
2007-01-04,0.0,8.81,15.3,4.76,38.78,1.59
2007-01-05,0.0,8.49,16.01,3.52,42.45,2.0
2007-01-06,0.0,7.92,16.26,3.85,43.55,2.1
2007-01-07,0.0,7.31,16.6,1.46,41.62,2.76
2007-01-08,0.0,8.53,16.6,3.58,39.99,2.23
2007-01-09,0.0,9.73,16.89,5.06,39.22,1.87
2007-01-10,0.0,9.45,16.82,5.53,49.05,2.31
2007-01-11,0.0,9.9,18.18,3.07,42.67,2.11
2007-01-12,0.0,9.1,16.52,4.99,46.18,2.37
2007-01-13,0.0,8.05,16.1,2.92,44.8,2.99
2007-01-14,0.0,8.34,15.55,2.99,41.21,2.25
2007-01-15,0.0,10.17,17.35,6.22,39.38,2.41
2007-01-16,0.0,10.41,18.83,5.54,44.46,2.63
2007-01-17,0.0,9.0,18.13,3.7,53.98,2.91
2007-01-18,0.74,8.6,13.51,5.53,59.31,3.51
2007-01-19,0.0,9.14,17.76,3.96,68.45,3.24
2007-01-20,0.0,9.92,18.47,3.1,49.24,2.28
2007-01-21,0.0,9.49,19.14,4.33,44.56,3.49
2007-01-22,0.0,10.17,21.87,2.16,39.47,3.13
2007-01-23,0.0,13.03,21.26,6.52,31.88,1.77
2007-01-24,0.0,13.08,20.91,8.67,36.75,2.1
2007-01-25,0.0,14.78,24.21,7.44,40.4,2.57
2007-01-26,0.01,14.94,21.57,10.5,52.31,2.38
2007-01-27,0.01,16.02,23.74,10.03,55.33,2.61
2007-01-28,0.02,15.79,24.2,9.94,48.4,2.75
2007-01-29,0.01,15.35,24.84,8.18,46.52,2.72
2007-01-30,0.0,16.32,25.09,10.51,44.36,2.3
2007-01-31,0.0,15.03,24.13,8.55,45.97,3.39
2007-02-01,0.0,15.81,25.29,8.73,37.42,2.92
2007-02-02,0.0,16.57,24.23,12.14,39.53,1.64
2007-02-03,0.19,14.88,21.43,11.58,49.56,2.27
2007-02-04,0.0,14.27,21.85,9.2,60.73,2.98
2007-02-05,0.01,14.63,19.98,9.63,57.07,2.02
2007-02-06,0.08,15.28,21.3,10.36,61.45,1.97
2007-02-07,0.0,14.85,22.55,9.5,58.82,2.75
2007-02-08,0.0,15.4,22.59,8.6,52.51,2.2
2007-02-09,2.53,13.78,18.49,11.52,69.28,2.66
2007-02-10,30.77,12.42,16.98,10.65,80.5,6.1
2007-02-11,25.39,10.61,12.1,9.53,86.57,7.3
2007-02-12,18.77,10.41,13.07,7.98,87.9,2.68
2007-02-13,6.77,10.89,14.65,8.19,81.16,1.82
2007-02-14,1.4,11.61,16.45,6.38,72.41,1.79
2007-02-15,1.58,11.16,15.52,6.87,76.91,1.34
2007-02-16,0.02,11.71,16.6,7.32,68.77,1.76
2007-02-17,0.01,11.77,17.58,7.63,64.11,1.7
2007-02-18,2.1,8.77,12.09,5.89,76.93,2.6
2007-02-19,0.0,10.47,17.6,5.14,70.25,2.45
2007-02-20,0.41,11.69,16.65,7.32,63.1,2.68
2007-02-21,7.45,11.41,15.18,7.92,83.65,2.88
2007-02-22,0.0,12.05,20.21,6.13,72.44,3.03
2007-02-23,0.0,13.31,22.29,5.36,51.15,2.69
2007-02-24,0.0,14.79,21.89,8.41,50.32,2.16
2007-02-25,0.02,15.38,21.45,11.32,54.2,1.72
2007-02-26,6.76,13.56,20.32,8.34,65.93,2.29
2007-02-27,10.36,10.4,13.07,7.06,90.62,3.82
2007-02-28,1.37,11.94,17.84,6.54,72.31,2.1
2007-03-01,0.92,12.2,19.12,6.97,73.88,2.32
2007-03-02,0.04,12.6,19.59,6.58,61.62,2.83
2007-03-03,0.46,13.05,18.39,9.21,63.51,1.84
2007-03-04,11.7,12.71,19.26,7.62,71.57,2.78
2007-03-05,0.0,12.5,20.72,6.59,64.05,3.45
2007-03-06,0.0,14.04,22.08,7.97,52.06,3.15
2007-03-07,0.0,14.71,22.96,8.38,51.61,3.03
2007-03-08,0.0,16.17,23.52,10.34,47.03,2.02
2007-03-09,4.21,14.74,21.25,10.27,60.83,3.01
2007-03-10,0.04,14.14,19.57,8.48,66.79,2.71
2007-03-11,23.83,13.22,17.36,11.05,79.64,2.3
2007-03-12,21.86,11.04,13.71,8.72,88.98,2.53
2007-03-13,1.71,11.68,17.19,6.68,79.49,2.43
2007-03-14,0.71,11.89,17.3,7.38,68.0,2.15
2007-03-15,0.0,11.96,19.7,5.05,61.04,3.19
2007-03-16,0.0,13.49,21.09,7.42,60.78,3.31
2007-03-17,0.04,17.28,25.32,9.87,54.76,2.34
2007-03-18,0.53,18.72,25.16,13.27,64.58,2.5
2007-03-19,10.51,18.72,23.48,15.28,71.93,3.8
2007-03-20,60.31,16.12,19.39,12.8,87.81,2.43
2007-03-21,12.77,15.62,20.43,11.89,79.65,2.26
2007-03-22,0.0,16.37,23.61,11.05,60.64,2.07
2007-03-23,0.0,17.49,25.44,11.22,54.51,3.14
2007-03-24,0.0,18.01,24.65,12.64,51.85,2.55
2007-03-25,0.0,17.15,24.84,11.03,58.66,3.48
2007-03-26,0.0,18.82,26.4,11.7,57.97,3.25
2007-03-27,0.0,20.92,28.02,14.5,51.69,3.0
2007-03-28,0.0,21.74,29.01,14.07,54.78,2.43
2007-03-29,0.0,23.44,30.37,16.07,55.91,2.1
2007-03-30,0.0,23.4,29.05,17.58,64.36,2.14
2007-03-31,0.02,23.35,30.0,18.45,67.93,3.46
2007-04-01,14.74,18.62,22.77,14.67,73.42,4.04
2007-04-02,0.0,18.96,26.11,12.84,59.16,3.22
2007-04-03,0.0,20.19,27.58,14.6,51.42,3.05
2007-04-04,0.0,22.44,29.08,17.11,49.42,2.08
2007-04-05,0.0,22.87,28.68,17.38,54.01,2.53
2007-04-06,0.0,21.97,28.83,15.86,58.87,2.7
2007-04-07,0.0,23.23,29.47,17.37,53.4,2.41
2007-04-08,0.0,23.11,29.62,17.57,53.09,2.26
2007-04-09,0.0,23.38,30.61,17.04,50.05,3.02
2007-04-10,0.0,24.08,32.24,15.79,46.37,3.12
2007-04-11,0.0,26.12,33.64,19.56,39.71,2.7
2007-04-12,0.0,26.05,33.76,18.4,44.43,2.65
2007-04-13,0.0,26.36,34.4,17.57,48.03,2.44
2007-04-14,0.0,27.12,35.42,19.06,50.66,2.49
2007-04-15,0.0,27.95,36.22,19.61,48.65,2.31
2007-04-16,0.0,28.84,36.46,20.25,46.28,2.1
2007-04-17,0.01,29.57,36.32,23.68,44.93,1.9
2007-04-18,0.0,27.87,34.12,22.16,46.84,2.83
2007-04-19,1.14,26.52,32.98,20.08,52.22,2.63
2007-04-20,0.01,26.52,33.91,18.94,47.83,3.03
2007-04-21,0.0,27.42,35.57,18.71,41.12,2.65
2007-04-22,0.0,28.02,36.23,19.43,39.52,2.57
2007-04-23,2.19,27.27,34.57,21.2,38.94,3.34
2007-04-24,0.0,27.17,35.52,18.12,37.21,2.97
2007-04-25,0.0,28.11,35.91,21.49,34.31,2.64
2007-04-26,0.0,28.12,38.29,18.29,33.85,2.84
2007-04-27,0.0,29.64,38.24,20.32,29.48,2.45
2007-04-28,0.0,29.08,38.03,19.42,32.6,2.65
2007-04-29,0.0,29.97,38.4,20.83,32.4,2.39
2007-04-30,0.0,30.02,39.09,21.55,37.68,2.75
2007-05-01,0.0,30.71,39.55,21.67,39.26,2.38
2007-05-02,0.0,31.42,39.52,22.93,39.45,2.09
2007-05-03,0.86,30.47,37.47,22.99,41.92,2.16
2007-05-04,2.72,29.61,37.34,22.94,46.7,2.77
2007-05-05,0.0,29.82,37.47,22.6,42.4,2.92
2007-05-06,0.0,30.53,38.56,21.78,36.69,2.6
2007-05-07,0.06,31.1,38.71,22.24,34.73,2.26
2007-05-08,2.25,29.63,37.02,22.61,40.7,2.46
2007-05-09,0.0,29.7,37.45,21.89,35.43,2.75
2007-05-10,0.16,30.21,39.04,22.11,30.59,3.03
2007-05-11,0.29,30.14,38.11,20.95,29.27,2.5
2007-05-12,0.0,31.01,39.27,21.76,25.77,2.03
2007-05-13,0.0,31.4,39.07,21.94,24.18,2.14
2007-05-14,0.0,32.63,40.72,23.62,25.25,2.36
2007-05-15,0.01,34.82,42.78,25.55,24.27,2.15
2007-05-16,17.94,33.69,39.92,27.17,39.67,2.41
2007-05-17,0.17,31.8,38.95,24.1,40.29,2.49
2007-05-18,0.03,32.26,39.58,24.12,37.27,3.19
2007-05-19,21.72,31.16,37.39,25.58,45.72,2.16
2007-05-20,2.43,30.88,37.31,25.4,35.96,2.62
2007-05-21,0.45,29.66,37.05,22.65,34.13,2.7
2007-05-22,0.0,29.88,36.5,22.83,30.92,1.96
2007-05-23,0.18,29.52,37.17,21.41,37.4,2.39
2007-05-24,0.12,29.44,36.45,21.97,34.94,2.43
2007-05-25,0.28,26.78,33.51,20.41,38.86,2.76
2007-05-26,0.08,26.15,33.01,20.42,40.59,2.99
2007-05-27,0.05,26.53,33.17,20.77,40.72,2.35
2007-05-28,0.58,27.4,34.54,19.0,39.59,2.48
2007-05-29,0.01,29.36,36.03,22.05,35.31,1.81
2007-05-30,0.02,29.86,37.15,21.71,34.22,2.9
2007-05-31,0.88,31.1,38.7,24.17,31.24,2.58
2007-06-01,0.0,32.57,40.82,23.63,24.45,2.84
2007-06-02,0.21,33.65,41.44,25.44,23.55,2.64
2007-06-03,0.45,32.62,40.1,24.75,25.01,2.84
2007-06-04,0.02,32.27,39.68,24.82,24.53,2.48
2007-06-05,0.03,32.81,40.25,24.84,23.65,3.0
2007-06-06,5.0,33.44,40.86,24.59,29.79,2.2
2007-06-07,0.0,35.02,42.63,26.52,23.1,3.69
2007-06-08,0.0,37.25,45.95,27.46,16.78,2.84
2007-06-09,0.0,38.94,47.3,29.93,11.03,2.64
2007-06-10,0.0,39.84,48.22,30.8,7.4,2.19
2007-06-11,0.0,39.58,47.29,29.31,8.79,1.64
2007-06-12,0.0,38.75,46.01,30.16,19.6,3.1
2007-06-13,0.1,38.68,45.04,31.9,19.72,2.52
2007-06-14,3.13,38.28,44.26,31.46,23.32,3.01
2007-06-15,7.71,33.52,38.12,28.17,42.42,3.82
2007-06-16,7.85,30.59,35.16,25.78,55.74,2.17
2007-06-17,12.76,29.88,34.53,25.05,54.69,1.77
2007-06-18,0.07,30.97,36.92,23.23,42.99,1.87
2007-06-19,1.82,31.67,37.74,24.06,44.08,1.81
2007-06-20,0.52,31.99,38.71,24.64,42.99,1.79
2007-06-21,0.0,32.24,38.66,24.52,43.56,1.96
2007-06-22,0.01,33.17,38.96,25.87,44.46,1.7
2007-06-23,7.96,32.9,37.95,27.31,46.26,1.52
2007-06-24,0.01,32.98,39.05,26.53,50.75,1.76
2007-06-25,0.71,34.67,40.42,28.02,46.96,1.72
2007-06-26,1.11,34.11,39.37,28.87,45.67,1.36
2007-06-27,0.14,34.32,40.19,28.62,43.19,2.51
2007-06-28,15.31,33.69,39.35,29.31,48.53,1.76
2007-06-29,44.27,27.87,29.56,25.57,80.16,2.77
2007-06-30,0.85,30.31,35.79,24.76,63.98,1.75
2007-07-01,1.37,32.46,38.21,25.82,56.57,1.83
2007-07-02,9.57,32.02,36.1,26.93,56.65,1.27
2007-07-03,14.86,31.66,35.41,27.0,51.84,1.35
2007-07-04,0.35,31.7,36.92,26.39,54.69,2.0
2007-07-05,2.28,32.48,37.84,26.07,55.94,2.03
2007-07-06,36.09,31.91,35.45,27.4,62.2,1.46
2007-07-07,2.2,29.81,34.51,26.86,71.18,2.35
2007-07-08,25.79,28.29,31.69,24.63,67.54,2.26
2007-07-09,0.08,29.96,34.59,23.98,58.66,2.04
2007-07-10,0.0,31.18,35.96,24.88,58.75,1.6
2007-07-11,0.05,32.49,37.43,26.29,59.45,1.96
2007-07-12,2.53,32.93,37.61,27.18,60.42,1.98
2007-07-13,4.6,32.4,36.48,28.45,57.4,1.53
2007-07-14,10.45,30.71,34.93,25.63,59.66,1.87
2007-07-15,17.24,28.02,31.46,25.24,71.67,1.79
2007-07-16,1.0,29.93,34.79,23.6,58.79,1.43
2007-07-17,0.6,30.26,34.92,24.38,59.02,1.75
2007-07-18,0.01,31.43,36.72,24.9,58.43,1.7
2007-07-19,0.72,32.39,36.45,26.62,58.56,1.29
2007-07-20,8.34,32.1,35.89,27.71,62.35,1.34
2007-07-21,36.62,30.34,33.3,26.91,68.5,1.76
2007-07-22,13.19,29.7,32.8,26.47,68.34,1.15
2007-07-23,2.16,29.96,33.48,25.75,65.36,1.27
2007-07-24,5.42,29.91,33.79,25.45,64.82,1.4
2007-07-25,5.11,30.5,34.16,25.73,63.99,1.65
2007-07-26,18.86,30.88,35.45,25.61,66.27,1.99
2007-07-27,6.16,30.21,34.32,26.41,64.77,2.15
2007-07-28,3.17,29.83,33.83,24.5,62.94,1.59
2007-07-29,17.21,30.11,34.67,24.63,64.99,1.51
2007-07-30,39.3,29.73,33.18,25.97,69.81,1.31
2007-07-31,9.36,29.89,32.91,25.68,73.21,1.49
2007-08-01,10.82,29.9,33.17,26.19,74.32,1.41
2007-08-02,17.81,28.73,32.42,25.12,77.32,2.02
2007-08-03,6.13,28.28,31.65,24.51,73.85,1.88
2007-08-04,0.0,28.14,31.71,24.09,74.45,1.58
2007-08-05,1.91,28.73,32.34,24.46,73.43,1.19
2007-08-06,0.71,28.45,32.57,24.96,75.44,1.53
2007-08-07,0.1,29.09,33.15,24.35,70.22,1.86
2007-08-08,0.06,30.0,34.09,25.26,71.79,1.69
2007-08-09,0.29,29.51,32.89,25.82,74.94,1.45
2007-08-10,0.0,29.7,33.21,25.24,74.46,1.58
2007-08-11,0.0,30.69,34.84,26.26,70.72,1.93
2007-08-12,10.15,31.23,35.66,26.94,70.33,2.48
2007-08-13,60.79,30.13,33.31,26.72,75.6,1.77
2007-08-14,58.52,29.35,32.66,26.18,76.7,1.48
2007-08-15,1.48,28.78,32.54,24.95,73.49,1.65
2007-08-16,0.32,28.4,32.01,24.65,73.32,2.08
2007-08-17,0.01,28.42,32.54,24.1,74.89,1.86
2007-08-18,0.0,28.74,32.97,23.63,69.68,1.97
2007-08-19,0.24,28.79,33.28,24.1,67.65,2.21
2007-08-20,46.46,26.9,30.6,23.52,78.5,2.18
2007-08-21,0.24,27.57,30.99,24.19,78.48,1.48
2007-08-22,0.02,27.31,30.2,24.06,78.14,1.48
2007-08-23,3.47,28.1,31.85,24.31,75.44,1.24
2007-08-24,8.63,27.89,31.53,24.24,80.37,1.78
2007-08-25,7.97,28.21,31.76,24.28,79.35,1.7
2007-08-26,10.09,28.48,32.55,24.51,75.37,1.93
2007-08-27,2.72,28.11,32.48,23.7,74.96,1.87
2007-08-28,4.19,28.14,32.45,23.75,72.89,1.99
2007-08-29,0.0,28.02,32.5,23.53,72.75,1.78
2007-08-30,0.0,28.14,31.9,23.63,72.64,1.7
2007-08-31,0.33,29.13,33.44,24.1,70.45,1.59
2007-09-01,8.42,27.97,32.11,23.78,76.32,1.99
2007-09-02,1.81,28.42,32.19,24.1,74.28,1.5
2007-09-03,22.34,28.91,32.38,24.86,71.35,2.05
2007-09-04,0.01,29.09,33.35,24.58,69.39,2.04
2007-09-05,4.16,28.65,33.91,23.63,65.81,1.7
2007-09-06,6.67,27.18,31.18,22.62,67.96,1.71
2007-09-07,0.16,26.36,30.41,22.3,71.26,1.66
2007-09-08,0.02,25.89,29.7,21.81,75.14,1.9
2007-09-09,0.29,25.77,30.09,21.51,70.77,1.91
2007-09-10,0.07,26.14,30.79,21.36,68.98,1.92
2007-09-11,0.92,26.44,30.74,22.02,67.22,1.58
2007-09-12,0.09,26.51,31.52,21.79,68.56,1.72
2007-09-13,0.02,27.17,32.04,22.17,68.89,1.84
2007-09-14,4.65,27.06,31.51,22.1,68.06,1.5
2007-09-15,0.94,27.52,32.0,22.39,67.21,1.65
2007-09-16,0.37,27.94,31.96,23.08,66.7,1.48
2007-09-17,6.42,27.53,31.79,23.74,71.3,1.96
2007-09-18,2.12,27.32,31.6,23.31,72.79,1.9
2007-09-19,8.76,27.55,31.61,23.08,72.34,1.59
2007-09-20,22.53,27.1,31.1,23.46,71.94,1.88
2007-09-21,14.65,26.82,31.58,21.86,67.52,1.9
2007-09-22,11.3,24.98,29.88,20.97,72.64,2.24
2007-09-23,0.18,24.51,28.89,19.76,70.08,1.8
2007-09-24,0.0,25.6,31.12,20.18,59.45,2.13
2007-09-25,0.0,24.67,30.13,18.91,56.47,2.15
2007-09-26,0.0,25.04,30.81,18.67,53.45,1.81
2007-09-27,0.0,24.75,30.15,18.86,59.59,2.05
2007-09-28,0.0,23.74,28.82,19.01,63.09,1.93
2007-09-29,0.0,23.49,29.54,18.73,53.61,2.0
2007-09-30,0.0,23.18,29.35,17.28,50.39,2.44
2007-10-01,0.0,23.59,30.47,17.1,44.43,2.31
2007-10-02,0.0,23.81,30.51,16.05,43.89,2.2
2007-10-03,0.0,24.02,30.52,17.55,43.86,1.91
2007-10-04,0.0,23.86,30.29,17.61,44.89,1.8
2007-10-05,0.0,22.88,29.97,16.42,47.03,2.32
2007-10-06,0.0,22.68,29.26,16.86,45.59,2.07
2007-10-07,0.0,22.49,29.24,17.28,42.87,2.55
2007-10-08,0.0,22.63,29.54,16.96,38.77,2.09
2007-10-09,0.0,22.51,29.89,17.26,37.85,2.37
2007-10-10,0.0,22.09,29.84,14.51,37.99,2.13
2007-10-11,0.0,21.81,29.57,14.63,39.91,2.29
2007-10-12,0.0,21.83,30.09,14.08,40.26,2.46
2007-10-13,0.0,22.68,30.83,15.46,37.45,2.27
2007-10-14,0.0,22.11,30.57,14.19,39.94,2.28
2007-10-15,0.0,22.2,30.33,15.25,44.25,2.09
2007-10-16,0.0,22.29,30.29,15.63,45.34,2.42
2007-10-17,0.0,21.73,29.9,15.31,42.82,2.27
2007-10-18,0.0,20.8,28.82,14.76,43.8,2.66
2007-10-19,0.0,21.83,29.1,15.71,42.76,2.13
2007-10-20,0.0,21.98,29.27,16.15,43.11,2.29
2007-10-21,0.13,21.18,29.59,15.15,49.02,2.71
2007-10-22,0.0,21.1,29.67,14.57,45.69,2.65
2007-10-23,0.0,21.36,28.97,15.06,41.19,2.63
2007-10-24,0.0,20.82,29.07,13.1,43.13,2.37
2007-10-25,0.0,21.51,28.98,15.33,44.99,2.21
2007-10-26,0.0,21.42,29.63,14.93,46.82,2.62
2007-10-27,0.0,21.54,30.31,14.47,45.36,3.04
2007-10-28,0.0,22.17,30.38,16.08,36.11,2.54
2007-10-29,0.0,20.8,29.76,14.53,36.76,2.56
2007-10-30,0.0,20.03,29.25,12.37,35.61,2.9
2007-10-31,0.0,20.73,29.96,12.79,32.65,2.9
2007-11-01,0.0,21.46,30.24,14.61,30.66,2.47
2007-11-02,0.0,20.87,29.8,14.51,32.07,2.21
2007-11-03,0.0,19.88,27.37,14.18,35.53,2.0
2007-11-04,0.0,20.66,28.52,15.41,37.07,2.41
2007-11-05,0.0,20.89,30.0,15.02,34.91,3.17
2007-11-06,0.0,21.07,30.03,15.47,34.85,2.21
2007-11-07,0.0,20.01,28.19,12.97,39.31,2.43
2007-11-08,0.0,19.53,27.99,13.26,42.38,2.71
2007-11-09,0.0,17.98,25.5,12.02,46.58,2.29
2007-11-10,0.0,18.1,25.86,12.1,46.73,2.15
2007-11-11,0.0,17.87,25.91,11.89,48.28,2.57
2007-11-12,0.0,17.5,24.7,11.43,47.67,2.24
2007-11-13,0.0,18.46,25.26,13.35,48.34,2.14
2007-11-14,0.0,18.18,24.89,13.15,50.73,1.99
2007-11-15,0.0,17.62,24.65,12.2,48.68,1.98
2007-11-16,0.0,18.44,26.89,11.97,44.76,2.79
2007-11-17,0.0,18.05,25.33,11.71,36.81,2.24
2007-11-18,0.0,17.36,26.07,10.74,31.72,2.23
2007-11-19,0.0,16.14,23.82,10.64,36.3,2.1
2007-11-20,0.0,16.11,24.64,10.46,35.88,2.8
2007-11-21,0.0,17.67,26.84,11.7,31.65,2.9
2007-11-22,0.0,17.27,25.72,10.87,31.61,2.58
2007-11-23,0.0,17.58,25.97,11.59,31.92,2.63
2007-11-24,0.0,17.69,25.93,12.57,32.03,2.49
2007-11-25,0.0,17.89,26.43,12.26,28.67,2.51
2007-11-26,0.0,18.83,26.78,14.24,25.03,2.04
2007-11-27,0.0,17.47,25.5,12.45,25.55,1.97
2007-11-28,0.0,16.25,23.42,11.03,29.48,1.87
2007-11-29,0.0,15.27,21.36,10.97,38.2,2.46
2007-11-30,12.9,14.31,21.18,9.46,59.48,2.27
2007-12-01,1.69,12.5,18.92,9.86,60.16,2.73
2007-12-02,0.01,14.38,21.25,9.14,48.54,2.23
2007-12-03,0.0,12.69,20.44,8.17,50.35,2.8
2007-12-04,0.0,14.17,21.68,9.33,41.31,1.75
2007-12-05,0.0,13.49,20.76,9.35,37.46,2.11
2007-12-06,0.0,14.45,21.55,10.5,36.74,1.68
2007-12-07,0.0,14.33,20.99,9.25,36.92,1.61
2007-12-08,0.0,12.88,20.68,8.93,43.47,2.54
2007-12-09,0.54,11.03,15.07,7.72,61.58,1.57
2007-12-10,0.0,10.43,15.88,5.19,72.23,1.98
2007-12-11,0.01,9.94,14.78,5.78,74.1,2.02
2007-12-12,0.14,10.01,16.75,5.73,62.36,2.25
2007-12-13,1.46,10.02,14.96,6.1,65.93,1.78
2007-12-14,0.0,9.0,16.99,4.44,58.64,3.26
2007-12-15,0.0,9.68,18.91,4.12,42.46,2.76
2007-12-16,0.0,11.03,18.8,6.8,32.5,2.29
2007-12-17,0.0,10.93,20.3,5.51,35.4,2.93
2007-12-18,0.0,11.82,15.73,9.59,35.75,1.33
2007-12-19,0.0,12.27,18.49,7.81,34.52,1.59
2007-12-20,0.07,12.24,21.27,6.79,41.79,3.02
2007-12-21,0.1,12.56,20.23,8.47,59.35,2.89
2007-12-22,0.0,12.89,23.29,7.15,49.8,3.46
2007-12-23,0.0,14.74,22.81,9.28,30.9,2.33
2007-12-24,0.0,14.17,21.99,10.41,42.35,2.38
2007-12-25,0.0,11.89,20.47,6.8,40.92,3.41
2007-12-26,0.0,12.34,20.3,8.03,31.8,2.36
2007-12-27,0.0,11.16,19.98,6.23,30.02,2.29
2007-12-28,0.0,11.2,18.85,5.13,26.03,1.87
2007-12-29,0.0,10.28,19.27,4.22,28.36,2.3
2007-12-30,0.0,9.65,18.75,4.95,26.76,2.88
2007-12-31,0.0,11.36,20.12,6.6,18.16,2.15
2008-01-01,0.0,10.78,18.92,6.19,17.12,2.23
2008-01-02,0.0,9.67,18.27,5.47,18.98,2.14
2008-01-03,0.0,9.07,18.49,3.09,21.36,2.48
2008-01-04,0.03,11.2,17.0,7.08,28.41,2.49
2008-01-05,6.95,10.65,14.82,8.13,54.53,2.06
2008-01-06,0.81,11.09,16.98,7.2,61.5,2.56
2008-01-07,5.83,11.41,18.17,7.17,66.59,2.95
2008-01-08,16.42,9.89,12.27,8.13,88.87,3.2
2008-01-09,11.45,10.34,12.93,9.03,93.56,3.25
2008-01-10,11.73,9.63,14.17,5.37,84.44,2.51
2008-01-11,0.01,7.68,14.55,3.67,67.48,2.73
2008-01-12,0.0,8.41,16.98,3.42,44.88,2.25
2008-01-13,0.0,8.73,17.54,2.68,47.11,2.92
2008-01-14,0.0,9.74,17.84,5.52,47.68,3.15
2008-01-15,0.0,12.16,20.09,6.21,47.88,2.86
2008-01-16,2.92,11.04,13.83,9.54,77.21,2.79
2008-01-17,19.56,10.65,13.19,8.12,91.9,2.53
2008-01-18,2.34,9.21,15.35,4.87,73.15,2.21
2008-01-19,0.0,8.46,15.31,4.56,45.98,2.36
2008-01-20,0.0,6.52,14.97,0.91,45.42,2.93
2008-01-21,0.0,6.13,13.88,-0.74,42.2,2.68
2008-01-22,0.0,7.84,14.16,3.69,38.45,2.04
2008-01-23,0.0,6.23,13.28,1.71,41.27,2.8
2008-01-24,0.0,5.88,12.64,1.94,40.36,2.0
2008-01-25,0.0,4.83,11.8,-2.21,43.92,2.18
2008-01-26,0.0,5.22,13.0,0.95,42.67,2.24
2008-01-27,0.0,5.74,14.22,-2.03,46.46,2.58
2008-01-28,0.0,9.64,16.7,4.9,40.21,1.75
2008-01-29,0.0,8.04,15.74,2.71,47.81,2.72
2008-01-30,0.0,8.51,16.65,2.22,45.53,2.9
2008-01-31,0.0,7.14,17.55,-0.28,39.41,3.36
2008-02-01,0.0,7.84,17.06,-0.13,37.37,2.75
2008-02-02,1.15,7.84,15.35,3.76,51.29,2.28
2008-02-03,2.31,6.44,11.37,2.78,74.99,1.99
2008-02-04,5.26,8.01,13.81,3.83,69.87,2.15
2008-02-05,0.59,7.21,11.67,4.03,86.17,2.12
2008-02-06,3.31,7.55,13.07,2.56,69.95,1.65
2008-02-07,6.01,6.85,11.11,2.63,78.42,3.01
2008-02-08,0.67,7.47,11.79,3.22,73.2,1.39
2008-02-09,0.0,7.3,15.58,1.25,57.73,3.4
2008-02-10,0.0,9.16,17.23,3.8,36.03,2.64
2008-02-11,0.0,8.2,16.81,1.65,35.06,2.67
2008-02-12,0.0,7.83,17.47,0.46,41.58,3.65
2008-02-13,0.0,9.46,20.24,0.02,38.18,3.35
2008-02-14,0.0,10.86,17.44,5.23,40.11,2.54
2008-02-15,0.0,11.87,21.25,5.1,43.83,2.88
2008-02-16,0.0,14.08,23.12,6.27,47.28,2.65
2008-02-17,0.0,15.09,23.09,9.81,46.39,3.23
2008-02-18,0.0,13.97,24.75,7.23,40.98,3.4
2008-02-19,0.0,13.75,26.1,4.68,34.88,3.7
2008-02-20,0.0,14.56,25.34,5.78,33.32,3.28
2008-02-21,0.0,15.22,22.37,9.45,37.55,4.53
2008-02-22,0.29,15.96,22.69,9.62,40.75,3.76
2008-02-23,0.07,15.55,23.0,10.34,49.5,2.17
2008-02-24,0.13,15.19,23.01,10.28,53.91,2.06
2008-02-25,0.0,14.35,22.62,8.67,44.67,3.64
2008-02-26,0.0,14.47,24.58,7.09,36.65,4.27
2008-02-27,0.0,16.3,27.88,7.56,35.67,4.02
2008-02-28,0.0,17.92,28.78,9.21,36.94,3.57
2008-02-29,0.0,21.09,29.23,13.23,34.48,2.05
2008-03-01,0.0,20.82,28.53,13.58,38.53,2.44
2008-03-02,0.0,21.2,28.21,14.82,34.5,1.62
2008-03-03,0.93,18.81,26.66,12.38,43.62,2.52
2008-03-04,0.74,18.92,27.02,12.72,47.56,3.06
2008-03-05,0.0,19.5,28.59,12.14,48.55,2.9
2008-03-06,0.39,19.17,27.65,13.31,48.86,2.88
2008-03-07,0.02,19.68,28.25,13.38,44.68,2.59
2008-03-08,0.42,19.16,28.21,11.32,43.83,2.43
2008-03-09,0.0,20.75,28.39,13.4,39.05,2.07
2008-03-10,0.0,19.48,27.82,12.84,46.42,2.69
2008-03-11,0.02,19.48,27.93,12.45,42.92,3.38
2008-03-12,0.0,19.99,29.06,12.52,40.31,2.71
2008-03-13,0.0,20.46,29.13,13.23,37.94,2.6
2008-03-14,0.0,20.62,29.38,13.29,39.37,2.59
2008-03-15,0.0,21.3,29.83,13.27,39.49,3.27
2008-03-16,0.0,23.3,32.56,14.25,33.77,2.42
2008-03-17,0.0,23.27,31.88,14.81,32.32,3.86
2008-03-18,0.0,22.41,31.93,14.67,31.51,3.06
2008-03-19,0.0,21.71,31.04,14.42,29.92,2.84
2008-03-20,0.02,21.3,30.65,12.86,32.25,2.91
2008-03-21,0.0,20.37,29.9,13.37,33.93,3.21
2008-03-22,0.0,21.51,30.25,13.98,35.73,2.83
2008-03-23,0.0,22.64,31.91,14.07,31.55,3.3
2008-03-24,0.0,24.01,33.24,16.36,24.3,3.03
2008-03-25,0.0,24.11,33.45,14.72,22.43,2.64
2008-03-26,0.0,23.9,33.15,16.42,24.79,2.66
2008-03-27,0.0,23.9,31.58,16.93,27.77,3.34
2008-03-28,0.0,24.67,33.04,16.12,24.8,2.56
2008-03-29,0.0,26.12,34.5,19.52,18.1,2.14
2008-03-30,0.02,24.75,33.95,16.04,16.97,2.91
2008-03-31,7.51,23.23,30.91,15.95,34.79,2.18
2008-04-01,0.57,23.19,31.44,14.74,36.95,2.02
2008-04-02,9.73,21.85,28.24,15.28,43.93,2.27
2008-04-03,0.1,18.72,22.65,15.84,61.15,2.72
2008-04-04,1.25,18.75,23.93,13.22,61.33,2.56
2008-04-05,81.08,15.58,16.8,14.13,88.38,4.91
2008-04-06,1.25,16.66,21.79,11.36,74.92,2.27
2008-04-07,6.01,18.14,23.39,12.83,70.49,1.84
2008-04-08,2.15,19.56,25.37,13.91,65.63,2.56
2008-04-09,2.3,20.47,28.41,14.45,59.11,3.06
2008-04-10,1.71,21.14,27.38,14.9,65.6,2.81
2008-04-11,2.54,21.94,28.01,16.14,64.94,2.3
2008-04-12,0.03,23.85,29.38,18.26,52.11,1.48
2008-04-13,0.0,22.53,30.53,14.62,51.4,3.35
2008-04-14,1.93,23.41,30.68,16.73,50.99,2.68
2008-04-15,12.74,19.24,23.67,14.6,67.79,2.64
2008-04-16,2.38,19.33,26.0,13.9,58.91,2.42
2008-04-17,0.17,20.63,28.98,12.32,47.86,3.44
2008-04-18,0.0,22.78,30.71,14.62,44.53,2.84
2008-04-19,0.05,23.11,31.8,15.25,47.8,3.26
2008-04-20,0.0,24.29,32.97,16.25,48.25,3.32
2008-04-21,0.0,25.61,33.19,18.25,46.83,3.48
2008-04-22,0.0,25.66,34.43,18.12,46.79,3.14
2008-04-23,0.0,25.95,33.68,19.58,45.85,2.96
2008-04-24,0.0,26.56,34.93,19.09,41.03,3.36
2008-04-25,0.0,27.24,35.33,20.04,37.02,2.72
2008-04-26,0.07,27.11,35.41,19.25,34.93,2.76
2008-04-27,0.0,27.08,35.62,17.66,33.36,3.59
2008-04-28,0.0,29.06,36.97,21.46,28.02,2.45
2008-04-29,0.0,28.35,37.62,19.26,31.75,2.84
2008-04-30,0.05,28.67,37.98,19.03,31.69,3.16
2008-05-01,0.0,29.36,38.01,20.8,32.21,2.7
2008-05-02,0.0,30.79,39.34,21.88,27.94,2.57
2008-05-03,0.0,31.07,40.19,22.62,28.06,2.7
2008-05-04,0.12,30.6,40.15,22.47,31.42,2.91
2008-05-05,0.0,30.58,37.79,24.04,31.91,2.97
2008-05-06,0.22,29.43,36.5,23.99,23.79,2.23
2008-05-07,0.0,28.76,37.35,20.29,26.49,2.46
2008-05-08,0.0,29.4,37.0,20.42,28.66,1.86
2008-05-09,0.1,29.12,36.52,23.04,33.84,2.31
2008-05-10,0.48,28.44,34.83,21.73,36.73,2.53
2008-05-11,0.3,29.35,37.03,21.68,33.56,2.93
2008-05-12,0.01,30.43,38.85,22.56,26.61,2.62
2008-05-13,0.52,31.02,38.13,22.13,26.75,2.11
2008-05-14,0.99,31.1,38.75,24.47,27.93,2.55
2008-05-15,1.46,31.55,40.13,22.61,26.72,2.96
2008-05-16,2.33,31.76,39.13,24.1,30.01,2.72
2008-05-17,0.0,32.83,41.09,23.75,23.36,3.12
2008-05-18,0.0,33.23,41.3,23.72,21.4,2.9
2008-05-19,0.01,33.34,41.1,24.76,21.27,3.45
2008-05-20,0.02,32.38,39.46,24.27,26.59,2.55
2008-05-21,0.0,32.86,41.22,24.5,18.91,2.3
2008-05-22,0.75,31.08,37.79,25.31,32.18,3.16
2008-05-23,1.62,29.97,35.31,25.0,45.31,2.48
2008-05-24,0.37,27.86,32.77,25.33,52.08,2.45
2008-05-25,10.12,28.13,32.49,23.43,52.59,1.76
2008-05-26,0.01,28.75,36.16,21.1,45.47,2.26
2008-05-27,0.27,28.78,36.56,21.17,38.38,2.59
2008-05-28,0.1,30.68,37.26,23.18,29.95,2.58
2008-05-29,0.0,32.08,39.58,23.9,26.87,2.3
2008-05-30,0.0,33.18,40.57,24.79,25.62,2.15
2008-05-31,0.36,35.05,42.02,27.31,22.02,2.39
2008-06-01,0.11,35.17,42.28,26.65,23.21,2.17
2008-06-02,5.92,31.63,37.62,26.01,42.49,2.89
2008-06-03,3.83,31.22,37.71,24.32,45.97,2.18
2008-06-04,0.01,33.55,39.73,26.17,35.77,1.74
2008-06-05,0.0,34.58,41.27,26.26,32.46,1.9
2008-06-06,0.28,34.99,42.18,27.12,31.88,2.86
2008-06-07,2.03,35.28,41.96,27.55,32.44,2.31
2008-06-08,4.3,34.17,40.81,27.65,34.95,2.2
2008-06-09,26.34,30.86,36.05,26.91,57.2,2.94
2008-06-10,1.83,31.54,36.88,25.65,57.96,1.49
2008-06-11,0.02,32.49,38.53,26.1,54.06,1.74
2008-06-12,2.74,33.03,38.17,27.69,52.5,1.33
2008-06-13,0.12,33.68,38.43,28.56,49.34,1.48
2008-06-14,10.45,33.52,38.63,28.22,54.96,1.77
2008-06-15,14.41,32.98,37.77,28.46,58.29,1.71
2008-06-16,10.96,30.9,35.43,26.07,63.59,2.0
2008-06-17,0.91,32.84,38.02,27.76,49.85,1.93
2008-06-18,0.78,32.99,39.13,26.31,52.18,2.0
2008-06-19,12.48,31.82,37.08,27.03,57.82,1.64
2008-06-20,10.21,31.92,36.67,26.95,52.41,1.37
2008-06-21,3.58,32.54,36.96,26.68,47.48,1.25
2008-06-22,8.83,31.57,36.6,25.76,53.02,1.28
2008-06-23,0.58,32.62,37.92,25.1,50.32,1.69
2008-06-24,3.7,34.45,39.69,28.45,44.08,2.15
2008-06-25,0.37,33.84,40.43,26.03,47.23,1.81
2008-06-26,20.35,33.42,39.03,26.76,55.55,1.85
2008-06-27,7.54,33.88,39.06,28.9,53.0,1.85
2008-06-28,36.62,30.73,34.2,26.93,59.28,1.59
2008-06-29,3.46,29.49,33.59,25.31,64.76,2.05
2008-06-30,0.19,28.91,32.97,24.46,66.7,1.9
2008-07-01,0.0,30.44,34.46,24.64,59.17,1.31
2008-07-02,0.0,32.5,37.82,26.0,56.45,2.04
2008-07-03,0.25,33.89,39.02,28.36,54.66,1.69
2008-07-04,7.33,33.34,39.25,27.84,57.06,1.93
2008-07-05,38.6,31.59,35.53,27.52,66.33,1.91
2008-07-06,47.99,29.1,32.64,26.08,80.06,3.04
2008-07-07,20.48,28.63,32.29,24.99,78.83,2.11
2008-07-08,22.95,28.82,31.82,25.53,77.21,2.04
2008-07-09,1.66,28.71,31.96,25.4,76.1,2.54
2008-07-10,0.19,29.03,32.87,24.74,74.01,1.77
2008-07-11,9.93,29.73,32.95,25.66,73.73,1.87
2008-07-12,29.48,28.65,31.91,25.47,75.94,1.51
2008-07-13,0.1,28.46,32.28,24.41,72.38,1.47
2008-07-14,3.26,28.68,32.33,23.74,71.48,1.35
2008-07-15,0.0,30.1,33.84,25.69,66.82,1.4
2008-07-16,3.89,30.15,34.62,25.1,67.54,1.57
2008-07-17,9.29,30.72,35.18,25.99,67.22,1.84
2008-07-18,15.47,30.5,34.22,26.54,69.61,1.82
2008-07-19,5.8,30.01,33.56,25.87,70.95,1.78
2008-07-20,6.43,28.9,32.79,25.54,76.77,3.11
2008-07-21,22.76,28.31,31.51,25.11,75.68,2.04
2008-07-22,5.22,28.98,33.14,23.95,69.24,1.65
2008-07-23,0.0,29.44,33.55,24.23,65.89,1.67
2008-07-24,0.0,30.23,34.99,25.29,63.01,1.74
2008-07-25,1.2,30.05,34.66,24.21,64.77,1.87
2008-07-26,6.53,28.68,33.15,24.38,72.71,2.28
2008-07-27,0.16,30.34,34.39,25.02,63.99,1.23
2008-07-28,4.88,29.37,33.06,24.97,73.02,1.85
2008-07-29,4.84,30.41,34.32,25.22,69.62,1.63
2008-07-30,0.81,30.72,33.86,26.89,70.13,1.6
2008-07-31,4.24,29.8,34.17,25.82,76.12,2.64
2008-08-01,3.05,27.42,31.42,24.16,83.73,3.41
2008-08-02,11.62,28.01,31.43,24.7,80.98,1.52
2008-08-03,32.69,28.3,31.29,25.66,80.02,1.37
2008-08-04,15.38,28.54,31.59,25.35,77.28,1.64
2008-08-05,2.7,27.21,30.61,24.42,82.52,2.78
2008-08-06,0.0,27.97,31.94,23.25,76.11,1.29
2008-08-07,0.19,28.84,32.95,23.89,74.14,1.63
2008-08-08,10.29,29.74,34.23,25.29,74.19,1.85
2008-08-09,17.94,28.19,31.64,24.98,83.32,2.29
2008-08-10,2.49,29.32,32.91,25.43,77.06,1.43
2008-08-11,7.75,28.83,31.97,25.31,78.57,1.73
2008-08-12,10.84,27.82,31.46,24.41,81.29,1.89
2008-08-13,5.25,27.17,31.27,23.66,80.64,1.65
2008-08-14,7.95,27.07,32.17,21.92,78.41,1.71
2008-08-15,6.92,26.8,30.77,23.58,83.57,2.47
2008-08-16,3.18,27.74,31.78,22.85,72.61,1.39
2008-08-17,3.68,27.7,31.42,23.24,69.71,1.41
2008-08-18,0.0,27.66,31.41,23.49,72.67,1.91
2008-08-19,0.0,28.65,33.18,23.72,69.0,1.87
2008-08-20,0.16,28.96,33.42,23.4,66.3,1.61
2008-08-21,8.17,28.27,32.37,23.96,71.1,1.97
2008-08-22,0.63,28.09,32.44,23.54,71.32,1.92
2008-08-23,0.34,28.01,32.06,23.74,72.69,1.72
2008-08-24,0.29,28.4,32.55,23.98,72.85,1.81
2008-08-25,0.0,29.31,33.64,24.41,69.01,1.82
2008-08-26,0.03,29.74,34.38,24.49,66.26,1.9
2008-08-27,0.04,29.45,34.73,24.08,63.95,2.04
2008-08-28,0.0,29.37,34.85,23.8,62.24,2.18
2008-08-29,0.09,29.41,34.74,23.95,61.05,1.57
2008-08-30,1.28,29.05,34.42,24.11,62.69,1.42
2008-08-31,4.82,26.77,30.94,22.3,72.48,1.7
2008-09-01,0.01,27.19,31.61,22.27,67.03,1.32
2008-09-02,0.0,28.07,33.25,22.48,63.78,1.68
2008-09-03,0.05,29.01,33.89,23.66,61.28,1.69
2008-09-04,1.47,28.53,33.49,23.18,66.41,1.72
2008-09-05,10.27,27.52,32.53,22.52,67.57,2.3
2008-09-06,37.58,25.16,28.92,21.63,72.55,1.29
2008-09-07,2.34,23.75,27.92,19.63,68.49,1.33
2008-09-08,0.0,25.23,30.61,18.77,58.57,1.51
2008-09-09,0.0,25.91,31.29,20.21,55.65,2.0
2008-09-10,0.0,27.4,33.55,21.37,50.35,1.66
2008-09-11,0.0,27.62,33.89,21.43,49.05,1.95
2008-09-12,0.0,27.52,34.02,20.43,51.22,2.2
2008-09-13,0.0,27.39,34.0,20.54,54.62,2.27
2008-09-14,0.0,27.27,33.46,20.78,55.35,2.1
2008-09-15,0.0,27.7,33.53,21.37,57.34,2.06
2008-09-16,5.26,28.11,33.3,23.28,59.76,1.83
2008-09-17,1.42,27.03,31.85,22.85,64.61,1.89
2008-09-18,0.42,27.16,32.3,22.65,59.0,1.52
2008-09-19,0.86,26.62,31.82,21.47,59.64,1.69
2008-09-20,0.0,26.76,32.45,21.55,56.15,1.65
2008-09-21,7.82,25.91,31.15,21.06,62.16,1.82
2008-09-22,0.0,25.6,30.43,20.59,57.91,1.26
2008-09-23,0.23,24.67,30.27,19.77,57.73,1.84
2008-09-24,0.0,24.58,31.34,18.32,54.26,2.56
2008-09-25,0.0,25.64,32.06,19.88,49.79,2.31
2008-09-26,0.0,27.1,34.58,20.15,45.73,2.25
2008-09-27,0.0,26.71,33.89,19.94,44.77,2.24
2008-09-28,0.0,27.09,34.18,20.05,47.16,2.47
2008-09-29,0.0,27.95,36.02,20.53,45.14,2.74
2008-09-30,0.0,27.43,35.45,20.87,51.04,2.09
2008-10-01,0.0,28.07,35.11,22.37,50.39,2.24
2008-10-02,0.0,27.44,34.52,21.62,52.62,1.95
2008-10-03,0.0,28.45,34.84,22.0,53.32,1.65
2008-10-04,0.0,28.82,35.13,23.36,51.24,1.73
2008-10-05,0.0,28.47,34.81,22.53,52.13,1.83
2008-10-06,5.24,27.22,32.69,22.77,59.74,1.34
2008-10-07,4.57,25.37,31.67,20.93,62.34,1.95
2008-10-08,0.28,24.76,31.74,19.57,56.13,2.25
2008-10-09,0.01,24.8,32.06,18.6,50.83,2.11
2008-10-10,0.0,24.71,32.4,18.09,47.68,2.8
2008-10-11,0.0,25.31,33.45,17.87,42.69,2.7
2008-10-12,0.0,25.76,34.03,18.7,41.47,2.54
2008-10-13,0.0,25.74,33.7,19.01,39.61,2.52
2008-10-14,0.13,24.71,32.5,18.47,42.41,2.21
2008-10-15,16.89,22.63,27.74,17.92,54.05,2.06
2008-10-16,0.29,21.45,29.14,16.05,56.67,2.49
2008-10-17,0.0,21.94,29.71,15.76,47.76,2.79
2008-10-18,0.0,22.33,30.17,15.57,42.34,2.0
2008-10-19,0.0,22.35,29.82,16.35,43.06,2.03
2008-10-20,0.0,22.84,30.06,17.39,42.9,2.17
2008-10-21,0.0,22.54,30.29,16.24,43.45,2.64
2008-10-22,0.0,23.08,30.65,16.38,43.79,2.57
2008-10-23,0.0,22.62,31.01,15.84,44.34,2.53
2008-10-24,0.0,22.57,30.06,15.94,39.43,2.0
2008-10-25,0.0,21.94,29.54,16.48,43.88,1.78
2008-10-26,0.0,21.47,29.88,14.95,41.38,2.75
2008-10-27,0.0,21.5,29.41,15.17,36.99,2.83
2008-10-28,0.0,21.44,29.4,16.04,37.76,2.2
2008-10-29,0.02,20.89,28.01,14.48,42.49,2.05
2008-10-30,0.93,20.5,27.78,15.05,53.95,3.34
2008-10-31,0.0,20.56,29.95,14.33,44.98,3.17
2008-11-01,0.0,21.72,30.22,14.9,37.53,2.93
2008-11-02,0.0,21.95,30.5,14.62,38.9,2.51
2008-11-03,0.0,21.67,29.78,16.02,39.33,2.72
2008-11-04,0.0,20.52,30.24,14.82,29.58,3.86
2008-11-05,0.0,21.69,30.69,15.25,22.46,2.23
2008-11-06,0.0,21.43,29.98,15.09,25.24,2.2
2008-11-07,0.0,21.78,30.13,15.78,28.24,2.34
2008-11-08,0.0,22.14,30.65,15.37,29.66,2.09
2008-11-09,0.0,21.93,29.86,15.15,28.52,1.77
2008-11-10,0.0,21.94,30.08,16.93,26.27,2.34
2008-11-11,0.0,21.7,28.66,16.87,24.89,1.37
2008-11-12,0.1,19.35,26.94,14.47,30.59,2.1
2008-11-13,16.88,18.16,23.48,14.69,52.05,2.35
2008-11-14,1.85,16.96,23.07,12.96,64.53,2.52
2008-11-15,0.21,16.31,22.67,12.54,55.15,1.68
2008-11-16,0.0,16.14,22.64,11.67,46.28,1.59
2008-11-17,0.0,15.08,22.8,10.19,45.15,2.24
2008-11-18,0.0,16.36,24.72,11.03,46.58,2.32
2008-11-19,0.19,16.65,23.74,10.82,41.44,2.29
2008-11-20,1.17,14.29,21.66,9.54,52.88,3.1
2008-11-21,0.0,12.89,21.96,7.38,44.42,3.55
2008-11-22,0.0,14.16,23.53,7.39,34.26,2.75
2008-11-23,0.0,16.16,25.22,10.78,34.68,2.52
2008-11-24,0.0,16.3,26.17,8.99,37.86,3.23
2008-11-25,0.0,17.26,26.05,10.76,34.55,2.17
2008-11-26,0.0,16.49,25.1,9.81,37.03,2.3
2008-11-27,0.0,16.21,24.59,11.02,35.62,2.11
2008-11-28,0.0,16.22,25.45,10.63,33.36,2.32
2008-11-29,0.0,16.96,26.66,12.36,32.59,3.02
2008-11-30,0.0,18.22,27.47,11.61,28.93,2.35
2008-12-01,0.0,17.8,26.3,12.07,29.14,2.21
2008-12-02,0.0,16.55,24.86,11.51,30.94,2.65
2008-12-03,0.0,16.17,25.33,9.56,29.65,2.59
2008-12-04,0.0,16.95,25.75,11.14,27.25,2.49
2008-12-05,0.0,16.24,25.13,8.98,26.9,2.41
2008-12-06,0.0,16.46,25.98,8.42,25.84,2.8
2008-12-07,1.29,17.1,27.18,10.53,26.49,2.73
2008-12-08,16.77,16.11,22.5,12.47,63.98,2.62
2008-12-09,0.7,14.19,19.42,10.23,76.39,3.17
2008-12-10,0.02,13.92,21.53,9.75,61.36,2.72
2008-12-11,0.0,14.18,22.53,9.39,49.47,2.95
2008-12-12,0.02,13.22,23.12,6.47,40.39,3.06
2008-12-13,0.0,13.46,22.21,7.43,38.15,2.3
2008-12-14,0.0,12.55,21.49,6.76,41.06,2.48
2008-12-15,0.0,14.4,21.22,9.79,33.8,1.53
2008-12-16,0.03,12.86,18.16,10.16,44.96,2.62
2008-12-17,3.04,11.63,17.27,7.68,73.24,2.59
2008-12-18,0.96,14.3,22.53,9.75,62.85,2.53
2008-12-19,3.51,14.6,19.36,11.16,69.58,1.61
2008-12-20,17.34,13.96,18.6,10.11,78.21,1.9
2008-12-21,0.0,11.91,19.74,6.71,64.71,2.97
2008-12-22,0.0,12.63,22.57,6.86,49.78,3.16
2008-12-23,0.0,13.71,22.35,8.43,37.58,2.65
2008-12-24,0.0,14.07,22.31,9.49,40.9,2.44
2008-12-25,0.0,13.47,21.65,8.26,43.93,2.45
2008-12-26,0.0,13.74,22.77,8.43,44.07,2.76
2008-12-27,0.0,12.89,21.4,5.93,44.35,2.48
2008-12-28,0.0,13.74,20.38,9.49,40.05,1.69
2008-12-29,0.0,12.02,18.93,8.36,46.13,2.2
2008-12-30,0.0,12.1,20.65,7.95,49.9,2.88
2008-12-31,0.0,11.73,21.1,6.28,43.69,3.28
2009-01-01,0.0,11.01,21.51,3.96,36.28,3.28
2009-01-02,0.0,12.84,20.28,7.66,31.1,1.57
2009-01-03,10.84,10.69,15.61,7.92,57.3,2.2
2009-01-04,0.25,9.39,13.82,5.92,73.9,3.41
2009-01-05,0.33,9.49,17.49,4.03,64.37,2.75
2009-01-06,0.0,10.6,17.99,4.89,52.93,2.06
2009-01-07,0.01,11.04,17.71,6.36,53.52,1.9
2009-01-08,0.01,10.5,18.13,5.19,48.87,2.17
2009-01-09,0.01,11.77,18.96,7.11,48.26,2.09
2009-01-10,0.0,11.35,18.32,6.77,50.83,2.29
2009-01-11,0.0,11.44,20.68,4.58,49.1,2.45
2009-01-12,0.0,12.55,19.84,6.75,50.73,2.03
2009-01-13,0.13,11.97,18.01,8.09,45.32,1.73
2009-01-14,0.12,11.74,19.0,6.07,48.3,2.28
2009-01-15,0.27,14.39,22.96,9.18,48.36,2.4
2009-01-16,3.03,13.08,19.07,8.87,65.78,2.62
2009-01-17,3.65,11.87,16.78,8.09,80.53,2.68
2009-01-18,9.99,11.14,14.91,8.54,81.16,2.52
2009-01-19,0.03,11.16,18.34,6.45,65.85,3.02
2009-01-20,0.0,11.5,22.15,3.75,42.74,3.11
2009-01-21,0.0,13.46,22.92,6.88,36.51,2.78
2009-01-22,0.0,15.58,22.68,10.03,30.64,1.6
2009-01-23,0.0,14.28,23.73,6.3,43.6,2.54
2009-01-24,0.13,16.14,24.79,11.51,49.07,2.3
2009-01-25,3.43,13.52,17.43,9.87,74.72,2.78
2009-01-26,6.18,15.31,20.73,11.51,63.44,2.63
2009-01-27,3.68,12.62,17.96,7.74,74.26,2.11
2009-01-28,1.25,13.04,21.58,6.7,54.2,2.13
2009-01-29,0.0,13.3,20.13,8.62,48.37,2.22
2009-01-30,0.0,12.66,20.12,8.02,57.12,2.82
2009-01-31,0.36,12.32,21.43,6.0,50.32,3.72
2009-02-01,0.0,13.71,22.5,7.75,37.09,2.73
2009-02-02,0.05,11.97,18.56,5.52,43.0,2.12
2009-02-03,0.15,14.05,22.28,8.18,47.69,2.86
2009-02-04,2.27,14.51,23.1,7.65,49.23,2.58
2009-02-05,10.42,12.93,17.26,10.3,66.71,2.31
2009-02-06,7.89,10.91,16.37,5.54,68.89,3.17
2009-02-07,0.11,11.36,21.91,3.72,50.75,2.91
2009-02-08,0.0,13.33,23.07,5.95,39.55,2.6
2009-02-09,0.22,12.28,17.74,8.92,56.02,2.82
2009-02-10,2.97,11.57,16.82,8.81,70.92,2.54
2009-02-11,0.06,12.71,19.17,7.56,68.72,1.75
2009-02-12,0.86,12.91,19.05,9.04,68.79,1.9
2009-02-13,26.33,11.92,16.92,8.48,73.43,3.66
2009-02-14,0.32,12.09,18.66,7.76,74.43,2.75
2009-02-15,0.0,12.05,20.57,5.93,58.45,2.78
2009-02-16,0.0,13.16,21.45,5.05,47.56,2.48
2009-02-17,0.0,15.18,22.36,9.66,41.47,2.4
2009-02-18,0.0,13.82,23.0,7.13,49.89,3.35
2009-02-19,0.7,15.45,24.16,8.65,48.78,2.94
2009-02-20,3.61,14.22,21.4,7.82,63.09,2.93
2009-02-21,0.18,14.59,22.2,8.29,55.73,3.24
2009-02-22,0.39,13.13,18.97,8.25,67.37,2.51
2009-02-23,2.77,13.43,19.35,9.15,71.16,2.67
2009-02-24,0.04,15.97,23.11,9.86,58.26,2.3
2009-02-25,0.0,15.4,22.65,10.66,47.19,2.6
2009-02-26,0.0,15.36,23.26,8.91,42.57,3.09
2009-02-27,0.0,15.08,23.77,8.18,43.55,3.19
2009-02-28,0.0,14.87,24.05,8.05,38.07,3.88
2009-03-01,0.0,16.06,24.37,10.69,43.79,2.9
2009-03-02,0.0,20.07,27.22,12.43,47.28,2.35
2009-03-03,3.32,20.08,26.45,14.87,51.63,4.37
2009-03-04,0.02,18.79,26.58,13.86,55.42,2.59
2009-03-05,2.55,18.07,26.35,12.34,50.29,2.61
2009-03-06,0.01,17.68,26.19,10.7,46.35,2.75
2009-03-07,0.28,17.55,25.54,11.74,52.14,2.78
2009-03-08,0.58,17.78,24.68,12.2,40.6,2.1
2009-03-09,0.0,16.34,24.72,9.24,47.07,2.74
2009-03-10,0.0,16.2,25.68,9.34,40.55,3.53
2009-03-11,0.0,16.94,27.89,8.2,34.94,4.04
2009-03-12,0.0,19.54,28.98,10.77,33.51,3.27
2009-03-13,0.0,20.38,29.51,11.49,34.73,2.48
2009-03-14,0.0,19.55,28.86,11.41,36.15,2.89
2009-03-15,0.0,20.28,30.21,11.88,39.86,2.93
2009-03-16,0.0,20.25,27.57,12.76,39.95,1.96
2009-03-17,0.0,20.79,29.18,13.77,44.78,2.92
2009-03-18,0.65,18.91,25.86,13.06,55.01,3.3
2009-03-19,0.01,20.36,26.75,14.56,56.65,2.82
2009-03-20,0.31,18.69,27.99,13.02,57.44,3.53
2009-03-21,0.0,18.78,26.46,12.87,52.14,2.77
2009-03-22,0.0,18.55,26.08,11.66,44.47,2.24
2009-03-23,0.01,20.22,28.63,12.88,41.25,2.06
2009-03-24,23.56,16.78,23.7,13.51,65.62,3.13
2009-03-25,4.47,17.43,24.11,12.6,69.19,2.19
2009-03-26,0.05,18.11,26.31,10.95,56.6,2.5
2009-03-27,2.79,18.21,24.23,13.33,60.48,2.37
2009-03-28,0.88,17.68,24.68,12.4,63.94,2.64
2009-03-29,8.14,16.39,20.66,13.11,72.73,2.16
2009-03-30,0.01,18.8,26.83,11.48,62.05,3.01
2009-03-31,0.0,21.06,29.98,12.97,46.87,3.6
2009-04-01,6.55,22.14,30.59,14.33,44.91,2.38
2009-04-02,3.07,22.09,28.59,16.45,56.72,3.12
2009-04-03,0.43,21.13,28.12,14.48,56.58,3.01
2009-04-04,0.0,21.46,29.84,14.32,46.5,4.17
2009-04-05,0.07,21.69,29.69,15.87,41.49,2.2
2009-04-06,40.44,16.06,19.37,13.89,74.72,2.39
2009-04-07,3.93,17.02,21.64,13.28,74.23,2.35
2009-04-08,16.53,16.81,21.81,12.39,76.63,2.02
2009-04-09,2.77,17.09,22.62,11.92,68.04,1.62
2009-04-10,0.3,18.65,26.42,10.82,59.12,3.22
2009-04-11,0.0,21.19,29.13,14.54,55.5,3.33
2009-04-12,0.0,23.78,31.52,17.44,53.26,2.5
2009-04-13,0.0,22.62,29.13,16.87,54.7,3.03
2009-04-14,8.67,22.91,30.43,17.14,56.61,3.47
2009-04-15,5.62,20.28,26.44,15.6,68.18,3.69
2009-04-16,0.0,21.3,28.47,15.32,56.6,2.8
2009-04-17,0.0,21.69,30.15,13.89,49.86,3.15
2009-04-18,0.0,23.97,32.73,16.44,45.27,3.76
2009-04-19,0.0,26.46,34.65,17.94,42.35,3.15
2009-04-20,2.04,25.57,32.87,19.85,46.63,2.74
2009-04-21,4.38,23.68,29.99,17.72,55.52,2.4
2009-04-22,0.0,22.12,29.66,15.82,47.7,3.53
2009-04-23,0.0,22.67,30.58,15.31,38.53,3.6
2009-04-24,0.0,22.71,31.59,14.84,38.84,3.71
2009-04-25,0.0,24.16,33.13,15.59,37.09,2.87
2009-04-26,0.02,24.92,33.57,16.38,37.66,3.28
2009-04-27,0.01,26.25,34.47,19.8,39.27,3.71
2009-04-28,0.0,28.21,36.24,21.68,40.59,2.74
2009-04-29,0.07,27.6,36.49,20.75,38.16,3.18
2009-04-30,0.0,27.82,37.4,19.36,36.81,3.16
2009-05-01,0.0,27.16,33.82,20.2,37.42,2.14
2009-05-02,0.16,28.33,37.23,20.36,38.13,3.24
2009-05-03,0.75,27.38,34.67,21.74,44.75,4.44
2009-05-04,23.91,22.87,28.64,18.79,63.34,3.29
2009-05-05,12.11,21.37,26.96,17.02,64.11,2.89
2009-05-06,0.01,23.42,31.62,15.75,54.21,2.91
2009-05-07,0.0,25.32,33.02,17.3,44.27,2.6
2009-05-08,0.0,25.87,32.83,19.66,45.32,2.65
2009-05-09,0.0,26.79,34.08,19.75,45.3,2.92
2009-05-10,2.08,26.28,32.89,19.48,42.51,2.87
2009-05-11,0.0,26.9,35.08,18.75,31.91,2.45
2009-05-12,0.0,27.89,35.33,21.06,28.6,2.39
2009-05-13,0.0,29.71,38.54,19.53,31.94,2.26
2009-05-14,0.0,30.82,39.08,21.34,31.93,2.52
2009-05-15,0.0,30.84,39.18,23.01,28.63,2.68
2009-05-16,0.0,29.9,39.12,19.94,28.92,3.38
2009-05-17,0.0,30.39,40.02,20.41,29.89,3.56
2009-05-18,0.0,31.81,41.43,21.31,28.82,2.97
2009-05-19,0.33,32.0,41.11,23.04,30.89,3.59
2009-05-20,2.09,31.4,39.89,24.66,39.02,2.98
2009-05-21,0.0,31.82,39.96,23.62,33.43,2.85
2009-05-22,0.02,32.31,40.33,24.04,28.96,3.36
2009-05-23,0.0,31.66,39.79,23.08,25.83,2.86
2009-05-24,0.0,31.59,39.7,23.21,23.1,2.23
2009-05-25,0.06,30.75,38.35,24.02,24.54,2.95
2009-05-26,0.0,31.34,39.72,21.46,21.99,3.47
2009-05-27,0.0,32.56,41.54,22.7,15.65,2.75
2009-05-28,0.0,34.03,42.36,23.8,14.08,2.55
2009-05-29,0.0,34.71,42.59,23.9,12.18,2.4
2009-05-30,0.0,34.33,41.23,26.73,11.24,1.49
2009-05-31,0.0,33.08,40.68,23.55,16.02,2.36
2009-06-01,5.89,32.98,38.51,27.02,26.99,1.72
2009-06-02,0.32,32.12,38.92,24.91,35.18,3.02
2009-06-03,0.19,33.35,41.59,24.83,29.38,3.49
2009-06-04,0.31,34.5,42.99,25.91,21.23,3.11
2009-06-05,0.26,34.78,42.58,28.01,17.91,3.41
2009-06-06,9.63,29.3,36.19,22.04,33.26,3.16
2009-06-07,0.03,29.35,37.02,21.16,28.06,3.43
2009-06-08,0.0,30.46,37.75,23.74,23.31,3.13
2009-06-09,0.0,32.31,40.34,22.31,20.49,2.83
2009-06-10,0.0,33.92,41.67,23.3,17.61,2.19
2009-06-11,0.0,34.0,41.78,26.17,17.96,2.67
2009-06-12,0.03,34.24,41.42,25.11,18.46,2.98
2009-06-13,0.02,32.6,38.34,27.59,20.59,2.52
2009-06-14,0.0,33.33,39.77,26.53,21.28,3.91
2009-06-15,3.25,30.3,36.38,24.98,31.46,3.87
2009-06-16,0.44,26.36,30.43,23.37,48.11,2.32
2009-06-17,0.06,25.79,28.89,21.81,47.64,2.14
2009-06-18,0.03,30.35,38.19,20.74,31.41,2.35
2009-06-19,0.0,32.6,39.91,24.78,23.59,2.38
2009-06-20,0.0,32.99,40.46,25.85,19.53,3.16
2009-06-21,0.32,33.67,41.28,24.73,18.62,3.13
2009-06-22,0.0,35.25,42.83,27.75,15.01,2.69
2009-06-23,0.0,35.77,43.47,28.48,13.24,2.52
2009-06-24,0.0,35.78,44.44,25.91,12.72,3.06
2009-06-25,0.0,37.01,44.87,29.41,11.93,2.13
2009-06-26,0.0,37.85,45.06,30.57,14.37,1.83
2009-06-27,0.0,38.3,45.79,30.62,15.51,2.31
2009-06-28,0.0,39.18,46.95,31.28,12.91,2.21
2009-06-29,0.41,39.51,46.2,31.45,13.82,1.69
2009-06-30,4.1,35.96,41.63,29.41,26.28,1.91
2009-07-01,0.49,33.98,40.0,27.18,30.02,2.09
2009-07-02,3.17,32.12,37.75,26.98,32.32,1.95
2009-07-03,3.5,31.09,36.68,24.21,31.53,2.71
2009-07-04,0.27,29.6,36.05,24.01,40.52,2.97
2009-07-05,0.0,31.84,39.61,23.59,31.38,2.65
2009-07-06,0.0,34.54,42.54,25.63,23.33,2.59
2009-07-07,0.0,36.3,44.48,26.83,18.9,2.54
2009-07-08,0.0,36.66,43.78,28.13,19.13,3.28
2009-07-09,0.57,36.65,43.52,29.5,23.36,2.94
2009-07-10,0.18,35.07,41.74,28.44,28.4,2.16
2009-07-11,0.0,35.42,42.68,27.86,30.25,2.07
2009-07-12,1.02,36.28,42.8,29.21,30.11,2.12
2009-07-13,5.01,34.77,40.44,28.75,40.24,2.37
2009-07-14,2.08,33.35,39.23,27.4,41.05,1.92
2009-07-15,0.0,34.79,42.04,27.31,35.14,1.7
2009-07-16,0.0,35.65,42.84,27.86,30.11,2.04
2009-07-17,0.02,36.66,43.15,29.42,29.69,2.1
2009-07-18,18.29,34.1,38.05,29.7,47.01,1.76
2009-07-19,0.14,34.55,40.37,28.14,51.22,2.23
2009-07-20,0.07,35.46,41.45,29.97,47.69,1.65
2009-07-21,2.09,34.58,39.92,29.47,47.87,1.59
2009-07-22,12.5,32.33,36.74,28.44,58.58,1.86
2009-07-23,12.51,30.96,34.34,27.21,59.19,1.27
2009-07-24,1.97,31.43,36.54,26.66,56.73,2.03
2009-07-25,18.44,32.05,36.81,26.8,59.63,1.18
2009-07-26,0.92,33.68,38.74,28.07,55.26,1.4
2009-07-27,9.16,33.29,38.1,28.73,59.66,1.96
2009-07-28,24.04,30.33,34.57,26.49,70.16,3.11
2009-07-29,6.79,29.85,35.37,24.82,69.2,1.99
2009-07-30,3.89,30.51,35.88,25.53,64.54,1.69
2009-07-31,5.32,30.69,35.55,25.87,64.92,1.49
2009-08-01,0.45,31.79,36.83,26.77,62.63,1.27
2009-08-02,3.51,32.93,38.45,27.73,58.05,1.65
2009-08-03,0.02,33.56,39.45,28.44,54.74,1.64
2009-08-04,0.0,33.94,40.45,28.3,49.97,1.83
2009-08-05,0.08,33.17,39.77,26.68,51.42,2.15
2009-08-06,7.04,33.01,38.35,27.5,56.9,1.88
2009-08-07,5.23,31.76,36.9,26.98,58.9,1.87
2009-08-08,0.0,32.31,37.88,26.86,54.47,1.54
2009-08-09,2.37,32.26,36.92,27.23,57.21,1.6
2009-08-10,7.53,32.55,37.15,27.75,58.3,1.52
2009-08-11,0.42,32.84,38.08,27.88,58.0,1.4
2009-08-12,0.0,33.01,39.05,27.35,56.17,1.58
2009-08-13,0.0,33.46,40.03,27.29,55.82,1.56
2009-08-14,0.84,33.49,39.5,28.25,53.86,2.09
2009-08-15,17.56,31.71,36.13,27.89,62.33,2.56
2009-08-16,41.84,27.78,31.63,25.02,81.44,3.98
2009-08-17,15.17,27.96,32.31,24.25,78.45,2.61
2009-08-18,10.77,28.27,32.26,24.47,75.98,1.83
2009-08-19,1.16,27.9,32.02,23.97,71.34,1.68
2009-08-20,0.0,28.32,33.33,22.22,61.34,1.21
2009-08-21,0.67,28.1,32.55,22.04,59.74,2.21
2009-08-22,0.46,28.74,33.78,22.6,60.81,1.94
2009-08-23,0.0,29.56,34.87,23.38,57.46,1.15
2009-08-24,0.0,30.03,35.83,23.02,52.19,1.66
2009-08-25,2.26,29.51,35.14,23.41,59.18,1.9
2009-08-26,9.68,26.82,30.11,24.09,74.07,1.95
2009-08-27,0.0,28.65,34.43,22.64,62.98,1.9
2009-08-28,0.0,30.06,35.7,23.17,55.74,1.28
2009-08-29,0.0,30.64,35.36,25.37,54.55,1.16
2009-08-30,10.93,29.47,34.26,25.13,66.23,2.11
2009-08-31,3.72,28.17,33.2,23.94,72.89,2.29
2009-09-01,0.23,28.41,33.48,23.11,67.31,1.26
2009-09-02,12.09,27.9,31.94,24.15,68.36,1.76
2009-09-03,11.08,26.12,29.86,23.03,77.96,2.89
2009-09-04,0.01,26.21,32.63,19.62,60.92,2.03
2009-09-05,0.0,26.99,33.27,19.07,45.84,1.98
2009-09-06,0.0,27.48,34.1,19.91,47.68,1.79
2009-09-07,0.0,27.67,34.44,20.98,48.65,2.11
2009-09-08,0.0,28.55,35.04,21.59,42.74,1.93
2009-09-09,0.0,27.48,34.83,20.25,47.97,2.06
2009-09-10,0.0,27.91,34.88,22.27,46.31,2.41
2009-09-11,1.29,27.67,34.17,20.99,52.17,1.71
2009-09-12,0.21,28.03,34.04,21.82,57.02,1.65
2009-09-13,0.0,28.22,34.78,22.31,54.96,2.23
2009-09-14,0.0,28.78,36.01,21.96,51.32,2.16
2009-09-15,0.0,28.58,35.21,22.33,49.99,1.74
2009-09-16,12.1,27.48,33.63,21.09,54.08,1.68
2009-09-17,0.0,28.44,35.14,21.49,49.11,1.87
2009-09-18,0.0,28.79,36.29,21.36,47.13,2.24
2009-09-19,0.0,29.78,37.28,21.64,42.08,1.96
2009-09-20,0.0,29.62,36.17,22.71,44.59,1.88
2009-09-21,0.0,29.7,35.76,22.96,51.98,1.69
2009-09-22,0.0,30.59,36.4,25.4,53.96,1.56
2009-09-23,0.0,30.86,37.65,24.34,45.36,1.63
2009-09-24,0.0,30.05,37.06,22.93,45.32,2.16
2009-09-25,0.0,29.93,37.93,23.48,48.38,2.52
2009-09-26,0.0,28.61,34.93,22.79,55.03,2.72
2009-09-27,0.03,29.04,35.24,22.62,52.24,1.86
2009-09-28,0.0,29.39,36.83,23.14,48.24,2.14
2009-09-29,0.0,29.92,37.42,21.99,38.38,1.56
2009-09-30,0.0,28.86,37.1,21.14,41.03,2.02
2009-10-01,0.0,28.81,36.0,21.04,41.78,1.91
2009-10-02,0.0,29.22,36.16,22.09,44.08,1.78
2009-10-03,0.19,28.84,35.61,22.44,47.65,1.65
2009-10-04,8.84,25.58,30.97,20.93,61.38,2.25
2009-10-05,0.02,25.65,32.03,19.33,53.47,1.83
2009-10-06,0.0,25.5,32.56,20.46,52.84,2.44
2009-10-07,0.0,25.52,33.22,18.94,45.32,2.43
2009-10-08,0.08,25.86,33.27,18.36,39.1,2.07
2009-10-09,0.03,25.17,31.86,20.36,35.96,1.68
2009-10-10,0.0,23.88,32.6,16.84,37.63,2.65
2009-10-11,0.0,24.1,32.9,15.87,31.46,2.87
2009-10-12,0.0,24.53,32.92,16.89,29.25,2.56
2009-10-13,0.0,24.61,32.95,17.18,28.68,2.45
2009-10-14,0.05,23.92,32.51,16.72,30.16,2.51
2009-10-15,0.04,24.25,32.64,18.5,29.72,2.1
2009-10-16,0.0,24.06,32.3,18.29,27.37,2.43
2009-10-17,0.0,24.14,31.87,17.41,25.28,2.57
2009-10-18,0.0,22.98,31.33,15.75,27.39,2.34
2009-10-19,0.0,22.79,31.01,15.63,28.58,2.75
2009-10-20,0.0,23.32,31.05,16.25,22.73,2.25
2009-10-21,0.0,22.77,30.53,17.08,20.54,2.02
2009-10-22,0.0,21.89,30.92,14.71,20.04,2.35
2009-10-23,0.0,21.66,30.23,15.07,17.93,2.52
2009-10-24,0.0,21.61,29.79,15.98,14.27,2.31
2009-10-25,0.0,20.68,29.66,13.35,13.93,2.53
2009-10-26,0.0,20.39,30.11,12.2,14.74,2.97
2009-10-27,0.0,21.3,29.9,13.96,13.89,2.46
2009-10-28,0.0,20.32,27.04,15.43,17.84,2.32
2009-10-29,0.0,20.97,29.59,14.76,29.14,3.52
2009-10-30,0.0,21.07,30.66,14.15,24.51,3.59
2009-10-31,0.0,23.13,31.79,15.97,19.39,2.24
2009-11-01,0.02,22.23,30.67,14.86,23.34,2.52
2009-11-02,0.0,22.16,30.87,15.42,24.15,2.5
2009-11-03,0.0,21.19,26.14,17.16,31.67,1.93
2009-11-04,0.0,22.67,30.51,16.07,28.08,2.02
2009-11-05,0.0,22.79,29.59,16.46,25.46,1.67
2009-11-06,0.02,22.3,29.54,16.71,26.73,1.8
2009-11-07,0.0,21.51,28.36,16.25,27.92,2.12
2009-11-08,0.71,19.24,25.55,15.78,33.69,2.27
2009-11-09,2.15,17.01,22.73,13.0,47.82,3.59
2009-11-10,6.66,14.59,21.94,9.89,48.11,3.67
2009-11-11,0.0,15.15,26.85,6.5,30.74,3.58
2009-11-12,0.0,17.02,27.61,8.67,25.71,2.88
2009-11-13,0.0,17.54,26.29,11.37,32.98,2.55
2009-11-14,0.0,17.5,26.18,12.16,39.28,2.71
2009-11-15,0.0,17.0,25.02,10.7,38.33,2.16
2009-11-16,0.01,17.61,24.49,12.28,33.14,1.63
2009-11-17,0.0,16.19,23.49,11.78,36.34,2.04
2009-11-18,0.0,14.88,22.63,10.29,32.0,3.4
2009-11-19,0.0,14.06,23.93,7.58,23.99,3.83
2009-11-20,0.0,15.01,24.66,6.7,17.02,2.56
2009-11-21,0.0,16.37,25.65,10.23,18.03,2.38
2009-11-22,0.0,15.54,24.57,9.43,23.44,2.31
2009-11-23,0.0,15.25,23.34,9.56,24.71,1.98
2009-11-24,0.11,15.87,24.55,10.69,30.59,2.43
2009-11-25,1.38,14.69,21.51,10.72,42.14,2.68
2009-11-26,0.06,13.7,22.47,8.44,39.76,3.47
2009-11-27,0.0,14.49,22.99,9.22,23.94,2.2
2009-11-28,0.0,17.03,24.89,11.74,20.79,2.18
2009-11-29,0.0,16.86,26.29,10.94,26.68,3.01
2009-11-30,0.0,18.73,26.03,13.34,22.34,1.65
2009-12-01,0.0,17.64,25.79,12.38,25.72,2.13
2009-12-02,0.0,17.37,26.6,12.5,31.7,2.69
2009-12-03,0.0,17.06,23.06,12.84,29.57,1.89
2009-12-04,0.0,16.16,23.74,9.79,31.65,2.44
2009-12-05,1.06,14.77,21.82,9.54,39.54,3.55
2009-12-06,0.67,13.32,20.97,9.4,46.02,2.17
2009-12-07,0.0,13.16,21.92,7.66,33.32,2.14
2009-12-08,0.0,13.87,21.28,8.62,23.77,1.92
2009-12-09,0.77,14.17,19.0,10.69,29.52,1.85
2009-12-10,0.45,13.34,19.3,9.02,52.68,2.68
2009-12-11,0.0,12.9,20.93,7.68,52.81,2.85
2009-12-12,0.0,13.73,18.83,9.72,35.58,1.54
2009-12-13,0.0,13.19,21.72,7.52,40.38,2.46
2009-12-14,0.0,13.1,20.69,7.54,34.78,2.05
2009-12-15,0.0,14.79,22.28,10.21,36.02,2.23
2009-12-16,0.0,13.26,21.69,8.49,37.79,2.56
2009-12-17,0.03,13.69,21.95,7.93,32.54,2.38
2009-12-18,0.01,13.89,23.03,8.62,24.83,2.68
2009-12-19,0.0,13.39,22.19,6.17,21.98,2.34
2009-12-20,0.0,12.32,17.34,6.99,28.69,1.6
2009-12-21,0.0,11.66,20.08,6.75,39.16,2.87
2009-12-22,0.0,12.58,21.27,6.76,25.64,2.44
2009-12-23,0.0,13.4,21.15,9.7,20.47,2.38
2009-12-24,0.0,12.19,21.75,7.32,19.23,2.67
2009-12-25,0.0,12.51,21.6,6.68,16.01,2.65
2009-12-26,0.0,13.25,20.63,8.86,16.22,1.97
2009-12-27,0.0,11.95,16.94,8.55,20.06,1.69
2009-12-28,0.0,12.11,20.01,7.04,20.24,1.94
2009-12-29,0.0,12.49,20.84,6.38,21.42,2.42
2009-12-30,0.0,13.2,21.16,8.91,25.45,2.3
2009-12-31,0.0,12.48,20.25,7.15,25.53,2.49
2010-01-01,0.0,13.13,21.16,8.41,18.49,2.28
2010-01-02,0.0,12.42,20.96,7.28,21.32,2.15
2010-01-03,0.28,10.34,13.78,5.86,37.74,1.39
2010-01-04,0.0,9.19,17.94,3.55,48.65,3.87
2010-01-05,0.0,12.24,22.52,4.97,25.97,3.24
2010-01-06,0.0,14.09,23.27,7.62,16.09,2.31
2010-01-07,0.0,12.88,20.93,7.77,17.68,1.82
2010-01-08,0.0,12.02,20.31,7.39,17.52,1.63
2010-01-09,0.0,12.3,20.72,7.82,17.23,2.33
2010-01-10,0.0,12.52,21.8,7.9,17.24,2.64
2010-01-11,0.0,12.29,21.43,7.81,13.85,2.5
2010-01-12,0.0,11.98,20.46,7.33,13.26,1.84
2010-01-13,0.0,12.01,19.62,6.71,13.59,2.24
2010-01-14,0.0,10.33,19.38,5.25,15.75,3.19
2010-01-15,0.0,13.44,22.52,7.34,13.31,2.45
2010-01-16,0.0,14.21,23.4,8.26,14.26,2.64
2010-01-17,0.0,15.05,23.32,9.66,15.21,2.04
2010-01-18,0.0,14.28,21.69,8.97,15.81,1.77
2010-01-19,0.0,13.37,21.76,7.49,17.48,2.23
2010-01-20,0.0,14.86,23.3,9.22,17.19,1.82
2010-01-21,0.0,15.15,23.77,9.97,18.91,2.44
2010-01-22,0.37,14.94,22.73,8.39,24.7,2.01
2010-01-23,0.0,14.45,23.08,7.84,31.16,2.51
2010-01-24,0.0,15.35,23.08,9.36,27.49,1.91
2010-01-25,0.0,15.18,23.43,10.48,28.15,2.54
2010-01-26,0.0,16.01,24.02,9.02,23.27,1.88
2010-01-27,0.29,16.5,23.33,10.52,21.71,1.84
2010-01-28,8.29,13.86,20.74,8.05,30.27,2.63
2010-01-29,43.9,11.65,17.39,7.18,71.06,3.4
2010-01-30,0.0,11.21,20.4,5.61,51.36,3.33
2010-01-31,0.0,13.12,20.11,7.7,35.82,1.73
2010-02-01,0.0,12.19,19.57,7.16,42.46,2.03
2010-02-02,0.0,11.87,19.74,6.58,43.03,2.47
2010-02-03,0.0,11.49,19.3,7.06,42.49,2.71
2010-02-04,0.0,13.21,21.2,7.59,44.46,2.87
2010-02-05,8.19,12.74,20.6,9.49,62.29,2.88
2010-02-06,1.39,12.96,18.34,9.77,74.91,2.84
2010-02-07,8.83,12.37,16.22,10.51,82.89,4.09
2010-02-08,57.55,12.38,14.99,11.13,90.31,7.33
2010-02-09,6.85,10.02,14.91,5.64,69.29,3.33
2010-02-10,1.18,8.39,16.7,0.86,55.38,2.56
2010-02-11,0.0,9.75,15.15,3.45,58.02,1.9
2010-02-12,0.04,12.81,18.0,8.44,60.54,1.95
2010-02-13,0.01,11.95,18.17,6.43,58.24,2.32
2010-02-14,1.56,11.72,18.03,6.97,56.49,2.0
2010-02-15,13.14,11.0,16.59,7.0,67.72,4.18
2010-02-16,0.15,9.74,16.15,4.41,61.58,2.47
2010-02-17,0.02,10.55,19.2,4.42,57.58,3.56
2010-02-18,0.0,10.65,19.8,2.8,47.7,3.36
2010-02-19,0.0,12.99,21.69,6.3,47.66,2.92
2010-02-20,0.0,13.69,22.99,6.09,51.8,3.36
2010-02-21,0.0,16.7,25.29,8.95,50.24,2.84
2010-02-22,0.0,15.81,22.03,10.7,56.54,2.62
2010-02-23,0.12,16.58,22.74,10.45,54.39,1.94
2010-02-24,4.67,15.51,22.58,10.33,66.07,2.5
2010-02-25,8.58,14.5,19.38,10.4,69.98,2.4
2010-02-26,3.77,15.77,21.38,10.81,71.16,2.42
2010-02-27,0.13,16.75,23.29,11.07,70.71,2.44
2010-02-28,7.67,17.62,25.11,12.05,68.39,2.91
2010-03-01,6.85,17.41,22.58,13.27,75.37,3.58
2010-03-02,0.0,16.15,24.1,10.08,60.41,3.85
2010-03-03,1.65,15.04,20.72,11.22,63.36,3.12
2010-03-04,0.42,14.56,19.82,8.86,71.25,2.73
2010-03-05,0.0,15.52,22.82,9.68,62.94,2.93
2010-03-06,4.04,12.46,18.55,8.16,68.29,2.74
2010-03-07,0.02,15.25,22.35,9.45,65.91,2.13
2010-03-08,0.0,17.7,24.81,12.15,55.48,2.57
2010-03-09,0.0,17.27,25.22,10.05,50.81,2.89
2010-03-10,0.64,18.35,26.91,10.31,48.65,2.61
2010-03-11,0.0,19.59,27.13,11.97,47.45,2.5
2010-03-12,0.0,19.96,27.51,13.03,49.82,2.66
2010-03-13,0.0,20.19,28.4,13.05,52.23,2.72
2010-03-14,0.0,20.86,28.67,13.58,48.81,2.98
2010-03-15,0.0,22.83,30.98,15.55,40.13,2.36
2010-03-16,0.0,22.7,31.6,14.41,43.51,2.58
2010-03-17,0.0,22.35,31.09,14.27,47.17,2.63
2010-03-18,0.0,23.1,31.36,15.34,48.18,2.63
2010-03-19,0.0,24.48,32.68,17.04,46.36,2.38
2010-03-20,0.0,24.85,33.3,16.85,46.62,2.48
2010-03-21,0.01,25.61,33.68,18.73,43.9,2.69
2010-03-22,0.55,24.36,33.27,17.81,44.38,3.67
2010-03-23,0.07,24.59,33.14,17.57,39.1,3.42
2010-03-24,0.0,25.14,33.31,18.52,35.39,2.05
2010-03-25,0.0,25.64,33.66,17.93,36.94,1.93
2010-03-26,0.0,24.36,33.17,16.46,41.15,3.72
2010-03-27,7.51,23.04,31.71,15.64,46.65,3.07
2010-03-28,0.0,24.58,32.7,17.06,42.2,2.97
2010-03-29,14.49,25.78,33.41,18.12,39.31,2.27
2010-03-30,3.06,24.31,30.64,17.98,42.53,2.59
2010-03-31,0.08,23.23,31.44,17.36,43.55,2.83
2010-04-01,0.0,22.96,30.79,16.61,36.47,2.47
2010-04-02,0.21,22.39,31.09,14.24,41.98,2.79
2010-04-03,1.44,23.44,30.55,16.01,42.66,2.34
2010-04-04,0.17,24.15,32.19,16.21,45.48,2.58
2010-04-05,0.02,24.03,31.94,17.19,38.74,3.11
2010-04-06,0.0,24.51,33.26,15.45,32.99,3.48
2010-04-07,0.0,25.96,34.97,18.19,31.18,2.49
2010-04-08,0.0,26.52,35.46,17.94,33.56,2.74
2010-04-09,0.0,26.71,35.3,19.23,38.69,3.43
2010-04-10,0.0,28.07,35.35,20.85,35.47,2.25
2010-04-11,0.62,27.46,36.29,21.17,40.09,4.45
2010-04-12,0.06,26.83,34.29,20.55,41.9,3.81
2010-04-13,0.07,26.27,35.44,17.8,38.91,3.5
2010-04-14,0.0,27.76,37.32,18.2,31.78,3.23
2010-04-15,0.0,28.85,38.81,19.48,30.54,2.75
2010-04-16,0.0,29.88,38.21,22.05,34.27,2.47
2010-04-17,0.0,30.61,39.44,22.94,35.21,3.14
2010-04-18,4.03,29.93,37.3,24.33,41.72,4.38
2010-04-19,5.15,29.19,36.64,23.07,44.31,2.42
2010-04-20,0.84,29.23,37.21,22.35,37.43,2.49
2010-04-21,4.34,26.27,33.44,19.54,41.99,2.75
2010-04-22,0.41,24.14,32.46,16.63,40.76,3.26
2010-04-23,0.01,25.2,32.9,18.15,36.26,3.07
2010-04-24,0.0,26.71,34.61,18.38,30.61,2.49
2010-04-25,0.0,27.58,36.81,18.36,29.16,3.22
2010-04-26,0.0,28.78,37.97,19.41,28.89,2.93
2010-04-27,0.55,29.54,36.53,22.78,38.1,2.77
2010-04-28,20.05,28.27,35.4,20.83,46.0,3.1
2010-04-29,0.02,29.66,36.73,21.57,37.88,1.71
2010-04-30,0.16,28.15,36.04,21.17,41.02,3.65
2010-05-01,1.24,28.38,36.26,22.11,45.62,2.73
2010-05-02,0.0,29.5,38.38,20.51,34.68,2.88
2010-05-03,0.0,30.85,39.76,20.95,31.68,2.87
2010-05-04,0.42,30.93,38.57,24.7,34.51,2.86
2010-05-05,5.26,25.09,29.26,21.19,60.42,3.29
2010-05-06,0.35,27.03,33.08,19.89,52.55,1.96
2010-05-07,12.59,26.28,31.63,22.27,57.18,1.62
2010-05-08,4.66,27.47,32.84,22.23,47.21,1.77
2010-05-09,0.01,28.45,35.6,20.18,41.73,2.56
2010-05-10,2.72,28.62,36.25,20.78,42.29,2.58
2010-05-11,0.0,29.37,36.05,23.19,36.13,2.17
2010-05-12,1.36,30.19,37.53,24.05,30.93,2.19
2010-05-13,2.62,27.91,35.13,21.97,38.86,3.58
2010-05-14,0.1,29.68,37.09,21.99,32.44,2.23
2010-05-15,0.01,30.25,38.64,21.76,28.55,2.01
2010-05-16,0.0,31.99,40.53,22.0,25.5,2.79
2010-05-17,0.81,30.28,36.22,25.85,33.17,3.97
2010-05-18,0.65,30.72,38.0,23.96,34.41,2.26
2010-05-19,0.29,29.76,37.07,23.74,27.79,2.91
2010-05-20,0.0,30.75,39.48,23.05,19.19,2.96
2010-05-21,0.0,33.08,42.68,22.45,16.28,2.38
2010-05-22,0.02,34.34,43.58,24.45,16.25,4.04
2010-05-23,0.51,34.03,42.21,27.15,20.67,3.85
2010-05-24,0.0,34.35,43.2,26.27,15.21,4.18
2010-05-25,0.0,34.91,44.29,26.27,8.93,3.87
2010-05-26,0.0,36.1,45.33,25.1,10.05,4.49
2010-05-27,0.45,37.06,46.16,27.87,10.72,4.69
2010-05-28,5.08,33.01,40.55,25.6,22.25,3.53
2010-05-29,0.28,31.08,38.67,23.24,23.82,2.36
2010-05-30,0.86,31.93,39.73,23.38,19.29,2.78
2010-05-31,0.0,34.25,42.62,23.35,14.17,2.29
2010-06-01,0.0,34.62,43.04,24.55,14.22,2.26
2010-06-02,0.01,35.22,42.33,27.49,16.42,2.23
2010-06-03,2.26,33.77,41.27,26.09,25.57,3.94
2010-06-04,8.65,28.91,37.2,22.08,46.18,4.29
2010-06-05,0.17,28.4,35.37,21.33,37.74,2.31
2010-06-06,0.06,29.93,37.77,20.34,26.92,1.97
2010-06-07,0.27,30.27,37.86,22.49,27.04,2.5
2010-06-08,7.1,28.95,35.61,21.87,45.04,2.3
2010-06-09,1.07,28.28,34.56,23.35,45.91,2.47
2010-06-10,0.23,29.91,37.61,21.31,37.1,1.96
2010-06-11,0.06,32.57,40.15,24.34,31.03,2.42
2010-06-12,1.22,33.63,41.15,26.72,29.94,2.65
2010-06-13,0.76,33.89,40.63,25.85,25.74,2.64
2010-06-14,0.05,33.81,40.06,26.22,23.36,2.41
2010-06-15,0.08,32.2,36.49,28.01,25.56,1.3
2010-06-16,2.78,31.18,36.81,25.22,33.13,2.22
2010-06-17,0.01,31.1,37.95,25.7,32.82,2.38
2010-06-18,0.0,33.39,41.69,24.7,26.0,3.14
2010-06-19,0.0,35.72,44.06,26.42,21.0,3.01
2010-06-20,0.0,37.76,45.67,27.44,17.3,2.97
2010-06-21,0.0,38.89,46.5,30.13,15.05,2.34
2010-06-22,0.03,38.09,45.52,29.42,15.41,1.88
2010-06-23,0.0,37.6,44.09,29.7,16.94,2.3
2010-06-24,16.68,34.23,39.65,28.59,35.94,1.44
2010-06-25,4.65,31.62,36.75,26.71,48.34,2.08
2010-06-26,0.0,33.53,40.28,25.44,43.36,2.4
2010-06-27,0.11,34.88,42.21,27.38,36.51,2.37
2010-06-28,4.71,33.26,41.08,25.16,43.92,2.96
2010-06-29,1.32,33.46,40.12,26.25,41.44,2.61
2010-06-30,1.15,32.86,38.51,26.5,41.85,2.2
2010-07-01,0.09,34.03,41.07,27.21,36.37,1.72
2010-07-02,7.0,31.77,37.97,24.43,42.75,2.11
2010-07-03,0.33,33.56,40.5,25.79,42.55,1.88
2010-07-04,3.91,33.39,39.14,26.23,44.71,1.78
2010-07-05,2.33,31.75,37.1,26.89,51.05,1.88
2010-07-06,6.35,31.21,37.67,25.12,55.58,2.19
2010-07-07,0.0,32.02,39.13,24.54,51.3,1.6
2010-07-08,0.0,33.8,40.28,27.05,40.59,1.32
2010-07-09,0.12,35.52,42.56,28.27,37.1,2.06
2010-07-10,5.55,35.56,42.11,30.07,37.77,1.77
2010-07-11,7.04,34.39,40.31,28.35,45.77,2.61
2010-07-12,14.03,32.72,37.9,27.88,53.77,1.68
2010-07-13,0.08,30.59,35.72,26.0,53.97,1.94
2010-07-14,0.0,31.53,37.36,24.77,52.57,1.71
2010-07-15,0.0,34.3,40.36,26.75,41.16,1.42
2010-07-16,0.0,35.42,42.39,28.11,39.15,1.47
2010-07-17,0.0,35.25,41.63,28.49,36.14,1.92
2010-07-18,1.17,36.03,41.85,29.09,42.24,1.97
2010-07-19,25.07,33.99,38.53,29.16,52.77,2.11
2010-07-20,47.35,29.61,33.57,26.63,74.71,3.33
2010-07-21,20.03,27.0,30.59,24.09,79.83,5.14
2010-07-22,13.84,24.81,28.47,22.53,84.61,5.65
2010-07-23,0.05,28.7,34.34,22.52,65.1,2.0
2010-07-24,0.0,30.92,36.52,25.05,60.05,1.49
2010-07-25,0.01,31.18,37.16,25.13,63.01,1.98
2010-07-26,5.9,30.8,35.99,25.97,67.34,2.43
2010-07-27,31.85,27.21,31.19,24.33,81.6,6.16
2010-07-28,14.64,26.6,30.88,23.51,78.67,4.06
2010-07-29,86.32,26.04,28.98,24.06,90.18,3.95
2010-07-30,5.12,27.88,32.01,24.66,78.61,2.01
2010-07-31,3.71,30.47,34.35,25.64,65.91,1.69
2010-08-01,6.26,28.65,32.37,24.95,79.03,1.84
2010-08-02,5.83,26.63,29.01,24.97,88.17,2.99
2010-08-03,5.19,28.18,31.31,24.88,80.89,1.69
2010-08-04,2.55,26.94,30.96,24.5,79.64,2.64
2010-08-05,0.82,28.49,32.77,24.24,76.76,1.6
2010-08-06,15.01,26.67,29.25,24.35,88.5,3.59
2010-08-07,20.19,26.79,29.86,24.29,85.73,2.45
2010-08-08,4.68,27.87,31.18,24.52,79.41,1.69
2010-08-09,0.29,28.1,31.42,24.88,79.1,1.94
2010-08-10,6.79,29.58,33.11,25.22,73.19,1.95
2010-08-11,2.13,29.91,33.32,26.44,74.86,2.05
2010-08-12,2.51,29.86,33.17,25.96,74.38,1.85
2010-08-13,1.1,28.08,30.82,25.33,80.62,2.45
2010-08-14,1.86,28.15,31.86,24.43,80.05,2.06
2010-08-15,3.08,28.02,31.66,24.59,82.5,2.35
2010-08-16,1.05,28.65,32.18,25.06,78.17,1.67
2010-08-17,2.58,29.22,32.45,25.59,75.94,1.42
2010-08-18,4.86,29.73,32.76,26.24,74.78,1.35
2010-08-19,4.85,29.89,33.21,25.94,77.35,1.59
2010-08-20,8.78,29.56,33.24,25.81,80.49,1.81
2010-08-21,4.7,29.81,33.14,25.96,76.53,1.31
2010-08-22,7.58,29.82,33.28,26.7,78.72,1.75
2010-08-23,14.81,28.76,32.44,25.29,83.73,2.13
2010-08-24,25.48,28.49,32.23,24.87,80.33,1.54
2010-08-25,23.33,24.24,26.24,22.71,82.47,3.94
2010-08-26,0.02,25.26,30.05,21.28,72.84,2.29
2010-08-27,0.08,26.28,30.87,20.96,63.45,2.18
2010-08-28,0.0,27.8,32.43,22.23,60.08,1.92
2010-08-29,0.0,27.75,32.03,22.98,64.92,2.11
2010-08-30,0.0,27.75,31.76,22.71,71.51,1.76
2010-08-31,0.25,28.52,32.09,24.52,71.91,1.44
2010-09-01,0.71,28.09,31.83,23.51,76.64,1.62
2010-09-02,2.81,29.34,32.7,25.75,71.85,1.43
2010-09-03,8.31,28.41,32.05,24.42,75.11,1.53
2010-09-04,11.37,27.6,31.56,24.17,80.0,2.66
2010-09-05,0.26,27.64,31.25,23.7,77.32,1.71
2010-09-06,0.11,27.61,31.14,23.39,77.93,1.52
2010-09-07,1.84,28.31,32.51,23.69,73.26,1.58
2010-09-08,5.51,27.16,30.93,23.39,75.56,1.68
2010-09-09,2.75,26.69,30.76,23.0,75.09,1.43
2010-09-10,4.63,26.41,30.27,22.36,79.2,1.44
2010-09-11,0.21,26.74,30.57,23.26,75.59,1.4
2010-09-12,3.37,26.31,30.75,22.35,77.73,1.53
2010-09-13,3.95,25.58,29.36,21.64,77.32,1.6
2010-09-14,0.35,24.9,28.82,21.08,73.42,1.75
2010-09-15,0.62,24.8,30.28,19.02,66.78,2.25
2010-09-16,0.01,24.6,29.84,19.09,70.14,1.7
2010-09-17,8.13,23.96,28.68,20.17,74.37,2.82
2010-09-18,6.34,22.19,27.63,18.6,73.1,2.95
2010-09-19,0.0,23.25,29.35,17.75,56.69,2.7
2010-09-20,0.0,23.89,30.55,17.6,56.27,1.91
2010-09-21,0.01,26.01,31.22,20.14,59.8,1.52
2010-09-22,0.02,26.54,32.45,21.29,63.91,1.74
2010-09-23,2.23,25.94,31.23,20.59,66.17,1.59
2010-09-24,0.24,24.8,29.3,20.92,65.4,1.74
2010-09-25,0.0,25.68,31.72,20.12,56.35,1.75
2010-09-26,0.0,25.64,32.24,19.75,53.79,1.78
2010-09-27,0.0,25.77,32.09,19.21,51.63,2.12
2010-09-28,0.0,25.01,32.36,18.9,56.16,2.06
2010-09-29,0.07,25.07,31.54,19.43,57.02,2.11
2010-09-30,0.0,25.67,32.46,19.86,54.27,2.44
2010-10-01,0.0,25.59,33.4,18.91,51.15,2.96
2010-10-02,0.0,26.55,33.38,20.38,43.93,1.87
2010-10-03,0.0,25.93,33.44,19.11,49.84,2.27
2010-10-04,0.0,25.62,33.02,18.8,51.95,2.26
2010-10-05,0.0,26.03,32.13,20.71,50.29,1.5
2010-10-06,0.0,26.01,32.71,20.54,55.38,2.02
2010-10-07,0.0,25.17,31.94,19.46,56.28,2.13
2010-10-08,0.0,25.74,32.07,20.32,55.14,2.0
2010-10-09,0.05,26.16,32.87,20.02,46.97,1.89
2010-10-10,0.0,25.38,31.38,19.57,47.97,1.62
2010-10-11,1.76,25.41,32.36,20.36,52.32,1.84
2010-10-12,0.0,23.92,31.22,18.05,54.75,2.4
2010-10-13,0.0,24.59,32.2,17.89,50.09,2.9
2010-10-14,0.0,25.1,32.17,19.12,46.89,2.29
2010-10-15,0.0,25.67,33.21,19.69,47.51,2.43
2010-10-16,0.0,26.11,33.71,19.51,44.43,1.88
2010-10-17,0.0,25.46,32.07,18.84,48.31,1.93
2010-10-18,0.0,25.07,31.54,19.76,57.51,1.86
2010-10-19,0.0,25.65,31.46,20.58,60.01,1.57
2010-10-20,0.0,25.2,30.63,20.83,62.58,1.56
2010-10-21,0.63,24.09,30.81,18.64,61.43,2.37
2010-10-22,15.02,20.9,26.87,17.12,80.04,2.39
2010-10-23,0.22,19.19,25.84,14.11,63.44,2.04
2010-10-24,0.0,19.52,28.07,13.21,44.65,2.77
2010-10-25,0.0,20.34,28.85,13.36,33.93,2.3
2010-10-26,0.0,19.51,28.21,11.56,37.74,2.25
2010-10-27,0.0,19.46,27.84,12.94,39.51,2.26
2010-10-28,0.0,20.12,28.63,13.75,40.09,2.6
2010-10-29,0.0,21.29,28.6,16.49,43.09,1.73
2010-10-30,0.0,21.14,28.07,16.12,45.75,1.65
2010-10-31,0.0,20.63,28.18,14.11,45.06,2.69
2010-11-01,0.0,21.03,28.34,16.0,40.96,1.96
2010-11-02,0.0,21.0,28.87,15.19,41.11,2.04
2010-11-03,0.0,21.1,28.85,15.2,40.0,1.84
2010-11-04,0.0,20.75,28.15,15.53,41.93,1.96
2010-11-05,0.0,19.71,26.99,15.07,45.86,1.96
2010-11-06,0.0,19.73,28.03,14.88,47.81,2.63
2010-11-07,0.0,20.65,29.69,14.97,39.98,2.66
2010-11-08,0.0,20.57,29.59,12.74,35.37,2.05
2010-11-09,0.0,20.61,28.96,15.85,32.34,2.03
2010-11-10,0.0,20.04,28.34,15.28,31.29,2.09
2010-11-11,0.0,19.18,27.24,13.61,32.45,1.81
2010-11-12,9.74,18.04,25.83,12.88,38.3,2.22
2010-11-13,0.0,18.21,26.19,13.62,34.49,2.1
2010-11-14,0.0,18.4,26.68,12.26,33.32,2.1
2010-11-15,0.0,17.92,26.56,12.14,36.46,2.14
2010-11-16,0.0,17.91,26.95,10.85,37.37,2.02
2010-11-17,0.0,17.8,25.79,13.12,46.62,2.16
2010-11-18,0.02,17.28,25.06,11.58,49.41,2.18
2010-11-19,0.32,17.05,24.6,11.75,48.32,1.97
2010-11-20,0.0,17.0,24.47,11.88,40.09,1.97
2010-11-21,0.0,16.22,24.73,9.0,38.8,2.84
2010-11-22,0.0,16.26,24.02,10.1,39.21,1.85
2010-11-23,0.0,15.31,23.86,10.06,37.99,1.95
2010-11-24,0.0,16.77,24.78,11.84,33.18,1.65
2010-11-25,0.0,17.04,25.28,10.36,41.6,2.12
2010-11-26,0.0,17.29,26.11,12.43,41.31,2.75
2010-11-27,0.0,17.45,24.91,13.19,28.72,1.76
2010-11-28,0.0,16.41,24.13,11.06,32.1,2.02
2010-11-29,0.0,16.16,24.44,11.32,34.38,2.52
2010-11-30,0.0,16.76,24.69,10.81,26.89,1.98
2010-12-01,0.0,15.67,24.37,9.74,26.74,1.98
2010-12-02,0.0,14.6,22.93,9.29,26.59,2.42
2010-12-03,0.0,15.21,23.39,10.12,22.73,1.89
2010-12-04,0.0,14.69,21.77,8.8,23.66,1.73
2010-12-05,0.0,14.2,22.98,8.61,25.49,1.93
2010-12-06,0.0,12.4,20.74,6.33,35.07,2.91
2010-12-07,0.0,12.97,20.29,7.37,40.03,2.4
2010-12-08,0.0,13.91,22.1,8.73,31.36,2.05
2010-12-09,0.0,15.0,22.98,9.32,36.28,1.74
2010-12-10,0.0,13.7,23.14,7.7,43.2,2.59
2010-12-11,0.0,13.9,22.54,8.63,27.7,2.64
2010-12-12,0.0,13.56,21.83,7.13,23.25,2.3
2010-12-13,0.0,13.35,21.82,8.35,28.72,1.92
2010-12-14,0.0,13.11,21.76,7.76,23.37,2.63
2010-12-15,0.0,13.92,21.27,8.86,20.56,2.08
2010-12-16,0.0,13.73,20.49,8.98,26.2,1.7
2010-12-17,0.0,12.7,19.91,8.78,28.42,1.73
2010-12-18,0.0,12.33,20.58,6.83,25.44,2.7
2010-12-19,0.0,12.08,22.21,7.28,21.98,2.99
2010-12-20,0.0,13.05,23.15,7.03,15.92,3.04
2010-12-21,0.0,14.84,23.06,9.09,17.51,2.15
2010-12-22,0.0,12.32,19.47,8.15,25.36,2.16
2010-12-23,0.0,11.57,20.55,6.44,28.05,2.44
2010-12-24,0.0,12.17,20.9,7.69,20.85,2.32
2010-12-25,0.0,12.5,20.86,6.68,17.51,2.11
2010-12-26,0.0,11.95,19.59,7.07,18.61,1.93
2010-12-27,0.0,11.58,19.7,6.94,21.77,1.91
2010-12-28,0.0,12.22,21.19,6.64,21.66,2.09
2010-12-29,0.09,13.38,19.86,9.09,25.38,2.03
2010-12-30,17.75,10.9,16.3,7.59,65.33,1.83
2010-12-31,1.69,10.16,15.92,6.1,74.2,1.86
2011-01-01,0.0,8.79,16.77,3.75,61.78,2.55
2011-01-02,0.0,10.2,17.7,5.15,43.7,1.85
2011-01-03,0.0,9.73,17.34,4.84,42.92,1.88
2011-01-04,0.0,9.09,16.62,4.61,41.66,2.28
2011-01-05,0.0,9.58,18.87,4.14,35.57,2.73
2011-01-06,0.0,10.19,17.42,3.77,34.3,2.16
2011-01-07,0.0,11.53,17.85,5.34,38.85,1.9
2011-01-08,0.0,11.83,17.87,6.58,40.95,1.57
2011-01-09,0.0,9.67,18.8,3.62,46.96,3.34
2011-01-10,0.0,9.99,18.96,2.29,38.05,2.82
2011-01-11,0.0,11.93,19.81,6.82,41.37,2.68
2011-01-12,0.0,12.27,20.28,6.05,43.65,2.25
2011-01-13,0.0,11.63,19.27,6.47,46.77,2.92
2011-01-14,7.45,10.3,16.78,5.45,58.33,3.55
2011-01-15,0.27,8.56,15.89,3.26,53.42,2.55
2011-01-16,0.0,7.57,17.17,0.45,42.52,3.61
2011-01-17,0.0,10.63,15.44,6.12,34.55,1.27
2011-01-18,0.0,10.96,17.37,5.76,45.79,2.47
2011-01-19,0.0,9.69,19.18,2.46,44.5,3.74
2011-01-20,0.0,12.12,19.75,6.32,36.87,2.12
2011-01-21,0.0,10.94,18.88,5.4,53.41,2.75
2011-01-22,0.0,12.38,20.08,7.77,42.81,2.63
2011-01-23,0.0,11.63,20.6,4.8,41.24,2.59
2011-01-24,0.0,11.22,19.93,4.83,38.55,2.48
2011-01-25,0.0,10.95,18.96,5.01,38.94,2.22
2011-01-26,0.0,10.73,19.26,6.4,39.14,2.62
2011-01-27,0.0,10.89,20.5,3.35,33.62,3.03
2011-01-28,0.0,13.1,18.95,9.17,31.75,1.62
2011-01-29,0.85,10.16,14.54,6.89,49.76,1.93
2011-01-30,0.28,10.83,18.13,4.95,62.93,1.91
2011-01-31,0.0,12.39,20.5,6.98,48.65,2.53
2011-02-01,0.0,13.9,23.37,6.48,39.71,3.08
2011-02-02,0.0,15.28,23.22,7.8,34.52,2.65
2011-02-03,0.4,15.77,24.75,9.87,50.77,3.76
2011-02-04,1.93,15.6,23.65,10.54,57.04,3.15
2011-02-05,1.09,13.73,21.09,8.91,62.29,2.96
2011-02-06,4.37,13.62,21.37,9.25,72.56,3.25
2011-02-07,16.41,10.21,14.57,6.3,83.08,2.56
2011-02-08,0.0,10.47,19.05,3.74,57.19,2.83
2011-02-09,0.0,10.79,20.15,4.1,43.38,2.89
2011-02-10,0.0,12.1,22.14,4.59,41.08,3.16
2011-02-11,4.83,11.95,19.59,7.82,47.78,2.96
2011-02-12,4.08,12.79,20.24,9.25,67.15,3.07
2011-02-13,35.29,11.25,13.8,9.43,90.17,3.61
2011-02-14,14.78,10.5,13.68,8.19,86.34,1.85
2011-02-15,0.01,11.29,18.91,5.48,68.54,2.52
2011-02-16,1.82,11.89,18.04,6.02,49.22,1.38
2011-02-17,0.26,11.44,18.4,6.18,52.48,2.74
2011-02-18,0.22,10.79,18.28,4.13,51.06,2.72
2011-02-19,0.21,12.35,18.25,6.61,52.69,1.92
2011-02-20,0.26,10.27,14.4,5.93,73.63,1.84
2011-02-21,0.0,12.17,21.42,3.9,56.7,2.66
2011-02-22,0.0,12.11,16.78,9.37,51.42,1.79
2011-02-23,2.63,10.79,15.07,7.9,74.18,3.4
2011-02-24,3.28,11.1,15.47,7.08,72.96,1.88
2011-02-25,3.84,10.44,16.06,6.63,70.98,2.51
2011-02-26,0.68,10.45,15.43,5.0,65.23,1.88
2011-02-27,0.0,11.2,18.11,4.76,61.07,2.35
2011-02-28,1.52,10.58,18.19,6.47,62.47,3.08
2011-03-01,0.02,11.29,17.47,5.66,72.69,1.93
2011-03-02,0.35,11.25,15.61,7.54,77.64,2.43
2011-03-03,6.35,11.74,16.86,7.59,78.93,2.11
2011-03-04,5.01,11.81,17.33,6.17,72.07,2.11
2011-03-05,0.08,13.1,19.81,7.88,61.66,2.73
2011-03-06,0.05,14.02,22.31,6.7,55.46,2.85
2011-03-07,0.55,15.07,23.4,9.28,58.74,3.06
2011-03-08,0.02,15.17,23.18,8.89,57.59,3.7
2011-03-09,0.22,16.59,24.39,9.99,41.8,2.14
2011-03-10,0.0,16.36,25.15,8.46,42.36,2.92
2011-03-11,0.0,17.17,26.35,8.72,39.38,3.03
2011-03-12,0.0,18.39,27.19,9.98,41.24,2.91
2011-03-13,0.0,20.27,29.31,12.74,42.92,3.44
2011-03-14,0.0,21.14,31.95,12.41,37.61,3.22
2011-03-15,0.0,21.66,30.91,13.62,37.43,2.79
2011-03-16,0.0,21.99,31.43,14.57,43.66,2.76
2011-03-17,0.0,22.38,30.45,16.46,45.5,2.24
2011-03-18,1.78,23.07,31.12,15.88,46.86,2.63
2011-03-19,2.31,21.19,28.82,15.45,54.12,4.15
2011-03-20,0.0,19.27,27.7,12.4,40.7,2.74
2011-03-21,0.0,18.98,28.78,10.14,35.21,2.97
2011-03-22,0.0,19.36,28.53,11.19,36.73,2.95
2011-03-23,0.0,20.99,31.03,11.94,38.46,2.73
2011-03-24,0.0,22.1,31.19,13.98,40.86,2.52
2011-03-25,0.0,22.55,31.83,13.94,41.28,2.81
2011-03-26,0.0,24.61,32.69,16.0,39.35,2.5
2011-03-27,0.11,24.3,32.73,18.01,43.16,3.47
2011-03-28,13.3,20.75,26.86,15.72,58.03,4.96
2011-03-29,0.02,20.31,28.13,13.49,53.76,2.79
2011-03-30,0.05,20.95,27.37,15.26,45.45,2.0
2011-03-31,0.01,20.99,29.27,12.77,44.72,3.01
2011-04-01,5.92,21.0,28.81,14.95,47.17,3.09
2011-04-02,0.03,19.95,27.41,14.33,45.68,2.65
2011-04-03,0.02,19.71,27.66,12.91,37.49,2.87
2011-04-04,0.67,18.47,26.25,10.36,40.87,3.02
2011-04-05,1.11,18.23,24.86,13.01,43.94,2.72
2011-04-06,0.02,17.89,26.06,10.93,41.77,2.97
2011-04-07,0.0,18.92,28.94,10.01,37.0,3.51
2011-04-08,0.0,21.3,30.61,12.67,32.6,2.67
2011-04-09,0.39,19.42,27.07,14.07,45.12,3.28
2011-04-10,12.29,20.73,29.4,14.5,58.76,3.03
2011-04-11,7.94,19.78,26.27,14.22,64.18,2.85
2011-04-12,0.18,21.14,29.36,13.29,55.21,2.43
2011-04-13,0.11,23.07,31.27,14.98,47.11,2.82
2011-04-14,0.0,24.17,32.45,15.78,43.26,2.51
2011-04-15,2.31,24.68,32.88,17.74,45.32,2.17
2011-04-16,1.03,21.42,28.95,15.96,51.74,2.55
2011-04-17,27.04,19.52,25.04,14.83,69.42,2.58
2011-04-18,6.78,19.84,24.6,15.52,67.34,2.19
2011-04-19,0.05,22.51,29.58,15.41,47.75,2.48
2011-04-20,0.0,23.32,30.45,15.3,45.12,2.51
2011-04-21,0.28,24.39,31.18,15.87,41.71,2.4
2011-04-22,0.0,25.64,33.67,16.45,39.3,2.25
2011-04-23,0.0,26.63,34.91,18.65,35.9,2.21
2011-04-24,0.0,27.69,36.61,18.44,34.29,2.28
2011-04-25,0.0,29.34,37.96,19.91,30.74,2.44
2011-04-26,0.0,29.76,39.07,20.0,32.02,2.28
2011-04-27,0.0,28.44,36.81,19.43,34.87,2.68
2011-04-28,0.0,28.89,38.48,21.21,37.03,2.67
2011-04-29,0.0,27.98,36.42,21.3,40.4,2.82
2011-04-30,0.0,27.32,34.57,23.3,45.16,3.42
2011-05-01,0.0,29.11,37.45,20.71,38.72,2.24
2011-05-02,0.0,29.91,38.38,21.11,36.61,2.34
2011-05-03,0.0,31.12,39.86,21.57,34.54,2.23
2011-05-04,0.0,31.49,40.15,22.91,34.98,2.55
2011-05-05,1.99,30.05,37.02,25.01,40.62,2.89
2011-05-06,6.71,26.34,32.85,20.67,52.69,3.31
2011-05-07,1.33,27.55,34.9,20.09,43.52,3.0
2011-05-08,0.0,29.23,37.53,20.11,35.5,2.58
2011-05-09,0.06,29.97,38.43,21.75,33.65,3.13
2011-05-10,0.01,31.27,39.05,22.9,29.39,2.77
2011-05-11,0.04,30.83,39.54,23.33,28.31,4.15
2011-05-12,0.01,31.63,40.83,22.55,23.47,3.29
2011-05-13,0.27,31.6,40.18,23.92,23.36,3.11
2011-05-14,0.0,32.14,41.72,21.65,16.55,3.35
2011-05-15,0.0,33.99,43.37,22.45,15.39,2.62
2011-05-16,0.0,35.19,44.16,24.08,15.71,2.42
2011-05-17,0.0,36.84,45.07,27.85,15.08,1.78
2011-05-18,0.0,36.79,44.39,27.79,16.39,2.13
2011-05-19,0.0,35.79,44.31,26.51,16.17,2.76
2011-05-20,0.0,34.77,42.13,26.56,17.66,2.5
2011-05-21,0.03,33.82,41.62,27.06,29.8,3.65
2011-05-22,0.02,31.94,39.67,24.09,26.02,2.94
2011-05-23,0.07,32.8,40.34,23.11,16.12,2.65
2011-05-24,0.0,34.53,42.47,24.16,13.69,2.41
2011-05-25,0.01,36.31,43.69,28.86,19.29,3.52
2011-05-26,5.97,33.43,39.9,27.82,34.26,1.74
2011-05-27,0.4,31.01,37.73,24.94,40.61,3.96
2011-05-28,0.0,33.58,40.92,25.83,30.05,2.09
2011-05-29,0.0,34.5,42.12,26.05,25.36,1.95
2011-05-30,0.02,35.14,42.57,26.56,19.05,2.67
2011-05-31,0.0,35.53,42.71,27.13,16.04,2.17
2011-06-01,1.79,32.13,38.74,24.94,24.9,3.88
2011-06-02,0.56,29.87,36.7,22.87,32.97,2.17
2011-06-03,0.0,31.36,38.78,23.38,29.44,2.93
2011-06-04,0.0,33.62,41.46,23.48,20.38,2.58
2011-06-05,0.0,34.55,42.95,25.24,19.79,2.96
2011-06-06,0.11,34.99,43.18,26.16,24.15,2.58
2011-06-07,0.0,36.32,44.19,27.07,14.35,2.48
2011-06-08,0.0,35.8,43.23,25.55,14.78,3.03
2011-06-09,0.0,35.03,41.35,28.08,20.26,2.37
2011-06-10,0.09,34.55,41.66,27.28,26.68,2.37
2011-06-11,0.11,35.42,43.16,27.64,26.59,2.56
2011-06-12,28.02,33.09,37.85,28.11,38.68,1.75
2011-06-13,0.0,33.23,39.8,25.75,40.74,2.08
2011-06-14,0.0,34.25,41.77,25.41,36.41,2.3
2011-06-15,0.01,33.71,41.21,26.04,36.69,2.65
2011-06-16,0.0,34.02,40.91,26.77,39.57,2.18
2011-06-17,5.88,33.58,40.72,26.82,44.69,2.64
2011-06-18,2.81,32.42,39.16,25.78,49.66,2.2
2011-06-19,2.95,33.04,39.09,26.96,47.84,1.61
2011-06-20,18.83,32.78,38.28,27.33,50.25,1.51
2011-06-21,0.13,33.34,39.82,26.55,49.24,2.05
2011-06-22,0.0,34.1,40.65,27.26,49.12,2.27
2011-06-23,0.45,34.63,40.72,28.0,50.13,1.79
2011-06-24,1.3,35.23,40.99,28.96,46.72,1.62
2011-06-25,0.07,36.17,43.05,30.24,42.0,2.26
2011-06-26,1.46,35.16,41.25,29.29,41.59,1.57
2011-06-27,4.38,32.14,37.81,26.66,53.66,1.89
2011-06-28,15.31,31.59,36.87,26.68,60.68,2.06
2011-06-29,3.39,31.11,36.39,25.89,57.99,1.67
2011-06-30,5.44,31.49,36.55,25.74,56.07,1.87
2011-07-01,13.25,28.95,33.0,25.53,60.46,2.08
2011-07-02,1.48,30.61,35.78,24.46,54.97,1.45
2011-07-03,2.3,30.92,36.24,26.4,53.92,1.09
2011-07-04,1.04,30.32,36.76,23.0,51.33,2.29
2011-07-05,0.0,32.51,39.32,25.09,45.18,1.67
2011-07-06,0.04,32.36,38.75,25.6,48.74,2.31
2011-07-07,23.51,30.81,36.2,25.7,62.07,2.16
2011-07-08,9.98,30.22,34.64,25.99,63.53,2.02
2011-07-09,8.19,29.87,34.85,24.79,63.6,1.24
2011-07-10,4.6,30.87,35.32,26.17,52.67,0.9
2011-07-11,0.0,31.85,36.8,26.38,48.66,1.28
2011-07-12,0.0,32.83,38.45,25.55,50.32,1.18
2011-07-13,0.1,33.84,38.48,28.75,52.57,1.15
2011-07-14,40.73,31.62,36.16,27.11,64.41,1.82
2011-07-15,21.03,29.36,33.07,25.76,74.33,2.08
2011-07-16,24.0,27.72,30.72,24.7,75.38,2.23
2011-07-17,0.0,28.8,33.4,23.07,66.75,1.51
2011-07-18,0.0,28.79,32.54,24.06,68.58,1.93
2011-07-19,0.9,31.1,35.42,26.04,59.38,1.26
2011-07-20,0.0,31.78,37.11,25.84,54.87,1.72
2011-07-21,0.26,32.48,37.83,27.32,55.5,1.48
2011-07-22,2.18,32.25,37.39,28.02,55.54,1.53
2011-07-23,4.49,31.39,37.05,26.38,62.35,1.97
2011-07-24,29.58,28.73,32.59,25.44,78.4,2.31
2011-07-25,0.54,28.5,32.84,25.0,78.23,2.35
2011-07-26,0.86,26.95,29.32,25.13,79.68,2.61
2011-07-27,2.79,30.24,34.24,26.08,67.59,1.36
2011-07-28,6.09,30.31,34.78,25.47,66.25,1.31
2011-07-29,5.05,29.52,33.76,25.47,70.18,1.55
2011-07-30,0.37,30.28,34.76,25.15,64.2,1.51
2011-07-31,0.07,31.4,36.31,25.5,59.15,1.6
2011-08-01,0.06,32.05,37.54,26.6,56.83,1.68
2011-08-02,0.02,32.36,38.23,26.17,53.71,1.52
2011-08-03,2.51,31.75,37.22,25.68,59.08,1.53
2011-08-04,6.43,30.9,35.13,26.95,65.7,1.48
2011-08-05,5.0,29.3,33.27,25.56,73.29,1.67
2011-08-06,5.7,31.52,36.31,26.9,66.22,1.09
2011-08-07,11.26,30.93,34.7,26.39,70.56,1.37
2011-08-08,2.47,28.06,32.25,25.2,79.87,3.23
2011-08-09,0.33,29.01,34.36,24.68,72.63,2.07
2011-08-10,3.94,28.82,33.4,25.19,75.22,2.38
2011-08-11,8.95,28.5,32.92,24.65,77.63,2.34
2011-08-12,7.43,28.13,32.52,24.88,78.99,2.69
2011-08-13,0.39,25.36,28.12,23.0,83.92,3.26
2011-08-14,0.08,27.87,32.2,22.67,64.51,1.38
2011-08-15,4.35,28.69,32.3,24.5,63.45,1.61
2011-08-16,7.63,28.46,32.98,23.37,67.86,1.32
2011-08-17,0.81,27.96,32.79,23.27,70.9,1.66
2011-08-18,0.96,28.83,33.38,23.71,66.41,1.03
2011-08-19,2.33,28.64,33.79,23.54,68.32,1.87
2011-08-20,9.06,28.5,33.0,24.07,72.84,1.95
2011-08-21,0.32,29.88,34.71,25.05,67.2,1.02
2011-08-22,0.0,30.12,35.47,24.92,67.43,1.53
2011-08-23,0.05,31.3,36.83,25.64,63.48,1.36
2011-08-24,3.5,30.68,35.72,26.67,68.19,1.48
2011-08-25,3.5,27.7,30.82,25.38,82.81,1.52
2011-08-26,0.56,28.27,32.79,24.2,76.73,1.8
2011-08-27,15.04,28.9,33.53,24.96,74.32,1.65
2011-08-28,9.95,27.01,30.06,23.77,78.44,1.35
2011-08-29,0.01,28.64,33.15,23.8,68.94,1.2
2011-08-30,0.0,29.26,33.39,24.7,66.68,1.04
2011-08-31,13.12,28.67,32.65,24.79,67.75,1.55
2011-09-01,23.01,26.85,30.48,24.02,79.69,1.86
2011-09-02,1.43,27.74,33.23,23.44,67.15,2.03
2011-09-03,0.76,28.13,33.3,22.86,66.72,1.87
2011-09-04,0.03,28.28,32.17,23.91,70.55,1.71
2011-09-05,0.0,28.42,33.66,23.83,71.43,1.72
2011-09-06,0.03,28.84,34.43,24.35,69.43,1.73
2011-09-07,0.32,28.27,32.95,23.84,73.27,1.72
2011-09-08,6.28,28.39,32.88,23.92,73.52,1.51
2011-09-09,13.75,27.69,32.2,23.87,77.98,1.44
2011-09-10,0.89,28.1,32.19,23.53,74.47,1.1
2011-09-11,0.07,28.39,33.07,23.96,72.36,1.56
2011-09-12,0.0,28.37,33.14,24.04,74.5,1.84
2011-09-13,1.1,28.9,33.64,24.48,71.73,1.19
2011-09-14,15.52,28.77,32.13,25.5,70.18,1.13
2011-09-15,51.32,26.89,30.32,23.5,79.53,2.18
2011-09-16,29.11,24.39,28.69,20.69,79.77,2.12
2011-09-17,0.0,23.98,28.98,19.01,75.65,1.95
2011-09-18,0.14,24.94,29.59,19.64,71.79,1.52
2011-09-19,5.27,24.76,28.52,20.71,73.57,1.66
2011-09-20,0.02,24.85,29.39,19.78,67.42,2.25
2011-09-21,0.0,25.19,30.19,19.57,62.71,2.09
2011-09-22,0.0,25.22,30.35,19.44,66.36,1.82
2011-09-23,0.0,25.74,30.76,20.51,65.07,1.94
2011-09-24,0.0,25.74,31.37,19.56,60.15,1.97
2011-09-25,0.0,25.83,31.39,20.35,58.36,1.73
2011-09-26,0.0,25.86,31.3,19.74,59.43,1.87
2011-09-27,0.0,27.25,31.95,22.31,54.78,1.46
2011-09-28,0.0,26.48,32.01,20.3,53.07,1.74
2011-09-29,0.0,25.66,31.2,20.45,56.41,1.87
2011-09-30,0.0,25.69,31.1,19.96,60.88,1.93
2011-10-01,0.07,26.51,32.18,21.64,60.61,2.25
2011-10-02,0.0,26.05,32.64,20.01,54.81,2.32
2011-10-03,0.0,25.61,32.47,18.93,51.71,2.1
2011-10-04,0.08,25.18,31.68,19.84,57.18,1.95
2011-10-05,2.41,24.96,30.72,19.92,64.95,1.88
2011-10-06,1.88,24.72,29.45,20.54,65.16,1.57
2011-10-07,0.88,24.55,29.92,19.75,65.64,2.17
2011-10-08,0.09,23.91,30.72,18.42,56.57,2.12
2011-10-09,0.0,24.37,31.6,18.46,54.49,2.44
2011-10-10,0.0,24.53,31.8,18.62,50.34,2.48
2011-10-11,0.0,24.84,32.14,19.16,45.38,2.33
2011-10-12,0.0,24.64,32.12,18.62,45.03,2.18
2011-10-13,0.0,25.55,32.32,19.38,42.45,1.63
2011-10-14,1.35,24.19,30.69,20.11,45.33,2.62
2011-10-15,0.0,23.69,30.61,17.46,36.98,2.15
2011-10-16,0.0,22.93,30.76,15.66,39.43,2.19
2011-10-17,0.0,22.71,30.9,16.02,41.05,2.1
2011-10-18,0.0,23.05,31.01,16.21,39.81,2.03
2011-10-19,0.0,22.95,31.01,15.38,40.17,2.18
2011-10-20,0.04,22.16,29.59,15.63,46.65,2.17
2011-10-21,0.65,22.63,29.62,16.73,47.66,2.18
2011-10-22,1.03,20.15,26.88,16.16,59.31,2.86
2011-10-23,12.16,18.2,23.92,14.09,67.13,3.28
2011-10-24,3.54,18.56,26.92,12.21,55.08,3.37
2011-10-25,0.0,19.78,27.69,14.22,41.72,2.33
2011-10-26,0.0,19.07,27.66,12.21,44.26,2.73
2011-10-27,0.0,20.28,28.3,14.36,40.03,2.68
2011-10-28,0.0,20.52,28.45,14.22,40.62,1.89
2011-10-29,0.0,19.71,27.98,14.17,44.99,2.4
2011-10-30,0.0,20.05,28.11,14.61,44.26,2.32
2011-10-31,0.0,20.07,27.58,13.68,46.98,1.92
2011-11-01,0.0,19.87,27.55,14.16,51.23,2.31
2011-11-02,0.03,19.33,27.7,13.24,53.69,2.74
2011-11-03,0.09,20.33,28.17,15.19,52.43,2.43
2011-11-04,2.31,19.85,27.01,15.26,56.59,2.0
2011-11-05,0.03,18.71,26.74,13.16,55.93,2.73
2011-11-06,0.0,18.91,28.18,13.28,48.26,3.44
2011-11-07,0.0,19.05,28.02,12.19,35.06,2.23
2011-11-08,0.89,17.97,25.22,12.49,42.42,2.01
2011-11-09,0.56,17.27,22.01,13.96,73.33,2.93
2011-11-10,1.23,19.69,26.68,14.64,61.97,3.42
2011-11-11,0.17,19.54,27.15,14.39,57.41,3.15
2011-11-12,0.0,19.89,27.34,14.96,45.35,2.48
2011-11-13,0.0,18.52,27.01,12.33,48.4,2.69
2011-11-14,0.0,18.61,26.34,12.44,48.92,2.5
2011-11-15,0.0,18.09,26.11,12.73,54.29,2.7
2011-11-16,0.04,18.01,26.12,12.09,51.33,3.25
2011-11-17,0.0,18.44,26.88,13.5,45.51,3.1
2011-11-18,0.0,18.28,27.11,12.4,49.53,3.33
2011-11-19,0.0,19.73,28.38,14.4,46.86,2.35
2011-11-20,0.0,18.74,28.61,13.48,46.87,3.38
2011-11-21,0.17,18.64,28.76,12.53,44.93,3.24
2011-11-22,0.0,19.52,27.2,13.94,44.24,2.15
2011-11-23,0.0,18.22,25.5,13.55,45.88,1.89
2011-11-24,0.0,17.25,24.25,12.82,45.69,2.13
2011-11-25,0.0,16.52,24.13,11.64,47.61,1.89
2011-11-26,0.0,15.16,23.03,10.33,46.43,2.24
2011-11-27,0.0,15.31,22.76,10.7,44.93,1.82
2011-11-28,0.0,15.24,22.71,10.47,48.48,3.05
2011-11-29,0.0,15.09,24.58,9.53,44.19,3.42
2011-11-30,0.0,16.65,26.88,10.3,28.84,3.2
2011-12-01,0.18,16.85,23.99,10.89,26.91,1.96
2011-12-02,0.14,15.69,24.59,8.48,34.23,2.17
2011-12-03,0.0,16.51,24.93,12.3,35.87,2.54
2011-12-04,0.0,16.25,24.95,11.16,37.29,2.57
2011-12-05,0.0,16.09,24.0,9.42,33.03,2.2
2011-12-06,0.0,14.96,24.2,9.65,33.42,2.63
2011-12-07,0.02,14.57,23.57,7.79,33.28,2.45
2011-12-08,0.62,14.8,22.77,8.51,50.2,2.5
2011-12-09,0.26,13.99,21.84,9.42,60.92,2.38
2011-12-10,0.0,13.78,22.62,8.29,40.62,3.25
2011-12-11,0.0,14.01,23.45,7.46,26.5,2.71
2011-12-12,0.0,14.01,22.29,8.17,22.02,1.85
2011-12-13,0.0,12.54,21.46,8.09,24.81,3.2
2011-12-14,0.0,12.28,21.57,5.56,23.27,2.82
2011-12-15,0.0,12.32,21.06,7.98,22.48,2.5
2011-12-16,0.0,12.12,21.32,6.96,23.07,2.77
2011-12-17,0.0,13.0,22.35,7.66,20.37,2.41
2011-12-18,0.0,11.45,19.4,6.67,22.67,2.56
2011-12-19,0.0,11.16,17.32,7.9,26.54,2.13
2011-12-20,0.85,10.8,16.15,7.04,41.01,2.21
2011-12-21,0.0,9.39,17.88,4.36,48.57,2.69
2011-12-22,0.0,9.74,17.79,5.73,34.52,2.88
2011-12-23,0.0,9.89,19.5,3.97,28.08,2.63
2011-12-24,0.0,11.22,20.22,6.4,20.94,2.17
2011-12-25,0.0,12.13,21.11,6.52,15.93,2.04
2011-12-26,0.0,12.44,21.12,7.11,16.56,1.83
2011-12-27,0.0,12.02,19.84,6.83,19.2,1.78
2011-12-28,0.0,11.72,19.54,7.2,22.5,2.03
2011-12-29,0.0,11.57,20.15,5.73,24.34,3.05
2011-12-30,0.0,12.71,22.43,6.92,20.56,2.37
2011-12-31,0.0,11.42,20.12,5.57,21.61,2.6
2012-01-01,0.0,11.66,20.62,6.41,32.85,2.33
2012-01-02,0.0,13.03,20.64,8.77,27.58,1.85
2012-01-03,0.0,12.47,19.49,7.3,24.4,2.41
2012-01-04,1.49,10.81,17.42,6.95,39.99,2.45
2012-01-05,0.68,8.61,14.05,4.99,66.63,2.53
2012-01-06,7.96,8.51,14.71,3.84,72.24,2.77
2012-01-07,8.11,7.31,13.7,2.88,74.56,2.25
2012-01-08,0.0,7.09,15.13,1.46,53.75,3.17
2012-01-09,0.0,8.46,15.92,3.5,40.89,2.47
2012-01-10,0.0,7.21,15.63,1.62,42.67,3.08
2012-01-11,0.0,8.92,16.26,4.35,36.65,2.17
2012-01-12,0.0,9.81,18.9,4.17,37.73,2.56
2012-01-13,0.0,10.36,18.95,4.42,37.59,2.51
2012-01-14,1.97,9.77,16.39,4.12,59.07,2.73
2012-01-15,26.08,8.56,11.06,6.97,88.13,4.15
2012-01-16,0.16,10.3,16.8,4.83,69.22,2.38
2012-01-17,0.0,9.19,17.34,4.48,57.79,2.63
2012-01-18,0.07,8.91,16.04,2.75,49.14,2.14
2012-01-19,2.14,7.69,12.77,1.95,61.94,1.65
2012-01-20,0.03,6.88,14.47,2.96,53.43,2.84
2012-01-21,0.03,6.71,15.87,-0.56,45.05,2.84
2012-01-22,1.46,9.01,14.57,5.17,46.14,2.22
2012-01-23,0.01,8.2,16.54,3.78,63.96,3.28
2012-01-24,0.01,9.25,17.49,2.77,48.18,2.07
2012-01-25,0.01,10.25,17.71,5.2,45.48,1.97
2012-01-26,0.18,9.45,17.67,4.92,47.18,3.0
2012-01-27,0.0,9.22,16.71,4.06,44.31,2.63
2012-01-28,0.0,10.36,18.42,5.1,35.9,2.44
2012-01-29,0.0,9.74,19.31,3.19,38.21,3.22
2012-01-30,0.0,9.49,18.08,1.42,38.47,2.71
2012-01-31,0.0,11.06,18.75,7.15,42.17,2.5
2012-02-01,0.0,10.42,19.16,3.63,44.29,3.09
2012-02-02,0.12,13.52,20.74,8.44,37.85,2.09
2012-02-03,2.45,9.97,13.11,6.11,68.73,2.28
2012-02-04,21.02,7.74,10.61,5.18,89.09,2.49
2012-02-05,0.25,8.48,16.32,3.63,69.02,2.44
2012-02-06,0.0,7.89,16.71,2.19,54.16,3.2
2012-02-07,0.0,7.24,16.45,0.99,46.0,2.87
2012-02-08,0.0,8.89,16.72,3.27,39.2,3.02
2012-02-09,0.0,8.23,16.12,1.87,38.45,3.03
2012-02-10,0.0,10.62,18.8,4.47,34.35,2.76
2012-02-11,2.45,11.06,19.3,6.41,46.8,2.21
2012-02-12,4.16,8.25,15.19,4.1,74.02,2.01
2012-02-13,1.89,8.45,14.62,4.11,78.45,2.66
2012-02-14,0.03,8.49,17.1,2.85,59.77,3.28
2012-02-15,0.02,8.68,17.91,1.2,40.38,3.55
2012-02-16,0.0,9.77,17.25,4.17,41.83,2.46
2012-02-17,0.0,9.02,15.83,3.06,48.19,2.44
2012-02-18,0.05,10.79,17.71,6.32,51.11,2.39
2012-02-19,0.45,10.53,17.77,5.88,66.15,1.88
2012-02-20,1.42,10.98,15.42,7.69,80.72,2.39
2012-02-21,0.74,13.82,19.98,7.05,71.37,2.18
2012-02-22,1.84,8.65,12.26,3.56,72.71,3.7
2012-02-23,0.0,8.34,17.92,1.54,51.08,3.54
2012-02-24,0.0,8.91,17.58,3.48,37.77,2.88
2012-02-25,0.0,10.46,19.61,4.78,39.07,2.75
2012-02-26,0.0,12.5,22.2,3.63,38.39,3.51
2012-02-27,0.0,13.66,21.37,8.96,53.58,3.2
2012-02-28,0.0,14.48,22.7,7.35,47.97,3.62
2012-02-29,0.0,14.69,23.83,7.7,40.75,2.76
2012-03-01,0.0,14.61,23.6,7.89,39.98,2.85
2012-03-02,0.0,14.62,23.78,6.81,40.79,3.44
2012-03-03,0.06,17.32,25.54,10.31,41.55,2.26
2012-03-04,10.28,16.21,22.88,12.13,60.99,3.57
2012-03-05,0.08,16.41,24.61,9.55,50.26,3.41
2012-03-06,0.0,14.58,24.01,7.94,39.23,3.31
2012-03-07,0.0,14.12,22.16,7.49,37.8,4.13
2012-03-08,0.03,14.59,21.25,9.82,36.73,2.02
2012-03-09,0.11,13.56,21.98,5.71,39.91,3.03
2012-03-10,0.0,13.59,21.92,6.59,34.04,2.67
2012-03-11,0.01,11.46,17.76,6.01,46.81,2.78
2012-03-12,2.22,11.95,18.54,7.57,54.17,3.07
2012-03-13,0.0,12.05,19.37,5.25,51.45,3.17
2012-03-14,0.0,14.15,22.63,7.9,41.61,3.2
2012-03-15,0.0,16.09,25.32,8.37,40.68,3.12
2012-03-16,0.0,18.73,26.23,12.78,41.83,2.65
2012-03-17,0.0,20.04,27.78,12.58,41.67,1.91
2012-03-18,0.0,20.15,28.8,13.47,44.73,2.73
2012-03-19,8.0,21.19,29.64,14.92,47.36,4.85
2012-03-20,0.04,13.89,20.41,7.69,41.99,2.89
2012-03-21,0.0,14.58,23.99,6.51,31.67,3.04
2012-03-22,0.0,17.49,27.0,10.49,32.48,2.85
2012-03-23,0.0,20.08,29.3,12.44,28.82,2.19
2012-03-24,0.01,20.69,30.26,12.86,33.05,3.02
2012-03-25,2.7,19.28,26.78,14.66,43.4,5.11
2012-03-26,1.81,19.55,26.84,14.02,52.67,3.34
2012-03-27,0.01,18.26,26.88,12.54,44.71,3.24
2012-03-28,0.01,19.63,28.36,12.32,48.88,3.86
2012-03-29,0.0,20.92,30.83,12.71,41.42,3.65
2012-03-30,0.0,22.83,33.48,13.3,34.5,3.14
2012-03-31,0.01,23.82,34.07,15.02,33.76,2.82
2012-04-01,0.4,24.27,33.78,17.11,41.1,2.87
2012-04-02,0.05,23.61,30.6,17.74,48.11,3.54
2012-04-03,0.0,25.31,34.52,17.53,40.15,3.48
2012-04-04,0.0,26.19,34.5,18.02,35.05,2.6
2012-04-05,0.0,25.74,34.63,18.22,31.23,3.33
2012-04-06,0.03,24.16,33.69,18.03,32.75,3.85
2012-04-07,0.08,25.28,33.61,18.22,32.61,3.29
2012-04-08,0.23,25.96,34.67,17.06,32.27,3.29
2012-04-09,2.5,24.83,33.33,17.12,47.31,2.86
2012-04-10,2.4,23.55,29.9,19.29,53.08,2.08
2012-04-11,3.63,19.43,23.17,15.78,63.86,3.06
2012-04-12,0.87,22.04,29.48,13.6,47.15,2.2
2012-04-13,0.69,22.14,29.63,15.67,47.39,2.4
2012-04-14,3.86,20.98,26.81,15.33,56.15,2.18
2012-04-15,0.2,22.16,29.44,14.43,49.55,1.87
2012-04-16,4.09,22.6,29.28,15.62,50.51,1.97
2012-04-17,0.0,23.25,30.16,16.85,50.58,2.35
2012-04-18,0.0,24.25,31.59,17.49,49.88,2.39
2012-04-19,11.76,24.37,30.31,19.8,54.74,1.8
2012-04-20,0.97,23.99,30.87,18.22,55.18,3.14
2012-04-21,14.76,22.53,29.06,17.01,57.84,3.24
2012-04-22,1.1,22.0,28.5,16.69,56.48,2.09
2012-04-23,2.04,22.81,29.48,15.63,53.44,1.72
2012-04-24,2.95,24.03,31.17,16.34,50.72,2.2
2012-04-25,0.26,23.77,29.61,18.47,50.79,2.08
2012-04-26,2.12,22.57,27.39,17.73,55.89,2.31
2012-04-27,0.05,23.42,30.66,17.1,51.49,2.89
2012-04-28,1.84,20.44,23.08,18.84,62.81,2.39
2012-04-29,3.04,22.91,28.86,17.34,52.54,2.33
2012-04-30,2.77,23.8,30.35,17.63,43.48,1.94
2012-05-01,0.23,22.75,29.28,15.94,45.83,2.36
2012-05-02,2.94,23.31,31.26,14.06,42.93,3.28
2012-05-03,0.0,25.83,33.36,16.3,36.0,2.35
2012-05-04,0.01,27.53,35.11,19.47,33.09,2.52
2012-05-05,0.0,26.43,33.86,18.03,35.07,2.61
2012-05-06,0.25,27.22,34.29,20.95,42.65,2.19
2012-05-07,0.03,28.33,36.27,22.23,42.34,2.99
2012-05-08,0.0,28.88,37.3,20.67,36.68,3.24
2012-05-09,0.0,27.21,34.45,22.43,38.94,3.46
2012-05-10,1.63,30.92,38.88,22.79,32.12,2.25
2012-05-11,3.89,30.21,37.35,23.63,35.72,2.72
2012-05-12,2.01,27.15,35.2,19.64,41.1,3.96
2012-05-13,0.65,27.26,35.37,19.43,34.6,2.9
2012-05-14,0.0,29.06,36.89,20.32,27.64,3.3
2012-05-15,0.09,29.34,36.64,20.91,27.49,2.99
2012-05-16,0.78,30.8,38.3,22.38,24.87,3.05
2012-05-17,1.88,31.52,38.39,24.36,25.83,1.63
2012-05-18,0.11,29.79,37.68,23.25,25.6,4.23
2012-05-19,0.01,30.14,39.18,20.8,21.96,3.14
2012-05-20,0.11,30.64,38.92,22.64,19.81,3.1
2012-05-21,1.07,28.7,36.1,21.25,29.86,4.2
2012-05-22,0.56,29.38,37.15,22.72,23.82,3.11
2012-05-23,0.15,29.78,39.2,19.52,21.19,3.58
2012-05-24,0.0,31.43,40.47,21.59,19.5,3.54
2012-05-25,1.95,29.13,34.38,24.5,30.12,3.71
2012-05-26,0.0,29.6,36.88,22.98,29.5,4.08
2012-05-27,0.0,30.68,39.14,21.67,24.68,3.46
2012-05-28,0.0,33.33,41.22,24.7,17.98,2.85
2012-05-29,0.0,34.1,43.17,24.16,15.36,3.34
2012-05-30,0.0,35.15,44.38,24.49,14.75,4.04
2012-05-31,0.01,36.13,44.18,27.65,17.02,3.27
2012-06-01,0.04,35.46,43.76,26.07,15.47,2.87
2012-06-02,0.0,35.19,43.1,27.29,12.13,3.81
2012-06-03,0.03,34.88,42.98,26.4,12.49,3.37
2012-06-04,0.03,36.04,43.59,28.02,8.53,2.79
2012-06-05,0.0,35.57,43.54,28.22,7.9,2.03
2012-06-06,1.09,30.33,34.64,25.38,20.37,2.57
2012-06-07,2.86,31.4,37.99,23.37,25.44,2.55
2012-06-08,2.5,31.47,38.13,24.43,31.25,2.7
2012-06-09,0.02,32.69,39.78,24.5,26.34,2.52
2012-06-10,0.55,33.41,41.38,24.53,21.16,3.02
2012-06-11,0.2,33.18,39.81,25.14,21.9,3.03
2012-06-12,1.25,33.59,40.87,24.98,19.04,2.22
2012-06-13,0.09,33.97,40.97,26.43,19.16,2.14
2012-06-14,0.0,35.33,42.66,26.57,15.36,2.85
2012-06-15,0.0,35.98,43.9,26.22,15.61,2.75
2012-06-16,0.0,36.59,44.09,28.55,14.09,2.79
2012-06-17,0.0,36.79,44.97,28.94,13.12,2.04
2012-06-18,0.0,36.63,43.73,30.27,15.8,3.34
2012-06-19,0.0,35.09,42.05,27.38,21.19,3.68
2012-06-20,0.0,37.09,43.75,29.61,15.84,2.18
2012-06-21,0.0,38.35,45.21,31.0,13.9,2.61
2012-06-22,0.0,38.91,45.65,31.06,13.76,1.63
2012-06-23,0.0,37.12,43.8,30.98,18.19,4.4
2012-06-24,0.01,37.39,44.12,29.25,15.55,2.42
2012-06-25,0.11,35.68,40.99,29.69,19.8,2.32
2012-06-26,3.55,34.04,40.92,26.39,25.3,2.85
2012-06-27,0.01,33.91,40.63,26.16,22.46,2.33
2012-06-28,2.45,33.85,40.66,26.0,24.05,2.24
2012-06-29,0.1,34.98,42.34,26.36,23.88,2.35
2012-06-30,0.04,36.57,43.87,28.31,20.51,1.88
2012-07-01,0.0,37.58,44.98,28.01,18.13,2.11
2012-07-02,0.0,38.51,45.63,30.16,17.33,2.04
2012-07-03,0.0,39.24,46.12,31.33,16.65,1.66
2012-07-04,0.0,38.59,45.44,32.34,17.73,1.64
2012-07-05,5.54,35.87,41.61,29.97,31.05,2.79
2012-07-06,3.66,34.66,41.35,28.27,37.84,2.31
2012-07-07,17.34,31.79,36.9,27.56,55.49,2.71
2012-07-08,0.01,31.86,38.99,25.42,52.38,2.06
2012-07-09,4.85,32.39,37.87,26.36,51.52,1.43
2012-07-10,0.02,33.62,39.96,27.03,51.41,1.92
2012-07-11,17.66,32.43,36.82,28.24,58.91,1.22
2012-07-12,17.05,31.08,35.47,27.53,65.6,1.65
2012-07-13,11.14,30.82,35.4,26.39,65.63,1.74
2012-07-14,2.87,30.95,35.19,26.79,58.79,1.12
2012-07-15,3.8,30.47,35.29,24.99,56.29,1.56
2012-07-16,0.24,31.64,37.53,25.7,50.44,2.12
2012-07-17,0.05,32.64,39.33,26.1,49.59,2.82
2012-07-18,0.08,34.04,40.98,26.38,45.8,2.25
2012-07-19,4.34,33.5,40.47,26.41,40.86,2.1
2012-07-20,3.27,32.78,38.96,25.39,44.45,1.77
2012-07-21,3.66,32.22,37.87,26.26,51.02,1.79
2012-07-22,0.0,33.18,40.02,26.5,50.3,2.47
2012-07-23,0.01,33.81,40.67,27.99,45.33,2.26
2012-07-24,0.16,34.3,41.46,28.2,41.87,1.91
2012-07-25,9.53,32.9,38.4,26.93,49.5,1.78
2012-07-26,8.93,31.47,36.5,26.82,57.54,2.08
2012-07-27,0.01,31.82,38.22,26.34,53.42,2.49
2012-07-28,0.0,32.81,39.73,26.67,45.65,2.24
2012-07-29,0.24,32.88,39.29,25.68,47.97,2.08
2012-07-30,3.75,32.56,38.26,26.77,54.96,2.4
2012-07-31,10.66,32.08,37.19,27.03,57.04,2.2
2012-08-01,5.05,32.55,36.91,27.27,56.45,1.93
2012-08-02,3.3,33.66,38.17,28.27,55.08,1.72
2012-08-03,7.04,33.16,38.57,28.51,51.31,1.93
2012-08-04,49.88,30.1,34.13,25.62,61.67,2.15
2012-08-05,1.49,29.12,33.72,24.37,60.92,2.04
2012-08-06,0.01,29.93,35.63,23.06,54.91,1.71
2012-08-07,0.0,31.66,37.17,26.29,49.4,1.86
2012-08-08,3.95,31.6,37.05,25.36,55.57,2.17
2012-08-09,11.81,30.8,36.12,25.46,62.02,2.15
2012-08-10,8.77,30.1,34.03,25.72,61.17,1.0
2012-08-11,1.47,30.35,34.88,25.3,58.08,1.14
2012-08-12,0.04,30.92,35.74,25.82,53.62,1.31
2012-08-13,1.49,30.89,36.02,24.88,54.52,1.69
2012-08-14,6.39,30.21,35.38,25.3,62.26,1.77
2012-08-15,8.83,29.25,33.68,25.09,71.38,1.78
2012-08-16,0.12,30.49,35.9,25.17,64.0,1.88
2012-08-17,0.0,31.39,36.27,26.23,60.69,1.56
2012-08-18,0.0,32.13,37.66,26.65,61.07,2.05
2012-08-19,11.22,31.32,36.43,27.75,64.11,1.54
2012-08-20,77.1,28.41,31.34,25.49,80.5,2.6
2012-08-21,33.02,28.55,31.6,25.3,79.54,1.54
2012-08-22,16.47,27.58,31.18,24.68,83.02,2.94
2012-08-23,15.49,26.86,29.74,23.83,82.97,1.71
2012-08-24,15.4,28.15,30.97,24.96,78.68,1.77
2012-08-25,27.73,28.25,31.71,24.85,79.94,2.1
2012-08-26,1.91,27.53,30.44,24.84,78.86,1.86
2012-08-27,2.81,27.8,31.34,23.63,75.24,1.53
2012-08-28,0.96,27.29,30.83,23.87,77.88,1.53
2012-08-29,0.29,28.29,32.53,23.49,73.24,1.62
2012-08-30,2.45,28.25,31.54,24.54,74.03,2.25
2012-08-31,3.73,28.04,31.43,24.17,75.52,1.8
2012-09-01,2.95,27.97,31.52,24.6,75.68,1.33
2012-09-02,25.51,27.94,31.34,25.03,78.24,1.68
2012-09-03,7.63,27.74,31.47,24.35,78.85,1.92
2012-09-04,13.38,27.17,30.56,23.58,78.51,1.7
2012-09-05,5.58,26.2,29.07,23.48,81.77,1.72
2012-09-06,1.84,26.1,30.27,22.56,77.89,1.68
2012-09-07,7.31,25.93,29.43,22.73,76.81,2.23
2012-09-08,3.8,27.04,31.65,22.69,66.93,2.38
2012-09-09,2.93,25.09,27.35,22.47,80.33,1.77
2012-09-10,1.27,25.75,30.45,22.2,80.41,2.09
2012-09-11,0.02,27.16,31.81,22.52,74.54,1.75
2012-09-12,0.0,28.28,31.91,23.94,70.6,1.56
2012-09-13,6.99,28.63,31.49,25.52,72.84,1.78
2012-09-14,5.45,28.05,31.78,24.98,75.27,1.85
2012-09-15,2.04,28.04,31.78,24.97,70.39,1.75
2012-09-16,3.98,26.45,30.88,21.78,71.03,1.86
2012-09-17,18.84,25.72,29.16,22.25,74.89,2.03
2012-09-18,0.65,24.52,28.34,19.92,75.02,2.46
2012-09-19,0.0,23.78,28.87,18.32,64.01,2.46
2012-09-20,0.0,24.73,30.15,18.87,62.01,2.36
2012-09-21,0.0,25.36,30.38,20.56,56.81,2.4
2012-09-22,0.0,24.75,30.36,20.08,56.93,2.1
2012-09-23,0.07,24.53,29.92,18.77,59.06,2.6
2012-09-24,0.0,24.47,30.21,19.01,58.73,2.28
2012-09-25,0.0,24.38,29.49,19.51,59.11,1.89
2012-09-26,0.02,24.38,30.11,19.68,57.88,2.03
2012-09-27,0.0,23.75,30.32,18.35,59.74,3.22
2012-09-28,0.0,24.76,30.48,18.51,49.37,2.15
2012-09-29,0.0,25.75,31.55,20.33,47.72,2.06
2012-09-30,0.0,25.42,31.84,20.69,53.3,2.51
2012-10-01,0.0,25.54,32.06,20.38,45.49,2.24
2012-10-02,0.0,25.5,32.04,20.04,42.86,2.38
2012-10-03,0.0,24.76,31.88,18.38,47.76,2.26
2012-10-04,0.0,23.45,30.16,17.62,47.95,2.7
2012-10-05,0.0,23.31,31.24,16.12,44.91,2.78
2012-10-06,0.0,23.14,30.99,16.15,46.91,2.52
2012-10-07,0.0,23.74,31.01,17.27,47.33,2.36
2012-10-08,0.0,24.29,30.88,18.93,45.34,2.09
2012-10-09,0.0,23.74,30.17,18.56,44.85,2.29
2012-10-10,0.01,22.97,29.55,17.46,47.36,2.04
2012-10-11,0.0,22.86,29.49,16.76,49.42,2.33
2012-10-12,0.0,23.53,30.11,18.29,46.3,2.15
2012-10-13,0.11,22.86,30.04,17.15,51.71,2.41
2012-10-14,0.61,22.81,30.65,16.09,49.21,2.78
2012-10-15,6.53,19.66,25.07,15.34,62.43,2.96
2012-10-16,0.36,20.35,26.95,15.12,55.63,1.8
2012-10-17,0.0,20.14,27.47,14.46,57.35,2.55
2012-10-18,0.0,20.99,28.72,14.98,51.55,2.75
2012-10-19,3.26,19.95,27.58,15.24,58.17,2.9
2012-10-20,0.06,19.59,26.56,14.76,61.56,2.76
2012-10-21,0.0,19.78,27.18,14.69,52.04,2.75
2012-10-22,0.0,19.38,27.39,12.76,47.65,3.12
2012-10-23,0.0,19.23,26.56,14.33,44.98,2.65
2012-10-24,0.79,18.01,26.49,11.63,47.8,3.21
2012-10-25,0.0,18.39,26.0,12.21,39.32,2.65
2012-10-26,0.0,18.61,26.62,11.65,42.5,2.55
2012-10-27,0.0,19.0,26.9,12.22,45.14,2.52
2012-10-28,0.0,19.68,27.34,14.28,46.05,2.31
2012-10-29,0.0,19.98,28.28,13.74,47.5,2.78
2012-10-30,0.0,20.59,28.58,13.66,46.28,2.45
2012-10-31,0.0,20.79,28.7,15.2,44.88,1.86
2012-11-01,0.0,20.58,28.79,13.72,44.06,2.3
2012-11-02,0.0,19.77,28.13,13.03,45.88,2.21
2012-11-03,0.0,20.11,27.84,15.22,44.99,2.87
2012-11-04,0.0,19.81,27.29,14.49,42.6,2.34
2012-11-05,0.0,20.45,27.6,15.28,42.79,1.99
2012-11-06,0.0,18.63,26.68,12.44,46.82,2.86
2012-11-07,0.0,18.05,25.8,12.73,42.73,2.7
2012-11-08,0.0,17.74,25.95,11.07,40.55,2.56
2012-11-09,0.0,17.45,25.28,10.81,43.5,2.3
2012-11-10,0.0,17.69,26.62,12.33,46.26,2.67
2012-11-11,0.0,17.91,25.83,12.19,42.91,2.55
2012-11-12,0.0,17.16,24.51,10.78,41.64,2.01
2012-11-13,0.0,16.65,24.85,11.42,43.82,2.69
2012-11-14,0.0,15.94,24.4,10.66,43.94,3.11
2012-11-15,0.0,16.59,25.26,10.8,31.77,2.57
2012-11-16,0.0,17.62,25.3,12.24,26.4,1.81
2012-11-17,0.05,16.21,24.98,10.14,37.52,2.56
2012-11-18,0.08,16.29,23.76,10.63,47.14,3.09
2012-11-19,0.0,15.94,24.16,11.01,40.94,2.95
2012-11-20,0.0,14.98,24.18,8.38,35.6,3.33
2012-11-21,0.0,15.81,23.47,11.02,33.27,2.47
2012-11-22,0.0,16.99,25.79,11.93,32.0,2.61
2012-11-23,0.0,15.75,22.47,11.7,36.37,2.14
2012-11-24,0.0,14.21,21.25,8.92,49.81,3.1
2012-11-25,0.0,13.34,21.97,6.8,46.57,3.16
2012-11-26,0.0,14.82,22.81,8.76,39.4,2.89
2012-11-27,0.0,15.29,23.31,8.44,38.67,2.88
2012-11-28,4.84,15.37,20.96,10.52,45.95,2.08
2012-11-29,0.61,13.49,20.56,8.61,61.74,3.14
2012-11-30,0.31,11.69,21.2,6.65,48.01,3.66
2012-12-01,0.0,13.38,22.64,7.59,32.29,2.32
2012-12-02,0.0,13.83,23.05,7.83,30.66,2.13
2012-12-03,0.0,13.55,23.58,6.87,32.76,2.68
2012-12-04,0.0,14.95,24.55,7.57,28.92,2.87
2012-12-05,0.0,14.77,23.05,10.3,32.47,2.56
2012-12-06,0.0,14.72,24.05,9.79,33.07,2.93
2012-12-07,0.0,15.44,24.22,10.46,33.15,3.42
2012-12-08,0.0,16.32,25.0,10.92,37.82,3.35
2012-12-09,0.0,15.67,24.75,9.99,36.73,2.9
2012-12-10,0.0,15.78,22.4,11.69,34.94,2.2
2012-12-11,0.43,13.81,19.66,9.78,40.34,2.01
2012-12-12,0.13,12.4,19.32,7.36,45.59,2.41
2012-12-13,25.59,9.19,11.98,7.13,70.54,2.68
2012-12-14,1.2,9.94,13.92,7.5,83.72,1.73
2012-12-15,1.28,10.43,15.66,6.47,74.6,1.74
2012-12-16,0.0,10.31,17.58,6.27,62.29,2.47
2012-12-17,0.1,10.05,18.89,4.63,54.95,3.36
2012-12-18,0.24,11.1,18.98,6.11,59.12,3.31
2012-12-19,0.0,10.54,19.69,5.0,45.58,4.19
2012-12-20,0.0,11.74,22.09,6.53,35.81,3.68
2012-12-21,0.0,11.88,22.52,5.26,36.51,3.72
2012-12-22,0.0,12.39,22.75,5.23,34.42,3.12
2012-12-23,0.0,13.82,22.02,9.33,36.3,1.99
2012-12-24,0.0,12.41,20.25,7.6,45.79,2.77
2012-12-25,0.0,11.71,21.35,6.71,49.53,3.6
2012-12-26,0.0,12.49,20.8,6.7,35.57,3.1
2012-12-27,4.98,13.02,21.18,8.33,41.08,1.99
2012-12-28,16.17,9.11,13.82,6.1,74.95,2.73
2012-12-29,0.07,9.48,15.39,5.91,71.66,2.58
2012-12-30,0.0,11.0,19.91,5.86,52.69,3.49
2012-12-31,0.0,10.0,19.48,3.8,41.99,2.94
2013-01-01,0.0,11.21,17.36,6.43,35.94,1.6
2013-01-02,0.0,8.05,17.35,1.54,45.47,3.35
2013-01-03,0.0,9.25,16.95,4.98,39.13,1.99
2013-01-04,0.0,7.77,16.03,3.62,44.09,3.25
2013-01-05,0.0,7.87,16.39,3.06,39.23,2.47
2013-01-06,0.0,7.64,15.13,3.49,38.71,1.62
2013-01-07,0.0,6.49,15.17,1.67,44.95,3.04
2013-01-08,0.02,6.08,12.4,1.5,45.21,3.11
2013-01-09,0.02,8.07,16.89,3.05,59.35,3.2
2013-01-10,0.0,8.7,18.25,2.75,49.48,4.3
2013-01-11,0.23,11.23,19.12,4.56,38.69,3.16
2013-01-12,3.1,11.2,17.56,6.7,76.43,3.54
2013-01-13,0.0,9.44,18.75,4.21,50.07,3.92
2013-01-14,0.0,10.07,18.86,4.68,36.79,2.43
2013-01-15,0.0,11.26,18.55,6.06,34.88,1.8
2013-01-16,0.0,10.31,17.58,5.38,39.39,2.31
2013-01-17,6.26,8.01,11.07,6.4,73.07,2.37
2013-01-18,1.87,9.22,15.14,5.81,62.07,2.26
2013-01-19,0.0,7.81,16.21,2.28,52.86,3.35
2013-01-20,0.0,7.55,16.94,1.54,43.64,3.85
2013-01-21,0.0,8.12,19.27,0.35,37.03,3.21
2013-01-22,0.0,9.39,19.17,1.83,36.91,2.9
2013-01-23,0.0,10.07,16.11,5.33,51.87,3.06
2013-01-24,0.0,9.74,19.95,2.75,47.12,2.79
2013-01-25,0.0,10.66,20.82,3.3,39.26,3.14
2013-01-26,0.0,11.01,21.16,4.23,35.58,3.79
2013-01-27,0.0,11.39,20.79,3.84,37.15,3.05
2013-01-28,0.0,13.41,23.41,6.58,38.49,2.94
2013-01-29,0.0,13.66,22.51,7.27,38.09,2.77
2013-01-30,0.0,12.42,18.91,8.01,42.87,2.06
2013-01-31,0.0,13.55,21.98,8.46,51.14,3.58
2013-02-01,0.0,13.68,22.03,7.27,55.41,2.47
2013-02-02,0.0,12.35,18.26,7.73,68.01,2.69
2013-02-03,12.72,10.34,14.06,6.98,77.42,2.53
2013-02-04,62.75,10.75,13.71,9.41,94.52,4.61
2013-02-05,25.42,11.2,14.92,8.92,91.7,3.18
2013-02-06,0.04,10.05,16.86,5.26,73.81,3.41
2013-02-07,0.0,9.24,17.89,2.83,55.39,3.31
2013-02-08,0.0,9.3,19.47,-0.03,46.3,2.94
2013-02-09,0.0,11.31,19.97,3.47,43.28,2.65
2013-02-10,0.0,12.63,20.84,6.1,43.62,2.1
2013-02-11,0.0,12.36,19.82,7.84,50.83,2.32
2013-02-12,0.0,13.45,20.66,8.55,50.18,2.55
2013-02-13,0.0,13.36,21.12,8.46,53.42,2.99
2013-02-14,1.59,12.41,16.83,8.61,67.65,3.2
2013-02-15,0.43,11.57,18.1,8.02,77.62,2.45
2013-02-16,0.08,12.18,19.17,7.42,67.13,2.1
2013-02-17,0.02,12.17,19.19,7.4,59.89,2.54
2013-02-18,0.47,12.36,19.31,7.31,52.89,2.99
2013-02-19,0.0,12.36,19.63,7.51,57.11,3.08
2013-02-20,0.0,13.46,21.28,8.12,58.53,3.21
2013-02-21,15.47,12.22,16.07,9.5,70.66,2.53
2013-02-22,7.53,12.09,14.52,10.31,91.2,2.37
2013-02-23,0.07,12.9,19.24,8.85,70.5,2.43
2013-02-24,0.0,12.96,20.4,6.1,63.23,2.44
2013-02-25,0.01,15.13,20.35,10.01,61.87,2.13
2013-02-26,23.59,14.06,19.23,10.07,74.0,3.1
2013-02-27,12.87,12.93,16.07,8.63,76.33,5.27
2013-02-28,0.04,12.19,19.53,7.03,68.6,2.86
2013-03-01,0.0,11.9,21.48,4.29,54.9,4.87
2013-03-02,0.0,14.23,23.85,6.6,50.57,4.03
2013-03-03,0.0,16.51,24.96,9.59,46.67,3.48
2013-03-04,0.0,18.66,25.55,12.5,43.88,2.73
2013-03-05,0.0,17.61,25.35,11.91,52.93,3.16
2013-03-06,0.0,17.83,25.95,11.89,50.23,3.45
2013-03-07,0.0,18.35,26.1,11.11,47.01,2.83
2013-03-08,0.0,19.11,25.95,13.14,49.03,2.09
2013-03-09,0.36,19.15,25.82,14.24,54.64,2.94
2013-03-10,0.0,17.58,25.45,12.08,53.8,3.41
2013-03-11,0.0,19.5,26.52,13.83,48.83,1.83
2013-03-12,0.65,19.9,26.01,14.45,52.66,1.68
2013-03-13,6.72,17.26,21.0,14.05,70.57,1.84
2013-03-14,14.85,15.67,19.88,11.71,81.35,2.87
2013-03-15,0.01,15.92,22.6,11.11,68.87,2.78
2013-03-16,0.39,16.72,24.45,10.79,58.96,2.5
2013-03-17,1.41,17.09,24.18,11.22,62.96,3.22
2013-03-18,0.0,18.33,25.5,12.87,61.26,3.3
2013-03-19,0.0,19.38,27.23,12.58,59.31,3.17
2013-03-20,0.45,18.61,25.09,14.28,65.78,3.28
2013-03-21,0.01,18.26,26.08,12.86,62.12,3.75
2013-03-22,0.3,19.0,27.37,12.38,53.72,2.9
2013-03-23,17.22,17.35,22.85,13.42,66.38,3.53
2013-03-24,14.37,16.61,21.08,12.67,73.62,4.28
2013-03-25,0.0,16.99,24.83,10.85,63.91,3.06
2013-03-26,0.0,18.26,24.94,11.23,53.15,2.72
2013-03-27,0.0,20.28,27.25,15.83,53.79,2.22
2013-03-28,0.04,19.18,24.9,14.95,60.55,2.81
2013-03-29,0.06,18.64,24.38,12.97,66.33,2.85
2013-03-30,0.0,19.79,26.83,13.5,61.23,2.59
2013-03-31,0.0,20.91,28.17,14.46,54.82,3.01
2013-04-01,0.68,21.65,29.25,14.32,49.93,2.75
2013-04-02,19.38,21.03,27.07,16.21,56.4,2.1
2013-04-03,0.12,19.28,26.71,13.62,61.78,3.53
2013-04-04,0.09,19.29,26.99,12.57,53.69,3.45
2013-04-05,0.1,19.81,27.88,11.93,51.47,3.67
2013-04-06,0.0,21.32,29.55,12.88,44.99,3.32
2013-04-07,0.0,21.43,28.09,14.6,55.35,2.89
2013-04-08,0.01,21.68,29.73,15.77,56.54,3.39
2013-04-09,1.35,23.6,31.31,17.04,52.46,2.53
2013-04-10,1.25,21.78,29.99,16.03,54.88,2.84
2013-04-11,0.0,22.36,30.53,15.49,57.38,3.21
2013-04-12,0.0,22.78,30.05,16.81,55.89,2.98
2013-04-13,0.01,24.61,32.78,17.38,50.51,2.34
2013-04-14,0.29,24.7,31.59,19.3,50.64,2.71
2013-04-15,0.34,25.25,32.47,18.28,46.24,2.59
2013-04-16,16.33,23.27,30.1,17.7,55.96,3.65
2013-04-17,0.01,22.86,31.6,14.89,44.65,3.02
2013-04-18,0.0,23.59,32.34,14.67,39.95,3.36
2013-04-19,0.0,24.84,33.32,16.52,42.15,2.87
2013-04-20,1.18,24.32,32.53,18.88,48.93,2.48
2013-04-21,3.58,22.04,27.14,17.14,55.13,3.08
2013-04-22,1.93,22.25,29.98,15.26,58.02,3.36
2013-04-23,0.0,22.92,29.1,17.68,57.8,2.54
2013-04-24,1.08,22.85,30.92,17.26,57.14,3.74
2013-04-25,2.72,23.4,30.28,17.35,55.39,3.28
2013-04-26,8.83,23.57,30.76,17.53,57.67,2.05
2013-04-27,0.06,23.12,30.84,16.67,56.62,3.68
2013-04-28,0.0,23.46,30.09,17.56,50.21,2.86
2013-04-29,0.0,24.81,32.16,18.53,41.59,2.2
2013-04-30,0.28,25.14,34.08,16.59,40.66,3.24
2013-05-01,0.01,23.66,31.7,16.49,40.49,4.27
2013-05-02,0.0,24.66,33.4,16.61,38.3,3.7
2013-05-03,0.0,25.69,34.46,17.82,35.47,3.44
2013-05-04,0.21,27.18,35.74,19.38,36.7,3.4
2013-05-05,0.11,26.76,34.86,19.44,41.14,4.05
2013-05-06,0.08,26.69,35.16,19.01,39.8,3.0
2013-05-07,0.02,27.19,35.9,18.91,38.56,3.69
2013-05-08,0.03,27.86,35.57,19.81,39.79,3.67
2013-05-09,0.0,29.19,37.03,20.52,35.02,3.4
2013-05-10,0.19,28.74,34.1,23.46,35.43,1.62
2013-05-11,0.05,27.8,34.79,21.44,41.12,2.47
2013-05-12,6.85,26.35,31.5,21.62,47.69,2.23
2013-05-13,0.11,26.07,32.78,19.85,48.92,2.97
2013-05-14,0.24,26.97,34.61,19.14,43.58,3.69
2013-05-15,0.03,27.99,36.05,18.84,41.45,3.72
2013-05-16,0.16,29.52,38.36,21.2,34.99,3.1
2013-05-17,0.0,31.15,40.06,21.46,23.91,3.1
2013-05-18,0.0,32.49,42.57,22.71,20.91,3.21
2013-05-19,0.0,33.22,42.79,23.16,19.68,2.73
2013-05-20,0.12,34.05,42.55,25.97,19.73,2.77
2013-05-21,0.0,33.95,42.72,25.56,18.38,4.15
2013-05-22,0.0,34.44,43.2,26.03,18.74,4.32
2013-05-23,0.0,35.51,45.07,25.59,14.2,4.06
2013-05-24,0.0,36.43,45.17,27.7,14.19,3.36
2013-05-25,0.0,36.88,44.27,28.43,13.71,3.02
2013-05-26,6.37,31.73,37.58,25.29,27.7,5.24
2013-05-27,0.88,30.12,38.46,21.74,24.96,3.66
2013-05-28,0.0,29.63,36.78,22.03,22.64,4.69
2013-05-29,0.0,29.77,37.94,21.56,17.32,3.94
2013-05-30,0.0,30.9,39.67,21.33,16.24,3.62
2013-05-31,0.0,33.36,41.9,23.0,14.47,3.25
2013-06-01,0.0,34.97,42.59,24.86,12.76,2.13
2013-06-02,0.0,35.47,42.17,29.01,13.64,1.63
2013-06-03,2.63,33.15,40.02,27.4,23.93,3.12
2013-06-04,0.0,33.74,41.89,25.39,24.96,3.16
2013-06-05,0.0,36.35,43.79,28.38,19.4,2.59
2013-06-06,0.01,36.25,44.51,27.19,15.03,2.57
2013-06-07,0.0,36.08,43.7,28.4,12.07,2.18
2013-06-08,0.0,36.06,43.69,27.15,11.38,2.19
2013-06-09,0.0,37.47,45.68,27.16,10.95,2.14
2013-06-10,0.0,38.71,45.62,31.16,12.79,1.63
2013-06-11,3.44,38.9,46.18,31.4,20.85,2.69
2013-06-12,9.28,32.73,36.79,28.42,51.61,2.38
2013-06-13,0.45,32.34,37.82,26.53,54.47,1.82
2013-06-14,12.37,30.77,34.58,26.81,58.53,2.15
2013-06-15,6.96,27.46,31.66,22.92,64.85,4.68
2013-06-16,2.04,27.8,34.7,21.72,54.38,2.04
2013-06-17,0.19,29.21,36.09,21.01,38.05,2.08
2013-06-18,4.19,29.39,35.23,21.91,41.95,1.9
2013-06-19,0.0,31.13,37.95,22.86,39.85,2.0
2013-06-20,0.0,33.01,40.46,25.06,40.96,2.67
2013-06-21,0.0,34.81,41.88,26.08,34.8,1.7
2013-06-22,0.0,35.89,43.53,28.08,29.83,2.05
2013-06-23,0.0,36.78,44.14,28.31,31.38,2.2
2013-06-24,0.0,37.83,44.48,31.6,29.54,1.81
2013-06-25,0.01,37.46,44.22,30.94,28.56,2.23
2013-06-26,3.7,35.98,41.6,29.56,36.01,1.49
2013-06-27,2.57,35.21,41.02,29.35,37.62,2.16
2013-06-28,37.35,33.37,40.0,27.99,47.31,1.74
2013-06-29,3.05,32.39,37.11,27.18,52.95,2.43
2013-06-30,0.51,32.37,38.22,26.66,51.74,2.35
2013-07-01,1.08,32.33,37.73,28.07,44.48,2.61
2013-07-02,0.0,32.2,39.44,24.88,42.0,2.7
2013-07-03,0.0,33.48,40.0,25.99,40.13,2.42
2013-07-04,0.0,34.83,40.97,26.85,36.58,1.57
2013-07-05,0.13,35.18,40.77,28.22,36.92,1.11
2013-07-06,6.83,33.11,38.6,27.51,50.21,2.62
2013-07-07,22.72,30.93,35.3,27.55,65.72,1.72
2013-07-08,24.99,31.58,36.07,26.86,63.92,1.48
2013-07-09,22.81,30.34,34.43,26.57,64.05,2.24
2013-07-10,0.31,29.14,33.64,24.68,61.9,1.57
2013-07-11,0.55,30.79,36.69,24.25,48.15,1.45
2013-07-12,0.02,32.18,37.3,26.41,45.51,1.42
2013-07-13,1.89,31.88,37.85,25.27,54.66,1.67
2013-07-14,1.36,32.34,37.3,26.11,58.91,1.62
2013-07-15,17.46,32.45,36.95,28.35,61.45,1.55
2013-07-16,0.87,33.16,38.12,28.12,55.17,1.02
2013-07-17,11.94,32.38,36.22,27.9,58.72,1.1
2013-07-18,1.06,32.89,37.27,28.43,58.18,1.55
2013-07-19,8.12,32.57,37.45,27.14,59.77,1.46
2013-07-20,32.79,28.93,31.5,26.65,75.28,1.94
2013-07-21,1.92,29.0,33.57,24.93,75.15,1.32
2013-07-22,0.79,30.56,35.36,25.59,67.91,1.26
2013-07-23,18.77,31.08,34.49,27.26,65.17,1.23
2013-07-24,33.28,29.58,33.02,26.07,71.05,1.41
2013-07-25,1.84,29.45,33.47,24.88,68.61,1.73
2013-07-26,0.57,29.66,33.59,24.82,67.05,1.25
2013-07-27,0.0,30.38,34.93,25.5,67.87,1.25
2013-07-28,0.0,31.72,35.59,27.23,67.35,1.29
2013-07-29,0.0,32.15,36.15,28.32,67.5,1.22
2013-07-30,5.56,31.99,36.26,28.39,66.25,1.14
2013-07-31,5.02,31.37,35.24,27.89,68.48,1.06
2013-08-01,4.51,30.41,33.95,27.57,73.93,1.76
2013-08-02,2.21,28.35,31.12,25.61,81.16,2.04
2013-08-03,1.36,28.09,31.61,24.41,76.66,1.91
2013-08-04,0.08,30.15,34.92,24.7,65.98,1.36
2013-08-05,5.81,31.35,35.34,27.02,63.2,1.04
2013-08-06,9.69,30.65,35.24,26.71,69.56,1.8
2013-08-07,6.58,28.78,32.96,25.26,77.68,1.96
2013-08-08,2.21,29.89,34.44,25.64,71.69,1.23
2013-08-09,7.95,30.42,35.17,25.94,69.93,2.04
2013-08-10,20.33,28.04,31.9,24.47,80.23,2.35
2013-08-11,2.17,28.34,32.35,24.92,81.34,1.66
2013-08-12,3.55,28.5,32.43,25.23,80.11,1.67
2013-08-13,63.48,27.77,31.4,24.96,83.42,3.08
2013-08-14,22.11,25.04,27.41,21.99,87.75,6.23
2013-08-15,0.33,25.95,30.44,22.06,78.07,2.78
2013-08-16,3.69,26.69,30.73,23.11,77.0,1.61
2013-08-17,1.91,27.07,31.95,22.02,76.85,1.47
2013-08-18,5.63,27.44,31.32,23.48,78.03,1.62
2013-08-19,5.54,28.05,32.19,23.97,73.98,1.61
2013-08-20,0.0,28.31,32.21,23.57,66.64,1.76
2013-08-21,0.05,28.45,32.49,23.6,64.13,1.54
2013-08-22,0.01,28.46,33.2,23.39,64.07,1.71
2013-08-23,0.0,28.61,33.34,22.46,64.37,1.59
2013-08-24,4.21,29.07,33.75,23.41,67.87,1.43
2013-08-25,3.99,29.79,33.79,24.52,63.83,1.61
2013-08-26,0.0,28.92,33.63,24.0,65.85,1.9
2013-08-27,1.28,29.6,34.4,24.46,60.9,1.85
2013-08-28,16.96,28.22,32.98,23.47,68.24,1.74
2013-08-29,21.83,27.96,32.12,23.29,71.88,1.28
2013-08-30,0.03,27.79,32.1,23.39,73.1,1.74
2013-08-31,0.15,27.94,32.17,23.11,69.66,1.64
2013-09-01,27.15,27.4,30.93,24.18,72.86,1.53
2013-09-02,3.1,27.25,31.48,22.44,71.49,1.67
2013-09-03,8.07,27.99,32.31,23.8,68.36,1.65
2013-09-04,0.33,27.39,31.38,23.5,66.95,1.43
2013-09-05,0.08,27.01,31.61,22.61,63.93,1.51
2013-09-06,33.2,26.17,30.52,22.54,67.84,1.87
2013-09-07,0.0,26.39,30.9,21.72,69.81,1.39
2013-09-08,0.4,25.63,29.76,22.09,79.44,2.36
2013-09-09,1.39,24.42,27.76,21.3,80.92,1.6
2013-09-10,0.6,25.26,28.72,21.53,78.24,1.52
2013-09-11,0.19,26.11,29.56,21.74,76.17,1.54
2013-09-12,13.98,25.82,29.12,22.53,78.96,1.69
2013-09-13,6.01,25.89,29.49,22.39,75.92,1.3
2013-09-14,0.06,26.12,30.19,21.76,69.41,1.55
2013-09-15,19.31,26.42,30.84,22.54,67.07,1.44
2013-09-16,4.86,24.15,28.73,19.68,72.9,2.05
2013-09-17,0.0,24.36,29.75,18.64,67.45,2.45
2013-09-18,0.0,25.35,31.04,20.98,58.89,2.03
2013-09-19,0.0,25.23,30.82,19.94,58.48,1.99
2013-09-20,0.0,25.37,31.07,18.82,58.74,2.17
2013-09-21,0.0,25.1,30.33,19.3,63.89,2.18
2013-09-22,0.29,26.66,31.52,22.14,64.43,2.11
2013-09-23,0.0,26.62,31.34,22.18,67.42,1.95
2013-09-24,0.0,26.97,31.88,21.88,64.33,1.85
2013-09-25,0.0,26.46,32.0,21.35,64.25,1.88
2013-09-26,0.0,26.46,31.77,20.83,65.78,1.85
2013-09-27,0.07,26.89,31.75,21.53,67.38,1.75
2013-09-28,3.25,26.48,31.01,22.43,69.94,1.53
2013-09-29,5.41,25.53,29.68,21.48,72.58,1.68
2013-09-30,0.07,25.68,29.68,21.58,70.42,1.44
2013-10-01,0.86,25.62,30.28,21.37,69.79,1.34
2013-10-02,0.0,25.76,30.88,21.31,66.27,1.51
2013-10-03,0.04,25.67,30.52,21.28,67.6,1.7
2013-10-04,0.22,25.61,30.28,21.59,68.53,1.68
2013-10-05,0.04,25.63,30.89,21.03,68.29,2.23
2013-10-06,0.0,25.86,31.8,21.35,66.02,1.76
2013-10-07,0.0,26.25,32.15,21.42,66.05,2.05
2013-10-08,0.0,26.8,32.61,21.77,64.64,1.79
2013-10-09,0.0,27.01,32.34,22.61,61.67,1.56
2013-10-10,0.09,26.33,32.14,21.6,65.01,1.93
2013-10-11,5.13,25.75,31.09,21.64,65.91,1.82
2013-10-12,5.97,24.3,28.35,21.3,71.22,1.41
2013-10-13,0.2,24.03,30.12,19.51,66.07,1.89
2013-10-14,0.0,23.61,30.9,17.82,58.14,2.78
2013-10-15,0.0,24.36,30.68,19.13,51.03,1.92
2013-10-16,0.04,24.43,30.9,17.71,46.32,1.96
2013-10-17,0.84,23.8,31.13,18.17,52.66,2.28
2013-10-18,0.13,23.49,30.45,18.13,51.11,2.89
2013-10-19,0.0,23.35,30.97,18.06,43.53,2.13
2013-10-20,0.0,22.45,30.25,16.34,39.71,2.31
2013-10-21,0.0,21.85,29.47,15.4,37.99,2.27
2013-10-22,0.0,21.62,29.12,14.71,37.4,1.95
2013-10-23,0.0,20.87,28.07,14.31,42.22,2.07
2013-10-24,0.0,21.44,29.04,16.23,45.09,2.56
2013-10-25,0.0,22.13,29.24,16.76,44.39,2.04
2013-10-26,0.0,20.92,28.2,15.13,47.73,2.05
2013-10-27,0.03,20.49,27.68,15.44,51.37,2.33
2013-10-28,0.0,20.65,28.2,14.09,45.0,2.72
2013-10-29,0.0,19.93,26.46,15.11,41.54,2.11
2013-10-30,0.0,19.76,27.61,14.45,49.22,2.52
2013-10-31,3.8,18.63,25.76,13.89,52.13,2.41
2013-11-01,0.0,17.4,25.72,11.38,48.58,2.9
2013-11-02,0.0,18.3,25.67,13.39,43.01,2.71
2013-11-03,0.0,17.67,26.01,11.43,38.05,2.84
2013-11-04,0.0,18.07,25.82,12.52,34.82,2.33
2013-11-05,0.3,18.08,25.58,13.2,44.22,2.35
2013-11-06,4.55,16.12,23.04,12.4,67.41,2.34
2013-11-07,2.87,14.87,19.5,11.8,77.42,2.33
2013-11-08,0.46,15.03,22.05,10.93,64.67,2.5
2013-11-09,0.0,14.98,22.41,10.45,55.14,2.28
2013-11-10,0.0,15.3,23.56,9.27,52.16,3.07
2013-11-11,0.0,16.09,24.09,10.53,44.53,3.05
2013-11-12,0.0,16.99,24.75,10.72,38.37,1.87
2013-11-13,0.0,14.58,23.44,8.8,44.32,2.84
2013-11-14,0.0,14.01,23.19,8.74,42.23,3.06
2013-11-15,0.0,15.57,24.58,10.14,34.37,2.7
2013-11-16,0.0,16.17,24.74,11.46,33.27,2.05
2013-11-17,0.0,15.8,25.1,9.91,36.57,2.56
2013-11-18,0.0,16.96,25.76,11.71,35.45,2.86
2013-11-19,0.0,17.72,26.13,12.58,33.41,2.61
2013-11-20,0.0,16.96,25.44,11.75,36.48,2.73
2013-11-21,0.0,16.78,25.26,11.11,38.15,2.6
2013-11-22,0.0,15.62,24.5,11.06,42.76,2.91
2013-11-23,0.0,17.29,25.03,12.75,35.66,1.98
2013-11-24,0.0,16.43,24.11,10.47,38.08,2.9
2013-11-25,0.0,17.27,24.92,12.83,40.86,2.46
2013-11-26,0.0,16.71,25.44,11.7,44.51,3.08
2013-11-27,0.0,17.02,24.89,12.56,39.39,2.3
2013-11-28,0.0,16.34,25.06,11.62,39.76,2.68
2013-11-29,0.0,15.5,24.79,10.65,36.12,3.41
2013-11-30,0.0,16.73,25.93,10.94,30.18,2.87
2013-12-01,0.0,17.2,25.07,12.28,30.61,2.06
2013-12-02,0.0,15.33,21.64,11.53,37.63,2.5
2013-12-03,0.0,15.36,23.67,10.65,40.28,2.48
2013-12-04,0.0,14.86,23.77,10.08,42.19,2.87
2013-12-05,0.0,15.1,23.54,10.68,33.86,2.95
2013-12-06,0.0,17.11,25.56,12.02,32.55,2.95
2013-12-07,0.0,16.95,22.94,13.78,34.5,1.73
2013-12-08,0.0,15.35,23.77,10.33,44.16,2.87
2013-12-09,0.0,15.37,22.5,11.38,42.53,2.49
2013-12-10,0.0,14.98,22.43,10.76,40.9,2.36
2013-12-11,0.0,12.55,19.91,9.2,44.71,2.86
2013-12-12,0.0,13.48,22.66,7.94,42.03,3.73
2013-12-13,0.0,14.83,25.57,8.06,26.08,4.18
2013-12-14,0.0,17.73,29.21,10.19,20.16,3.42
2013-12-15,0.0,16.79,24.96,10.53,21.95,2.08
2013-12-16,0.0,15.43,22.18,11.03,26.33,1.72
2013-12-17,0.0,14.98,22.14,10.68,37.48,2.54
2013-12-18,0.0,13.99,20.94,9.62,37.3,2.33
2013-12-19,0.0,12.31,19.25,6.56,32.3,2.41
2013-12-20,0.0,11.24,20.11,5.86,29.77,2.84
2013-12-21,1.31,12.34,17.43,7.79,26.83,1.42
2013-12-22,0.01,10.33,16.64,6.17,38.35,1.84
2013-12-23,0.01,9.39,17.4,3.45,35.93,3.13
2013-12-24,0.01,9.49,17.99,3.77,33.42,2.71
2013-12-25,0.0,9.88,19.28,4.93,28.82,3.16
2013-12-26,0.0,11.61,19.68,5.93,23.08,2.1
2013-12-27,0.0,10.18,18.28,4.94,26.81,2.21
2013-12-28,0.0,9.01,16.14,4.82,26.22,2.28
2013-12-29,0.0,8.89,16.23,3.6,23.95,1.97
2013-12-30,0.0,7.87,15.57,1.41,23.44,2.74
2013-12-31,0.2,6.81,13.28,2.45,46.88,2.53
2014-01-01,0.09,6.45,15.44,0.49,41.08,3.1
2014-01-02,0.0,8.73,20.3,0.76,22.43,3.22
2014-01-03,0.0,11.58,21.45,3.53,15.61,2.54
2014-01-04,0.0,13.29,20.13,8.99,16.21,1.45
2014-01-05,0.01,12.08,19.41,8.16,18.57,1.94
2014-01-06,0.01,10.6,18.3,6.49,21.95,2.49
2014-01-07,0.0,8.9,15.86,4.45,23.14,2.69
2014-01-08,1.96,8.25,11.88,4.06,48.82,2.19
2014-01-09,0.0,7.71,15.67,2.9,63.06,2.26
2014-01-10,0.1,9.14,15.58,4.26,44.4,1.84
2014-01-11,0.4,8.73,19.34,1.56,35.97,3.39
2014-01-12,0.0,9.53,16.72,3.07,22.87,2.41
2014-01-13,0.0,13.75,22.78,7.32,21.05,2.13
2014-01-14,0.0,13.4,21.08,9.08,25.94,1.98
2014-01-15,0.0,13.71,22.76,7.39,32.34,2.69
2014-01-16,0.0,13.22,20.42,8.37,31.98,2.37
2014-01-17,0.0,13.35,19.6,8.6,34.09,1.8
2014-01-18,0.0,11.76,20.15,6.43,38.13,2.97
2014-01-19,0.0,11.75,18.69,6.73,36.5,2.55
2014-01-20,0.0,12.85,21.35,7.61,25.87,2.15
2014-01-21,0.16,12.37,19.56,6.52,39.19,2.44
2014-01-22,5.22,11.22,17.88,7.45,62.83,2.25
2014-01-23,0.63,11.42,18.93,6.74,57.68,2.22
2014-01-24,0.0,12.7,20.47,7.28,41.03,2.29
2014-01-25,0.0,13.11,21.13,8.4,40.69,2.5
2014-01-26,0.0,13.74,22.84,6.92,37.31,3.39
2014-01-27,0.0,14.04,23.06,7.47,32.86,2.78
2014-01-28,0.0,14.61,24.12,7.85,29.59,3.28
2014-01-29,0.0,15.83,25.16,7.8,27.51,2.36
2014-01-30,0.0,14.96,23.26,10.3,30.53,2.22
2014-01-31,0.0,15.63,24.14,9.18,28.8,2.33
2014-02-01,0.02,14.76,23.01,9.54,34.12,2.17
2014-02-02,2.96,15.04,21.37,9.42,38.1,1.68
2014-02-03,4.77,10.68,13.54,8.59,81.26,3.39
2014-02-04,1.44,11.9,19.48,7.29,66.46,2.34
2014-02-05,1.42,12.27,18.66,7.03,60.52,2.14
2014-02-06,0.59,8.43,10.54,4.76,74.87,3.43
2014-02-07,0.01,9.45,17.25,3.69,64.34,2.61
2014-02-08,0.0,10.35,18.11,5.59,50.83,2.37
2014-02-09,0.0,11.16,19.7,4.08,38.55,3.49
2014-02-10,0.0,10.11,15.75,5.19,34.88,1.86
2014-02-11,0.0,10.32,18.46,5.09,40.31,2.4
2014-02-12,0.01,10.51,19.38,4.54,38.91,3.3
2014-02-13,0.0,12.34,21.5,6.23,31.23,2.04
2014-02-14,0.0,11.31,18.95,4.09,39.17,2.56
2014-02-15,2.39,11.15,16.85,6.35,40.28,1.86
2014-02-16,0.13,10.23,18.31,4.48,46.62,2.47
2014-02-17,0.0,11.18,21.14,3.22,34.06,3.87
2014-02-18,0.0,14.38,23.33,5.48,26.87,2.38
2014-02-19,0.0,13.8,19.48,9.63,29.59,1.88
2014-02-20,0.0,13.48,22.57,6.83,38.35,3.49
2014-02-21,1.55,11.06,17.84,7.01,59.14,3.46
2014-02-22,0.02,12.9,20.19,7.47,51.53,1.86
2014-02-23,0.02,13.2,21.49,6.72,44.89,2.65
2014-02-24,0.0,15.08,23.45,8.19,36.58,2.74
2014-02-25,0.0,15.99,23.92,9.62,31.52,2.2
2014-02-26,0.08,14.73,21.56,10.48,38.67,2.77
2014-02-27,0.36,13.41,18.37,9.59,50.42,2.12
2014-02-28,3.37,14.1,21.73,8.7,50.28,2.34
2014-03-01,0.08,14.74,21.0,9.89,42.66,1.33
2014-03-02,0.03,13.72,20.55,6.72,47.65,2.35
2014-03-03,0.48,12.69,19.52,8.66,50.33,1.99
2014-03-04,1.97,13.36,21.25,7.1,58.51,2.89
2014-03-05,0.31,13.38,21.84,6.7,49.79,2.94
2014-03-06,0.01,14.35,22.71,7.42,40.67,2.75
2014-03-07,0.0,15.63,23.5,9.95,41.95,3.45
2014-03-08,0.0,17.03,24.68,10.53,38.34,2.57
2014-03-09,0.91,17.42,21.4,12.94,47.27,3.38
2014-03-10,43.83,15.99,24.26,11.07,68.75,5.46
2014-03-11,35.16,12.89,19.21,8.31,73.99,5.41
2014-03-12,0.0,13.9,22.64,6.46,60.66,2.22
2014-03-13,0.0,15.76,24.96,9.1,48.19,3.05
2014-03-14,0.0,17.59,26.46,9.34,43.15,2.32
2014-03-15,0.05,17.34,22.79,13.4,56.74,2.88
2014-03-16,0.11,19.27,27.36,14.24,56.46,3.13
2014-03-17,14.36,20.21,27.95,15.1,58.64,4.88
2014-03-18,1.7,17.21,22.4,12.37,66.14,2.45
2014-03-19,0.0,16.83,25.25,9.81,55.25,3.89
2014-03-20,0.0,18.59,27.0,11.44,43.82,2.78
2014-03-21,0.0,19.65,26.61,13.81,45.84,3.29
2014-03-22,0.0,18.64,26.91,11.5,54.58,2.92
2014-03-23,1.06,16.59,21.02,12.87,62.85,2.35
2014-03-24,35.08,15.1,17.58,11.67,82.65,2.77
2014-03-25,1.14,16.46,22.22,11.14,75.61,2.31
2014-03-26,0.05,17.02,24.44,10.03,56.66,2.44
2014-03-27,0.18,18.08,26.54,10.57,50.27,2.73
2014-03-28,3.31,17.96,22.24,13.65,56.6,1.72
2014-03-29,0.06,17.59,24.67,11.88,64.33,2.83
2014-03-30,0.16,18.1,25.97,11.03,56.95,3.77
2014-03-31,0.0,19.55,28.06,11.89,45.38,3.18
2014-04-01,0.0,21.09,29.65,13.81,41.91,2.65
2014-04-02,4.19,16.85,20.84,12.33,66.63,3.33
2014-04-03,0.01,18.19,25.56,10.76,59.35,2.65
2014-04-04,0.11,20.59,28.43,15.24,56.35,3.38
2014-04-05,0.48,20.89,27.38,15.98,62.4,2.49
2014-04-06,0.44,21.35,29.23,15.94,62.5,3.09
2014-04-07,2.08,19.41,25.36,12.49,56.93,1.85
2014-04-08,0.0,19.51,27.04,12.42,50.9,3.45
2014-04-09,0.0,19.95,28.22,12.68,44.18,3.32
2014-04-10,0.0,20.96,29.7,12.75,40.5,3.3
2014-04-11,0.0,22.54,30.5,14.62,40.71,3.39
2014-04-12,0.02,23.14,30.58,15.35,43.39,2.22
2014-04-13,2.5,21.9,29.38,15.31,48.01,2.93
2014-04-14,0.0,20.76,29.42,12.69,44.06,3.25
2014-04-15,0.02,22.27,31.27,13.98,47.6,2.99
2014-04-16,2.17,20.9,26.69,16.55,58.45,3.05
2014-04-17,4.22,21.13,27.02,15.44,57.8,1.93
2014-04-18,3.88,20.25,25.56,14.57,59.38,2.39
2014-04-19,1.22,19.17,24.61,14.52,63.95,1.94
2014-04-20,0.03,20.35,28.68,12.1,50.96,3.0
2014-04-21,0.0,21.49,29.22,14.24,49.43,3.39
2014-04-22,0.0,24.94,31.46,18.19,46.22,1.96
2014-04-23,0.0,24.96,32.75,16.48,47.41,2.9
2014-04-24,0.0,25.68,33.85,17.54,42.88,2.99
2014-04-25,0.06,25.66,33.01,19.26,45.9,3.19
2014-04-26,0.0,25.53,33.35,18.25,42.68,3.89
2014-04-27,0.06,25.73,34.01,17.57,40.28,3.48
2014-04-28,0.0,27.63,36.56,18.37,34.08,3.5
2014-04-29,0.0,29.13,38.08,20.07,30.94,2.68
2014-04-30,0.0,30.05,38.61,21.67,34.57,3.33
2014-05-01,0.0,30.03,38.91,22.37,36.19,3.67
2014-05-02,0.0,30.36,38.64,22.37,36.16,3.34
2014-05-03,0.04,31.2,38.37,24.15,34.59,2.42
2014-05-04,0.02,29.62,37.36,23.35,41.76,3.61
2014-05-05,7.06,28.07,34.72,22.18,49.9,2.91
2014-05-06,2.56,28.33,34.29,22.48,47.99,2.51
2014-05-07,1.24,28.91,35.69,21.3,45.55,1.79
2014-05-08,12.32,28.37,34.93,21.49,48.08,2.52
2014-05-09,0.0,28.04,35.25,21.58,46.43,2.71
2014-05-10,0.07,28.6,35.55,21.84,41.44,2.28
2014-05-11,2.94,26.66,32.32,20.91,46.83,2.45
2014-05-12,9.81,22.75,29.35,19.97,61.87,2.41
2014-05-13,8.5,22.87,28.44,17.31,58.35,2.0
2014-05-14,8.01,23.1,30.06,16.96,52.0,2.44
2014-05-15,0.06,24.67,32.66,16.31,45.97,3.21
2014-05-16,0.0,25.72,33.52,17.6,47.52,3.33
2014-05-17,0.7,25.79,33.24,19.2,52.93,2.55
2014-05-18,0.1,26.74,34.34,19.11,47.76,2.54
2014-05-19,0.7,27.13,33.92,21.82,45.59,2.21
2014-05-20,0.62,26.6,33.63,19.95,47.67,3.37
2014-05-21,0.33,27.5,34.67,19.97,42.93,3.55
2014-05-22,1.2,29.07,36.41,20.66,39.21,2.77
2014-05-23,0.18,28.97,37.4,21.31,34.88,3.1
2014-05-24,0.0,28.84,37.6,20.46,27.97,3.29
2014-05-25,0.0,29.6,37.9,20.52,27.2,2.49
2014-05-26,0.0,29.99,37.51,21.65,29.66,2.47
2014-05-27,0.0,30.79,38.41,23.27,28.55,3.39
2014-05-28,0.0,32.23,40.93,22.95,25.22,3.15
2014-05-29,0.38,33.6,41.45,25.87,21.96,3.77
2014-05-30,0.44,32.62,39.58,26.14,25.38,4.51
2014-05-31,2.16,31.89,40.25,23.85,29.09,3.2
2014-06-01,3.26,30.46,37.96,23.27,35.69,3.28
2014-06-02,0.0,30.66,39.03,22.17,29.36,2.86
2014-06-03,0.0,31.77,40.2,23.08,25.76,3.96
2014-06-04,0.0,33.19,41.4,23.76,21.23,3.32
2014-06-05,0.0,35.14,43.71,26.12,21.28,3.27
2014-06-06,0.0,35.63,43.45,27.27,17.77,3.94
2014-06-07,0.0,35.08,42.83,28.03,14.59,3.38
2014-06-08,0.0,34.32,42.81,25.31,15.62,3.92
2014-06-09,0.0,34.47,43.06,24.82,11.71,3.97
2014-06-10,0.0,34.45,43.18,24.63,9.43,3.49
2014-06-11,0.0,35.21,43.4,27.34,8.38,3.15
2014-06-12,0.0,34.7,42.98,25.03,11.07,3.53
2014-06-13,0.0,35.39,43.01,25.75,10.39,3.23
2014-06-14,0.0,36.96,44.36,28.13,11.46,2.55
2014-06-15,0.0,37.88,44.37,30.88,13.19,1.72
2014-06-16,0.0,38.73,45.56,31.62,16.41,1.91
2014-06-17,4.7,37.59,43.52,32.06,24.33,2.07
2014-06-18,7.49,34.25,39.81,28.92,37.27,3.43
2014-06-19,0.0,34.53,41.26,26.87,34.55,2.7
2014-06-20,0.28,36.01,42.23,28.6,30.1,2.2
2014-06-21,0.03,36.21,43.03,29.28,23.54,2.11
2014-06-22,0.46,35.24,41.33,29.41,19.69,2.05
2014-06-23,13.55,32.43,38.1,25.22,36.38,1.83
2014-06-24,3.44,32.98,37.82,27.31,35.83,1.31
2014-06-25,1.73,33.4,39.15,28.14,38.01,1.27
2014-06-26,1.96,32.63,38.87,26.31,47.79,2.1
2014-06-27,0.02,32.92,38.52,26.51,47.97,2.06
2014-06-28,2.3,35.14,40.69,30.1,41.37,1.99
2014-06-29,0.84,34.52,41.27,27.61,37.01,2.52
2014-06-30,0.0,34.73,41.43,26.73,30.72,2.67
2014-07-01,6.95,32.55,37.31,27.7,51.51,2.84
2014-07-02,1.19,29.64,33.42,27.03,61.54,3.71
2014-07-03,17.39,30.49,34.32,25.98,55.42,1.38
2014-07-04,0.0,32.21,37.55,26.18,47.92,1.51
2014-07-05,0.01,32.99,38.51,27.87,45.1,1.64
2014-07-06,3.65,32.19,37.96,26.35,48.06,2.39
2014-07-07,0.11,32.82,39.85,25.68,44.46,2.64
2014-07-08,0.0,33.73,40.59,26.19,42.29,2.36
2014-07-09,0.01,34.83,41.56,28.11,39.81,1.65
2014-07-10,11.71,33.99,39.63,27.4,43.83,1.57
2014-07-11,0.0,35.46,41.55,28.44,39.14,1.72
2014-07-12,0.01,35.04,41.4,28.21,39.62,1.91
2014-07-13,0.1,34.72,41.49,27.79,40.65,2.85
2014-07-14,3.02,34.95,40.97,28.92,41.52,2.55
2014-07-15,1.86,35.24,41.58,28.28,40.84,1.67
2014-07-16,20.21,31.92,36.37,28.18,52.65,3.38
2014-07-17,6.75,31.46,36.59,26.49,57.81,2.03
2014-07-18,1.09,31.91,36.97,26.34,52.02,2.04
2014-07-19,1.15,32.93,38.06,26.7,49.17,1.58
2014-07-20,0.0,32.93,37.97,26.5,43.8,1.66
2014-07-21,0.0,33.81,39.44,26.55,38.31,1.5
2014-07-22,0.0,35.0,40.8,28.5,38.81,1.27
2014-07-23,2.2,34.35,40.03,29.34,47.62,1.8
2014-07-24,60.96,31.72,35.92,27.66,63.51,2.03
2014-07-25,30.81,30.01,33.57,26.84,72.93,1.41
2014-07-26,42.09,28.67,31.52,26.17,77.93,1.46
2014-07-27,4.53,29.46,32.47,25.77,73.49,1.33
2014-07-28,4.15,30.24,33.24,26.93,70.41,1.2
2014-07-29,5.83,29.64,32.96,26.84,72.62,1.43
2014-07-30,1.7,29.54,33.44,25.23,71.15,1.03
2014-07-31,2.64,29.79,32.84,26.06,71.85,1.13
2014-08-01,9.28,30.13,33.35,26.37,71.68,1.35
2014-08-02,0.73,30.32,34.12,26.25,70.28,1.48
2014-08-03,0.02,31.03,34.94,26.34,65.31,1.57
2014-08-04,0.11,31.82,35.75,28.46,58.0,1.29
2014-08-05,0.33,32.03,36.29,27.78,53.87,1.01
2014-08-06,6.05,31.47,35.5,26.61,59.82,1.61
2014-08-07,6.49,31.84,35.97,28.09,60.58,1.61
2014-08-08,24.79,28.78,31.5,26.19,68.23,1.21
2014-08-09,6.88,28.91,32.96,25.11,71.49,1.32
2014-08-10,0.0,29.77,33.68,24.57,69.26,1.66
2014-08-11,0.59,30.59,34.31,26.29,67.5,1.46
2014-08-12,2.04,30.64,34.36,26.46,66.81,1.48
2014-08-13,0.0,31.38,34.82,27.72,63.3,1.3
2014-08-14,0.46,32.26,36.07,28.6,56.35,1.25
2014-08-15,7.31,31.68,36.98,26.87,56.2,1.7
2014-08-16,44.39,26.67,30.17,22.95,77.85,2.87
2014-08-17,0.27,25.67,30.07,22.09,71.6,2.41
2014-08-18,0.0,27.93,33.21,21.85,61.11,2.13
2014-08-19,0.0,29.17,33.83,23.2,58.99,1.65
2014-08-20,0.0,30.47,35.5,24.53,57.0,1.57
2014-08-21,0.01,31.03,35.33,25.31,57.4,1.53
2014-08-22,2.63,31.28,35.57,27.38,52.41,1.49
2014-08-23,39.95,28.73,32.66,24.66,64.07,1.54
2014-08-24,0.02,28.22,32.63,23.69,67.4,1.52
2014-08-25,0.44,28.39,33.05,23.44,65.64,1.84
2014-08-26,0.0,28.55,33.37,23.18,62.87,1.69
2014-08-27,0.07,28.03,32.78,23.25,63.02,1.79
2014-08-28,0.1,28.43,33.77,22.67,54.93,1.7
2014-08-29,0.12,28.73,33.89,23.56,52.83,1.38
2014-08-30,0.82,29.15,34.54,23.27,53.73,1.58
2014-08-31,0.2,29.87,35.51,23.5,53.25,1.5
2014-09-01,15.04,28.15,32.87,23.06,60.67,1.56
2014-09-02,1.83,27.31,32.54,22.55,64.98,1.4
2014-09-03,5.55,26.46,31.51,22.23,72.81,2.38
2014-09-04,69.94,25.58,29.57,21.86,79.46,2.73
2014-09-05,21.2,24.8,28.89,21.44,81.25,2.87
2014-09-06,7.19,25.4,29.44,22.15,76.84,2.81
2014-09-07,0.14,26.05,30.4,20.95,73.06,1.93
2014-09-08,0.49,26.96,30.86,22.86,70.77,1.34
2014-09-09,0.05,26.92,30.66,22.92,70.45,1.33
2014-09-10,0.48,27.23,31.0,23.31,69.89,1.68
2014-09-11,2.13,26.51,30.88,21.71,73.55,1.66
2014-09-12,6.81,25.47,29.15,21.91,77.37,1.94
2014-09-13,9.33,25.96,29.86,21.24,75.1,1.27
2014-09-14,7.01,25.43,29.1,21.45,77.06,1.34
2014-09-15,0.0,25.39,29.85,20.57,74.12,1.67
2014-09-16,0.0,26.11,30.39,21.08,70.66,1.79
2014-09-17,0.0,26.34,30.38,21.77,67.88,1.44
2014-09-18,0.0,26.83,30.75,21.6,69.2,1.53
2014-09-19,0.0,27.55,31.29,23.21,71.84,1.22
2014-09-20,1.29,27.9,31.51,24.79,68.91,1.1
2014-09-21,8.51,27.12,31.4,22.08,69.45,1.47
2014-09-22,0.0,26.86,31.24,22.45,64.94,1.9
2014-09-23,0.0,26.72,31.45,21.75,64.6,2.04
2014-09-24,5.63,26.54,31.19,22.83,70.0,1.55
2014-09-25,3.28,25.3,30.14,21.5,72.95,1.61
2014-09-26,0.0,25.29,30.35,20.26,65.5,2.19
2014-09-27,0.0,25.79,30.76,21.38,64.95,1.59
2014-09-28,0.06,26.05,31.18,21.53,67.73,1.99
2014-09-29,0.0,26.33,31.61,21.6,68.98,1.65
2014-09-30,0.0,26.08,30.04,22.77,70.04,1.21
2014-10-01,0.27,26.44,30.39,22.85,69.13,1.34
2014-10-02,0.0,26.49,31.29,22.72,67.14,1.21
2014-10-03,0.0,27.32,31.73,22.51,62.69,1.56
2014-10-04,0.0,26.98,32.56,22.07,62.3,1.76
2014-10-05,0.11,26.79,31.91,22.17,62.05,1.46
2014-10-06,0.37,26.8,32.12,22.86,63.28,2.0
2014-10-07,11.36,25.41,30.5,21.76,65.61,1.67
2014-10-08,0.85,23.36,29.18,17.81,64.24,2.32
2014-10-09,0.0,22.68,30.19,16.87,56.83,2.85
2014-10-10,0.0,23.67,30.95,18.2,51.16,2.56
2014-10-11,0.0,23.64,30.55,18.52,46.56,2.32
2014-10-12,0.0,23.42,31.06,16.37,44.52,2.22
2014-10-13,2.39,20.82,29.06,16.2,50.6,4.0
2014-10-14,10.77,18.36,25.05,13.17,68.77,2.19
2014-10-15,0.03,18.98,25.7,13.68,64.7,2.68
2014-10-16,0.0,20.5,27.24,14.34,52.33,1.84
2014-10-17,0.0,20.98,28.32,14.58,51.86,2.09
2014-10-18,0.0,21.08,28.07,15.28,49.52,2.0
2014-10-19,0.0,21.19,27.69,16.94,52.44,2.51
2014-10-20,0.01,21.4,28.42,16.69,59.25,2.89
2014-10-21,0.0,22.39,29.89,16.38,51.09,2.43
2014-10-22,0.0,22.54,30.14,17.15,48.71,2.08
2014-10-23,0.0,22.85,29.42,18.07,51.04,1.77
2014-10-24,12.07,21.02,27.43,17.05,63.92,2.28
2014-10-25,0.02,21.12,28.82,15.9,57.11,2.71
2014-10-26,0.0,20.58,27.96,14.72,55.27,2.2
2014-10-27,0.01,21.05,27.86,16.42,54.96,2.4
2014-10-28,4.31,20.79,26.78,15.88,57.55,1.91
2014-10-29,1.17,18.85,26.14,13.73,61.25,2.76
2014-10-30,0.0,18.96,26.51,14.11,54.22,2.27
2014-10-31,0.0,19.31,27.16,14.06,47.3,2.42
2014-11-01,0.0,20.12,27.6,15.1,41.67,2.26
2014-11-02,0.0,19.07,26.49,13.45,47.88,2.38
2014-11-03,0.03,17.08,25.55,13.83,60.34,3.44
2014-11-04,0.0,17.71,23.78,13.21,67.56,2.2
2014-11-05,0.0,18.68,26.9,13.07,60.19,2.74
2014-11-06,0.65,19.23,26.07,14.9,57.48,2.74
2014-11-07,6.13,16.69,23.02,11.49,73.27,3.44
2014-11-08,0.06,16.19,24.42,11.48,48.81,2.67
2014-11-09,0.0,15.95,25.12,11.3,39.18,3.36
2014-11-10,0.0,17.32,27.64,9.99,37.06,2.97
2014-11-11,0.0,18.14,26.7,13.12,30.63,2.18
2014-11-12,0.0,17.29,26.07,12.36,32.23,2.26
2014-11-13,0.0,16.56,25.6,10.15,34.13,2.42
2014-11-14,0.0,16.78,25.95,11.87,35.4,2.73
2014-11-15,0.0,16.96,25.75,11.29,32.46,3.12
2014-11-16,0.0,16.3,25.15,11.58,35.49,3.04
2014-11-17,0.0,16.89,26.05,11.64,35.04,2.59
2014-11-18,0.0,17.42,25.73,12.46,33.08,2.21
2014-11-19,0.0,16.95,25.03,11.77,35.71,2.24
2014-11-20,0.0,17.0,24.6,12.24,36.8,2.07
2014-11-21,0.0,17.13,25.67,12.6,37.78,2.24
2014-11-22,0.0,16.56,24.07,11.73,36.7,2.37
2014-11-23,0.0,15.09,23.99,10.02,39.52,3.08
2014-11-24,0.0,15.23,24.25,10.02,40.44,2.55
2014-11-25,0.0,16.28,24.32,11.91,37.51,2.52
2014-11-26,0.0,16.44,25.29,9.84,39.47,3.08
2014-11-27,0.0,17.6,24.44,13.19,40.48,2.24
2014-11-28,0.0,16.38,24.34,12.1,51.31,2.61
2014-11-29,0.0,16.57,24.54,12.36,48.1,2.42
2014-11-30,0.0,16.19,24.72,11.69,50.02,2.65
2014-12-01,0.0,15.5,25.23,9.81,46.69,3.39
2014-12-02,0.0,16.04,25.21,10.05,39.51,3.26
2014-12-03,0.0,16.0,24.99,11.03,40.61,3.31
2014-12-04,0.0,16.51,24.7,11.96,40.0,2.46
2014-12-05,0.0,15.46,24.25,10.26,42.99,2.93
2014-12-06,0.0,14.76,24.61,9.01,37.78,3.06
2014-12-07,0.0,15.81,23.86,10.32,31.8,2.22
2014-12-08,0.0,14.53,22.55,9.94,34.53,2.44
2014-12-09,0.0,13.27,22.34,6.66,33.71,2.51
2014-12-10,0.0,12.68,21.65,7.83,32.82,2.95
2014-12-11,0.0,11.56,20.83,5.8,30.54,2.98
2014-12-12,0.0,12.41,20.45,8.02,31.82,2.42
2014-12-13,0.0,12.85,19.38,9.58,36.13,2.23
2014-12-14,0.0,10.03,15.11,5.95,63.79,2.1
2014-12-15,0.0,10.61,18.02,5.85,49.76,2.4
2014-12-16,0.0,10.1,18.64,4.72,41.66,2.88
2014-12-17,0.0,10.69,18.63,6.32,32.54,2.3
2014-12-18,0.0,11.69,19.8,6.5,28.79,1.66
2014-12-19,0.0,11.56,18.52,8.3,29.33,1.85
2014-12-20,0.0,11.9,20.97,5.43,32.05,2.41
2014-12-21,0.0,13.94,21.11,9.8,25.52,1.4
2014-12-22,0.0,12.36,17.23,9.28,31.37,1.52
2014-12-23,0.0,11.79,18.4,7.08,36.65,1.75
2014-12-24,0.0,11.13,18.08,6.87,37.05,2.31
2014-12-25,0.0,12.21,20.18,7.82,33.0,2.59
2014-12-26,0.0,11.09,20.88,4.67,35.88,3.92
2014-12-27,0.0,12.24,21.77,4.78,18.17,2.4
2014-12-28,0.0,11.11,19.05,7.73,21.13,2.15
2014-12-29,0.0,11.56,18.58,8.21,20.8,1.53
2014-12-30,0.0,11.57,16.41,8.34,21.94,1.29
2014-12-31,0.0,13.28,18.58,8.79,24.98,1.4
2015-01-01,0.0,12.42,21.89,7.4,30.09,2.74
2015-01-02,0.0,13.27,21.63,7.06,26.21,2.2
2015-01-03,0.0,11.74,19.45,7.1,31.48,2.31
2015-01-04,0.0,11.68,18.79,7.15,30.7,2.24
2015-01-05,0.0,11.67,18.57,7.6,33.97,2.24
2015-01-06,0.0,13.58,22.01,8.92,32.0,2.82
2015-01-07,0.0,13.48,23.7,6.95,27.71,2.83
2015-01-08,0.0,13.41,22.99,7.77,14.4,2.53
2015-01-09,0.0,12.91,20.54,7.45,13.87,1.79
2015-01-10,0.0,11.99,22.12,5.79,15.86,2.9
2015-01-11,0.0,15.18,24.13,11.02,15.29,2.76
2015-01-12,0.0,15.82,22.85,11.99,21.43,1.72
2015-01-13,13.37,11.13,14.7,7.82,56.12,2.67
2015-01-14,1.01,11.71,18.55,6.72,65.55,1.72
2015-01-15,0.0,10.61,17.98,5.1,62.49,2.98
2015-01-16,0.0,11.62,20.23,6.5,43.38,2.73
2015-01-17,0.0,11.99,20.51,7.42,33.04,2.69
2015-01-18,0.0,11.71,19.55,6.94,31.43,2.3
2015-01-19,0.0,12.37,20.68,6.61,33.85,2.22
2015-01-20,0.0,12.39,18.78,7.59,40.86,1.67
2015-01-21,7.55,8.28,14.74,5.54,69.06,3.65
2015-01-22,2.47,10.14,14.35,6.94,76.87,1.78
2015-01-23,0.24,10.19,16.11,5.64,68.59,1.71
2015-01-24,0.01,10.39,17.74,5.7,57.19,1.99
2015-01-25,0.0,11.21,17.36,6.38,48.87,1.72
2015-01-26,0.1,10.09,16.7,5.96,51.1,1.53
2015-01-27,0.24,7.93,14.63,3.71,57.69,2.16
2015-01-28,0.0,8.52,16.67,1.66,45.08,2.67
2015-01-29,0.0,10.14,16.69,6.19,38.82,1.8
2015-01-30,0.0,9.97,17.91,3.23,41.37,3.47
2015-01-31,0.0,11.65,19.46,6.11,46.18,2.78
2015-02-01,0.94,11.7,18.93,7.05,54.78,2.97
2015-02-02,6.01,10.87,16.25,7.35,70.57,2.14
2015-02-03,0.88,10.53,15.76,6.32,82.81,2.68
2015-02-04,0.0,10.82,19.68,5.21,61.37,3.48
2015-02-05,0.0,12.49,21.7,6.02,37.78,2.08
2015-02-06,0.0,12.66,19.35,8.17,37.91,1.84
2015-02-07,3.74,10.09,16.37,6.64,57.3,2.33
2015-02-08,0.82,12.1,19.67,7.34,60.38,2.34
2015-02-09,0.0,12.68,22.32,5.65,45.45,2.88
2015-02-10,0.0,14.27,23.43,7.98,38.44,2.65
2015-02-11,0.0,16.09,24.43,10.33,32.82,2.4
2015-02-12,0.0,15.19,23.92,8.63,37.38,3.22
2015-02-13,0.0,17.23,24.73,11.51,40.95,2.61
2015-02-14,0.0,18.01,26.16,10.33,48.17,3.34
2015-02-15,0.03,17.23,24.94,10.78,45.56,2.45
2015-02-16,2.73,15.99,22.74,12.32,63.67,3.64
2015-02-17,0.24,16.37,23.03,11.84,52.92,2.33
2015-02-18,2.31,16.82,22.95,11.92,52.11,2.06
2015-02-19,10.54,13.82,16.94,10.47,75.99,2.98
2015-02-20,1.02,14.94,20.36,11.11,72.68,1.7
2015-02-21,0.07,16.88,25.07,10.61,59.51,3.02
2015-02-22,0.0,19.04,28.45,11.7,50.71,3.32
2015-02-23,0.06,19.57,24.09,15.29,46.58,1.9
2015-02-24,10.27,16.35,20.94,12.62,66.36,4.6
2015-02-25,14.0,12.87,17.71,8.38,84.82,3.55
2015-02-26,0.91,11.51,17.99,7.07,64.2,2.46
2015-02-27,0.0,13.3,20.2,6.58,44.82,1.93
2015-02-28,0.0,14.1,21.34,8.09,42.9,1.83
2015-03-01,24.01,11.3,13.57,9.85,76.04,3.08
2015-03-02,26.49,11.77,14.71,9.92,91.26,2.12
2015-03-03,14.0,11.61,16.1,7.52,78.13,1.88
2015-03-04,0.09,11.86,18.9,6.31,67.21,3.04
2015-03-05,8.55,9.21,11.4,6.88,85.82,2.35
2015-03-06,0.0,12.28,19.78,5.88,67.1,2.47
2015-03-07,8.01,11.67,17.06,8.44,70.64,4.07
2015-03-08,4.2,11.5,17.05,7.05,73.42,2.88
2015-03-09,0.52,12.36,19.25,7.37,68.94,2.5
2015-03-10,0.0,13.48,22.08,7.08,52.48,3.06
2015-03-11,0.0,16.64,24.55,12.24,44.19,2.22
2015-03-12,0.0,17.31,25.81,11.37,41.12,2.35
2015-03-13,0.0,18.45,25.51,12.71,42.21,1.87
2015-03-14,0.06,18.04,24.04,12.9,49.83,2.27
2015-03-15,19.61,15.55,19.88,12.73,80.52,4.33
2015-03-16,33.82,14.45,18.26,11.53,83.11,4.1
2015-03-17,0.03,14.26,20.87,9.22,74.86,2.7
2015-03-18,0.0,16.0,22.92,9.73,61.14,3.05
2015-03-19,0.0,18.14,24.87,11.41,52.21,2.65
2015-03-20,0.0,20.03,26.37,15.13,51.63,2.09
2015-03-21,0.0,20.06,26.63,14.78,56.3,2.69
2015-03-22,0.0,21.21,28.07,14.85,57.83,3.4
2015-03-23,0.0,23.28,30.23,17.1,50.02,2.31
2015-03-24,6.41,23.34,30.92,18.07,58.41,2.92
2015-03-25,0.02,21.18,29.25,14.6,61.64,3.16
2015-03-26,0.0,22.26,29.07,16.09,44.39,1.88
2015-03-27,0.0,22.55,30.69,14.61,48.76,2.73
2015-03-28,2.67,21.59,30.71,16.94,60.73,4.36
2015-03-29,28.14,17.86,21.75,15.85,79.43,3.54
2015-03-30,0.72,19.35,25.16,13.86,69.17,1.5
2015-03-31,8.23,18.21,22.65,15.3,76.45,2.0
2015-04-01,25.77,16.87,19.79,14.38,83.18,3.31
2015-04-02,0.49,18.95,24.59,13.85,68.87,1.95
2015-04-03,28.39,18.09,23.43,13.02,75.46,1.42
2015-04-04,0.07,19.18,24.47,13.07,67.94,2.98
2015-04-05,0.04,19.6,25.05,12.92,64.57,2.0
2015-04-06,0.51,17.76,22.8,14.49,70.72,2.72
2015-04-07,0.89,17.98,23.37,14.37,75.06,2.42
2015-04-08,0.04,18.77,24.79,12.8,71.51,2.16
2015-04-09,0.0,20.22,27.0,13.19,63.6,2.95
2015-04-10,0.0,22.12,28.52,14.77,59.3,2.56
2015-04-11,0.0,23.18,29.33,16.8,57.76,1.77
2015-04-12,0.0,23.61,29.62,16.68,57.18,1.96
2015-04-13,0.0,24.07,30.05,17.95,57.0,2.16
2015-04-14,0.01,23.58,29.58,17.44,66.3,2.12
2015-04-15,25.92,23.92,28.53,18.72,68.51,2.0
2015-04-16,10.58,23.08,27.87,18.97,68.54,1.89
2015-04-17,0.0,22.93,29.01,16.89,65.77,3.13
2015-04-18,0.07,25.16,31.31,18.93,56.65,2.95
2015-04-19,11.99,25.15,32.0,17.81,58.01,3.77
2015-04-20,0.18,24.16,30.68,18.96,62.51,4.34
2015-04-21,0.0,23.78,30.75,17.03,56.67,3.21
2015-04-22,0.0,24.76,32.07,17.04,46.96,3.57
2015-04-23,0.0,26.42,32.92,18.74,37.95,2.53
2015-04-24,0.0,27.12,34.21,19.75,39.34,2.47
2015-04-25,0.0,27.81,35.28,18.62,38.79,2.17
2015-04-26,0.01,26.25,33.15,18.47,44.71,3.08
2015-04-27,16.36,25.3,31.6,19.37,57.09,2.38
2015-04-28,0.06,25.65,32.08,18.3,50.06,3.17
2015-04-29,0.01,26.43,33.98,18.99,49.84,2.8
2015-04-30,13.6,23.63,29.57,18.34,58.62,2.94
2015-05-01,0.0,24.06,31.09,16.58,48.93,3.19
2015-05-02,0.0,25.98,32.76,19.38,37.24,2.1
2015-05-03,0.0,25.97,33.92,17.51,36.74,2.89
2015-05-04,0.0,26.22,34.73,17.02,40.15,3.2
2015-05-05,0.0,28.33,36.18,19.31,39.83,2.95
2015-05-06,0.01,29.35,37.04,20.69,40.88,2.75
2015-05-07,0.0,30.4,38.76,21.28,42.44,1.99
2015-05-08,0.0,30.37,37.76,23.67,43.27,2.14
2015-05-09,0.0,29.9,37.72,23.48,43.5,3.14
2015-05-10,0.0,29.44,37.38,22.47,46.92,2.76
2015-05-11,6.16,28.62,36.4,22.72,50.87,3.79
2015-05-12,1.21,25.22,31.94,19.92,58.44,2.8
2015-05-13,7.77,25.0,29.78,18.61,55.03,1.83
2015-05-14,0.96,27.06,31.69,21.66,47.73,1.43
2015-05-15,0.0,28.0,34.99,20.18,48.33,2.63
2015-05-16,0.0,31.09,37.35,24.34,40.32,1.94
2015-05-17,0.85,30.98,36.93,24.69,45.22,2.19
2015-05-18,6.69,29.44,36.12,22.95,49.56,3.23
2015-05-19,0.0,29.18,37.46,20.18,38.03,3.64
2015-05-20,0.01,30.36,37.69,24.12,34.76,2.89
2015-05-21,0.0,30.82,38.49,23.14,30.29,3.17
2015-05-22,0.0,30.91,39.67,21.21,31.56,3.1
2015-05-23,0.0,31.71,39.95,24.94,31.4,2.8
2015-05-24,0.08,30.79,38.89,23.65,32.96,3.0
2015-05-25,2.09,30.07,38.66,20.49,25.09,3.48
2015-05-26,0.15,26.09,35.0,15.65,30.61,3.65
2015-05-27,0.0,29.84,38.39,21.0,26.48,2.97
2015-05-28,0.0,30.93,38.43,23.45,27.46,2.74
2015-05-29,0.0,30.34,37.61,22.87,33.43,3.53
2015-05-30,0.0,30.63,38.9,22.37,33.02,3.2
2015-05-31,0.84,31.36,39.02,22.67,29.14,2.62
2015-06-01,0.0,31.35,38.41,23.61,27.42,2.8
2015-06-02,0.12,30.8,37.64,23.55,29.09,1.62
2015-06-03,1.69,28.39,32.35,22.8,37.2,2.07
2015-06-04,4.4,27.41,34.6,22.77,45.41,3.77
2015-06-05,0.08,28.64,35.78,21.37,42.35,2.11
2015-06-06,0.0,31.26,39.14,22.82,34.83,1.89
2015-06-07,0.0,33.65,41.09,25.4,27.31,2.42
2015-06-08,0.0,35.27,42.85,26.86,21.18,2.6
2015-06-09,0.0,34.87,42.32,26.58,20.8,2.74
2015-06-10,0.09,34.36,41.97,25.95,21.68,2.69
2015-06-11,2.07,33.07,39.72,26.93,22.1,2.82
2015-06-12,0.0,33.9,41.9,25.18,25.12,2.85
2015-06-13,9.13,33.49,39.11,28.03,35.95,1.58
2015-06-14,0.04,32.65,39.26,26.77,35.78,2.19
2015-06-15,1.82,31.22,37.94,24.81,34.34,2.39
2015-06-16,0.13,31.81,38.43,24.97,30.15,2.54
2015-06-17,0.0,33.5,41.14,25.44,27.55,2.79
2015-06-18,0.0,35.55,42.69,27.86,28.33,2.36
2015-06-19,0.0,37.25,44.38,29.19,30.05,2.49
2015-06-20,0.17,35.97,41.44,30.38,32.47,3.5
2015-06-21,0.02,35.42,41.96,28.91,29.18,2.67
2015-06-22,0.26,34.82,41.68,27.43,25.67,2.27
2015-06-23,4.72,33.74,39.34,26.83,31.1,1.59
2015-06-24,13.41,29.25,34.38,24.9,46.57,2.39
2015-06-25,0.0,30.12,36.67,23.41,44.19,2.77
2015-06-26,0.0,30.78,37.83,23.21,38.8,2.29
2015-06-27,0.0,31.84,38.91,23.52,36.67,2.41
2015-06-28,0.0,34.2,41.3,26.34,29.82,2.25
2015-06-29,0.05,35.45,42.17,27.63,25.79,1.69
2015-06-30,1.3,33.9,39.78,27.21,32.03,2.05
2015-07-01,11.31,32.38,37.14,28.29,45.74,1.17
2015-07-02,2.8,31.15,36.51,25.02,50.24,2.31
2015-07-03,0.0,34.6,40.64,27.83,39.19,1.06
2015-07-04,0.0,36.28,41.91,29.81,36.51,1.4
2015-07-05,0.38,37.16,43.6,30.28,36.16,2.29
2015-07-06,11.05,34.85,40.02,29.9,41.7,2.52
2015-07-07,4.7,32.47,37.72,27.11,53.1,2.11
2015-07-08,0.03,32.92,38.42,26.04,44.7,1.93
2015-07-09,2.09,33.67,38.79,27.26,47.1,1.49
2015-07-10,26.89,32.73,38.15,27.62,50.72,1.97
2015-07-11,28.36,30.2,34.07,25.86,58.7,1.61
2015-07-12,1.67,30.53,35.52,25.07,58.93,1.29
2015-07-13,0.01,31.81,37.35,25.2,52.07,1.43
2015-07-14,0.0,32.75,38.3,26.4,52.51,1.49
2015-07-15,0.0,34.21,39.78,27.71,50.34,1.74
2015-07-16,0.0,34.6,40.23,28.57,50.55,1.96
2015-07-17,23.29,29.49,33.06,25.3,67.21,3.05
2015-07-18,46.77,28.81,32.1,25.12,74.29,1.82
2015-07-19,20.95,29.99,33.57,25.95,70.24,1.74
2015-07-20,29.44,29.99,33.24,26.19,67.81,1.39
2015-07-21,5.3,29.29,33.08,24.83,71.7,1.76
2015-07-22,0.18,29.65,33.05,25.43,68.83,1.48
2015-07-23,16.91,28.98,32.82,25.02,72.22,1.68
2015-07-24,0.53,29.39,33.18,25.13,72.44,1.3
2015-07-25,1.08,28.16,30.42,25.5,78.44,1.43
2015-07-26,21.36,28.45,31.19,25.5,76.41,1.52
2015-07-27,1.26,28.67,32.43,24.54,74.77,1.76
2015-07-28,2.6,29.16,33.05,24.54,70.62,1.18
2015-07-29,0.0,29.82,34.07,25.1,67.05,1.44
2015-07-30,0.01,31.08,34.56,25.64,62.1,1.19
2015-07-31,13.61,29.93,32.82,25.71,68.88,1.56
2015-08-01,15.11,29.45,33.28,25.86,73.61,2.21
2015-08-02,1.77,27.74,31.12,24.66,81.24,2.14
2015-08-03,3.96,27.74,31.62,24.49,79.11,1.52
2015-08-04,0.54,29.71,33.2,25.53,68.92,0.99
2015-08-05,0.01,30.52,34.11,25.91,67.05,1.46
2015-08-06,0.21,31.22,34.53,27.0,65.83,1.32
2015-08-07,0.09,31.79,35.9,28.14,63.99,1.36
2015-08-08,8.54,32.12,36.37,27.48,60.49,1.6
2015-08-09,1.66,31.23,35.14,27.27,63.52,1.45
2015-08-10,28.3,29.46,33.15,26.09,70.04,1.63
2015-08-11,0.01,29.81,33.7,25.06,67.11,1.46
2015-08-12,51.6,28.63,32.07,25.46,75.81,1.79
2015-08-13,0.05,28.22,31.25,24.8,77.74,1.62
2015-08-14,11.92,29.21,32.16,25.57,75.39,1.45
2015-08-15,1.82,29.35,32.2,27.07,72.75,1.29
2015-08-16,0.03,28.75,32.01,25.69,72.51,1.05
2015-08-17,0.07,28.38,32.31,24.89,69.66,1.71
2015-08-18,0.0,29.11,33.49,24.47,67.63,1.75
2015-08-19,0.0,29.49,33.92,24.53,69.48,1.48
2015-08-20,0.0,30.31,34.08,26.11,67.09,1.27
2015-08-21,21.15,29.24,32.49,26.31,67.24,1.11
2015-08-22,0.03,28.4,32.36,24.39,67.02,1.43
2015-08-23,0.19,28.07,32.38,23.63,66.9,1.42
2015-08-24,3.2,28.14,33.1,23.32,65.19,1.91
2015-08-25,0.0,28.29,33.37,22.65,63.19,2.65
2015-08-26,0.0,29.27,34.57,23.05,58.43,1.72
2015-08-27,0.01,29.68,34.94,23.76,58.04,1.56
2015-08-28,5.83,29.27,33.8,25.0,58.79,2.04
2015-08-29,0.0,29.14,34.75,22.72,58.79,1.88
2015-08-30,0.04,29.17,33.65,24.34,61.3,1.46
2015-08-31,3.27,28.04,32.54,24.69,61.12,2.05
2015-09-01,0.0,29.17,34.78,22.61,51.67,2.23
2015-09-02,0.0,29.7,35.68,23.94,44.16,1.57
2015-09-03,8.07,28.22,34.54,21.92,53.97,1.71
2015-09-04,0.0,28.04,33.87,22.39,52.78,1.74
2015-09-05,0.09,28.31,34.45,21.95,54.4,1.73
2015-09-06,6.03,26.27,30.9,22.75,63.59,1.83
2015-09-07,0.06,27.42,33.82,21.11,56.31,2.01
2015-09-08,0.0,27.46,34.32,21.14,53.66,2.19
2015-09-09,0.76,28.49,35.49,21.1,48.0,1.81
2015-09-10,0.0,28.98,35.5,22.97,44.91,1.43
2015-09-11,0.0,28.83,35.46,22.34,45.04,1.81
2015-09-12,0.0,28.93,35.69,21.86,45.67,1.81
2015-09-13,0.0,29.2,35.88,21.77,46.26,1.97
2015-09-14,0.0,29.66,36.05,22.51,45.94,1.68
2015-09-15,0.02,29.56,36.02,22.54,47.84,1.83
2015-09-16,2.4,29.01,35.64,22.98,50.49,1.81
2015-09-17,0.0,28.72,35.24,21.99,52.37,1.63
2015-09-18,0.0,29.4,36.29,22.51,48.17,1.71
2015-09-19,0.0,29.13,36.76,22.14,45.34,2.11
2015-09-20,0.69,27.76,34.73,21.19,50.81,2.46
2015-09-21,0.0,28.46,35.91,21.76,47.98,2.06
2015-09-22,49.82,24.28,28.06,21.72,73.91,2.22
2015-09-23,7.72,24.28,28.77,20.11,73.92,1.72
2015-09-24,0.0,25.47,31.01,19.23,63.54,2.12
2015-09-25,0.43,26.17,31.81,19.88,56.99,1.7
2015-09-26,10.41,25.81,31.05,20.94,58.64,1.88
2015-09-27,1.99,25.35,30.17,20.94,57.44,1.8
2015-09-28,0.07,24.82,31.06,18.68,56.96,2.12
2015-09-29,0.26,24.24,30.91,19.16,55.69,2.53
2015-09-30,0.0,24.47,32.77,17.0,49.09,3.0
2015-10-01,0.0,25.52,33.35,18.47,40.79,2.55
2015-10-02,0.0,25.94,33.84,18.78,40.89,2.44
2015-10-03,0.0,25.87,33.6,19.4,42.42,2.39
2015-10-04,0.02,25.61,33.09,19.5,44.63,2.41
2015-10-05,0.0,25.51,33.38,19.02,47.63,2.25
2015-10-06,0.0,25.93,32.51,20.77,46.51,1.96
2015-10-07,0.03,25.51,32.63,20.06,48.56,2.25
2015-10-08,0.0,25.67,33.56,19.2,45.15,2.62
2015-10-09,0.0,25.48,33.46,18.81,42.83,2.25
2015-10-10,0.0,25.19,33.22,18.3,42.75,2.4
2015-10-11,0.0,25.88,33.41,18.68,44.22,1.93
2015-10-12,0.0,25.95,33.11,20.48,51.75,2.03
2015-10-13,0.0,25.73,31.58,20.77,55.47,1.76
2015-10-14,11.19,24.73,30.15,20.53,62.14,1.61
2015-10-15,0.0,23.73,29.74,18.65,58.46,2.09
2015-10-16,0.0,24.18,30.97,18.74,53.78,1.73
2015-10-17,0.0,24.23,31.01,18.22,53.56,2.79
2015-10-18,0.23,24.4,31.28,18.77,53.32,2.11
2015-10-19,31.28,21.47,25.82,17.54,68.38,2.93
2015-10-20,1.83,20.66,27.58,16.21,60.92,2.5
2015-10-21,0.0,20.6,28.89,14.63,50.17,2.49
2015-10-22,0.0,21.22,28.34,15.82,44.73,2.43
2015-10-23,0.0,21.02,28.92,13.92,44.01,2.21
2015-10-24,13.36,20.44,28.09,15.24,55.09,2.49
2015-10-25,33.29,16.54,18.21,14.94,83.39,3.61
2015-10-26,0.64,16.89,22.95,12.36,73.32,2.2
2015-10-27,0.0,17.26,24.37,12.65,61.07,2.49
2015-10-28,0.0,16.83,25.62,10.6,51.31,2.98
2015-10-29,0.0,17.56,25.35,11.09,48.01,2.62
2015-10-30,0.0,18.12,26.04,13.7,53.27,2.29
2015-10-31,0.0,18.57,26.14,13.96,54.57,2.27
2015-11-01,0.0,18.69,25.03,14.55,56.98,1.75
2015-11-02,0.0,19.77,25.31,14.99,58.21,1.72
2015-11-03,1.44,18.81,23.94,14.9,63.35,1.96
2015-11-04,16.83,17.13,23.14,14.04,74.03,4.2
2015-11-05,0.03,16.73,23.52,12.02,61.16,2.68
2015-11-06,0.0,15.72,23.42,9.71,54.32,2.75
2015-11-07,0.0,17.37,24.37,12.79,50.9,1.93
2015-11-08,0.0,17.87,24.59,13.0,51.84,1.73
2015-11-09,0.13,15.69,21.47,12.52,64.74,2.76
2015-11-10,0.28,14.89,21.45,11.45,67.69,2.79
2015-11-11,0.03,15.24,22.15,11.75,65.93,3.0
2015-11-12,0.37,16.99,23.88,11.69,58.26,1.96
2015-11-13,5.5,17.44,23.55,12.83,75.32,2.68
2015-11-14,0.0,16.61,24.4,11.72,59.78,2.66
2015-11-15,0.0,16.51,23.6,11.55,50.43,2.11
2015-11-16,0.0,14.95,23.65,9.79,53.33,3.9
2015-11-17,0.0,15.65,24.46,10.59,45.18,3.1
2015-11-18,0.0,16.63,25.41,10.64,42.85,2.86
2015-11-19,0.0,17.57,25.1,13.19,41.82,1.67
2015-11-20,0.0,17.49,24.79,12.8,45.59,1.74
2015-11-21,0.0,17.21,24.76,13.02,44.03,1.85
2015-11-22,0.0,16.48,22.4,12.43,42.33,1.47
2015-11-23,0.0,16.35,23.99,12.34,45.29,2.0
2015-11-24,0.0,14.6,22.11,9.42,53.43,3.07
2015-11-25,0.0,15.47,22.76,11.61,49.98,2.38
2015-11-26,0.0,14.09,21.28,10.37,52.2,3.11
2015-11-27,0.02,13.89,22.42,8.86,46.98,2.65
2015-11-28,0.0,14.96,24.07,9.59,45.14,2.23
2015-11-29,0.0,15.5,23.72,10.49,49.57,2.54
2015-11-30,0.0,16.49,24.64,11.85,52.28,2.18
2015-12-01,0.0,17.06,24.2,12.85,48.82,1.98
2015-12-02,0.0,15.73,23.7,11.02,53.62,2.71
2015-12-03,0.0,15.72,25.09,10.97,47.72,3.09
2015-12-04,0.0,17.49,25.36,12.86,44.17,2.44
2015-12-05,0.0,17.75,24.65,14.29,43.89,2.11
2015-12-06,0.0,17.42,24.86,12.54,45.3,2.12
2015-12-07,0.0,16.85,23.44,12.61,48.8,1.81
2015-12-08,0.0,16.89,22.9,13.43,49.48,1.62
2015-12-09,0.09,13.63,18.78,9.76,56.87,2.73
2015-12-10,5.21,14.22,18.69,10.01,60.13,2.72
2015-12-11,17.84,9.83,15.64,6.04,73.58,2.64
2015-12-12,0.0,9.79,18.6,4.45,50.0,3.08
2015-12-13,0.03,11.27,18.66,5.92,47.71,2.07
2015-12-14,0.0,10.96,18.46,6.6,55.87,2.76
2015-12-15,0.0,10.81,20.05,5.78,44.98,3.34
2015-12-16,0.0,12.12,19.4,6.2,36.41,2.01
2015-12-17,0.0,11.76,18.36,5.25,40.55,2.21
2015-12-18,0.0,9.69,18.46,4.81,46.67,3.05
2015-12-19,0.0,11.31,17.96,6.75,41.14,2.05
2015-12-20,0.0,10.74,17.9,6.07,49.75,2.72
2015-12-21,0.0,10.76,18.12,5.4,47.92,2.48
2015-12-22,0.21,9.96,15.47,6.72,56.47,2.29
2015-12-23,0.0,9.03,15.58,4.48,56.42,2.77
2015-12-24,0.0,8.49,18.91,2.84,47.47,4.13
2015-12-25,0.0,9.87,17.53,4.73,38.14,2.54
2015-12-26,0.0,11.95,17.87,7.86,41.97,2.15
2015-12-27,0.0,13.39,21.53,8.14,53.98,2.94
2015-12-28,0.0,13.95,21.79,9.95,56.04,3.08
2015-12-29,0.0,14.35,22.37,10.28,50.13,2.95
2015-12-30,0.0,13.02,21.69,8.32,45.88,2.94
2015-12-31,0.0,12.78,21.82,6.37,42.16,2.74
2016-01-01,0.0,14.81,22.01,10.98,36.2,1.91
2016-01-02,0.0,13.7,20.9,9.74,40.94,2.45
2016-01-03,0.0,13.56,21.6,8.42,46.96,2.72
2016-01-04,3.19,12.73,17.84,9.81,64.02,3.04
2016-01-05,0.13,12.56,20.05,7.7,64.74,3.03
2016-01-06,0.0,13.21,18.44,8.64,52.47,1.66
2016-01-07,0.05,13.42,20.6,8.53,55.54,2.3
2016-01-08,0.89,12.03,18.83,7.43,65.84,3.2
2016-01-09,0.0,11.31,20.1,5.33,53.93,3.4
2016-01-10,0.0,13.37,21.32,6.96,37.01,2.01
2016-01-11,0.0,13.2,20.63,9.02,42.97,2.3
2016-01-12,3.1,11.71,16.51,7.42,56.82,2.23
2016-01-13,0.0,11.89,19.44,6.35,56.88,2.07
2016-01-14,0.01,12.56,17.72,9.67,53.73,1.69
2016-01-15,0.0,11.51,19.21,7.08,55.61,2.82
2016-01-16,0.0,12.11,19.81,6.56,46.21,2.47
2016-01-17,0.0,12.07,18.75,7.81,45.4,1.6
2016-01-18,0.0,11.19,17.18,7.56,50.43,2.13
2016-01-19,0.0,10.74,18.68,5.22,49.64,3.19
2016-01-20,0.0,10.5,19.97,3.22,34.29,3.16
2016-01-21,0.0,10.79,18.58,4.64,32.68,2.37
2016-01-22,0.0,10.97,18.32,5.73,34.35,1.56
2016-01-23,0.0,10.71,18.27,6.43,39.94,2.49
2016-01-24,0.0,11.03,19.22,6.55,43.18,2.31
2016-01-25,0.0,11.39,18.3,6.49,42.52,1.97
2016-01-26,0.15,12.09,17.47,8.42,52.42,1.79
2016-01-27,0.13,12.59,19.68,8.58,59.26,2.11
2016-01-28,1.7,12.31,18.85,7.73,61.83,2.69
2016-01-29,11.14,10.08,12.18,8.14,85.7,4.29
2016-01-30,1.49,11.93,19.17,7.58,68.94,2.34
2016-01-31,0.29,11.83,19.22,6.82,56.4,2.75
2016-02-01,0.0,12.21,20.17,6.85,47.18,2.19
2016-02-02,0.0,12.31,19.65,7.06,44.39,2.31
2016-02-03,0.0,12.26,20.99,6.83,45.3,3.3
2016-02-04,0.0,14.48,22.44,8.67,36.94,2.37
2016-02-05,0.0,14.43,23.32,9.02,38.25,2.68
2016-02-06,0.0,15.5,21.39,10.64,36.86,1.86
2016-02-07,0.0,14.74,21.01,9.17,44.17,1.45
2016-02-08,0.0,13.25,20.74,7.75,52.01,2.4
2016-02-09,0.0,13.92,21.31,8.94,51.19,2.55
2016-02-10,11.51,12.34,17.78,8.34,57.38,3.46
2016-02-11,23.75,11.1,16.98,6.44,65.35,3.25
2016-02-12,0.0,10.08,17.78,3.4,53.77,2.92
2016-02-13,0.0,12.53,18.87,7.87,44.65,1.73
2016-02-14,0.0,11.6,19.49,6.79,50.18,2.39
2016-02-15,0.0,11.72,19.9,6.22,52.04,2.84
2016-02-16,0.0,13.44,22.01,6.62,43.98,2.15
2016-02-17,0.0,14.11,22.72,6.43,44.73,2.23
2016-02-18,0.17,15.78,25.35,8.55,39.73,2.3
2016-02-19,15.84,16.95,24.69,11.61,56.36,3.02
2016-02-20,6.88,14.62,21.73,8.88,66.95,3.1
2016-02-21,0.0,15.55,24.56,9.09,49.75,3.03
2016-02-22,0.0,16.12,25.57,10.36,45.61,3.6
2016-02-23,0.0,17.03,29.51,8.18,37.93,4.55
2016-02-24,0.0,19.38,30.22,9.52,29.1,2.79
2016-02-25,0.0,17.85,26.93,10.37,36.41,2.3
2016-02-26,0.0,17.47,26.69,9.96,43.06,2.46
2016-02-27,0.0,18.59,26.86,11.56,43.23,2.25
2016-02-28,0.0,19.29,26.48,12.99,41.93,1.92
2016-02-29,0.0,18.24,26.22,12.78,48.82,2.22
2016-03-01,0.0,18.92,27.36,12.81,49.7,2.7
2016-03-02,0.0,20.82,26.81,14.78,47.19,1.79
2016-03-03,0.0,21.34,28.43,15.72,51.12,2.87
2016-03-04,0.57,20.69,27.78,14.78,54.33,2.4
2016-03-05,4.53,17.01,22.88,13.07,66.28,3.14
2016-03-06,2.8,15.22,18.9,12.25,72.08,2.83
2016-03-07,0.0,17.62,24.67,12.01,60.52,2.51
2016-03-08,0.0,19.18,27.19,13.36,53.48,2.45
2016-03-09,0.0,19.77,27.39,12.9,49.73,2.14
2016-03-10,0.0,21.28,28.11,15.56,46.38,1.68
2016-03-11,19.02,17.41,21.63,14.95,72.35,3.34
2016-03-12,33.38,15.08,17.59,11.76,87.3,2.8
2016-03-13,10.18,13.91,17.35,10.81,82.52,1.85
2016-03-14,4.1,15.32,21.64,9.47,68.52,2.36
2016-03-15,0.02,15.39,22.24,10.08,64.78,2.9
2016-03-16,16.4,14.77,21.28,9.58,63.52,2.44
2016-03-17,12.98,15.82,20.84,12.53,81.72,2.65
2016-03-18,8.75,18.06,22.5,12.49,73.24,2.17
2016-03-19,2.68,19.0,25.08,13.58,66.41,2.79
2016-03-20,3.05,16.85,23.23,11.73,64.82,3.71
2016-03-21,0.0,16.03,23.16,10.45,52.83,3.94
2016-03-22,0.0,17.07,26.35,9.31,49.05,4.37
2016-03-23,0.0,19.07,29.2,10.16,40.56,2.5
2016-03-24,0.5,19.33,26.94,13.29,52.06,2.56
2016-03-25,8.58,18.15,24.59,13.07,66.44,3.01
2016-03-26,0.36,17.97,24.11,12.59,67.53,2.16
2016-03-27,0.0,20.1,27.59,12.66,55.92,2.71
2016-03-28,0.02,20.9,28.11,16.37,55.25,2.09
2016-03-29,0.0,21.79,28.61,14.72,55.65,3.22
2016-03-30,0.0,23.67,30.14,16.09,49.72,2.19
2016-03-31,0.04,23.14,29.05,17.89,51.41,2.42
2016-04-01,0.19,22.79,29.48,17.05,58.69,3.01
2016-04-02,0.97,23.55,30.04,18.67,60.88,2.99
2016-04-03,4.0,21.01,25.9,17.09,75.08,3.08
2016-04-04,0.21,21.93,30.09,16.09,58.46,3.24
2016-04-05,0.01,22.12,28.57,16.46,49.72,1.96
2016-04-06,0.05,20.74,25.68,15.98,52.96,1.79
2016-04-07,0.0,20.68,28.28,13.58,54.12,2.81
2016-04-08,0.34,22.2,29.02,15.34,50.84,1.88
2016-04-09,3.87,21.14,27.65,16.33,59.52,1.97
2016-04-10,0.0,20.55,27.23,15.2,58.3,2.56
2016-04-11,2.31,20.92,27.24,15.78,58.64,2.34
2016-04-12,0.0,21.9,29.82,14.34,53.87,3.86
2016-04-13,0.0,23.32,31.19,16.72,49.51,4.18
2016-04-14,0.0,24.35,33.94,16.18,43.08,3.55
2016-04-15,0.0,27.16,35.94,18.99,45.0,3.22
2016-04-16,3.21,28.35,36.04,21.81,50.18,3.0
2016-04-17,0.81,24.61,31.04,18.86,56.9,4.99
2016-04-18,1.23,24.27,32.48,16.86,50.51,3.69
2016-04-19,0.11,24.31,32.92,18.31,47.96,2.99
2016-04-20,0.46,24.4,32.87,17.04,47.58,3.68
2016-04-21,0.25,25.54,32.47,18.44,44.02,2.8
2016-04-22,1.8,24.04,31.27,17.32,43.76,3.27
2016-04-23,0.01,23.08,31.54,15.04,39.73,3.15
2016-04-24,0.01,23.65,32.13,16.0,39.53,2.99
2016-04-25,0.0,25.2,33.49,16.86,34.27,2.82
2016-04-26,0.0,26.44,34.44,17.79,34.49,2.79
2016-04-27,0.0,25.7,34.24,18.03,39.0,3.7
2016-04-28,0.0,26.24,35.03,18.1,35.27,3.32
2016-04-29,0.44,26.74,36.45,16.95,33.7,3.54
2016-04-30,0.0,28.69,37.59,20.59,28.95,2.97
2016-05-01,0.0,29.88,39.5,19.75,29.88,3.1
2016-05-02,0.0,30.11,40.08,21.28,31.66,2.9
2016-05-03,0.05,27.81,36.0,22.5,43.27,3.29
2016-05-04,0.39,25.17,30.65,20.9,53.26,3.45
2016-05-05,0.02,26.3,33.89,19.63,48.66,2.61
2016-05-06,0.0,28.81,36.73,20.37,37.16,2.56
2016-05-07,0.0,30.57,38.58,23.42,32.56,2.98
2016-05-08,0.01,32.22,41.54,23.17,29.58,3.22
2016-05-09,0.06,33.9,41.85,26.11,26.29,2.83
2016-05-10,2.72,34.8,42.13,27.31,26.84,2.22
2016-05-11,0.48,31.4,38.53,25.18,37.11,2.55
2016-05-12,0.42,31.45,39.13,24.25,32.66,2.79
2016-05-13,0.13,31.89,39.79,24.2,31.93,2.93
2016-05-14,3.18,30.32,37.69,24.09,35.14,4.08
2016-05-15,0.06,30.09,38.5,21.65,28.08,3.61
2016-05-16,0.01,31.53,39.5,22.58,22.34,3.73
2016-05-17,0.11,32.95,41.73,24.86,18.9,3.03
2016-05-18,0.0,34.2,43.66,25.22,16.07,3.91
2016-05-19,0.0,35.64,44.67,26.27,19.52,3.01
2016-05-20,0.0,36.01,44.71,26.37,15.32,3.24
2016-05-21,0.0,36.68,45.24,28.14,14.08,3.22
2016-05-22,0.03,37.39,45.66,27.0,13.9,3.05
2016-05-23,58.56,31.25,36.19,25.34,41.9,3.02
2016-05-24,10.24,29.11,34.19,23.89,48.96,2.97
2016-05-25,0.23,29.15,34.83,23.58,43.24,1.9
2016-05-26,0.01,30.58,37.91,22.18,39.96,2.52
2016-05-27,0.05,32.31,38.9,25.69,34.25,2.46
2016-05-28,0.0,32.8,39.63,25.81,34.52,2.45
2016-05-29,0.32,32.93,39.33,26.84,28.7,1.88
2016-05-30,9.4,30.84,37.02,24.08,34.1,2.2
2016-05-31,0.08,30.53,37.31,22.18,40.0,2.62
2016-06-01,0.03,32.82,39.5,26.02,39.55,2.18
2016-06-02,2.51,32.53,39.19,26.36,44.49,2.99
2016-06-03,0.01,31.88,38.94,25.63,44.02,3.16
2016-06-04,0.0,33.25,40.65,25.79,37.69,4.01
2016-06-05,0.0,34.93,41.76,28.11,28.36,2.33
2016-06-06,0.0,34.4,42.21,25.87,29.34,2.55
2016-06-07,0.0,34.64,42.13,27.21,27.95,2.19
2016-06-08,0.02,34.85,42.36,26.75,26.97,2.27
2016-06-09,5.03,34.42,40.94,26.84,31.03,1.98
2016-06-10,0.21,34.59,40.95,26.02,28.96,2.36
2016-06-11,3.16,33.93,40.09,25.59,31.42,2.3
2016-06-12,0.01,34.27,41.03,26.0,30.76,2.06
2016-06-13,1.22,34.91,40.98,27.76,30.19,1.73
2016-06-14,0.0,36.6,42.64,29.92,26.08,1.31
2016-06-15,1.59,36.59,43.41,29.63,25.08,2.07
2016-06-16,25.35,33.08,38.63,28.12,45.92,1.42
2016-06-17,3.38,32.95,38.72,26.72,46.15,1.96
2016-06-18,0.0,33.89,39.83,27.27,44.92,1.79
2016-06-19,0.77,34.4,40.55,27.24,45.18,2.28
2016-06-20,2.0,33.85,39.77,28.07,48.99,2.84
2016-06-21,20.86,33.21,38.4,28.05,52.9,1.91
2016-06-22,11.31,31.78,37.25,26.27,53.74,1.98
2016-06-23,0.18,32.47,38.46,26.34,48.05,1.71
2016-06-24,0.0,33.8,40.04,26.59,41.23,1.97
2016-06-25,0.0,35.12,41.16,27.67,38.7,1.54
2016-06-26,0.44,34.56,40.41,27.89,43.52,1.73
2016-06-27,0.79,34.59,39.93,29.12,44.28,1.55
2016-06-28,4.97,33.28,37.99,28.8,50.25,1.27
2016-06-29,0.0,33.9,40.49,26.81,48.52,1.69
2016-06-30,0.0,34.85,41.42,28.39,48.11,2.15
2016-07-01,0.01,35.12,41.4,29.36,45.17,1.91
2016-07-02,7.37,33.52,39.43,27.28,53.41,2.8
2016-07-03,49.16,30.04,34.1,26.81,68.4,2.57
2016-07-04,0.03,31.46,36.57,26.06,58.89,1.43
2016-07-05,0.69,33.16,37.91,27.08,48.83,1.62
2016-07-06,19.14,33.29,37.33,28.04,52.05,1.31
2016-07-07,4.08,33.45,37.7,29.17,49.6,1.13
2016-07-08,0.0,34.12,39.18,28.68,48.03,1.61
2016-07-09,10.03,32.84,37.54,27.36,53.46,1.6
2016-07-10,0.01,31.96,38.04,25.51,56.02,2.46
2016-07-11,4.26,33.02,37.7,26.94,53.62,1.52
2016-07-12,0.25,32.99,37.81,27.78,55.9,1.82
2016-07-13,10.74,30.39,34.58,27.77,67.11,1.51
2016-07-14,22.79,32.74,37.23,28.57,60.98,1.87
2016-07-15,27.18,31.67,35.65,27.06,63.35,1.67
2016-07-16,11.45,30.62,34.31,26.36,69.26,1.29
2016-07-17,20.08,29.0,32.44,26.0,78.3,2.18
2016-07-18,13.29,28.72,31.69,25.43,74.63,1.83
2016-07-19,4.27,29.16,33.15,24.81,67.61,1.52
2016-07-20,0.0,31.07,35.35,24.24,58.2,1.82
2016-07-21,0.0,32.18,35.62,27.68,56.38,1.16
2016-07-22,12.39,30.43,34.87,25.91,64.96,1.56
2016-07-23,0.0,30.62,35.56,25.11,60.19,1.87
2016-07-24,1.35,29.72,33.51,25.19,71.42,1.97
2016-07-25,7.74,30.17,34.48,26.0,70.51,1.62
2016-07-26,10.66,30.23,33.68,26.19,72.13,1.82
2016-07-27,68.86,28.81,31.57,25.55,79.42,2.57
2016-07-28,2.97,27.33,30.79,24.15,80.07,1.97
2016-07-29,2.77,28.63,32.47,24.44,74.6,1.16
2016-07-30,15.9,28.37,31.25,25.45,77.76,2.19
2016-07-31,0.0,28.82,32.09,24.72,73.02,1.47
2016-08-01,0.07,29.91,33.39,25.15,69.75,1.5
2016-08-02,18.64,28.95,32.54,25.35,73.15,1.76
2016-08-03,0.08,28.5,32.19,24.26,74.69,1.22
2016-08-04,0.01,29.86,33.78,25.03,70.68,1.66
2016-08-05,0.0,31.05,34.94,25.92,66.34,1.7
2016-08-06,1.2,30.17,34.79,25.84,72.51,2.42
2016-08-07,7.91,26.97,30.06,24.88,87.26,4.47
2016-08-08,13.57,28.16,31.82,25.01,81.45,2.53
2016-08-09,28.93,28.01,31.55,24.3,81.1,2.22
2016-08-10,0.99,27.82,31.81,24.57,82.63,2.71
2016-08-11,2.78,27.71,31.76,24.04,80.56,1.97
2016-08-12,1.41,28.33,32.3,23.68,74.68,1.5
2016-08-13,0.0,29.48,33.29,24.48,67.03,1.35
2016-08-14,0.57,29.31,33.23,24.52,67.79,1.23
2016-08-15,2.42,29.62,33.17,25.65,64.85,1.4
2016-08-16,0.06,29.99,34.44,25.17,56.86,1.36
2016-08-17,0.0,30.04,34.59,25.08,59.72,1.36
2016-08-18,1.63,29.95,34.05,26.3,57.34,1.32
2016-08-19,0.0,30.81,36.51,23.96,52.86,1.83
2016-08-20,0.0,30.41,36.5,24.0,58.62,2.05
2016-08-21,0.0,30.38,35.77,23.9,59.09,1.72
2016-08-22,2.39,31.03,36.45,25.9,52.48,1.42
2016-08-23,0.03,30.84,36.42,24.61,52.3,1.4
2016-08-24,0.01,30.47,36.59,25.23,55.19,1.67
2016-08-25,1.09,28.53,33.73,23.91,69.2,1.51
2016-08-26,0.26,30.17,35.38,25.04,61.16,0.79
2016-08-27,21.3,28.13,32.26,24.22,74.93,1.75
2016-08-28,12.52,26.72,30.5,23.32,79.42,1.61
2016-08-29,3.52,28.41,33.55,23.11,67.11,1.4
2016-08-30,7.52,27.84,31.92,23.5,70.06,1.64
2016-08-31,1.66,28.4,33.22,23.18,63.04,1.27
2016-09-01,0.23,27.34,32.48,22.98,63.31,1.98
2016-09-02,0.13,28.26,33.88,23.17,51.73,1.98
2016-09-03,0.87,29.59,35.56,22.91,48.02,1.69
2016-09-04,0.0,30.27,35.74,24.36,44.19,1.1
2016-09-05,0.0,29.76,35.53,23.12,48.17,1.59
2016-09-06,7.25,29.56,34.64,24.03,54.44,1.36
2016-09-07,0.01,29.51,34.53,23.52,57.15,1.16
2016-09-08,0.0,30.76,35.75,24.98,51.07,1.11
2016-09-09,0.0,30.76,36.27,24.59,50.01,1.42
2016-09-10,8.11,29.95,35.29,25.67,56.56,1.56
2016-09-11,7.65,29.78,34.33,24.65,57.42,1.3
2016-09-12,10.6,28.87,32.52,25.32,60.78,1.02
2016-09-13,1.05,28.53,33.61,23.4,61.36,1.58
2016-09-14,13.62,27.31,31.22,23.32,65.37,1.2
2016-09-15,0.0,28.22,33.55,22.47,56.12,1.37
2016-09-16,0.0,29.17,35.09,23.62,52.15,1.63
2016-09-17,0.0,28.93,35.2,21.85,52.52,1.78
2016-09-18,0.0,28.51,35.16,21.98,55.91,2.13
2016-09-19,0.0,28.91,35.07,23.17,52.15,1.89
2016-09-20,0.0,29.91,35.55,23.73,48.06,1.15
2016-09-21,0.29,28.97,34.46,23.23,57.39,1.67
2016-09-22,2.73,27.82,33.07,23.04,63.35,1.45
2016-09-23,0.15,27.31,32.15,22.17,61.42,1.46
2016-09-24,4.92,27.49,31.88,23.28,59.64,0.96
2016-09-25,0.01,27.7,33.29,22.77,58.35,1.48
2016-09-26,0.03,27.98,33.61,22.96,56.57,1.31
2016-09-27,0.0,28.06,33.0,22.42,55.53,1.0
2016-09-28,0.0,28.17,33.52,23.15,55.78,1.17
2016-09-29,0.08,27.5,33.19,22.3,59.16,1.53
2016-09-30,0.0,28.35,34.98,23.71,56.45,1.65
2016-10-01,0.0,28.03,34.3,22.12,56.12,1.87
2016-10-02,0.05,28.87,35.97,22.86,53.21,2.02
2016-10-03,0.09,28.69,35.31,23.77,54.96,2.03
2016-10-04,0.0,29.05,35.52,23.31,47.94,1.64
2016-10-05,10.71,27.31,33.48,22.15,57.07,1.87
2016-10-06,0.79,26.41,32.83,21.14,57.2,1.94
2016-10-07,0.07,26.32,33.12,20.71,52.81,2.27
2016-10-08,0.0,27.4,33.56,20.89,45.15,1.21
2016-10-09,0.0,26.52,33.39,21.68,45.26,1.81
2016-10-10,0.0,25.2,32.23,19.79,43.51,2.09
2016-10-11,0.0,25.11,32.94,18.79,39.56,2.24
2016-10-12,0.0,25.46,32.51,18.43,35.89,1.47
2016-10-13,0.0,25.08,32.39,18.66,35.41,1.9
2016-10-14,0.0,23.84,32.35,16.21,38.31,2.81
2016-10-15,0.0,25.04,32.74,18.48,32.47,2.23
2016-10-16,0.0,25.06,32.42,18.79,29.17,1.46
2016-10-17,0.0,23.13,31.18,16.69,35.02,2.45
2016-10-18,0.0,23.75,32.39,16.26,34.74,2.29
2016-10-19,0.0,23.27,30.52,15.81,35.33,1.84
2016-10-20,0.0,23.85,31.16,16.7,32.91,2.18
2016-10-21,0.16,22.85,31.47,15.88,38.34,3.03
2016-10-22,0.0,23.88,31.04,18.67,38.17,2.42
2016-10-23,0.0,22.11,30.61,16.38,38.95,2.87
2016-10-24,0.0,22.32,30.44,16.12,31.13,2.59
2016-10-25,0.0,22.12,31.11,15.57,31.2,2.76
2016-10-26,0.0,23.0,30.49,17.54,28.39,2.31
2016-10-27,0.0,22.63,30.73,15.42,26.92,2.29
2016-10-28,0.0,22.77,31.95,14.75,24.53,2.53
2016-10-29,0.0,22.46,29.82,14.02,23.73,1.91
2016-10-30,0.0,21.86,28.2,16.44,25.69,1.47
2016-10-31,0.0,21.48,29.47,16.36,27.08,2.11
2016-11-01,0.0,21.86,30.97,15.7,26.72,2.75
2016-11-02,0.0,21.38,29.47,15.5,27.3,1.86
2016-11-03,0.0,21.4,28.83,15.88,29.44,1.63
2016-11-04,0.07,20.83,28.4,16.31,37.81,2.08
2016-11-05,0.34,20.37,28.8,14.48,33.65,2.84
2016-11-06,0.0,19.76,28.78,13.36,26.48,2.36
2016-11-07,0.0,19.96,28.97,13.5,22.66,3.08
2016-11-08,0.0,20.79,30.73,13.08,17.86,2.91
2016-11-09,0.0,20.87,29.42,15.5,16.97,2.66
2016-11-10,0.0,21.13,30.3,14.41,17.23,2.23
2016-11-11,0.0,20.34,27.2,15.53,19.0,1.87
2016-11-12,0.1,18.91,27.6,13.8,23.11,3.19
2016-11-13,0.14,18.14,26.99,12.82,24.76,2.96
2016-11-14,0.0,18.27,26.87,13.12,21.88,2.35
2016-11-15,0.0,17.03,25.11,12.12,22.69,2.25
2016-11-16,0.0,17.39,25.98,10.74,20.54,2.63
2016-11-17,0.0,18.03,28.32,10.68,19.81,3.14
2016-11-18,0.0,19.63,28.86,13.79,17.95,2.93
2016-11-19,0.0,20.09,28.77,14.46,17.52,2.22
2016-11-20,0.0,18.7,27.19,12.93,20.79,2.82
2016-11-21,0.0,18.25,24.19,14.56,26.5,2.72
2016-11-22,0.0,18.84,25.98,14.46,24.87,2.42
2016-11-23,0.0,19.53,25.72,15.19,22.22,1.88
2016-11-24,0.0,18.71,25.74,13.61,23.12,2.41
2016-11-25,0.0,18.64,27.27,12.59,28.98,3.68
2016-11-26,0.0,19.68,28.3,14.38,31.43,2.44
2016-11-27,0.0,17.71,27.76,11.56,23.81,3.82
2016-11-28,0.0,18.08,28.27,11.06,11.79,3.42
2016-11-29,0.0,19.98,27.75,15.69,11.25,2.08
2016-11-30,0.0,18.69,25.08,14.89,29.23,3.22
2016-12-01,0.0,17.63,26.22,12.26,34.26,3.15
2016-12-02,0.0,17.52,27.85,10.6,19.61,3.38
2016-12-03,0.0,18.22,25.98,14.07,11.76,1.71
2016-12-04,0.0,18.79,26.5,14.19,11.83,1.96
2016-12-05,0.0,18.25,26.76,12.79,15.72,2.71
2016-12-06,0.0,18.76,27.34,14.35,20.07,2.53
2016-12-07,0.0,19.96,27.93,15.59,18.63,2.35
2016-12-08,0.0,18.34,26.36,12.84,22.19,1.93
2016-12-09,0.0,17.06,24.66,12.69,27.24,1.84
2016-12-10,0.6,16.07,24.15,10.22,33.17,3.92
2016-12-11,0.55,16.07,23.59,11.87,38.07,1.98
2016-12-12,0.65,15.84,21.82,10.98,39.87,1.72
2016-12-13,0.04,13.89,21.99,9.39,43.33,2.78
2016-12-14,0.0,14.65,23.53,9.69,30.25,2.73
2016-12-15,0.0,15.75,23.55,11.03,18.96,2.05
2016-12-16,0.0,15.68,23.28,11.33,18.98,1.87
2016-12-17,0.0,15.05,23.0,10.41,19.08,2.16
2016-12-18,0.0,15.09,22.72,9.86,21.63,2.63
2016-12-19,0.0,15.3,23.43,10.93,23.84,2.37
2016-12-20,0.0,15.38,25.4,9.56,26.43,3.62
2016-12-21,0.0,16.54,27.74,9.27,16.05,3.34
2016-12-22,0.0,18.4,25.86,14.47,13.81,2.44
2016-12-23,0.0,17.29,25.74,12.38,15.86,2.48
2016-12-24,0.0,15.41,23.27,10.04,18.16,2.74
2016-12-25,0.0,12.74,22.95,6.68,17.84,3.29
2016-12-26,0.0,13.72,23.36,6.96,12.32,3.52
2016-12-27,0.0,16.87,24.39,12.03,9.94,1.67
2016-12-28,0.0,17.55,25.22,12.39,12.11,2.23
2016-12-29,0.0,18.36,25.79,13.8,17.55,1.89
2016-12-30,0.0,14.69,22.45,10.07,26.91,2.14
2016-12-31,0.0,15.97,22.45,11.21,25.42,1.92
2017-01-01,0.0,15.23,22.29,10.65,27.83,1.72
2017-01-02,0.0,14.58,21.7,10.34,23.38,2.29
2017-01-03,1.49,13.17,18.02,9.6,47.7,2.61
2017-01-04,12.13,12.55,17.43,9.59,73.34,2.77
2017-01-05,3.5,12.96,19.36,8.34,65.47,2.62
2017-01-06,22.1,9.81,11.63,8.24,88.09,2.58
2017-01-07,2.39,10.39,14.9,7.67,69.02,1.44
2017-01-08,0.05,8.27,15.02,3.09,53.11,2.21
2017-01-09,0.01,6.07,14.58,0.56,45.23,3.21
2017-01-10,0.0,6.89,15.98,1.05,40.08,3.1
2017-01-11,0.0,7.4,16.23,0.08,35.78,3.24
2017-01-12,0.0,7.4,15.89,0.9,37.26,2.55
2017-01-13,0.0,7.12,15.5,1.21,41.44,2.53
2017-01-14,0.08,6.01,10.58,3.06,55.63,3.07
2017-01-15,7.51,9.12,16.33,4.66,67.99,2.21
2017-01-16,5.46,7.85,11.95,4.64,80.42,1.77
2017-01-17,1.64,8.09,12.81,4.74,68.98,1.85
2017-01-18,6.89,7.43,11.08,3.88,85.65,2.73
2017-01-19,0.0,8.1,16.17,3.22,68.93,2.83
2017-01-20,0.0,9.97,20.38,1.4,43.62,3.01
2017-01-21,0.0,11.58,19.28,6.18,41.99,2.27
2017-01-22,0.0,12.22,19.12,5.6,47.83,2.65
2017-01-23,0.3,11.31,17.95,6.13,59.29,2.63
2017-01-24,9.31,10.71,14.5,8.11,83.68,2.22
2017-01-25,20.97,10.01,12.48,8.62,90.41,3.37
2017-01-26,22.5,10.53,11.97,9.39,93.18,3.0
2017-01-27,0.47,10.95,17.06,6.81,76.01,3.09
2017-01-28,0.28,11.95,18.25,7.48,65.13,1.99
2017-01-29,0.04,12.6,19.62,9.38,66.05,2.91
2017-01-30,1.45,12.01,18.44,8.43,70.55,2.65
2017-01-31,0.0,11.88,18.78,7.29,69.53,2.84
2017-02-01,0.0,12.42,20.46,6.52,56.86,2.58
2017-02-02,0.0,12.38,18.34,8.75,57.69,1.8
2017-02-03,0.0,12.67,16.47,10.04,54.22,1.04
2017-02-04,14.31,13.24,19.74,7.68,62.65,4.98
2017-02-05,5.21,12.08,16.71,7.91,74.14,4.02
2017-02-06,0.03,11.01,18.28,5.82,71.26,2.12
2017-02-07,0.0,11.78,18.54,6.79,60.39,1.97
2017-02-08,0.13,13.46,19.07,9.56,53.89,2.03
2017-02-09,0.0,11.9,19.08,6.39,59.08,2.98
2017-02-10,0.0,11.42,20.19,4.42,51.92,2.97
2017-02-11,0.0,13.25,21.27,6.65,45.76,2.23
2017-02-12,0.0,13.23,21.5,6.54,47.22,2.41
2017-02-13,0.0,13.42,22.03,6.2,51.5,3.45
2017-02-14,0.0,13.84,19.86,6.77,47.46,2.5
2017-02-15,0.02,16.25,24.05,12.51,54.42,2.71
2017-02-16,0.01,16.84,23.73,11.73,64.84,2.74
2017-02-17,0.09,17.62,24.02,13.65,62.38,2.54
2017-02-18,1.38,16.33,21.98,13.02,71.6,2.74
2017-02-19,3.62,16.81,21.22,12.81,75.09,2.67
2017-02-20,0.82,15.95,22.92,10.84,56.49,2.72
2017-02-21,0.02,14.71,21.96,9.26,40.15,2.41
2017-02-22,0.07,13.53,21.43,7.92,41.34,3.12
2017-02-23,0.0,13.65,22.08,6.67,41.43,3.37
2017-02-24,0.01,13.39,22.76,5.97,44.17,3.42
2017-02-25,0.0,15.2,22.82,8.55,46.25,3.55
2017-02-26,0.0,16.82,25.56,10.95,40.86,2.63
2017-02-27,0.0,17.39,25.31,10.93,38.42,2.57
2017-02-28,0.07,17.62,23.71,12.07,41.38,1.81
2017-03-01,38.62,15.08,20.98,10.78,62.92,2.11
2017-03-02,4.72,14.22,20.6,9.14,62.06,2.55
2017-03-03,0.0,13.76,21.16,7.71,53.71,2.96
2017-03-04,0.31,13.45,21.67,7.15,50.16,3.39
2017-03-05,0.0,14.73,22.34,7.03,46.72,3.28
2017-03-06,0.07,16.29,22.73,9.38,50.2,2.79
2017-03-07,1.61,15.89,20.18,12.54,60.25,1.54
2017-03-08,4.05,13.5,17.57,10.09,74.1,1.89
2017-03-09,7.23,12.82,17.2,8.67,77.89,2.19
2017-03-10,2.13,12.21,15.73,8.1,66.24,1.36
2017-03-11,1.54,13.61,18.05,8.41,49.95,1.39
2017-03-12,0.04,12.51,19.08,6.72,48.78,2.49
2017-03-13,0.0,14.09,20.3,9.96,42.99,2.47
2017-03-14,0.0,14.57,21.79,8.89,47.43,2.34
2017-03-15,0.0,12.8,18.63,8.8,62.2,2.65
2017-03-16,0.02,15.87,22.66,9.41,60.0,1.08
2017-03-17,0.0,16.54,23.02,9.67,57.58,2.36
2017-03-18,0.0,17.35,25.15,10.23,52.38,2.91
2017-03-19,0.0,19.1,25.94,12.63,45.77,2.68
2017-03-20,0.0,19.53,26.93,12.04,49.11,2.92
2017-03-21,0.28,20.81,28.76,15.16,50.6,3.04
2017-03-22,2.39,19.16,25.78,14.93,66.74,3.54
2017-03-23,0.04,20.1,28.17,14.05,58.87,2.71
2017-03-24,0.0,21.4,30.01,14.19,48.06,2.42
2017-03-25,0.0,22.12,30.05,15.83,46.77,3.21
2017-03-26,0.01,22.97,31.73,14.05,49.0,3.26
2017-03-27,0.36,25.94,33.32,20.64,45.94,2.63
2017-03-28,0.33,24.98,31.37,20.33,49.93,2.95
2017-03-29,0.19,24.67,32.38,18.42,50.17,3.09
2017-03-30,0.0,25.84,34.09,17.86,43.32,2.8
2017-03-31,0.77,25.93,34.71,18.74,47.99,3.08
2017-04-01,0.06,24.98,32.95,18.68,41.66,3.09
2017-04-02,0.01,24.78,33.37,16.12,41.3,3.07
2017-04-03,0.0,25.57,33.78,17.02,38.06,2.7
2017-04-04,18.82,23.65,29.89,17.59,47.41,3.3
2017-04-05,19.51,20.15,24.99,15.67,66.49,3.55
2017-04-06,23.12,18.4,24.35,13.48,65.09,3.2
2017-04-07,3.75,17.73,24.25,12.04,57.29,2.95
2017-04-08,0.01,16.85,25.23,9.65,45.49,3.85
2017-04-09,0.08,17.97,26.86,9.1,39.42,4.07
2017-04-10,0.0,20.38,29.45,12.01,39.17,3.83
2017-04-11,0.0,23.21,32.44,14.63,39.21,3.55
2017-04-12,0.0,25.2,34.42,16.34,36.63,3.69
2017-04-13,0.0,26.9,35.07,18.8,35.31,2.51
2017-04-14,0.0,26.77,35.73,18.09,38.61,2.65
2017-04-15,0.0,26.83,36.49,17.36,36.04,3.56
2017-04-16,0.0,29.51,39.32,20.08,31.6,2.75
2017-04-17,0.0,30.3,38.7,20.61,32.78,2.21
2017-04-18,0.0,32.08,39.98,23.49,30.23,2.15
2017-04-19,0.01,32.07,39.44,25.31,30.19,1.91
2017-04-20,1.27,30.78,39.7,23.39,38.43,3.83
2017-04-21,1.06,29.27,36.93,24.01,43.8,4.01
2017-04-22,0.39,25.34,32.15,20.51,50.98,3.83
2017-04-23,17.17,24.01,30.36,18.62,56.41,2.93
2017-04-24,0.35,23.49,30.28,18.0,53.14,3.03
2017-04-25,0.0,25.05,33.26,16.43,43.08,3.13
2017-04-26,0.04,26.66,33.9,19.5,39.35,1.85
2017-04-27,0.36,27.41,34.47,22.13,39.82,2.07
2017-04-28,7.93,27.31,34.52,19.67,41.23,2.49
2017-04-29,2.78,25.06,32.34,18.59,54.21,4.27
2017-04-30,0.0,25.59,32.85,17.77,40.99,2.19
2017-05-01,0.0,26.95,34.44,19.04,29.77,2.07
2017-05-02,0.36,25.32,32.65,18.67,38.12,2.89
2017-05-03,1.03,26.14,33.66,21.14,48.73,2.65
2017-05-04,0.0,26.63,33.85,18.24,45.75,2.6
2017-05-05,0.0,29.01,36.32,20.12,34.22,3.02
2017-05-06,0.01,30.23,38.02,22.09,36.18,2.69
2017-05-07,0.0,30.8,38.14,23.85,35.93,3.05
2017-05-08,0.0,31.04,39.97,21.86,38.06,2.6
2017-05-09,0.0,32.26,40.27,25.24,34.57,2.38
2017-05-10,0.0,30.97,38.47,23.5,35.35,2.62
2017-05-11,0.55,30.61,37.32,25.1,37.97,2.41
2017-05-12,0.01,31.64,39.5,24.0,35.49,2.13
2017-05-13,0.01,32.71,39.99,25.04,31.34,1.84
2017-05-14,0.18,32.65,39.96,25.02,32.13,2.35
2017-05-15,0.05,32.79,40.36,25.39,30.93,3.47
2017-05-16,0.36,30.74,37.06,25.37,34.62,2.13
2017-05-17,0.58,30.39,35.7,25.03,34.99,1.99
2017-05-18,0.0,31.68,38.62,23.54,32.16,2.29
2017-05-19,0.18,33.37,40.24,25.91,26.57,2.08
2017-05-20,2.35,33.49,40.28,26.0,27.62,2.23
2017-05-21,1.31,31.64,38.33,26.26,31.75,2.22
2017-05-22,2.02,30.22,37.22,24.05,36.63,1.72
2017-05-23,0.0,31.63,39.11,23.05,33.74,1.59
2017-05-24,0.03,34.08,40.92,27.3,26.57,1.65
2017-05-25,0.74,34.91,42.81,26.5,23.65,2.55
2017-05-26,0.0,35.76,43.88,28.69,15.9,2.57
2017-05-27,0.0,35.83,43.37,25.99,11.42,1.81
2017-05-28,0.0,36.62,43.59,29.02,9.88,1.92
2017-05-29,0.54,34.67,42.6,24.33,12.39,2.12
2017-05-30,0.0,34.14,41.14,25.24,11.82,2.37
2017-05-31,7.3,31.7,37.79,26.08,30.04,2.46
2017-06-01,0.39,31.33,38.47,23.08,28.86,2.27
2017-06-02,0.0,33.16,40.93,24.21,19.36,2.43
2017-06-03,0.0,36.15,44.69,25.62,18.33,2.98
2017-06-04,0.0,39.03,47.38,30.13,13.86,2.39
2017-06-05,0.11,38.21,45.68,30.7,15.34,2.25
2017-06-06,7.6,35.37,42.36,27.82,30.48,3.08
2017-06-07,4.57,32.01,37.92,25.39,37.94,2.29
2017-06-08,0.02,32.46,38.78,25.41,34.93,2.16
2017-06-09,11.62,31.34,36.1,26.11,40.61,0.9
2017-06-10,2.44,31.17,37.34,24.45,44.89,1.58
2017-06-11,3.03,31.92,37.18,27.2,37.67,1.55
2017-06-12,0.0,31.19,38.41,23.48,40.89,2.19
2017-06-13,1.39,32.29,39.58,24.69,39.84,2.02
2017-06-14,0.04,33.52,40.93,24.38,34.57,2.46
2017-06-15,0.38,34.67,40.5,28.27,30.05,1.39
2017-06-16,0.01,35.12,41.75,28.51,27.39,1.47
2017-06-17,0.0,35.52,42.12,28.91,28.13,1.79
2017-06-18,0.03,35.88,43.05,28.11,27.05,2.39
2017-06-19,8.77,34.87,40.64,29.12,37.84,1.79
2017-06-20,3.54,33.02,38.6,28.05,43.42,2.19
2017-06-21,12.48,27.04,29.28,22.42,62.59,2.86
2017-06-22,0.0,29.09,36.6,21.78,46.91,2.01
2017-06-23,0.0,31.23,38.41,23.01,43.77,1.47
2017-06-24,0.01,32.97,39.39,25.07,44.35,1.59
2017-06-25,10.85,32.92,37.38,27.42,50.98,1.28
2017-06-26,7.14,32.96,37.72,27.88,55.71,1.96
2017-06-27,3.92,33.21,37.36,27.99,51.35,1.55
2017-06-28,3.11,31.96,37.48,26.26,52.77,2.11
2017-06-29,19.72,29.45,35.29,24.87,64.62,2.31
2017-06-30,0.42,29.7,35.53,23.78,59.35,1.62
2017-07-01,0.44,31.95,38.0,24.7,56.93,1.64
2017-07-02,0.19,33.92,38.76,28.0,47.35,1.78
2017-07-03,1.23,34.45,39.19,29.89,42.86,1.62
2017-07-04,0.51,34.72,40.85,29.37,42.34,1.83
2017-07-05,1.81,33.51,39.62,27.45,47.58,2.19
2017-07-06,0.05,33.42,39.69,27.11,44.81,1.78
2017-07-07,1.69,32.33,37.84,26.41,50.18,1.76
2017-07-08,0.02,33.07,40.04,26.14,49.52,1.73
2017-07-09,0.05,34.15,40.11,27.85,46.24,1.98
2017-07-10,4.46,34.37,38.84,30.26,47.93,1.61
2017-07-11,30.45,31.78,34.56,28.46,61.47,1.88
2017-07-12,46.5,29.56,33.33,26.41,74.04,2.55
2017-07-13,24.09,27.96,31.15,25.17,77.87,1.73
2017-07-14,0.36,30.31,34.75,24.61,63.76,1.14
2017-07-15,1.56,31.93,35.89,27.19,58.6,1.25
2017-07-16,11.02,31.65,35.66,26.15,62.41,1.33
2017-07-17,1.58,31.85,35.93,27.24,61.52,1.25
2017-07-18,14.01,30.35,34.83,26.55,69.1,1.84
2017-07-19,1.27,30.27,34.36,25.55,67.06,0.85
2017-07-20,5.14,30.73,35.18,25.74,65.53,1.72
2017-07-21,4.43,30.45,34.33,25.81,66.51,1.31
2017-07-22,2.9,30.21,34.27,26.04,66.96,1.85
2017-07-23,1.43,30.06,34.65,25.2,67.4,1.76
2017-07-24,0.84,30.89,35.64,25.47,63.55,1.43
2017-07-25,2.24,31.14,35.7,25.91,63.29,1.54
2017-07-26,1.83,30.62,34.34,25.89,64.38,1.58
2017-07-27,5.57,30.51,34.43,26.37,65.61,1.27
2017-07-28,4.44,30.88,35.04,25.92,66.72,1.47
2017-07-29,6.58,29.66,33.25,26.21,73.94,2.49
2017-07-30,17.52,29.43,32.73,25.92,75.23,1.95
2017-07-31,12.33,28.65,32.47,25.35,79.41,2.58
2017-08-01,30.19,29.48,33.59,25.77,76.87,1.91
2017-08-02,18.19,28.82,32.02,25.29,79.88,2.22
2017-08-03,1.19,30.79,34.05,26.57,64.01,1.23
2017-08-04,0.12,31.69,35.88,28.18,57.44,1.24
2017-08-05,0.01,31.47,35.78,26.65,62.22,1.57
2017-08-06,0.48,31.45,35.49,26.99,65.09,1.48
2017-08-07,0.46,31.22,35.33,26.88,66.81,1.73
2017-08-08,0.82,30.1,33.86,26.61,70.71,2.51
2017-08-09,16.67,30.57,34.81,25.93,70.64,1.66
2017-08-10,6.26,31.3,35.29,27.17,67.55,1.51
2017-08-11,9.35,30.68,34.21,27.15,68.13,1.34
2017-08-12,1.17,30.44,35.25,26.01,65.63,1.84
2017-08-13,0.22,30.39,35.28,25.36,62.21,2.47
2017-08-14,8.97,27.16,30.61,24.0,76.56,2.88
2017-08-15,0.0,28.98,34.01,23.23,63.92,1.83
2017-08-16,0.03,30.56,35.88,24.13,50.63,1.35
2017-08-17,0.0,31.08,36.49,25.2,50.75,1.41
2017-08-18,0.0,31.73,37.08,25.88,52.42,1.32
2017-08-19,9.69,30.23,35.31,25.02,62.31,2.1
2017-08-20,3.04,29.32,34.06,25.12,66.96,1.39
2017-08-21,0.43,29.62,34.83,23.87,64.48,1.15
2017-08-22,2.62,29.96,34.82,24.26,63.74,1.29
2017-08-23,1.06,30.02,34.57,24.95,62.88,1.34
2017-08-24,46.51,28.54,31.88,25.43,74.5,1.74
2017-08-25,8.8,28.25,32.05,24.25,73.76,1.46
2017-08-26,1.06,27.84,31.36,24.03,69.54,1.17
2017-08-27,0.0,28.74,33.07,23.41,61.87,1.34
2017-08-28,0.0,28.01,33.63,22.17,64.92,1.72
2017-08-29,15.22,27.83,32.6,23.04,71.51,1.32
2017-08-30,4.01,27.52,31.57,23.1,71.01,1.9
2017-08-31,11.64,28.72,32.68,24.2,69.64,1.26
2017-09-01,9.93,27.44,31.09,24.36,77.3,1.66
2017-09-02,9.24,27.08,30.54,22.96,76.48,1.6
2017-09-03,2.11,27.38,30.97,23.27,68.57,1.15
2017-09-04,3.17,27.27,30.99,22.96,71.88,1.29
2017-09-05,1.76,27.3,30.96,22.91,74.96,1.64
2017-09-06,0.71,27.71,31.67,23.14,70.64,1.48
2017-09-07,1.31,27.77,31.82,22.96,66.03,1.23
2017-09-08,0.0,27.94,32.44,22.51,65.52,1.32
2017-09-09,0.0,28.66,33.47,22.78,62.04,1.15
2017-09-10,0.14,28.12,33.15,22.97,66.21,1.77
2017-09-11,3.75,26.6,31.04,22.9,67.15,2.17
2017-09-12,0.02,27.76,33.12,22.08,60.44,1.7
2017-09-13,0.0,27.34,32.08,21.62,59.88,1.48
2017-09-14,1.56,27.26,32.14,21.71,59.46,1.52
2017-09-15,0.16,27.34,33.48,21.18,54.96,2.29
2017-09-16,0.0,27.86,34.78,21.57,46.43,2.09
2017-09-17,0.0,27.95,34.99,21.81,42.71,2.52
2017-09-18,0.0,28.48,36.14,21.58,38.9,2.21
2017-09-19,0.0,28.79,36.08,21.54,36.41,1.71
2017-09-20,0.0,28.33,35.31,20.61,41.78,1.56
2017-09-21,0.0,28.76,35.23,22.88,42.4,1.53
2017-09-22,0.02,28.52,34.74,23.31,43.27,1.59
2017-09-23,0.0,28.19,34.27,21.68,41.9,1.66
2017-09-24,0.0,26.46,33.61,19.92,48.99,1.9
2017-09-25,0.0,27.72,33.76,22.58,44.53,1.85
2017-09-26,0.07,27.39,34.53,20.84,44.23,2.06
2017-09-27,0.0,27.55,34.75,21.25,41.92,1.89
2017-09-28,0.0,27.55,35.58,20.35,42.28,2.12
2017-09-29,0.0,27.34,34.81,20.12,41.25,1.84
2017-09-30,0.0,27.71,35.02,20.05,40.15,1.73
2017-10-01,0.0,27.73,35.0,21.0,38.77,1.66
2017-10-02,0.0,27.78,35.51,22.22,41.01,2.06
2017-10-03,0.0,27.02,34.97,19.79,39.46,1.89
2017-10-04,0.0,25.82,33.83,19.48,43.08,2.0
2017-10-05,0.0,25.51,32.59,18.82,43.96,1.83
2017-10-06,0.0,25.97,33.49,19.71,45.08,2.16
2017-10-07,0.0,26.92,33.81,21.45,43.99,1.72
2017-10-08,0.0,27.58,34.32,21.73,41.21,1.49
2017-10-09,0.0,27.03,34.8,19.87,41.58,1.82
2017-10-10,0.0,26.56,33.75,19.72,40.99,1.63
2017-10-11,0.0,26.78,34.51,19.47,39.93,1.81
2017-10-12,0.0,26.42,34.35,19.71,37.93,1.99
2017-10-13,0.0,26.1,34.47,19.46,33.47,2.38
2017-10-14,0.0,25.61,34.19,18.12,29.88,2.35
2017-10-15,0.0,25.23,33.45,17.98,30.39,2.32
2017-10-16,0.0,25.29,34.3,18.84,30.29,2.82
2017-10-17,0.0,25.76,35.1,19.07,23.45,2.9
2017-10-18,0.0,25.82,35.04,17.93,20.01,2.27
2017-10-19,0.0,25.71,33.58,17.85,20.48,2.06
2017-10-20,0.0,25.65,34.3,19.22,21.88,1.93
2017-10-21,0.0,25.11,33.74,18.38,22.38,2.32
2017-10-22,0.0,23.98,32.08,15.79,26.35,2.12
2017-10-23,2.1,23.28,30.81,17.27,31.52,2.07
2017-10-24,0.0,23.64,31.85,16.36,26.53,3.25
2017-10-25,0.0,23.5,33.15,14.83,17.97,2.71
2017-10-26,0.0,21.29,30.54,13.42,19.2,2.56
2017-10-27,0.0,21.38,30.1,14.57,21.52,2.43
2017-10-28,0.0,21.77,30.42,14.95,21.68,2.39
2017-10-29,0.0,21.64,29.51,16.31,24.97,1.84
2017-10-30,0.0,21.25,29.05,15.93,28.5,1.83
2017-10-31,0.0,21.03,28.13,16.18,30.15,1.76
2017-11-01,0.0,20.03,27.8,14.28,34.03,2.25
2017-11-02,0.0,20.64,28.79,15.07,32.26,2.09
2017-11-03,0.0,20.64,28.56,15.23,31.4,1.91
2017-11-04,0.0,21.01,28.99,15.51,29.76,1.95
2017-11-05,0.0,21.16,29.5,15.7,27.46,2.23
2017-11-06,0.0,21.38,29.24,16.45,27.79,2.18
2017-11-07,0.0,20.45,27.92,15.56,28.89,1.91
2017-11-08,0.0,19.92,27.25,14.89,29.41,1.92
2017-11-09,0.0,20.39,28.13,14.92,27.5,1.98
2017-11-10,0.0,19.95,27.32,14.4,26.18,1.85
2017-11-11,0.0,20.23,28.08,15.07,22.83,2.0
2017-11-12,0.0,19.22,26.61,14.22,23.04,1.91
2017-11-13,0.0,19.31,27.4,13.96,21.9,1.75
2017-11-14,6.23,16.45,22.45,11.92,39.55,2.31
2017-11-15,3.2,15.07,21.87,10.89,67.19,2.7
2017-11-16,0.61,14.99,22.38,10.36,58.15,2.13
2017-11-17,3.92,15.95,21.43,12.29,48.74,1.6
2017-11-18,0.03,14.65,22.01,9.89,53.7,1.96
2017-11-19,0.04,14.49,22.73,9.25,48.1,2.91
2017-11-20,0.0,14.81,23.95,9.01,42.47,2.84
2017-11-21,0.0,14.59,24.07,8.53,38.0,3.18
2017-11-22,0.0,14.03,23.83,9.36,32.34,2.99
2017-11-23,0.0,14.63,23.32,9.04,27.49,2.49
2017-11-24,0.0,16.03,24.14,9.7,26.08,2.44
2017-11-25,0.0,17.51,26.03,11.24,26.43,2.16
2017-11-26,0.0,16.21,24.64,11.7,34.35,2.44
2017-11-27,0.0,15.66,24.48,9.83,34.33,3.25
2017-11-28,0.0,15.35,23.96,9.87,32.44,2.76
2017-11-29,0.0,15.42,24.54,8.67,31.09,2.56
2017-11-30,0.0,15.86,24.59,10.05,29.53,3.07
2017-12-01,0.0,15.63,24.57,9.07,27.88,2.79
2017-12-02,0.0,16.71,24.62,10.38,26.07,1.82
2017-12-03,0.0,14.84,23.1,9.44,29.38,2.27
2017-12-04,0.0,14.26,22.04,9.2,28.7,2.06
2017-12-05,0.0,13.41,21.62,8.05,23.91,2.32
2017-12-06,0.0,13.37,22.17,8.79,19.22,1.92
2017-12-07,0.0,14.59,25.35,8.03,26.73,2.79
2017-12-08,0.0,15.62,25.58,8.82,19.97,2.55
2017-12-09,0.0,14.7,19.66,10.5,22.13,1.68
2017-12-10,0.0,14.83,22.89,9.78,23.13,2.09
2017-12-11,25.19,10.39,14.3,8.78,59.87,2.25
2017-12-12,7.68,10.67,13.63,8.41,84.51,2.24
2017-12-13,0.78,9.38,13.21,5.63,73.97,1.76
2017-12-14,0.0,9.18,16.58,4.02,53.57,2.24
2017-12-15,0.0,9.36,17.74,3.83,47.23,2.35
2017-12-16,0.0,8.92,18.82,3.01,43.92,3.63
2017-12-17,0.0,11.52,21.7,5.55,37.58,3.03
2017-12-18,0.0,13.92,24.25,8.1,39.24,3.2
2017-12-19,0.0,15.73,24.91,10.46,38.61,2.28
2017-12-20,0.01,15.9,24.38,9.98,47.47,2.72
2017-12-21,0.03,15.56,22.86,10.39,45.83,2.22
2017-12-22,0.0,13.17,22.76,7.79,48.55,3.86
2017-12-23,0.0,13.59,21.22,8.33,36.07,1.99
2017-12-24,0.0,13.96,21.76,9.7,35.25,2.19
2017-12-25,0.0,12.81,22.08,6.44,40.44,3.28
2017-12-26,0.0,14.44,19.6,11.94,39.17,1.53
2017-12-27,0.0,16.11,22.23,11.82,36.09,1.8
2017-12-28,0.0,13.88,21.76,8.98,36.1,2.23
2017-12-29,0.0,13.26,22.69,6.92,34.1,2.6
2017-12-30,0.0,13.52,23.25,6.85,36.06,2.45
2017-12-31,0.0,14.38,21.27,9.63,32.0,1.59
2018-01-01,0.0,12.05,20.97,6.15,38.04,2.96
2018-01-02,0.0,11.02,19.37,6.23,36.77,2.28
2018-01-03,0.0,11.2,18.45,6.26,34.04,1.62
2018-01-04,0.1,9.05,15.51,5.15,45.48,2.39
2018-01-05,0.0,8.75,16.67,3.97,58.24,2.59
2018-01-06,0.01,8.9,17.77,4.1,52.0,3.0
2018-01-07,0.0,10.22,18.51,4.98,41.22,2.66
2018-01-08,0.0,11.92,19.32,7.82,35.86,2.05
2018-01-09,0.0,11.65,20.69,7.14,36.78,2.64
2018-01-10,0.0,12.24,21.41,7.87,36.05,2.85
2018-01-11,0.0,13.53,20.93,9.34,36.25,2.46
2018-01-12,0.0,13.55,21.59,8.38,34.77,2.83
2018-01-13,0.0,13.08,20.66,7.78,32.69,2.49
2018-01-14,0.0,13.05,20.22,7.31,32.96,2.26
2018-01-15,0.0,11.91,22.93,5.07,33.53,3.42
2018-01-16,0.0,12.96,22.38,6.16,27.08,2.23
2018-01-17,0.02,11.24,19.24,6.08,35.23,4.66
2018-01-18,0.0,12.85,22.79,7.18,40.96,2.83
2018-01-19,0.0,13.05,22.0,7.57,33.73,2.33
2018-01-20,0.0,13.32,24.74,6.37,29.35,3.45
2018-01-21,0.0,13.05,22.72,6.42,25.61,2.85
2018-01-22,0.0,12.15,19.6,6.95,27.47,2.15
2018-01-23,0.01,10.35,18.84,4.34,41.13,2.25
2018-01-24,0.03,9.5,17.53,4.08,48.18,2.06
2018-01-25,0.0,10.39,17.42,4.92,35.4,2.45
2018-01-26,0.0,11.9,19.26,6.03,31.72,1.8
2018-01-27,0.0,11.85,19.19,6.51,29.91,1.85
2018-01-28,0.0,12.97,20.5,7.1,24.66,1.73
2018-01-29,0.13,13.57,20.64,7.87,28.4,2.14
2018-01-30,1.65,13.46,22.08,8.59,49.07,2.84
2018-01-31,0.29,12.47,17.98,8.66,47.93,2.08
2018-02-01,1.15,13.21,21.6,8.08,47.64,2.62
2018-02-02,0.0,13.64,21.07,8.5,35.45,1.99
2018-02-03,0.0,13.01,21.12,6.88,30.95,2.65
2018-02-04,0.0,11.87,21.76,5.37,25.55,3.39
2018-02-05,0.0,13.02,22.17,6.78,19.21,2.08
2018-02-06,0.0,11.33,20.73,4.42,21.09,2.63
2018-02-07,0.0,12.77,21.32,7.55,18.94,2.3
2018-02-08,0.0,12.92,21.55,6.82,18.45,2.14
2018-02-09,0.0,13.12,21.85,7.39,20.52,2.41
2018-02-10,0.01,12.45,18.89,8.21,34.16,3.03
2018-02-11,8.55,13.39,22.17,7.7,42.32,3.38
2018-02-12,16.11,10.53,13.18,7.85,85.18,6.25
2018-02-13,7.35,12.06,17.85,7.16,72.55,1.94
2018-02-14,0.0,12.17,19.35,6.41,56.87,3.31
2018-02-15,0.0,14.07,21.74,8.77,58.31,2.96
2018-02-16,0.0,15.26,23.05,9.75,54.35,2.91
2018-02-17,0.0,15.39,24.9,9.84,38.93,3.77
2018-02-18,0.0,14.92,23.83,6.66,27.34,2.6
2018-02-19,0.0,15.96,25.8,8.12,33.27,2.88
2018-02-20,0.05,17.82,26.7,12.43,41.5,2.57
2018-02-21,0.12,17.75,26.47,11.96,52.42,3.12
2018-02-22,0.0,16.45,23.77,10.86,48.48,2.84
2018-02-23,0.88,16.68,26.92,9.61,47.95,3.39
2018-02-24,7.55,15.34,22.16,11.42,65.42,3.09
2018-02-25,0.32,16.02,24.43,9.62,59.28,2.1
2018-02-26,0.02,17.97,25.74,11.38,52.75,2.73
2018-02-27,0.0,19.09,26.39,13.3,55.96,2.25
2018-02-28,0.0,20.16,27.61,14.54,49.27,2.3
2018-03-01,14.17,18.23,23.64,14.48,63.52,2.19
2018-03-02,6.02,18.22,23.28,12.92,66.95,3.08
2018-03-03,6.58,17.32,22.9,12.89,67.97,2.62
2018-03-04,0.1,16.63,23.65,11.17,59.5,2.61
2018-03-05,0.05,16.92,24.67,11.62,50.9,2.65
2018-03-06,0.51,16.73,25.79,9.46,47.35,3.87
2018-03-07,0.0,18.93,26.9,11.25,37.09,2.38
2018-03-08,0.02,19.22,27.64,11.44,44.77,2.32
2018-03-09,0.1,19.51,26.21,13.97,49.86,1.91
2018-03-10,0.0,19.0,28.0,11.93,49.69,3.31
2018-03-11,0.0,20.31,28.18,13.17,46.92,2.85
2018-03-12,0.09,21.12,29.4,14.05,47.89,2.55
2018-03-13,2.43,22.01,30.05,16.3,47.25,3.45
2018-03-14,10.64,18.88,24.35,15.55,56.88,4.81
2018-03-15,0.43,19.29,27.44,11.98,50.51,3.26
2018-03-16,0.0,18.48,26.19,12.46,47.02,2.93
2018-03-17,0.0,18.09,27.11,10.43,41.64,3.64
2018-03-18,0.0,19.62,27.76,12.73,39.25,2.78
2018-03-19,0.0,20.75,30.01,13.44,42.15,2.97
2018-03-20,0.14,21.67,29.54,14.6,45.02,2.37
2018-03-21,0.05,19.83,26.48,14.65,53.51,3.39
2018-03-22,0.04,19.97,26.96,13.77,54.91,1.92
2018-03-23,0.0,20.7,28.43,13.26,49.86,2.5
2018-03-24,0.0,21.16,29.6,14.43,44.95,3.65
2018-03-25,0.0,21.73,32.19,13.95,38.53,4.04
2018-03-26,0.0,24.13,33.18,15.94,28.98,2.77
2018-03-27,0.0,25.03,32.75,17.01,30.55,1.8
2018-03-28,0.0,23.65,32.38,16.54,35.7,3.14
2018-03-29,0.0,23.71,33.91,15.41,31.23,4.88
2018-03-30,0.0,26.2,37.61,17.27,19.91,4.49
2018-03-31,0.0,26.78,37.95,16.9,20.18,2.64
2018-04-01,0.0,25.25,33.78,16.16,22.95,2.56
2018-04-02,0.0,25.61,33.18,18.4,25.12,2.16
2018-04-03,7.06,24.65,32.79,18.46,43.01,2.45
2018-04-04,0.17,25.73,33.72,18.84,46.18,3.02
2018-04-05,0.35,26.03,32.72,19.38,42.68,2.01
2018-04-06,1.64,25.22,32.91,18.73,46.64,2.38
2018-04-07,0.13,26.86,34.66,19.06,37.81,1.72
2018-04-08,3.8,26.53,33.53,19.93,42.28,3.22
2018-04-09,8.87,24.77,31.09,19.25,56.96,2.53
2018-04-10,3.44,23.27,27.37,19.87,60.86,2.27
2018-04-11,6.46,20.45,26.13,17.13,57.99,3.37
2018-04-12,0.0,21.25,29.42,14.04,39.56,2.41
2018-04-13,0.0,22.64,32.01,13.75,33.93,2.94
2018-04-14,0.0,23.97,31.67,16.44,35.11,3.02
2018-04-15,0.01,25.74,33.74,18.1,39.33,3.08
2018-04-16,6.38,22.6,27.92,18.74,59.75,3.6
2018-04-17,0.4,22.81,29.05,18.08,54.56,2.18
2018-04-18,4.2,24.12,31.05,17.39,47.36,2.59
2018-04-19,0.14,24.63,32.13,17.9,40.29,2.74
2018-04-20,44.29,17.95,22.24,14.56,70.59,3.79
2018-04-21,0.01,19.01,26.96,11.33,52.73,2.98
2018-04-22,0.0,21.35,30.4,13.11,45.3,3.39
2018-04-23,0.0,24.31,33.75,15.24,37.35,3.91
2018-04-24,0.0,27.75,36.53,18.01,31.67,2.79
2018-04-25,0.0,28.87,36.56,22.05,33.8,2.63
2018-04-26,0.0,28.05,36.26,20.73,38.78,3.58
2018-04-27,0.0,28.79,37.02,20.61,36.14,2.92
2018-04-28,0.0,28.99,37.47,21.36,34.58,2.95
2018-04-29,0.0,28.77,37.9,20.62,36.0,3.91
2018-04-30,0.0,30.3,38.9,21.51,28.44,2.74
2018-05-01,0.0,29.68,39.09,21.14,31.7,2.73
2018-05-02,2.28,27.69,35.79,21.96,37.32,3.32
2018-05-03,0.26,27.22,34.62,19.84,39.35,3.25
2018-05-04,0.06,27.48,34.86,19.77,41.29,2.98
2018-05-05,1.64,27.59,34.87,22.37,41.92,2.8
2018-05-06,10.02,25.78,32.96,19.41,51.41,3.05
2018-05-07,3.11,25.02,31.14,19.48,53.73,2.14
2018-05-08,0.07,25.64,32.22,17.81,42.44,1.71
2018-05-09,0.09,26.28,33.5,19.59,42.23,2.54
2018-05-10,0.05,28.12,36.75,18.56,40.55,3.4
2018-05-11,0.0,30.87,39.08,20.99,35.93,2.51
2018-05-12,19.01,30.54,38.22,23.66,46.05,3.01
2018-05-13,0.6,27.51,35.03,21.47,53.85,2.75
2018-05-14,12.84,26.13,33.19,20.77,48.28,3.1
2018-05-15,6.08,26.87,34.27,20.01,50.88,2.57
2018-05-16,0.38,27.1,34.13,20.88,49.19,3.21
2018-05-17,0.03,28.05,36.22,20.69,43.63,2.87
2018-05-18,0.3,27.53,34.46,22.34,43.46,2.7
2018-05-19,1.77,27.25,34.9,20.06,42.06,2.87
2018-05-20,0.36,27.1,35.25,19.61,37.58,2.77
2018-05-21,0.0,27.86,37.14,18.52,32.64,3.04
2018-05-22,0.0,28.01,36.38,21.66,31.91,3.69
2018-05-23,0.0,28.03,36.85,19.84,31.26,3.68
2018-05-24,0.0,28.07,36.96,18.72,29.48,3.79
2018-05-25,0.0,29.72,39.58,19.57,26.27,3.71
2018-05-26,0.0,30.92,40.08,21.88,25.6,3.51
2018-05-27,0.0,31.53,40.48,22.46,25.65,3.11
2018-05-28,0.0,33.03,41.55,23.99,22.11,3.35
2018-05-29,0.02,33.92,42.21,25.43,16.85,2.45
2018-05-30,0.0,33.67,42.3,24.72,16.39,3.09
2018-05-31,0.0,34.83,43.57,24.62,15.12,2.65
2018-06-01,0.01,35.53,43.89,27.39,15.33,2.97
2018-06-02,0.0,35.14,43.97,25.82,16.5,2.79
2018-06-03,0.0,36.3,44.57,27.81,15.66,2.46
2018-06-04,0.0,36.57,44.03,28.09,16.02,2.45
2018-06-05,0.81,36.5,42.92,28.76,22.08,2.29
2018-06-06,8.56,35.0,40.57,28.63,34.43,1.81
2018-06-07,0.0,35.04,41.22,28.63,34.66,1.65
2018-06-08,0.06,35.66,42.39,28.86,29.5,1.93
2018-06-09,1.65,34.89,41.34,28.14,32.26,3.02
2018-06-10,1.32,33.84,39.9,28.09,37.65,2.29
2018-06-11,0.3,33.52,40.42,26.54,30.72,3.98
2018-06-12,0.02,35.18,43.23,26.74,19.14,2.62
2018-06-13,0.0,36.43,44.71,25.87,13.31,3.25
2018-06-14,0.0,37.18,45.51,28.28,17.8,3.39
2018-06-15,2.16,36.25,42.48,30.08,27.82,2.7
2018-06-16,2.89,33.99,38.72,29.12,39.35,2.39
2018-06-17,7.23,30.24,34.08,27.42,57.13,3.26
2018-06-18,1.36,29.44,33.6,25.41,57.74,1.51
2018-06-19,0.03,31.45,38.62,23.87,45.92,2.73
2018-06-20,2.22,32.76,39.08,26.93,41.15,2.09
2018-06-21,0.06,33.74,40.36,27.09,36.51,2.35
2018-06-22,0.36,34.8,41.61,28.69,33.57,2.71
2018-06-23,5.05,32.54,39.06,24.48,44.4,3.82
2018-06-24,0.14,34.06,40.27,27.67,32.99,2.32
2018-06-25,0.0,35.22,42.43,27.6,26.36,2.25
2018-06-26,0.01,35.74,42.81,27.78,21.63,2.03
2018-06-27,0.62,35.18,41.29,28.39,27.5,1.76
2018-06-28,1.36,32.45,38.47,27.66,38.21,2.96
2018-06-29,5.35,30.52,36.21,26.3,47.27,2.75
2018-06-30,2.14,30.78,36.3,25.43,53.24,2.4
2018-07-01,0.21,33.5,40.59,26.51,47.37,2.27
2018-07-02,9.33,33.07,38.57,27.42,52.93,1.77
2018-07-03,24.58,30.52,34.91,26.35,63.74,2.73
2018-07-04,8.57,29.71,34.92,24.82,60.34,1.72
2018-07-05,6.43,29.02,33.6,23.48,59.02,1.44
2018-07-06,0.29,30.78,37.66,23.91,50.88,2.71
2018-07-07,0.0,32.6,39.6,25.71,44.23,2.1
2018-07-08,0.0,33.9,40.68,26.51,44.23,1.72
2018-07-09,0.06,34.41,41.1,27.31,46.73,1.92
2018-07-10,2.0,33.7,39.64,27.94,50.1,2.52
2018-07-11,13.68,32.18,36.81,27.16,57.93,2.09
2018-07-12,6.64,32.42,37.33,26.79,57.54,1.81
2018-07-13,9.57,32.38,37.31,27.01,57.77,1.7
2018-07-14,4.95,32.53,36.79,28.86,56.16,1.57
2018-07-15,4.31,32.43,37.35,26.63,62.05,1.56
2018-07-16,8.7,31.68,36.32,27.75,65.1,1.45
2018-07-17,12.75,30.95,34.73,27.56,66.97,1.45
2018-07-18,32.43,30.45,33.67,26.94,69.79,1.28
2018-07-19,12.43,29.64,33.11,26.57,70.8,0.78
2018-07-20,1.92,30.41,34.55,26.76,68.71,1.36
2018-07-21,4.63,30.76,35.12,26.65,69.03,1.93
2018-07-22,11.46,30.64,34.61,26.77,71.52,1.81
2018-07-23,11.77,29.28,33.21,25.81,75.6,2.3
2018-07-24,2.67,29.67,33.68,25.85,74.22,1.5
2018-07-25,13.22,30.57,34.31,26.94,69.9,1.53
2018-07-26,42.06,29.6,33.66,25.98,74.79,2.66
2018-07-27,17.11,28.4,32.32,24.91,76.9,1.86
2018-07-28,1.61,28.26,31.71,25.17,70.65,1.24
2018-07-29,4.22,28.69,31.91,24.52,70.76,1.26
2018-07-30,0.0,29.27,33.0,24.37,67.61,1.64
2018-07-31,0.27,29.77,34.6,24.85,65.68,1.78
2018-08-01,1.07,30.22,34.88,25.76,61.7,1.69
2018-08-02,0.62,30.45,35.41,25.55,61.25,1.92
2018-08-03,0.0,30.67,36.01,25.22,60.45,2.19
2018-08-04,0.02,31.28,36.06,25.5,61.09,1.78
2018-08-05,0.1,32.52,37.09,27.86,57.06,1.55
2018-08-06,7.06,30.93,35.38,26.92,65.71,1.49
2018-08-07,52.28,28.17,32.13,24.9,78.92,2.16
2018-08-08,6.4,27.55,31.63,24.11,80.96,1.98
2018-08-09,0.44,28.85,32.57,24.43,76.12,1.77
2018-08-10,0.4,29.8,33.04,25.72,70.87,1.42
2018-08-11,0.76,30.24,34.08,26.05,70.51,1.64
2018-08-12,0.68,31.37,35.03,28.26,64.9,1.39
2018-08-13,30.43,29.19,33.03,25.16,72.65,2.25
2018-08-14,19.63,28.43,31.96,25.31,78.31,1.82
2018-08-15,0.52,28.77,32.13,25.21,74.99,1.54
2018-08-16,0.48,29.02,32.05,25.47,74.92,1.32
2018-08-17,14.04,29.66,33.47,25.11,72.11,1.25
2018-08-18,14.98,28.65,32.21,24.97,75.74,1.79
2018-08-19,0.0,28.99,32.59,25.08,74.39,2.25
2018-08-20,0.41,29.6,33.28,25.29,74.1,1.85
2018-08-21,5.07,29.17,32.89,25.95,75.91,1.83
2018-08-22,11.72,29.62,33.33,25.47,74.52,1.72
2018-08-23,16.85,30.16,33.48,26.74,72.97,1.85
2018-08-24,23.5,29.02,32.89,25.47,75.59,1.88
2018-08-25,9.0,29.32,33.32,25.07,70.66,1.91
2018-08-26,9.84,28.23,32.08,24.75,72.82,1.4
2018-08-27,0.0,27.8,32.24,23.63,73.45,2.82
2018-08-28,0.0,28.68,32.89,24.3,67.47,1.93
2018-08-29,0.06,28.87,32.98,24.28,68.13,1.99
2018-08-30,0.19,28.95,33.44,24.26,69.95,1.79
2018-08-31,0.12,29.4,34.09,24.6,68.03,1.67
2018-09-01,0.59,29.21,33.31,25.62,67.95,1.62
2018-09-02,7.77,28.3,32.26,24.18,70.71,1.63
2018-09-03,2.35,27.57,31.7,23.14,72.53,1.51
2018-09-04,0.0,27.88,32.19,23.24,71.72,1.48
2018-09-05,0.0,29.09,33.2,24.85,63.52,1.49
2018-09-06,0.05,29.77,34.89,23.87,57.93,1.61
2018-09-07,0.16,28.73,34.13,23.64,65.25,2.0
2018-09-08,0.03,28.44,33.73,23.66,64.8,1.79
2018-09-09,0.31,28.42,33.65,23.76,66.19,1.65
2018-09-10,2.83,28.21,32.47,24.22,69.93,1.71
2018-09-11,4.15,28.2,33.02,24.77,71.45,1.49
2018-09-12,0.09,28.22,33.7,23.43,65.17,2.0
2018-09-13,7.66,27.59,33.81,22.7,63.5,2.36
2018-09-14,5.13,26.23,31.25,22.56,66.91,3.76
2018-09-15,5.03,23.86,27.28,21.38,76.49,2.3
2018-09-16,0.05,25.09,29.76,20.42,64.81,2.03
2018-09-17,0.0,25.55,31.68,19.46,56.12,2.33
2018-09-18,0.0,25.45,32.09,19.79,55.77,2.08
2018-09-19,0.0,26.84,33.14,20.19,51.49,1.69
2018-09-20,0.0,27.09,34.06,20.64,53.07,2.21
2018-09-21,0.0,27.17,33.98,20.75,56.8,2.0
2018-09-22,0.6,26.76,33.1,22.05,62.49,2.07
2018-09-23,0.27,24.65,30.72,20.59,74.04,2.07
2018-09-24,0.04,25.5,31.49,19.63,70.54,2.04
2018-09-25,0.0,26.04,31.76,20.59,68.0,2.11
2018-09-26,0.0,27.58,33.32,22.18,53.52,1.55
2018-09-27,0.01,26.89,34.44,21.16,54.4,2.17
2018-09-28,2.28,26.81,33.38,20.91,53.64,2.03
2018-09-29,1.19,26.26,32.59,20.38,53.74,1.47
2018-09-30,0.08,26.23,32.91,21.04,52.35,2.14
2018-10-01,0.04,26.59,33.66,21.18,50.45,2.09
2018-10-02,0.69,26.9,33.51,21.23,50.9,1.81
2018-10-03,5.56,25.73,32.69,19.65,58.25,1.93
2018-10-04,1.0,24.55,30.74,19.7,56.75,1.83
2018-10-05,0.05,23.23,30.88,17.62,52.94,3.08
2018-10-06,0.06,23.93,32.22,17.26,47.34,2.75
2018-10-07,0.0,24.03,32.01,17.55,44.41,2.49
2018-10-08,0.3,24.51,31.79,17.28,44.67,2.02
2018-10-09,20.42,22.84,29.2,17.41,55.93,2.44
2018-10-10,0.02,22.76,30.05,16.46,43.51,1.82
2018-10-11,0.01,22.76,28.76,17.82,51.87,1.74
2018-10-12,0.0,21.8,29.27,16.94,53.8,2.41
2018-10-13,0.0,21.4,29.06,15.99,47.53,2.57
2018-10-14,0.0,21.89,29.04,17.07,45.27,2.37
2018-10-15,0.06,21.57,29.46,14.78,47.0,2.28
2018-10-16,7.74,20.48,28.11,15.33,60.16,3.6
2018-10-17,0.01,20.62,28.38,14.96,56.83,2.62
2018-10-18,0.0,21.22,28.63,16.21,45.52,2.35
2018-10-19,0.0,20.96,29.26,14.18,43.03,2.61
2018-10-20,0.0,21.37,29.03,15.12,40.94,2.46
2018-10-21,0.0,21.63,29.01,15.0,40.42,2.24
2018-10-22,0.0,21.4,29.18,15.63,38.34,2.46
2018-10-23,0.0,20.44,28.34,13.4,39.35,2.22
2018-10-24,0.0,20.29,28.17,13.43,40.31,2.33
2018-10-25,0.0,20.58,28.39,13.22,40.59,2.39
2018-10-26,0.0,20.85,29.03,13.73,44.95,2.5
2018-10-27,0.0,21.27,29.23,14.97,45.71,2.38
2018-10-28,0.0,21.25,29.39,14.58,46.57,2.25
2018-10-29,0.0,22.62,30.3,16.5,44.49,2.0
2018-10-30,0.0,21.95,29.42,17.4,50.22,2.23
2018-10-31,0.02,21.41,28.03,16.92,56.51,1.97
2018-11-01,2.46,20.4,26.1,16.25,59.18,2.85
2018-11-02,11.5,18.43,23.71,14.74,67.46,2.79
2018-11-03,1.69,15.67,22.22,11.39,59.27,3.4
2018-11-04,0.08,16.28,24.23,9.46,46.1,2.25
2018-11-05,0.0,15.77,24.25,11.02,46.19,3.12
2018-11-06,0.0,15.27,25.44,7.69,40.03,3.62
2018-11-07,0.0,16.04,25.64,7.6,34.56,2.69
2018-11-08,0.0,17.01,24.82,9.95,35.55,2.21
2018-11-09,0.0,17.67,24.77,13.57,39.76,2.1
2018-11-10,0.0,17.55,24.44,11.5,40.77,2.21
2018-11-11,0.0,17.85,24.56,13.51,45.07,1.9
2018-11-12,0.28,18.35,24.95,13.19,51.72,2.11
2018-11-13,4.12,17.46,24.86,12.1,57.29,2.74
2018-11-14,5.69,16.05,21.66,11.38,60.5,2.65
2018-11-15,0.0,15.12,23.13,10.33,59.16,2.78
2018-11-16,0.0,15.32,24.03,9.38,46.88,3.67
2018-11-17,0.0,16.72,25.14,11.7,40.14,2.48
2018-11-18,0.0,17.42,25.21,10.86,37.92,2.33
2018-11-19,0.6,16.98,25.53,11.25,49.32,2.62
2018-11-20,0.03,17.04,25.35,11.96,50.14,3.11
2018-11-21,0.0,16.87,25.81,11.8,46.25,3.1
2018-11-22,0.0,15.11,20.15,10.57,51.09,2.37
2018-11-23,0.0,14.6,23.8,9.35,52.61,3.55
2018-11-24,0.0,16.1,26.06,9.85,42.12,3.2
2018-11-25,0.0,18.75,27.14,13.7,37.26,2.12
2018-11-26,0.0,18.48,27.02,13.45,39.77,2.48
2018-11-27,0.0,17.26,24.87,11.29,45.93,2.7
2018-11-28,0.0,17.16,24.31,12.14,48.43,2.5
2018-11-29,0.0,15.67,24.29,11.64,52.44,3.13
2018-11-30,0.0,16.0,24.74,10.86,40.42,2.87
2018-12-01,0.0,16.6,24.38,11.24,33.28,2.19
2018-12-02,0.0,15.08,23.38,9.12,38.57,2.28
2018-12-03,0.0,14.21,21.94,9.81,43.13,2.24
2018-12-04,0.0,14.89,22.45,10.82,41.46,1.77
2018-12-05,0.0,14.38,21.15,9.3,45.01,1.98
2018-12-06,0.0,13.04,21.06,8.46,52.32,2.81
2018-12-07,0.0,13.11,20.75,8.29,46.12,1.98
2018-12-08,0.0,14.37,20.68,9.87,39.37,1.38
2018-12-09,5.15,15.06,21.12,10.39,43.59,1.75
2018-12-10,17.86,11.21,16.53,6.87,77.75,4.17
2018-12-11,2.2,11.73,16.38,8.73,71.39,1.64
2018-12-12,0.64,10.98,16.48,7.2,66.68,1.72
2018-12-13,0.02,9.65,16.3,5.96,68.71,2.94
2018-12-14,0.0,9.69,17.95,5.47,53.55,3.05
2018-12-15,0.0,10.05,19.21,4.89,42.63,2.9
2018-12-16,0.0,10.64,20.61,3.33,37.35,2.65
2018-12-17,0.0,11.45,20.71,5.01,36.45,2.72
2018-12-18,0.0,12.71,21.29,7.15,34.09,2.59
2018-12-19,0.0,13.34,20.18,7.69,33.71,1.92
2018-12-20,0.0,12.18,20.36,6.73,36.58,2.25
2018-12-21,0.0,11.52,20.77,6.16,40.23,2.7
2018-12-22,0.0,11.88,20.49,5.49,35.83,2.13
2018-12-23,0.0,9.63,17.31,4.79,45.37,2.72
2018-12-24,0.0,9.89,17.81,5.54,44.72,2.4
2018-12-25,0.0,10.52,18.38,6.58,39.81,2.21
2018-12-26,0.0,9.08,15.69,3.64,41.42,1.85
2018-12-27,0.0,8.54,17.45,3.78,44.8,3.09
2018-12-28,0.0,9.38,19.71,2.87,37.07,3.04
2018-12-29,0.0,11.3,19.4,5.53,31.28,2.14
2018-12-30,0.0,11.07,18.19,6.2,38.74,1.89
2018-12-31,0.0,11.45,19.07,7.33,37.6,2.03
2019-01-01,4.22,10.78,14.84,7.97,49.79,1.81
2019-01-02,16.56,9.85,15.47,5.77,75.88,2.19
2019-01-03,0.0,8.87,18.04,3.33,60.95,3.22
2019-01-04,6.09,7.91,12.28,4.78,61.39,4.05
2019-01-05,3.9,9.06,14.56,5.47,76.82,3.72
2019-01-06,0.0,8.68,16.39,4.39,64.19,2.98
2019-01-07,0.0,8.28,15.58,2.69,53.68,2.4
2019-01-08,0.01,9.59,15.66,5.79,56.48,2.23
2019-01-09,0.0,9.56,18.26,4.36,58.2,3.44
2019-01-10,0.64,9.46,15.09,6.1,53.19,3.04
2019-01-11,2.48,8.03,12.06,4.61,78.51,2.82
2019-01-12,6.83,9.56,15.37,6.16,75.04,2.56
2019-01-13,0.27,7.72,13.93,2.83,69.22,2.28
2019-01-14,0.0,6.92,17.91,-0.24,43.57,3.96
2019-01-15,0.0,10.21,20.89,2.63,39.28,2.45
2019-01-16,0.01,12.78,19.97,8.71,39.27,1.8
2019-01-17,0.09,10.3,19.73,3.63,47.82,3.25
2019-01-18,0.07,9.71,15.79,4.21,46.45,2.06
2019-01-19,0.41,11.12,18.04,6.59,64.3,1.99
2019-01-20,8.26,10.3,15.43,7.04,79.89,2.6
2019-01-21,29.03,9.11,10.82,7.93,90.76,2.08
2019-01-22,8.36,8.43,11.64,6.93,89.33,4.26
2019-01-23,0.2,8.88,13.94,5.43,75.31,1.66
2019-01-24,0.03,8.1,13.78,3.76,70.92,2.15
2019-01-25,0.17,8.51,14.16,4.7,57.77,1.94
2019-01-26,0.0,7.22,14.52,2.2,60.47,2.41
2019-01-27,0.0,6.89,16.06,0.89,51.63,2.89
2019-01-28,0.0,6.86,17.0,0.11,45.78,3.66
2019-01-29,0.0,9.24,17.99,1.01,42.15,2.99
2019-01-30,4.71,9.55,15.1,6.42,68.49,1.93
2019-01-31,17.53,7.57,9.64,6.24,92.98,2.46
2019-02-01,0.19,9.48,16.17,4.2,71.25,2.23
2019-02-02,0.0,10.22,18.77,4.89,59.17,2.47
2019-02-03,0.0,11.13,20.22,4.78,55.46,2.62
2019-02-04,0.0,11.4,17.26,6.73,54.78,2.17
2019-02-05,0.75,13.35,19.08,9.5,55.08,2.27
2019-02-06,10.08,10.53,15.55,6.12,76.3,2.99
2019-02-07,7.53,9.22,13.78,5.75,81.47,2.97
2019-02-08,10.42,7.54,11.76,3.39,83.01,3.13
2019-02-09,0.0,9.11,18.54,1.12,54.46,2.92
2019-02-10,0.0,12.37,18.78,7.74,45.12,1.75
2019-02-11,0.0,12.99,19.88,7.64,49.74,1.68
2019-02-12,1.4,12.8,17.8,9.05,65.92,2.26
2019-02-13,0.12,14.3,20.46,9.95,70.5,3.4
2019-02-14,5.19,11.61,14.29,7.9,77.93,1.78
2019-02-15,0.01,10.57,17.26,6.02,74.74,2.42
2019-02-16,0.0,11.04,18.8,5.24,59.96,2.56
2019-02-17,0.8,10.88,17.65,6.75,60.53,2.04
2019-02-18,6.89,10.03,16.55,5.83,73.99,3.91
2019-02-19,0.68,10.13,16.29,4.98,68.83,2.58
2019-02-20,22.09,11.42,17.53,7.09,76.93,3.08
2019-02-21,23.24,11.75,15.65,8.46,85.47,3.16
2019-02-22,0.55,10.95,17.88,6.12,74.68,2.45
2019-02-23,0.0,11.17,18.7,4.7,59.28,2.48
2019-02-24,0.01,12.71,18.46,8.15,50.99,1.71
2019-02-25,0.55,11.22,17.82,6.13,61.88,2.47
2019-02-26,7.68,9.62,14.57,5.32,75.69,2.93
2019-02-27,0.0,9.06,14.92,4.27,67.37,2.87
2019-02-28,0.0,10.0,17.45,4.12,63.6,2.37
2019-03-01,0.41,9.97,15.17,5.99,72.33,2.3
2019-03-02,14.32,9.51,12.49,8.05,88.5,4.82
2019-03-03,3.27,10.95,15.28,7.14,82.71,2.4
2019-03-04,0.41,12.11,17.39,7.42,74.45,1.68
2019-03-05,0.56,13.89,20.11,8.36,63.83,1.9
2019-03-06,0.06,14.31,20.35,9.13,56.73,2.4
2019-03-07,3.82,13.33,18.93,8.65,62.89,2.03
2019-03-08,0.0,13.71,21.12,8.34,61.64,2.64
2019-03-09,0.0,14.85,21.29,10.06,57.58,2.49
2019-03-10,0.0,15.26,22.56,9.53,57.33,2.44
2019-03-11,13.89,11.13,13.66,9.08,83.04,3.63
2019-03-12,1.34,13.23,19.81,8.51,72.32,2.08
2019-03-13,0.08,14.07,19.6,9.31,66.36,3.39
2019-03-14,0.28,12.1,16.42,9.19,77.21,2.09
2019-03-15,0.01,14.46,20.99,8.48,64.13,1.84
2019-03-16,0.0,15.89,22.88,9.74,61.4,2.32
2019-03-17,0.0,18.54,24.69,12.5,53.12,1.59
2019-03-18,0.0,18.02,25.02,10.26,55.99,2.07
2019-03-19,6.78,14.71,17.85,11.97,75.51,3.37
2019-03-20,9.34,14.4,18.66,10.89,78.95,2.17
2019-03-21,0.02,16.14,23.29,9.64,63.81,2.49
2019-03-22,0.02,16.99,23.69,10.57,56.92,2.85
2019-03-23,0.03,17.75,22.81,14.39,60.54,1.76
2019-03-24,0.0,18.02,24.06,11.71,64.77,2.15
2019-03-25,0.0,18.42,25.98,11.42,57.58,3.23
2019-03-26,0.0,19.61,27.16,11.96,48.46,3.02
2019-03-27,0.0,21.57,29.83,15.28,50.19,2.15
2019-03-28,0.0,22.98,30.21,16.16,55.6,2.75
2019-03-29,0.39,22.02,29.01,17.5,61.78,2.7
2019-03-30,8.08,21.2,28.37,13.78,55.2,3.69
2019-03-31,0.0,19.13,27.54,11.38,49.54,3.91
2019-04-01,0.0,21.57,30.34,14.11,40.28,2.68
2019-04-02,0.0,23.72,31.18,16.05,38.19,2.26
2019-04-03,0.0,24.79,32.76,16.59,48.02,2.83
2019-04-04,0.0,27.4,33.79,20.15,43.44,2.79
2019-04-05,0.0,26.36,33.64,18.79,53.18,2.37
2019-04-06,0.0,26.0,32.89,19.98,52.62,2.42
2019-04-07,0.0,25.94,33.33,19.0,50.67,2.46
2019-04-08,0.03,25.06,31.48,20.0,47.7,3.79
2019-04-09,7.29,25.78,33.96,17.75,51.17,2.67
2019-04-10,0.48,25.21,31.85,18.4,51.45,2.69
2019-04-11,0.11,24.37,32.25,19.03,55.01,3.29
2019-04-12,4.03,23.78,29.8,18.17,62.9,2.51
2019-04-13,11.06,22.2,27.42,17.92,70.03,2.23
2019-04-14,0.51,23.05,28.68,18.59,59.7,2.36
2019-04-15,0.17,23.76,29.85,18.06,58.3,2.27
2019-04-16,15.69,19.25,23.15,16.28,82.22,3.17
2019-04-17,10.09,17.46,20.02,15.03,80.58,2.94
2019-04-18,0.01,20.2,26.19,13.76,56.62,1.48
2019-04-19,0.0,21.84,28.64,14.01,54.79,1.81
2019-04-20,0.0,23.93,30.56,16.8,55.82,2.22
2019-04-21,0.0,25.32,31.96,18.05,54.07,2.67
2019-04-22,0.0,26.16,33.73,18.78,53.88,3.05
2019-04-23,0.02,28.3,36.54,19.8,46.73,2.35
2019-04-24,7.19,25.03,31.74,20.62,59.67,3.3
2019-04-25,0.91,26.48,34.03,19.25,50.09,2.66
2019-04-26,2.76,27.77,34.2,20.59,47.03,1.89
2019-04-27,0.0,27.64,34.16,21.6,39.12,1.96
2019-04-28,0.0,27.96,35.43,21.28,34.69,2.04
2019-04-29,0.0,26.49,34.64,18.89,39.04,2.6
2019-04-30,3.59,23.99,30.9,18.11,48.3,4.14
2019-05-01,0.0,25.41,33.62,16.9,41.58,3.32
2019-05-02,0.88,24.35,32.8,17.13,42.33,3.87
2019-05-03,0.21,24.6,32.86,16.79,44.96,3.07
2019-05-04,0.46,25.37,34.49,16.66,39.49,2.93
2019-05-05,0.0,26.78,36.21,18.06,33.74,3.28
2019-05-06,0.0,27.15,36.55,17.06,31.72,3.02
2019-05-07,0.0,28.36,37.28,19.68,32.81,2.79
2019-05-08,0.0,28.77,38.27,19.77,35.06,3.29
2019-05-09,0.0,29.31,38.15,20.27,35.53,3.16
2019-05-10,0.54,27.92,34.41,21.87,39.07,3.58
2019-05-11,2.77,28.45,35.92,21.29,42.54,2.96
2019-05-12,0.12,28.39,35.57,21.23,42.37,2.25
2019-05-13,0.08,29.62,36.12,22.97,41.27,2.13
2019-05-14,2.82,28.11,34.55,21.48,48.1,2.44
2019-05-15,0.56,29.05,36.44,22.11,44.73,2.33
2019-05-16,0.74,25.15,28.21,22.22,61.51,1.53
2019-05-17,5.31,24.06,28.08,21.01,65.38,1.63
2019-05-18,0.97,26.05,33.15,19.2,51.69,2.5
2019-05-19,3.06,27.75,35.64,20.73,44.69,2.9
2019-05-20,0.47,28.57,36.25,20.7,40.77,2.76
2019-05-21,0.0,30.04,38.01,20.97,32.71,2.27
2019-05-22,1.43,31.29,38.84,24.64,30.43,2.07
2019-05-23,1.41,27.91,35.97,23.11,50.29,2.86
2019-05-24,22.24,25.03,28.79,21.4,60.03,2.01
2019-05-25,0.0,27.13,33.41,19.63,47.64,1.7
2019-05-26,0.0,29.24,36.62,21.91,34.75,2.97
2019-05-27,0.05,28.59,37.01,19.8,31.93,3.26
2019-05-28,0.0,30.06,39.03,20.33,30.18,3.22
2019-05-29,0.0,31.59,41.04,22.05,30.31,3.3
2019-05-30,0.0,33.56,41.98,24.05,27.24,3.01
2019-05-31,0.0,34.53,43.39,24.58,25.3,2.65
2019-06-01,0.03,35.79,43.88,27.95,23.22,2.9
2019-06-02,0.0,36.24,44.11,26.15,21.8,2.39
2019-06-03,0.35,36.41,44.82,28.58,16.86,3.71
2019-06-04,3.47,33.59,41.25,23.82,23.05,2.63
2019-06-05,0.78,33.12,41.2,25.05,24.9,3.51
2019-06-06,0.3,32.91,40.14,25.48,26.35,2.29
2019-06-07,2.56,33.11,40.48,24.5,28.51,2.26
2019-06-08,0.02,35.19,42.22,28.3,22.35,2.13
2019-06-09,0.01,34.83,43.54,25.81,21.83,3.05
2019-06-10,0.26,36.05,44.89,26.02,16.81,2.83
2019-06-11,12.51,34.51,42.93,27.19,26.36,5.33
2019-06-12,4.89,29.51,36.64,23.09,36.84,5.11
2019-06-13,0.0,30.38,39.56,20.22,29.71,2.8
2019-06-14,0.0,33.27,41.6,23.88,22.64,2.2
2019-06-15,0.05,34.5,42.28,24.92,24.51,2.13
2019-06-16,0.06,34.33,40.88,27.64,22.06,3.43
2019-06-17,0.0,34.97,42.09,26.6,19.21,2.26
2019-06-18,0.15,32.53,38.12,26.35,30.06,2.99
2019-06-19,4.07,33.22,38.72,26.8,35.83,1.27
2019-06-20,7.59,32.49,38.96,24.76,40.8,1.76
2019-06-21,1.35,30.64,37.41,23.43,50.48,1.83
2019-06-22,0.03,33.2,39.65,26.0,38.74,1.7
2019-06-23,3.71,33.29,38.51,28.21,36.73,2.4
2019-06-24,2.82,30.33,34.24,26.18,49.59,2.97
2019-06-25,0.1,32.32,39.57,25.46,43.44,2.86
2019-06-26,0.08,33.98,41.38,25.62,33.11,2.29
2019-06-27,0.07,35.55,42.3,28.77,30.06,2.02
2019-06-28,0.04,35.63,42.75,28.52,25.47,2.11
2019-06-29,0.0,36.42,44.11,27.33,21.36,2.45
2019-06-30,4.96,35.95,42.05,30.48,32.26,1.55
2019-07-01,0.06,36.33,43.49,29.31,28.1,2.12
2019-07-02,0.46,36.87,43.56,29.57,26.28,1.58
2019-07-03,0.0,37.56,44.61,30.17,26.17,1.79
2019-07-04,0.51,37.99,45.49,29.84,23.93,2.46
2019-07-05,6.8,34.22,40.39,27.96,41.46,3.0
2019-07-06,0.63,34.77,41.21,27.64,40.84,2.24
2019-07-07,0.54,35.52,41.94,29.71,38.49,2.0
2019-07-08,21.27,34.94,41.02,29.25,42.82,1.8
2019-07-09,19.14,33.16,38.29,28.72,55.6,2.16
2019-07-10,0.96,33.5,39.59,27.08,54.08,2.05
2019-07-11,21.4,33.24,39.4,27.9,57.13,2.11
2019-07-12,6.31,33.13,38.62,28.43,56.25,1.5
2019-07-13,7.3,32.58,37.48,28.18,58.16,1.79
2019-07-14,6.09,30.42,35.79,26.91,66.32,2.62
2019-07-15,6.02,30.22,35.72,25.3,65.05,2.86
2019-07-16,2.58,30.11,35.41,25.03,64.92,2.8
2019-07-17,7.73,28.14,33.44,23.66,74.46,3.29
2019-07-18,16.11,28.66,32.69,24.49,75.37,2.28
2019-07-19,2.97,29.62,34.01,26.03,69.6,2.15
2019-07-20,2.8,30.71,35.79,25.14,63.76,1.25
2019-07-21,1.28,30.43,35.1,25.3,66.75,2.29
2019-07-22,7.73,30.69,34.44,26.27,65.75,1.48
2019-07-23,0.96,32.04,37.0,26.96,61.47,1.78
2019-07-24,17.2,32.95,37.5,27.14,58.43,1.24
2019-07-25,17.42,30.05,33.78,25.9,72.82,3.28
2019-07-26,8.46,27.96,31.89,25.19,80.14,3.2
2019-07-27,29.34,26.72,30.19,24.89,86.21,4.17
2019-07-28,11.13,26.65,29.59,24.54,85.04,3.46
2019-07-29,0.9,27.1,30.48,24.5,81.89,2.69
2019-07-30,0.46,28.74,32.44,24.6,77.09,1.78
2019-07-31,6.61,29.35,32.88,25.98,75.63,2.21
2019-08-01,6.24,28.81,33.18,24.98,79.48,2.31
2019-08-02,4.19,28.12,31.74,25.1,82.51,2.17
2019-08-03,3.58,29.07,33.17,24.85,76.13,1.43
2019-08-04,0.35,29.51,34.46,24.83,74.28,1.68
2019-08-05,4.47,30.23,34.87,25.56,72.34,1.99
2019-08-06,6.96,29.72,33.97,25.44,74.36,2.58
2019-08-07,28.73,28.48,32.18,25.6,81.89,2.93
2019-08-08,0.26,28.66,33.03,24.38,76.49,2.11
2019-08-09,8.25,28.29,31.06,25.46,79.7,2.89
2019-08-10,6.72,28.75,32.02,25.25,76.41,0.94
2019-08-11,3.66,28.61,32.49,25.2,79.45,1.67
2019-08-12,1.0,29.78,33.98,25.27,74.24,1.79
2019-08-13,0.91,30.37,34.41,26.1,72.59,2.13
2019-08-14,12.31,29.09,33.21,25.59,77.44,3.12
2019-08-15,0.12,29.55,33.71,25.35,74.55,1.73
2019-08-16,0.87,29.27,33.36,25.63,75.12,2.94
2019-08-17,16.27,28.06,32.13,24.33,79.24,2.13
2019-08-18,0.59,27.78,32.36,23.07,76.8,1.93
2019-08-19,6.5,27.84,32.11,23.49,73.01,1.58
2019-08-20,0.15,27.44,31.75,23.05,67.54,1.54
2019-08-21,0.0,28.38,34.18,22.14,61.19,1.61
2019-08-22,0.0,28.95,34.79,22.49,59.4,1.47
2019-08-23,0.0,29.34,34.75,23.51,63.59,1.69
2019-08-24,0.11,30.24,36.19,24.03,63.05,1.68
2019-08-25,2.65,29.77,34.72,24.73,65.95,1.66
2019-08-26,12.61,27.85,32.69,24.71,76.98,2.15
2019-08-27,0.0,29.54,35.61,23.87,68.57,1.72
2019-08-28,0.01,30.7,35.67,25.55,65.03,1.85
2019-08-29,0.11,31.14,36.3,25.12,62.1,1.61
2019-08-30,1.77,30.14,35.44,25.89,66.44,2.04
2019-08-31,0.12,30.53,35.89,24.86,60.16,1.79
2019-09-01,0.54,31.31,36.88,25.02,57.58,1.58
2019-09-02,0.46,30.26,36.05,25.39,62.99,1.91
2019-09-03,0.0,31.04,36.97,24.6,57.62,1.58
2019-09-04,0.01,31.42,37.05,25.38,59.45,1.53
2019-09-05,27.03,30.45,34.89,26.3,65.01,2.12
2019-09-06,3.38,30.13,34.23,25.05,65.39,1.7
2019-09-07,6.81,29.92,34.33,25.25,63.98,1.76
2019-09-08,0.23,29.44,35.29,23.47,61.12,2.17
2019-09-09,0.0,30.2,36.74,23.57,55.61,2.1
2019-09-10,0.0,30.06,36.76,23.72,54.44,2.3
2019-09-11,0.0,30.71,37.26,24.65,55.7,2.38
2019-09-12,0.0,31.26,37.78,24.9,53.68,2.08
2019-09-13,0.29,30.27,36.12,23.9,57.31,1.88
2019-09-14,0.05,31.15,36.98,25.21,49.99,1.62
2019-09-15,1.26,30.34,35.81,25.11,54.18,1.71
2019-09-16,20.55,29.12,33.94,24.5,61.6,1.87
2019-09-17,0.54,28.45,33.8,22.41,57.57,1.46
2019-09-18,0.0,28.37,34.75,22.11,57.83,1.75
2019-09-19,1.76,26.8,32.01,22.21,69.82,2.75
2019-09-20,4.2,25.42,29.93,22.99,78.35,2.59
2019-09-21,0.0,26.88,32.48,21.45,61.85,1.72
2019-09-22,0.01,27.55,34.17,21.17,58.96,1.72
2019-09-23,0.01,27.77,33.38,21.89,61.9,1.89
2019-09-24,0.04,27.42,32.81,22.65,67.42,1.69
2019-09-25,0.36,27.48,32.36,23.51,68.79,1.99
2019-09-26,10.28,27.36,31.92,23.36,68.63,1.85
2019-09-27,43.39,26.52,29.92,23.29,73.1,1.44
2019-09-28,5.4,25.76,29.79,22.34,76.31,1.76
2019-09-29,3.42,23.2,26.49,21.0,87.52,2.83
2019-09-30,3.3,23.81,28.08,19.48,77.87,1.01
2019-10-01,14.98,23.23,26.99,19.73,78.98,1.27
2019-10-02,0.03,23.67,29.07,19.22,67.27,1.34
2019-10-03,2.34,21.5,25.17,18.85,74.85,2.02
2019-10-04,1.06,20.36,24.0,16.66,77.18,2.02
2019-10-05,0.0,21.07,26.74,16.05,62.26,1.65
2019-10-06,0.11,20.84,26.34,17.22,67.39,2.05
2019-10-07,0.12,20.93,27.36,16.52,64.46,2.36
2019-10-08,0.0,22.78,29.6,16.03,56.96,2.24
2019-10-09,0.01,23.52,29.94,17.74,56.09,1.75
2019-10-10,0.0,22.71,29.0,17.98,56.83,1.94
2019-10-11,0.0,23.1,29.7,17.61,52.7,1.93
2019-10-12,0.0,23.18,29.84,17.29,57.91,1.95
2019-10-13,0.0,23.12,29.89,17.28,59.05,2.13
2019-10-14,0.0,24.28,30.58,18.74,54.76,2.04
2019-10-15,0.0,23.68,30.43,17.74,60.84,1.97
2019-10-16,0.0,24.21,30.07,19.26,62.31,1.54
2019-10-17,2.19,22.52,27.5,18.52,72.09,1.85
2019-10-18,6.22,20.81,25.46,17.49,74.18,1.68
2019-10-19,0.0,20.65,25.96,16.98,60.83,1.64
2019-10-20,0.0,21.41,28.67,14.57,50.39,1.87
2019-10-21,0.0,21.33,28.58,16.09,51.48,2.0
2019-10-22,0.0,22.03,28.91,15.24,48.41,2.31
2019-10-23,0.01,22.15,29.19,16.72,50.17,1.84
2019-10-24,0.0,21.09,28.74,15.55,52.01,2.56
2019-10-25,0.0,20.58,28.7,14.95,51.32,2.43
2019-10-26,0.0,21.25,29.11,14.9,51.44,2.45
2019-10-27,0.0,22.25,29.33,16.67,50.63,2.66
2019-10-28,0.0,22.79,30.44,17.12,48.3,2.23
2019-10-29,0.0,22.88,30.37,17.57,46.9,2.03
2019-10-30,0.0,22.29,29.32,17.39,49.04,2.43
2019-10-31,0.09,21.9,29.8,15.82,52.25,2.43
2019-11-01,0.39,20.86,27.11,17.71,57.83,2.5
2019-11-02,0.14,20.57,27.89,14.75,58.56,2.49
2019-11-03,2.15,20.18,26.25,15.47,59.59,1.23
2019-11-04,0.0,19.7,26.93,14.6,61.18,2.41
2019-11-05,0.29,20.64,27.8,13.81,52.44,2.33
2019-11-06,24.71,18.44,23.67,14.79,69.53,4.09
2019-11-07,12.42,15.54,20.56,12.18,79.07,3.66
2019-11-08,0.68,15.71,22.57,11.77,65.61,1.86
2019-11-09,0.0,17.25,25.96,9.68,46.0,2.26
2019-11-10,0.0,16.87,24.97,10.05,50.84,2.65
2019-11-11,0.0,17.25,23.51,11.6,52.07,1.91
2019-11-12,0.0,17.44,23.77,12.11,48.78,1.69
2019-11-13,0.0,17.59,24.24,12.93,57.72,2.36
2019-11-14,0.11,16.79,23.3,14.28,68.29,3.13
2019-11-15,3.24,16.18,21.5,13.09,76.04,2.47
2019-11-16,3.9,16.01,21.14,12.63,72.98,2.29
2019-11-17,0.0,16.8,24.74,12.43,64.74,2.65
2019-11-18,0.0,17.24,25.16,12.68,49.94,2.77
2019-11-19,0.0,16.86,25.0,11.03,46.73,2.42
2019-11-20,0.0,16.95,22.37,13.21,46.76,1.78
2019-11-21,1.57,13.98,17.35,11.45,67.16,2.79
2019-11-22,2.85,14.58,18.73,12.02,78.92,2.41
2019-11-23,0.28,14.61,19.07,11.92,78.99,1.63
2019-11-24,0.08,15.73,20.67,11.73,68.02,1.94
2019-11-25,0.01,15.65,22.59,10.92,62.59,1.95
2019-11-26,0.04,15.3,20.85,11.01,61.09,1.95
2019-11-27,4.47,14.27,20.03,8.51,66.99,2.1
2019-11-28,1.14,13.75,19.81,9.05,63.72,1.86
2019-11-29,0.04,12.61,19.91,7.98,55.98,2.02
2019-11-30,0.0,12.6,21.25,7.26,53.86,2.26
2019-12-01,0.0,12.43,21.07,5.97,43.99,2.51
2019-12-02,0.0,12.35,21.54,5.76,42.51,3.02
2019-12-03,0.0,12.52,22.84,4.98,42.85,3.17
2019-12-04,0.0,13.25,23.13,6.18,39.3,2.43
2019-12-05,0.0,13.51,21.42,7.25,41.48,2.2
2019-12-06,0.0,13.46,21.94,9.08,42.82,2.26
2019-12-07,0.0,13.41,23.12,7.99,41.3,2.53
2019-12-08,0.0,13.03,22.39,5.37,39.96,2.41
2019-12-09,0.0,13.96,20.96,9.68,39.27,1.9
2019-12-10,0.93,13.95,20.85,9.38,43.34,1.89
2019-12-11,0.23,12.23,18.8,7.52,65.99,2.36
2019-12-12,4.09,11.84,16.4,8.67,71.6,3.08
2019-12-13,9.98,10.18,12.58,8.24,84.52,1.01
2019-12-14,2.52,10.05,14.79,6.09,82.94,2.37
2019-12-15,0.0,9.25,16.42,4.27,68.77,2.1
2019-12-16,0.0,9.47,18.22,3.41,53.87,2.36
2019-12-17,0.0,8.72,18.02,2.23,47.15,3.21
2019-12-18,0.0,9.88,16.24,4.77,43.98,1.85
2019-12-19,0.0,12.85,18.97,9.19,43.87,1.58
2019-12-20,0.1,11.07,17.09,7.45,56.55,2.01
2019-12-21,0.01,10.53,18.31,6.25,59.67,2.59
2019-12-22,0.0,10.04,18.76,5.74,51.7,2.92
2019-12-23,0.0,10.57,18.81,3.96,45.21,2.43
2019-12-24,0.0,9.38,16.66,3.57,49.82,2.5
2019-12-25,0.0,8.86,17.15,3.26,52.01,2.65
2019-12-26,0.0,8.49,18.64,1.45,45.45,2.94
2019-12-27,0.0,8.45,16.58,2.01,39.56,2.06
2019-12-28,0.0,9.43,15.62,5.78,37.8,1.46
2019-12-29,0.0,8.84,15.62,4.88,41.92,1.3
2019-12-30,0.0,8.77,16.92,3.93,47.85,2.21
2019-12-31,0.0,7.48,13.91,2.94,54.65,2.53
2020-01-01,0.0,8.69,15.67,4.22,52.16,2.52
2020-01-02,0.01,10.36,15.22,6.14,51.8,1.79
2020-01-03,0.22,9.84,15.7,6.98,58.62,1.77
2020-01-04,0.15,8.85,14.83,4.22,63.84,2.16
2020-01-05,0.35,7.02,12.73,2.87,67.22,2.77
2020-01-06,9.12,6.33,8.17,5.4,88.28,2.26
2020-01-07,3.0,7.43,10.66,5.27,85.89,1.06
2020-01-08,2.53,7.09,11.12,2.84,79.87,1.76
2020-01-09,0.0,6.77,15.9,1.27,54.61,3.09
2020-01-10,0.0,6.93,17.31,-0.44,42.58,2.85
2020-01-11,0.05,9.46,16.35,4.55,37.93,1.47
2020-01-12,1.13,9.88,16.42,5.21,62.03,2.87
2020-01-13,44.36,5.16,7.82,3.33,90.74,4.26
2020-01-14,0.25,7.55,14.04,2.34,77.57,2.3
2020-01-15,0.23,9.28,15.36,4.42,64.63,2.23
2020-01-16,0.04,10.64,18.0,4.74,62.64,2.0
2020-01-17,0.06,8.95,16.65,3.33,60.25,2.32
2020-01-18,0.0,8.96,15.51,3.75,60.67,2.34
2020-01-19,0.0,7.95,15.55,1.27,56.01,2.75
2020-01-20,0.02,10.34,15.03,5.29,54.48,1.29
2020-01-21,3.48,6.36,8.02,3.61,90.35,2.83
2020-01-22,0.01,8.14,15.74,3.64,69.01,2.49
2020-01-23,0.0,7.68,16.75,1.79,58.19,3.16
2020-01-24,0.0,9.06,17.94,1.89,47.26,3.06
2020-01-25,0.0,12.38,18.93,7.34,56.7,2.41
2020-01-26,0.0,11.08,18.1,7.07,61.51,2.2
2020-01-27,2.28,8.77,11.9,6.75,72.34,2.66
2020-01-28,15.51,8.68,12.38,6.74,84.65,3.39
2020-01-29,6.11,9.29,12.59,5.54,87.86,4.6
2020-01-30,0.0,9.24,15.84,4.41,71.78,2.12
2020-01-31,0.01,9.2,15.86,4.02,56.78,1.8
2020-02-01,0.06,9.76,16.39,5.15,58.43,2.08
2020-02-02,0.0,9.76,17.52,3.87,55.04,2.64
2020-02-03,0.0,9.96,17.77,2.94,51.17,2.43
2020-02-04,0.03,7.91,12.1,3.46,73.76,2.25
2020-02-05,0.0,8.36,16.79,2.34,64.11,2.31
2020-02-06,0.4,10.59,16.92,5.39,55.67,1.55
2020-02-07,0.04,9.55,17.71,4.65,66.6,2.81
2020-02-08,0.0,9.7,18.64,1.23,47.09,2.34
2020-02-09,0.0,12.05,19.64,5.73,43.09,1.93
2020-02-10,0.0,12.4,20.0,7.12,45.74,2.16
2020-02-11,0.74,11.92,18.1,7.74,60.81,2.37
2020-02-12,0.52,13.58,19.24,8.74,67.25,1.9
2020-02-13,0.56,15.1,21.04,10.48,72.73,2.62
2020-02-14,0.0,13.08,21.64,6.94,61.13,4.36
2020-02-15,0.0,13.89,23.92,4.22,38.92,3.13
2020-02-16,0.0,15.49,24.47,9.82,41.21,2.59
2020-02-17,0.0,14.11,23.93,6.22,42.63,3.19
2020-02-18,0.0,15.43,24.21,6.92,39.81,2.39
2020-02-19,14.91,14.53,20.97,8.92,51.7,6.19
2020-02-20,18.42,15.57,21.69,11.7,58.8,4.74
2020-02-21,0.53,14.32,21.02,7.96,64.74,2.29
2020-02-22,0.0,14.47,21.22,8.99,64.41,2.54
2020-02-23,0.0,15.62,22.3,9.61,61.72,2.24
2020-02-24,409.7,15.61,20.88,10.86,63.88,1.85
2020-02-25,2.06,15.68,21.75,10.4,68.23,2.27
2020-02-26,0.0,16.72,23.51,10.44,68.31,2.64
2020-02-27,1.31,17.28,23.03,13.42,72.01,2.62
2020-02-28,74.82,15.28,19.13,12.16,82.87,2.43
2020-02-29,43.04,15.66,20.46,12.24,79.71,3.11
2020-03-01,12.33,15.69,20.73,11.09,76.82,1.75
2020-03-02,0.0,16.48,22.7,10.7,64.78,1.78
2020-03-03,0.04,16.73,22.7,11.67,67.71,2.05
2020-03-04,2.94,14.61,18.37,11.4,86.1,3.02
2020-03-05,18.53,13.48,16.28,10.87,90.69,3.97
2020-03-06,28.04,13.13,15.91,10.81,90.99,3.67
2020-03-07,28.21,11.7,14.37,8.45,86.54,4.64
2020-03-08,32.51,13.19,17.58,9.38,86.0,4.05
2020-03-09,0.0,12.22,18.72,7.2,70.79,3.31
2020-03-10,136.82,14.46,20.81,9.26,61.48,2.09
2020-03-11,6.0,14.64,19.5,10.33,73.22,3.39
2020-03-12,36.35,13.01,16.38,9.13,80.77,4.79
2020-03-13,0.2,12.68,18.86,6.32,68.93,1.81
2020-03-14,0.03,14.06,20.5,8.58,68.96,2.14
2020-03-15,1.1,14.76,20.67,9.08,70.32,2.67
2020-03-16,0.03,15.82,21.17,10.03,72.33,2.27
2020-03-17,0.01,17.7,23.04,12.32,71.7,2.19
2020-03-18,0.12,18.35,22.92,14.54,73.09,2.36
2020-03-19,0.0,19.09,23.9,13.82,67.8,1.63
2020-03-20,2.1,17.55,21.97,14.32,79.38,1.96
2020-03-21,13.27,17.48,21.42,14.8,85.15,2.33
2020-03-22,0.23,17.48,22.59,12.73,77.92,2.62
2020-03-23,4.51,18.04,24.06,13.07,75.63,2.08
2020-03-24,26.71,17.33,20.65,14.29,90.83,3.74
2020-03-25,9.89,16.4,20.71,12.93,78.49,2.08
2020-03-26,0.02,17.74,22.5,13.53,72.7,1.97
2020-03-27,93.75,14.53,16.83,11.79,84.6,2.46
2020-03-28,11.17,16.28,20.53,10.73,80.72,3.4
2020-03-29,0.9,16.59,21.3,12.27,72.49,2.97
2020-03-30,0.08,15.89,20.49,11.68,70.15,2.31
2020-03-31,24.85,15.53,17.31,13.66,84.75,2.93
2020-04-01,6.14,17.69,21.84,12.52,78.19,1.72
2020-04-02,2.7,17.83,22.05,12.64,67.63,2.02
2020-04-03,0.0,17.07,22.59,10.45,69.87,3.35
2020-04-04,0.0,19.8,24.85,13.95,64.15,2.11
2020-04-05,1.94,17.67,20.44,15.01,81.36,2.39
2020-04-06,0.92,18.83,24.02,14.24,76.7,2.1
2020-04-07,11.53,16.85,21.38,13.63,82.78,3.31
2020-04-08,0.02,18.82,25.54,12.77,65.62,2.0
2020-04-09,4.62,18.76,24.03,14.31,73.21,2.51
2020-04-10,0.38,20.5,26.73,15.27,74.93,2.55
2020-04-11,0.0,22.21,29.01,15.16,66.39,2.54
2020-04-12,0.0,24.92,30.35,18.82,63.1,2.6
2020-04-13,0.01,25.67,30.41,20.36,64.39,2.45
2020-04-14,7.06,24.69,29.53,19.46,69.28,2.76
2020-04-15,0.57,24.24,29.24,18.98,68.63,2.45
2020-04-16,0.03,22.63,27.7,17.9,64.57,2.37
2020-04-17,22.51,18.73,22.02,15.18,75.52,2.65
2020-04-18,50.5,18.51,22.69,14.62,81.69,2.47
2020-04-19,0.57,19.81,24.92,14.53,74.15,2.14
2020-04-20,0.04,21.12,25.57,15.87,65.92,1.81
2020-04-21,5.6,20.76,24.69,16.24,68.07,1.9
2020-04-22,0.0,21.57,27.17,15.33,71.24,2.58
2020-04-23,0.0,22.42,28.0,16.31,71.23,2.73
2020-04-24,0.0,23.55,29.33,17.61,66.62,1.96
2020-04-25,3.39,24.43,28.29,19.7,65.93,1.56
2020-04-26,1.5,22.84,27.34,18.94,75.05,2.42
2020-04-27,8.09,20.25,23.01,17.63,79.99,4.08
2020-04-28,5.3,20.29,23.76,16.61,79.81,2.57
2020-04-29,0.2,23.83,28.92,17.28,73.04,2.36
2020-04-30,0.45,24.71,29.66,19.85,72.27,2.74
2020-05-01,0.31,25.16,30.69,20.62,71.48,2.77
2020-05-02,3.39,24.78,29.24,20.02,73.18,2.61
2020-05-03,11.94,23.45,27.81,17.32,70.51,2.22
2020-05-04,11.99,23.1,27.02,19.67,70.51,1.82
2020-05-05,0.84,22.9,27.45,17.86,69.5,2.91
2020-05-06,0.01,23.39,28.77,17.67,60.63,2.44
2020-05-07,0.06,22.31,28.76,15.57,67.37,2.69
2020-05-08,0.03,24.26,30.34,18.72,70.48,2.74
2020-05-09,1.35,25.25,30.51,18.82,66.16,2.91
2020-05-10,12.55,26.07,31.43,20.27,68.06,2.68
2020-05-11,15.41,22.84,27.26,19.41,78.54,2.8
2020-05-12,0.01,24.88,29.74,18.99,61.34,1.48
2020-05-13,168.2,24.62,28.58,19.7,72.3,2.29
2020-05-14,344.59,24.09,27.57,19.78,73.05,1.23
2020-05-15,0.14,22.75,27.08,18.36,74.49,2.65
2020-05-16,0.0,24.77,30.5,18.52,64.7,2.22
2020-05-17,0.0,24.2,31.07,17.74,65.95,2.91
2020-05-18,0.1,24.14,29.28,19.36,60.87,2.56
2020-05-19,0.82,22.8,29.04,17.13,63.88,2.22
2020-05-20,0.91,24.52,30.98,16.9,58.51,3.31
2020-05-21,0.0,26.86,33.25,18.87,52.62,3.24
2020-05-22,0.17,29.23,35.51,22.74,50.64,2.22
2020-05-23,3.44,28.99,35.24,22.0,59.93,2.56
2020-05-24,1.88,27.64,33.51,20.62,58.6,3.19
2020-05-25,0.0,29.4,34.83,22.67,55.89,2.74
2020-05-26,0.0,30.38,36.89,22.99,47.64,2.67
2020-05-27,0.0,31.42,37.96,25.59,46.09,2.21
2020-05-28,0.03,29.76,35.32,21.7,50.6,2.33
2020-05-29,0.75,28.09,32.25,22.28,60.51,3.45
2020-05-30,13.13,24.38,27.5,21.74,77.58,2.45
2020-05-31,2.93,23.61,26.63,20.75,78.79,2.31
2020-06-01,4.4,23.33,26.21,19.65,76.55,2.09
2020-06-02,4.23,23.82,26.89,20.48,74.32,2.04
2020-06-03,1.63,22.33,24.66,19.86,79.54,2.1
2020-06-04,1.8,25.15,29.57,18.66,66.59,2.03
2020-06-05,0.06,26.74,30.65,22.05,64.11,1.7
2020-06-06,1.58,25.25,29.02,21.84,76.08,3.31
2020-06-07,2.04,25.92,29.84,21.46,74.38,2.06
2020-06-08,1.01,27.22,31.77,21.81,72.2,2.08
2020-06-09,4.72,27.79,31.66,23.13,71.38,2.73
2020-06-10,1.56,28.53,33.08,24.5,69.99,2.47
2020-06-11,1.66,29.23,33.59,23.69,63.32,2.0
2020-06-12,165.06,29.0,33.53,24.95,68.2,2.41
2020-06-13,294.49,28.22,32.73,23.8,70.02,2.26
2020-06-14,0.01,27.92,33.05,22.52,63.69,2.17
2020-06-15,0.0,29.36,35.85,22.22,58.67,2.27
2020-06-16,0.0,29.78,35.32,23.36,52.83,2.21
2020-06-17,0.0,29.96,36.05,22.25,53.14,2.22
2020-06-18,0.0,30.65,36.69,23.42,55.16,2.28
2020-06-19,0.52,30.01,36.37,23.54,58.79,2.23
2020-06-20,450.57,29.34,33.73,24.85,62.44,2.21
2020-06-21,0.04,30.16,35.07,24.65,65.11,2.23
2020-06-22,0.05,30.09,34.56,24.06,66.64,1.87
2020-06-23,0.51,29.73,33.43,25.14,72.85,2.31
2020-06-24,20.08,28.41,32.0,25.61,78.76,2.75
2020-06-25,0.31,27.97,31.96,24.4,78.2,2.06
2020-06-26,16.43,28.46,32.74,23.14,74.63,1.88
2020-06-27,2.62,29.43,33.41,24.51,70.69,2.01
2020-06-28,16.94,29.55,33.72,24.09,63.79,2.02
2020-06-29,0.85,28.35,33.58,23.5,61.97,2.51
2020-06-30,0.0,29.4,33.9,23.44,65.97,2.09
2020-07-01,0.0,29.76,33.77,25.67,72.17,1.85
2020-07-02,0.0,30.9,35.54,25.03,65.56,2.28
2020-07-03,0.03,32.03,36.52,26.94,59.85,2.13
2020-07-04,1.25,31.0,36.5,25.64,61.74,2.97
2020-07-05,6.05,27.25,31.16,23.36,72.84,2.55
2020-07-06,0.03,28.37,32.66,23.67,68.12,2.07
2020-07-07,0.01,30.45,34.37,25.14,57.6,1.33
2020-07-08,0.09,29.43,33.68,24.34,70.2,2.19
2020-07-09,4.97,29.42,32.5,26.32,72.43,1.99
2020-07-10,0.51,30.51,34.57,25.61,68.01,2.11
2020-07-11,0.31,30.83,35.21,25.58,64.54,1.78
2020-07-12,24.5,27.9,31.17,24.96,74.26,2.5
2020-07-13,0.81,27.67,31.47,23.69,75.1,1.82
2020-07-14,0.0,29.57,34.02,24.05,66.23,2.11
2020-07-15,0.62,30.85,35.99,24.98,59.35,1.57
2020-07-16,2.45,30.35,33.81,25.22,64.61,1.52
2020-07-17,9.61,29.98,33.55,26.6,68.69,1.32
2020-07-18,1.09,30.11,33.99,25.71,68.9,2.37
2020-07-19,6.04,30.18,33.99,26.48,70.08,2.01
2020-07-20,4.25,29.9,34.07,25.48,71.4,2.32
2020-07-21,57.56,26.87,30.63,24.07,84.74,4.0
2020-07-22,17.06,26.55,30.4,21.99,72.3,2.61
2020-07-23,0.0,27.69,31.97,22.01,69.83,1.79
2020-07-24,1.02,28.81,32.47,23.9,72.9,1.85
2020-07-25,9.75,29.81,33.31,25.9,72.21,1.45
2020-07-26,59.81,28.71,31.6,25.58,77.06,1.65
2020-07-27,4.63,29.61,32.78,25.38,74.13,1.57
2020-07-28,6.61,30.53,34.43,25.76,72.28,1.7
2020-07-29,13.1,30.5,34.34,26.54,72.77,2.04
2020-07-30,2.14,27.42,30.92,24.8,86.29,2.71
2020-07-31,10.37,28.43,31.92,24.52,83.6,1.98
2020-08-01,6.89,28.89,32.33,25.26,80.44,2.05
2020-08-02,2.33,29.48,33.15,25.36,77.03,1.77
2020-08-03,2.7,30.1,33.84,25.82,74.38,1.8
2020-08-04,4.69,30.56,34.6,25.5,69.05,1.85
2020-08-05,0.07,31.04,34.91,25.77,65.02,1.43
2020-08-06,0.12,30.74,34.7,26.08,70.67,1.62
2020-08-07,3.87,29.14,32.2,26.14,80.96,2.24
2020-08-08,14.84,28.84,32.29,25.51,82.29,2.07
2020-08-09,8.17,30.16,33.01,26.52,77.5,1.78
2020-08-10,13.34,29.64,32.44,26.38,78.59,1.9
2020-08-11,1.57,30.05,33.19,26.09,76.53,1.39
2020-08-12,17.11,30.65,33.55,26.84,77.19,1.6
2020-08-13,24.28,30.72,34.08,27.23,76.0,1.43
2020-08-14,2.19,29.59,33.2,26.44,81.29,1.58
2020-08-15,1.26,29.42,32.95,25.74,80.04,1.33
2020-08-16,1.48,29.77,32.92,26.62,78.43,1.64
2020-08-17,11.95,30.21,33.61,26.88,77.82,1.55
2020-08-18,10.15,29.22,33.15,25.91,82.65,1.98
2020-08-19,32.21,28.64,31.89,26.41,85.85,2.89
2020-08-20,19.31,26.9,29.59,24.51,88.08,2.29
2020-08-21,3.87,26.03,29.77,22.86,84.68,2.29
2020-08-22,0.22,28.11,32.2,22.53,71.98,1.15
2020-08-23,0.0,28.69,32.66,24.26,73.43,1.31
2020-08-24,0.23,28.03,32.34,23.79,81.92,2.22
2020-08-25,25.03,27.16,30.65,24.31,87.89,2.69
2020-08-26,55.35,26.84,29.55,24.47,87.22,1.78
2020-08-27,46.13,26.28,28.39,24.11,90.31,1.6
2020-08-28,17.59,25.66,28.77,23.09,89.34,3.18
2020-08-29,1.19,26.72,30.5,22.54,80.69,1.57
2020-08-30,0.16,27.28,31.45,22.65,73.9,1.42
2020-08-31,56.24,25.79,28.61,22.97,87.48,2.63
2020-09-01,41.22,25.98,27.9,23.99,89.79,3.54
2020-09-02,6.66,27.27,30.22,23.98,83.6,2.17
2020-09-03,12.71,26.9,29.86,24.26,84.64,2.31
2020-09-04,19.42,26.82,30.17,23.71,83.9,1.39
2020-09-05,5.96,26.74,29.94,23.22,82.98,1.59
2020-09-06,1.89,27.23,30.31,23.32,78.18,1.76
2020-09-07,6.64,26.62,29.93,23.16,80.39,1.62
2020-09-08,0.0,26.23,30.57,22.29,80.28,2.11
2020-09-09,0.0,26.77,31.14,22.22,76.18,1.8
2020-09-10,0.0,26.96,31.19,22.34,73.13,1.5
2020-09-11,0.0,27.32,31.76,21.43,69.34,1.62
2020-09-12,0.0,28.07,32.26,23.58,69.29,1.63
2020-09-13,0.0,27.75,31.97,22.72,71.62,1.65
2020-09-14,0.0,27.53,31.68,23.22,73.82,1.73
2020-09-15,0.01,27.41,31.73,23.51,75.33,2.47
2020-09-16,0.0,27.42,32.0,22.31,72.33,1.91
2020-09-17,0.0,28.24,33.45,23.61,63.52,2.04
2020-09-18,0.0,29.09,33.95,23.55,56.11,1.62
2020-09-19,0.0,28.05,33.69,23.49,55.72,1.88
2020-09-20,0.0,25.8,31.47,20.75,64.91,2.46
2020-09-21,0.0,26.27,32.07,20.38,62.41,2.01
2020-09-22,0.0,26.69,32.53,21.51,63.41,1.99
2020-09-23,0.0,26.38,31.36,21.19,63.59,2.29
2020-09-24,0.0,25.94,31.46,21.09,69.16,2.35
2020-09-25,0.01,26.58,31.04,21.67,64.87,1.69
2020-09-26,2.18,24.27,29.03,20.41,73.93,2.73
2020-09-27,0.0,24.54,29.73,19.63,62.35,1.92
2020-09-28,0.0,25.19,30.01,19.55,60.08,1.73
2020-09-29,0.0,25.57,30.56,21.13,58.58,1.58
2020-09-30,0.0,24.5,29.76,19.58,63.05,1.94
2020-10-01,0.0,24.01,29.69,19.49,62.92,2.48
2020-10-02,0.0,24.01,30.41,18.32,57.54,2.27
2020-10-03,0.0,23.56,29.84,18.53,53.64,2.54
2020-10-04,0.0,23.52,30.77,17.24,50.4,2.14
2020-10-05,0.0,23.54,30.74,17.93,50.8,2.51
2020-10-06,0.0,23.46,30.77,16.93,47.99,2.07
2020-10-07,0.0,23.04,30.01,16.73,51.78,2.24
2020-10-08,0.0,23.17,29.77,17.01,53.49,2.09
2020-10-09,0.0,24.14,30.02,18.44,51.64,1.68
2020-10-10,0.0,24.4,30.46,19.78,52.68,1.94
2020-10-11,0.0,23.8,30.86,17.15,50.5,2.03
2020-10-12,0.0,24.13,31.12,17.84,49.23,1.83
2020-10-13,0.0,22.64,29.2,17.81,56.51,2.13
2020-10-14,0.0,22.1,28.76,16.94,54.53,2.57
2020-10-15,0.0,22.59,29.66,17.73,47.32,2.14
2020-10-16,0.0,22.08,28.97,16.28,49.42,2.22
2020-10-17,0.0,23.23,29.29,17.81,45.71,1.61
2020-10-18,0.0,22.61,28.86,18.27,47.69,2.28
2020-10-19,0.0,22.27,28.74,16.22,44.48,1.77
2020-10-20,0.0,21.21,27.81,14.59,50.56,2.02
2020-10-21,0.0,20.41,26.76,14.68,56.81,2.24
2020-10-22,0.0,20.44,27.03,15.48,54.72,2.29
2020-10-23,0.0,20.74,27.14,15.21,51.92,2.08
2020-10-24,0.0,21.2,27.02,16.15,49.4,1.78
2020-10-25,7.94,18.97,25.69,13.74,60.64,2.48
2020-10-26,0.07,17.63,25.63,11.94,58.06,3.25
2020-10-27,0.0,18.81,26.14,13.16,45.39,2.23
2020-10-28,0.0,18.62,25.45,12.18,50.95,2.33
2020-10-29,0.0,18.58,25.39,12.99,54.16,2.56
2020-10-30,0.0,18.66,26.38,12.51,50.83,2.62
2020-10-31,0.0,17.95,26.12,12.09,47.9,2.58
2020-11-01,0.01,18.71,26.54,13.9,44.15,2.57
2020-11-02,0.51,20.08,27.49,14.37,43.89,1.83
2020-11-03,0.0,19.14,26.46,13.11,48.47,2.19
2020-11-04,0.0,18.23,25.97,11.6,51.16,2.46
2020-11-05,0.0,18.18,26.14,11.21,48.15,2.42
2020-11-06,0.0,17.56,25.68,11.48,49.92,2.88
2020-11-07,0.0,17.86,25.9,10.95,45.14,2.73
2020-11-08,0.0,18.41,25.68,11.76,43.34,2.07
2020-11-09,0.0,18.13,25.06,13.01,47.76,1.88
2020-11-10,0.0,18.48,24.18,14.42,50.0,1.58
2020-11-11,0.0,17.69,23.8,14.28,49.8,2.0
2020-11-12,0.0,17.37,24.87,11.5,49.16,2.24
2020-11-13,0.01,17.82,24.65,13.33,52.34,2.42
2020-11-14,2.71,16.11,19.56,13.58,65.26,2.59
2020-11-15,65.11,12.63,15.62,9.93,85.78,3.61
2020-11-16,2.84,12.59,18.1,8.28,77.01,1.84
2020-11-17,0.03,11.87,19.59,7.13,64.34,2.69
2020-11-18,0.0,13.1,19.6,8.91,53.85,1.87
2020-11-19,1.23,12.41,17.75,8.21,63.81,2.15
2020-11-20,0.08,10.66,18.07,6.33,63.09,3.65
2020-11-21,0.0,10.26,18.02,5.95,50.68,3.41
2020-11-22,0.04,12.02,17.66,7.76,48.2,1.98
2020-11-23,3.48,10.68,13.92,8.23,84.87,2.87
2020-11-24,1.3,11.27,16.98,8.25,82.25,2.32
2020-11-25,21.03,10.01,13.0,8.28,86.38,2.82
2020-11-26,0.62,9.96,16.97,5.61,80.07,3.3
2020-11-27,0.0,10.56,20.15,4.45,57.62,3.36
2020-11-28,0.0,13.38,22.39,8.12,55.11,3.19
2020-11-29,0.0,15.29,23.09,11.06,49.46,2.27
2020-11-30,0.0,14.45,21.71,8.56,56.23,2.51
2020-12-01,0.0,16.08,22.3,11.51,51.96,2.17
2020-12-02,0.15,15.1,22.47,10.74,58.63,3.03
2020-12-03,0.0,16.04,23.78,10.42,50.94,2.47
2020-12-04,0.02,16.21,22.24,12.17,52.31,1.94
2020-12-05,0.02,15.25,21.08,11.53,62.59,2.71
2020-12-06,0.0,15.52,21.89,12.16,62.83,2.08
2020-12-07,1.71,16.19,21.96,12.06,57.86,1.99
2020-12-08,15.84,12.98,17.03,10.27,81.0,2.85
2020-12-09,0.62,14.77,20.87,11.52,66.25,1.9
2020-12-10,0.02,12.47,19.38,8.25,76.22,2.09
2020-12-11,7.66,11.87,18.06,6.53,72.75,2.28
2020-12-12,13.95,9.11,13.48,4.56,85.94,2.44
2020-12-13,73.28,10.53,15.56,7.35,80.03,1.45
2020-12-14,11.06,10.03,14.99,5.86,74.0,1.42
2020-12-15,0.0,8.21,14.43,4.13,66.24,1.87
2020-12-16,0.0,7.37,13.87,2.74,61.69,2.26
2020-12-17,0.0,5.74,14.5,-0.13,59.2,3.35
2020-12-18,0.0,6.35,15.58,0.5,54.92,3.52
2020-12-19,0.0,8.13,18.07,1.11,49.94,3.12
2020-12-20,0.0,10.72,19.2,5.36,52.39,2.53
2020-12-21,0.0,12.51,20.01,7.81,64.36,2.59
2020-12-22,0.0,12.23,19.24,8.55,63.54,2.35
2020-12-23,0.0,11.59,18.61,7.89,57.16,2.05
2020-12-24,0.0,11.19,18.7,6.91,54.08,2.1
2020-12-25,0.0,10.07,17.5,4.73,56.47,2.41
2020-12-26,0.0,10.9,17.95,5.7,52.94,2.36
2020-12-27,2.63,7.89,13.31,4.75,74.3,2.68
2020-12-28,0.25,7.15,11.57,2.97,83.01,2.26
2020-12-29,0.0,7.62,14.37,3.78,73.23,3.09
2020-12-30,0.03,7.47,16.38,1.14,55.5,2.89
2020-12-31,0.0,7.83,18.08,0.79,52.5,3.34
2021-01-01,0.0,9.56,18.48,2.63,47.4,2.49
2021-01-02,0.0,10.32,18.45,5.36,49.17,2.11
2021-01-03,1.02,10.38,16.36,5.1,62.71,2.44
2021-01-04,5.97,12.8,17.46,9.23,87.64,2.7
2021-01-05,48.03,12.4,14.2,11.11,94.06,3.22
2021-01-06,4.32,11.81,15.89,8.03,83.47,2.45
2021-01-07,0.03,11.87,16.69,7.7,67.8,1.45
2021-01-08,0.21,10.81,15.74,6.95,75.43,1.54
2021-01-09,0.0,9.84,16.77,5.34,65.18,2.33
2021-01-10,0.11,10.38,17.58,6.41,58.41,2.38
2021-01-11,0.0,9.89,18.69,4.13,58.89,3.04
2021-01-12,0.0,8.8,19.17,2.1,56.05,3.49
2021-01-13,0.0,8.8,18.52,2.08,55.09,3.42
2021-01-14,0.0,10.07,19.62,2.64,55.0,2.81
2021-01-15,0.0,11.76,18.83,7.63,46.76,1.82
2021-01-16,0.0,10.66,18.87,4.18,54.82,3.0
2021-01-17,0.0,10.4,17.83,4.93,59.74,2.97
2021-01-18,0.0,10.51,16.71,7.19,60.18,1.97
2021-01-19,0.0,11.26,19.13,7.15,56.41,2.53
2021-01-20,0.0,10.94,19.71,5.95,58.26,3.68
2021-01-21,0.0,11.27,20.92,3.07,51.21,3.22
2021-01-22,0.46,11.11,16.17,7.34,59.81,3.53
2021-01-23,4.62,10.75,15.89,7.19,69.03,3.32
2021-01-24,0.0,9.25,17.48,3.25,59.57,2.39
2021-01-25,0.0,9.94,18.36,2.94,50.51,2.44
2021-01-26,0.0,10.78,18.02,6.09,51.18,1.99
2021-01-27,0.0,9.62,17.95,3.6,55.25,2.71
2021-01-28,0.0,11.19,18.51,5.39,43.9,1.97
2021-01-29,0.0,10.1,17.51,5.15,52.05,2.63
2021-01-30,0.0,9.43,18.45,3.22,54.3,3.21
2021-01-31,0.01,12.09,19.06,6.8,47.98,2.1
2021-02-01,0.0,11.83,19.42,6.59,64.44,2.75
2021-02-02,0.0,11.75,19.13,7.6,60.21,2.43
2021-02-03,0.36,12.72,19.17,7.51,63.39,2.58
2021-02-04,0.15,11.5,17.25,7.2,63.81,2.33
2021-02-05,0.0,10.44,17.07,5.75,68.48,2.22
2021-02-06,0.0,10.43,17.73,4.96,63.48,2.79
2021-02-07,0.0,12.46,19.6,5.82,53.9,2.55
2021-02-08,414.3,14.19,20.39,10.54,56.11,1.86
2021-02-09,0.0,15.76,20.92,10.77,56.79,1.34
2021-02-10,0.0,14.87,22.37,10.74,65.45,2.64
2021-02-11,0.0,15.95,22.82,11.55,55.74,1.92
2021-02-12,0.0,15.75,23.38,9.87,53.6,2.27
2021-02-13,0.0,16.47,23.38,11.99,53.25,1.91
2021-02-14,0.0,15.76,22.3,11.03,57.72,2.22
2021-02-15,0.0,16.21,21.97,11.56,57.81,1.78
2021-02-16,0.0,15.93,23.29,10.45,59.12,2.47
2021-02-17,0.0,15.35,22.62,10.29,54.86,2.31
2021-02-18,0.0,15.09,22.3,9.67,58.64,2.18
2021-02-19,0.0,16.18,22.65,10.16,56.46,2.17
2021-02-20,0.0,16.69,22.18,12.77,58.36,1.7
2021-02-21,0.0,16.37,23.59,12.28,61.54,2.49
2021-02-22,0.27,17.8,23.01,14.17,57.53,2.16
2021-02-23,0.55,17.69,23.06,12.38,57.47,2.2
2021-02-24,0.06,18.28,24.22,12.52,55.46,2.12
2021-02-25,0.63,18.39,24.14,12.22,61.55,2.43
2021-02-26,25.44,17.71,23.17,13.33,70.27,3.16
2021-02-27,0.33,16.83,21.85,10.94,62.01,2.2
2021-02-28,0.01,15.79,22.89,10.71,60.01,2.45
2021-03-01,0.0,15.46,23.33,10.48,57.47,2.95
2021-03-02,0.0,16.0,23.67,9.12,52.28,3.21
2021-03-03,0.0,17.91,25.39,11.38,47.99,2.34
2021-03-04,0.0,17.7,25.52,11.95,56.12,2.65
2021-03-05,0.0,17.01,25.07,11.39,57.99,3.75
2021-03-06,0.17,15.08,20.58,11.3,59.9,3.72
2021-03-07,0.31,17.09,22.64,11.68,70.38,3.08
2021-03-08,2.09,18.05,25.51,13.3,66.97,2.83
2021-03-09,0.01,18.82,26.23,12.19,54.81,2.08
2021-03-10,0.09,18.15,25.33,13.03,61.6,3.12
2021-03-11,13.83,17.8,23.39,13.83,66.52,2.83
2021-03-12,10.94,16.11,23.19,13.07,72.07,5.05
2021-03-13,1.35,17.54,24.97,11.53,64.02,2.68
2021-03-14,2.66,17.43,22.46,13.1,70.21,2.39
2021-03-15,0.15,17.93,24.97,12.35,69.62,2.83
2021-03-16,0.0,18.95,25.45,13.58,66.52,2.78
2021-03-17,0.0,19.1,25.65,13.54,64.86,2.94
2021-03-18,0.0,19.41,27.28,12.78,62.71,3.04
2021-03-19,0.0,19.89,27.17,13.83,59.51,3.4
2021-03-20,0.0,20.66,27.58,15.66,54.57,2.46
2021-03-21,25.88,16.59,18.99,13.66,80.13,4.04
2021-03-22,17.81,15.67,20.82,12.06,83.55,3.13
2021-03-23,30.71,15.35,17.89,13.61,89.22,5.02
2021-03-24,0.9,16.13,21.75,11.63,76.68,1.85
2021-03-25,0.0,17.5,24.34,11.27,62.78,2.94
2021-03-26,0.0,19.53,25.94,12.82,60.52,3.03
2021-03-27,0.0,21.08,28.09,15.19,64.39,3.8
2021-03-28,4.53,21.28,28.63,14.56,62.46,3.52
2021-03-29,0.53,20.26,27.06,15.26,63.57,3.73
2021-03-30,3.87,18.58,26.63,11.55,55.92,4.25
2021-03-31,0.0,15.79,24.89,7.4,54.43,5.03
2021-04-01,0.0,15.47,24.2,7.87,49.68,6.65
2021-04-02,0.0,14.75,24.57,4.78,50.18,4.8
2021-04-03,0.0,18.1,26.97,9.11,41.01,3.0
2021-04-04,0.37,18.15,23.89,13.81,58.18,3.42
2021-04-05,0.41,18.77,25.64,13.13,64.16,1.93
2021-04-06,10.3,18.99,25.63,14.78,76.29,2.69
2021-04-07,4.09,18.44,24.91,12.64,68.91,2.29
2021-04-08,0.0,18.14,25.31,11.3,52.41,2.94
2021-04-09,0.0,19.65,27.35,12.33,48.59,3.14
2021-04-10,0.0,21.11,28.37,14.6,51.25,3.03
2021-04-11,0.92,21.72,28.2,16.12,58.79,3.28
2021-04-12,0.6,22.53,29.06,16.25,56.39,3.03
2021-04-13,0.02,22.62,29.71,17.24,54.82,3.14
2021-04-14,0.23,23.77,31.61,17.69,58.61,3.13
2021-04-15,5.42,22.98,29.76,17.89,60.34,2.58
2021-04-16,2.32,19.21,24.02,16.05,70.18,2.42
2021-04-17,10.48,17.46,21.28,14.24,76.93,2.42
2021-04-18,6.25,19.48,25.32,13.72,70.61,2.38
2021-04-19,0.0,19.69,26.97,13.11,60.83,3.34
2021-04-20,0.01,21.84,30.29,14.26,52.04,2.57
2021-04-21,1.15,20.26,26.22,13.25,62.17,2.13
2021-04-22,8.66,20.99,28.46,13.99,60.28,3.44
2021-04-23,2.77,19.9,25.79,14.24,60.77,2.53
2021-04-24,0.0,20.67,28.68,13.53,51.86,3.31
2021-04-25,0.0,23.7,32.3,14.7,40.79,3.15
2021-04-26,0.0,25.37,33.55,17.2,43.53,3.0
2021-04-27,0.01,27.41,35.48,20.45,43.68,2.78
2021-04-28,0.0,27.09,35.3,19.89,47.7,3.22
2021-04-29,0.0,27.95,36.67,19.79,44.56,2.54
2021-04-30,0.93,27.52,35.36,20.44,49.22,2.98
2021-05-01,0.07,28.72,35.65,21.44,46.02,2.31
2021-05-02,0.73,28.84,36.19,22.11,44.37,2.4
2021-05-03,0.01,28.74,35.96,21.64,46.98,2.53
2021-05-04,0.97,28.23,35.71,21.67,48.41,2.99
2021-05-05,3.84,24.53,31.14,20.34,60.5,3.3
2021-05-06,0.19,25.73,32.62,19.36,55.38,2.29
2021-05-07,0.25,26.1,32.77,20.04,52.35,2.36
2021-05-08,0.34,26.58,33.81,19.47,50.5,2.49
2021-05-09,3.43,26.96,34.41,19.92,51.58,2.87
2021-05-10,0.56,29.13,35.63,20.68,46.21,1.9
2021-05-11,15.68,26.81,32.05,21.93,55.97,2.2
2021-05-12,5.14,27.12,33.18,20.9,50.94,2.41
2021-05-13,0.54,26.1,31.72,20.94,52.0,2.41
2021-05-14,3.05,25.34,30.56,19.63,55.81,2.25
2021-05-15,1.22,25.83,32.76,19.21,50.22,2.56
2021-05-16,0.07,26.48,34.06,20.93,48.84,3.61
2021-05-17,0.13,27.3,35.39,19.71,43.27,3.36
2021-05-18,0.04,28.95,37.15,19.88,40.37,2.83
2021-05-19,2.12,27.93,35.44,20.55,44.6,2.7
2021-05-20,0.02,28.46,35.51,20.18,40.31,2.83
2021-05-21,1.59,27.75,35.31,19.83,41.08,2.48
2021-05-22,0.08,28.21,35.65,20.42,40.42,2.4
2021-05-23,3.73,26.74,33.22,21.14,42.32,2.1
2021-05-24,1.6,26.22,33.84,18.82,43.06,3.5
2021-05-25,0.0,27.62,36.09,18.8,36.7,3.6
2021-05-26,0.0,29.35,37.61,21.24,33.35,2.76
2021-05-27,0.0,30.19,39.33,21.57,32.53,3.6
2021-05-28,0.0,31.66,41.06,22.08,32.62,3.03
2021-05-29,0.04,33.63,42.12,25.56,32.11,3.0
2021-05-30,0.45,32.14,40.52,24.4,36.75,3.21
2021-05-31,0.22,31.68,39.45,24.16,32.56,3.02
2021-06-01,2.83,30.4,37.26,23.8,35.86,3.33
2021-06-02,24.54,29.94,35.72,22.82,43.5,2.0
2021-06-03,24.43,29.35,35.09,24.62,52.92,1.53
2021-06-04,3.86,29.9,35.25,23.11,50.41,1.39
2021-06-05,0.0,31.26,36.05,25.6,48.56,1.24
2021-06-06,2.07,31.03,36.12,24.95,56.44,1.91
2021-06-07,0.0,33.48,39.68,27.4,48.44,2.29
2021-06-08,0.0,33.98,41.6,25.29,42.37,2.47
2021-06-09,0.0,35.7,43.46,27.58,37.36,2.45
2021-06-10,0.0,35.37,42.51,28.08,33.75,2.16
2021-06-11,0.01,34.99,41.71,27.41,40.17,2.27
2021-06-12,7.74,33.69,39.37,28.71,48.64,2.07
2021-06-13,18.29,32.56,38.68,25.99,48.61,2.66
2021-06-14,11.17,30.5,36.44,23.53,44.88,1.74
2021-06-15,1.06,30.27,36.8,22.79,44.58,2.17
2021-06-16,2.14,30.39,35.36,25.57,47.16,1.59
2021-06-17,8.66,28.74,34.38,23.08,57.21,2.11
2021-06-18,0.01,30.79,37.0,24.18,40.92,2.2
2021-06-19,0.0,31.26,38.0,22.88,37.39,2.43
2021-06-20,3.14,31.03,36.87,23.57,43.4,2.39
2021-06-21,0.93,31.07,37.53,25.38,46.84,2.18
2021-06-22,0.06,31.83,38.87,24.85,41.31,2.39
2021-06-23,0.0,32.4,40.33,24.91,40.34,2.44
2021-06-24,0.07,32.62,39.66,24.35,36.22,1.84
2021-06-25,0.11,32.07,38.89,24.07,38.1,1.98
2021-06-26,18.22,30.89,35.99,25.74,47.44,1.72
2021-06-27,0.0,31.22,38.17,24.24,46.8,2.6
2021-06-28,0.0,32.61,40.1,24.81,42.59,3.03
2021-06-29,0.0,33.97,40.95,26.52,37.71,2.49
2021-06-30,0.0,34.95,42.6,26.75,35.28,2.53
2021-07-01,0.0,35.12,42.81,26.74,32.01,2.78
2021-07-02,2.29,34.26,41.92,25.48,36.87,2.63
2021-07-03,4.79,33.49,39.68,27.73,38.11,1.83
2021-07-04,0.27,33.53,40.22,25.84,42.45,2.22
2021-07-05,12.37,32.03,37.57,26.95,51.43,2.02
2021-07-06,0.0,32.92,39.85,25.81,44.76,2.42
2021-07-07,0.07,33.72,40.98,26.01,40.9,2.54
2021-07-08,1.05,34.99,42.13,27.14,40.95,2.18
2021-07-09,0.15,34.24,40.75,27.61,43.66,2.63
2021-07-10,30.68,33.05,37.24,28.44,55.6,1.83
2021-07-11,11.83,31.89,36.7,28.02,62.66,2.1
2021-07-12,52.47,30.12,33.52,26.36,73.76,2.15
2021-07-13,17.14,28.34,32.0,25.36,79.47,1.67
2021-07-14,17.27,27.91,31.84,24.61,79.63,2.33
2021-07-15,0.07,29.53,33.51,24.75,68.14,1.42
2021-07-16,0.0,30.23,33.99,25.44,65.94,1.4
2021-07-17,0.0,31.49,35.56,26.03,65.11,1.9
2021-07-18,7.93,33.08,37.69,27.48,63.2,1.83
2021-07-19,18.48,31.13,35.21,27.31,71.45,2.73
2021-07-20,42.56,27.56,30.7,25.45,85.63,4.37
2021-07-21,3.89,28.18,31.66,24.21,75.47,1.48
2021-07-22,3.53,29.38,33.77,24.51,66.68,1.99
2021-07-23,0.01,29.94,34.35,24.02,64.04,1.85
2021-07-24,0.0,31.11,35.18,26.35,65.33,1.24
2021-07-25,0.65,31.13,35.51,26.37,69.21,1.87
2021-07-26,5.45,31.79,35.18,27.63,68.04,1.52
2021-07-27,27.61,31.55,35.18,27.74,71.25,1.79
2021-07-28,16.31,29.8,33.55,25.69,76.91,2.13
2021-07-29,18.92,27.81,31.7,24.47,81.31,2.46
2021-07-30,4.69,28.3,32.17,24.74,80.03,2.03
2021-07-31,10.88,27.94,31.66,24.31,81.93,3.05
2021-08-01,10.8,28.57,32.0,24.4,78.25,2.12
2021-08-02,2.03,30.15,33.57,25.66,71.89,1.27
2021-08-03,4.17,29.71,32.98,25.77,76.39,1.81
2021-08-04,2.56,29.59,32.55,26.0,73.49,1.55
2021-08-05,6.47,29.13,32.8,24.77,73.58,1.23
2021-08-06,10.89,29.35,33.26,25.0,71.63,1.61
2021-08-07,0.01,29.47,33.65,23.93,65.64,1.25
2021-08-08,8.3,29.12,32.85,25.27,73.58,1.72
2021-08-09,12.05,28.64,32.22,24.87,76.36,1.64
2021-08-10,0.09,28.61,32.37,24.18,74.32,1.69
2021-08-11,0.15,29.48,33.59,24.57,73.08,1.92
2021-08-12,0.33,29.73,33.62,25.67,75.32,1.89
2021-08-13,2.4,29.74,33.71,26.13,74.16,2.29
2021-08-14,11.71,28.97,32.98,25.77,75.93,1.71
2021-08-15,25.71,27.91,31.55,24.22,74.12,1.69
2021-08-16,1.3,27.86,32.4,23.06,69.47,1.83
2021-08-17,0.0,28.6,33.01,23.25,68.39,1.98
2021-08-18,0.0,28.81,33.63,24.12,70.4,1.91
2021-08-19,0.04,28.94,33.72,23.71,69.51,1.69
2021-08-20,2.16,29.34,33.98,24.16,68.24,1.86
2021-08-21,1.98,28.61,32.77,24.01,71.37,1.71
2021-08-22,0.06,28.68,32.88,24.27,70.78,1.2
2021-08-23,0.0,28.46,32.65,23.8,71.36,1.62
2021-08-24,0.0,29.22,33.95,24.24,69.78,2.0
2021-08-25,0.11,30.64,35.32,25.33,65.75,1.79
2021-08-26,0.06,30.44,35.17,25.76,65.27,1.9
2021-08-27,5.25,30.95,36.15,25.98,60.74,1.39
2021-08-28,12.34,28.84,33.52,24.77,66.07,2.13
2021-08-29,18.33,27.64,32.05,23.69,67.92,1.9
2021-08-30,16.18,27.46,31.62,23.82,70.67,1.94
2021-08-31,9.76,26.29,29.93,22.87,75.39,1.65
2021-09-01,0.04,25.74,29.98,22.43,74.71,1.53
2021-09-02,0.0,27.14,31.95,22.18,67.25,2.29
2021-09-03,0.05,27.53,32.88,22.12,69.98,2.1
2021-09-04,0.85,27.45,32.13,23.17,75.66,1.95
2021-09-05,0.0,28.19,33.47,23.25,69.86,2.17
2021-09-06,0.35,28.91,33.78,24.02,69.06,1.93
2021-09-07,8.35,28.91,33.07,24.66,71.1,1.66
2021-09-08,82.28,27.41,30.52,24.19,82.66,1.62
2021-09-09,17.28,26.29,29.77,22.58,82.1,1.71
2021-09-10,11.27,26.47,30.16,23.94,84.84,2.02
2021-09-11,19.6,25.17,29.55,22.08,82.93,2.73
2021-09-12,1.54,25.79,29.89,21.49,74.62,1.51
2021-09-13,0.02,26.18,30.63,20.91,74.64,1.51
2021-09-14,0.0,26.94,31.19,22.63,75.09,1.81
2021-09-15,0.0,26.72,30.93,22.77,77.41,2.42
2021-09-16,0.0,27.03,31.4,23.06,75.89,2.57
2021-09-17,0.03,27.48,32.07,22.74,74.21,1.9
2021-09-18,0.67,26.54,30.32,22.49,79.16,1.95
2021-09-19,0.32,27.65,32.04,23.92,78.08,2.13
2021-09-20,7.49,27.59,31.44,24.53,76.96,1.72
2021-09-21,43.86,26.68,30.48,23.59,79.09,1.52
2021-09-22,30.03,25.84,29.7,22.91,79.61,1.37
2021-09-23,22.54,24.98,28.89,21.89,84.31,1.35
2021-09-24,0.14,24.86,29.63,20.92,80.7,1.78
2021-09-25,0.01,25.37,29.86,21.1,77.78,2.46
2021-09-26,0.01,25.57,29.95,21.86,79.29,2.31
2021-09-27,0.0,24.75,29.26,20.81,80.49,2.42
2021-09-28,0.06,26.34,31.15,21.28,71.92,2.0
2021-09-29,1.3,26.42,30.73,22.76,74.68,1.62
2021-09-30,2.06,26.43,30.18,22.88,77.36,1.57
2021-10-01,6.32,26.11,29.62,23.22,79.58,1.58
2021-10-02,29.3,25.84,29.6,22.2,80.79,1.58
2021-10-03,11.91,25.39,29.2,22.58,81.32,1.97
2021-10-04,4.39,25.89,30.88,21.55,71.67,1.61
2021-10-05,1.07,24.38,28.98,20.64,75.57,1.92
2021-10-06,0.0,23.72,29.01,19.9,74.09,2.97
2021-10-07,0.0,24.38,30.25,19.38,67.33,2.68
2021-10-08,0.0,24.65,30.12,19.42,64.86,2.15
2021-10-09,0.0,23.77,29.37,18.99,65.85,2.39
2021-10-10,14.0,23.81,29.34,18.65,67.53,2.64
2021-10-11,12.77,23.0,27.45,18.81,71.54,1.96
2021-10-12,0.4,23.08,29.03,18.35,67.13,2.06
2021-10-13,0.06,23.05,29.06,18.62,57.47,1.96
2021-10-14,0.0,22.25,28.7,17.68,57.1,2.62
2021-10-15,0.0,22.86,30.14,16.84,50.7,2.29
2021-10-16,0.0,24.32,30.86,17.87,44.78,1.84
2021-10-17,2.09,23.87,29.59,19.11,61.46,2.05
2021-10-18,59.36,20.84,25.33,17.45,78.68,1.88
2021-10-19,0.0,20.79,26.6,16.38,71.48,2.88
2021-10-20,0.0,22.35,28.42,17.24,55.39,2.42
2021-10-21,0.0,21.32,28.03,15.81,57.15,2.66
2021-10-22,0.77,19.98,25.37,14.93,68.05,3.47
2021-10-23,13.03,18.06,22.31,14.32,83.27,3.29
2021-10-24,20.02,14.59,16.9,12.31,83.43,4.51
2021-10-25,0.05,16.57,23.36,12.21,71.85,2.6
2021-10-26,0.0,17.2,23.84,11.77,56.98,2.25
2021-10-27,0.03,17.38,24.52,12.45,60.41,2.79
2021-10-28,0.0,17.68,24.69,11.95,55.15,2.37
2021-10-29,0.0,18.33,25.62,13.79,57.05,2.6
2021-10-30,0.0,17.22,24.69,12.56,61.11,3.39
2021-10-31,0.0,17.78,25.62,11.65,52.06,2.57
2021-11-01,0.0,17.6,24.4,11.72,53.94,2.47
2021-11-02,0.0,17.6,24.69,12.37,57.45,2.56
2021-11-03,0.0,16.46,23.45,11.78,62.24,2.6
2021-11-04,0.02,16.57,23.39,10.71,56.83,2.06
2021-11-05,0.66,16.61,23.7,12.41,64.72,2.86
2021-11-06,0.04,15.42,23.93,10.47,62.72,3.65
2021-11-07,0.0,17.05,24.19,12.19,47.19,2.78
2021-11-08,0.0,16.89,24.78,11.43,55.83,3.2
2021-11-09,0.0,18.44,25.59,13.54,50.86,2.47
2021-11-10,0.0,17.18,25.07,11.64,57.76,2.69
2021-11-11,0.0,16.69,24.05,12.44,57.03,3.1
2021-11-12,0.0,16.48,23.85,12.28,51.52,2.74
2021-11-13,0.0,16.42,23.63,11.97,48.81,2.8
2021-11-14,0.0,15.72,23.05,10.23,47.73,2.2
2021-11-15,0.0,14.09,21.76,8.72,56.46,3.03
2021-11-16,0.0,15.1,22.35,10.41,49.0,2.63
2021-11-17,0.0,16.38,23.06,12.05,42.14,1.66
2021-11-18,0.0,15.77,22.24,12.19,50.84,2.54
2021-11-19,0.0,15.46,21.91,11.81,49.56,2.23
2021-11-20,0.0,15.79,22.04,12.55,49.45,2.25
2021-11-21,0.0,15.08,22.69,9.46,51.82,2.8
2021-11-22,0.0,14.63,22.22,10.38,51.81,3.18
2021-11-23,0.0,15.82,23.15,8.94,43.46,2.16
2021-11-24,0.0,15.8,22.98,10.57,47.25,2.15
2021-11-25,0.0,14.55,21.4,10.22,54.99,2.79
2021-11-26,0.0,15.27,22.45,10.4,53.67,2.5
2021-11-27,0.0,14.72,20.5,10.52,59.1,1.91
2021-11-28,0.0,14.68,21.54,10.77,60.98,2.35
2021-11-29,0.0,13.82,20.8,10.03,61.19,2.91
2021-11-30,0.0,14.51,21.38,9.85,52.54,2.43
2021-12-01,0.0,14.74,21.37,9.95,47.93,1.69
2021-12-02,0.0,14.75,21.26,10.37,48.74,1.7
2021-12-03,0.0,14.13,20.86,9.21,53.61,2.42
2021-12-04,0.01,16.88,23.42,13.23,56.87,1.8
2021-12-05,8.25,14.46,19.64,10.82,72.53,2.5
2021-12-06,0.0,12.25,18.61,8.01,71.53,3.14
2021-12-07,0.0,12.04,20.1,7.56,60.87,3.03
2021-12-08,0.0,13.2,20.17,8.2,44.76,2.45
2021-12-09,0.0,12.79,20.8,8.33,50.09,2.54
2021-12-10,0.0,11.64,20.41,7.27,50.44,3.27
2021-12-11,0.0,12.48,20.02,7.59,37.74,2.21
2021-12-12,0.0,12.01,17.64,7.78,39.01,1.72
2021-12-13,0.0,11.44,17.96,7.67,45.55,2.01
2021-12-14,0.04,10.86,16.54,7.04,49.67,1.87
2021-12-15,0.38,9.36,16.32,4.84,61.04,2.3
2021-12-16,8.69,8.54,15.71,4.16,58.51,2.28
2021-12-17,138.72,7.1,14.39,2.41,59.45,2.59
2021-12-18,0.0,6.18,14.85,0.27,50.85,2.85
2021-12-19,0.0,7.0,15.74,0.12,48.12,2.75
2021-12-20,0.0,10.92,17.89,5.74,45.69,2.44
2021-12-21,0.0,12.08,17.67,8.13,45.16,1.6
2021-12-22,0.01,12.57,18.32,9.17,54.25,2.23
2021-12-23,0.08,12.82,19.5,7.85,58.07,2.06
2021-12-24,0.4,11.5,18.37,6.55,64.16,2.54
2021-12-25,0.0,12.61,19.17,7.84,59.58,2.22
2021-12-26,2.63,12.69,17.56,9.12,60.76,2.1
2021-12-27,5.19,9.91,15.41,6.47,73.58,2.39
2021-12-28,0.0,8.75,17.03,3.85,65.4,2.81
2021-12-29,0.0,8.38,17.17,3.25,54.55,2.99
2021-12-30,0.0,7.86,14.99,2.07,46.17,2.46
2021-12-31,0.0,10.66,16.73,6.69,45.06,2.3
2022-01-01,0.02,10.59,15.89,6.8,54.45,1.95
2022-01-02,0.0,10.74,18.13,6.85,58.29,2.35
2022-01-03,0.45,11.36,17.11,7.94,65.45,2.82
2022-01-04,9.97,9.79,12.89,7.61,88.03,3.06
2022-01-05,40.73,8.27,10.75,5.17,89.1,1.94
2022-01-06,0.52,9.32,15.22,4.46,84.0,2.13
2022-01-07,21.92,9.9,14.84,5.55,87.89,3.3
2022-01-08,50.12,10.47,12.82,6.12,93.43,4.22
2022-01-09,0.24,8.76,14.34,5.62,84.34,2.05
2022-01-10,0.03,8.59,15.02,4.91,73.22,1.53
2022-01-11,0.0,8.29,16.6,2.86,63.66,2.54
2022-01-12,0.0,8.53,17.29,1.29,58.21,2.97
2022-01-13,0.0,10.48,17.09,5.68,54.39,1.98
2022-01-14,0.0,9.38,16.85,5.01,58.33,2.58
2022-01-15,0.0,9.26,18.25,1.79,57.66,2.5
2022-01-16,0.0,10.82,18.49,6.84,57.16,2.14
2022-01-17,0.11,11.79,16.11,8.49,54.72,1.56
2022-01-18,0.24,11.76,17.84,8.6,62.85,2.34
2022-01-19,2.14,10.78,13.63,6.14,74.07,1.37
2022-01-20,0.0,9.79,16.09,5.08,81.48,2.79
2022-01-21,1.27,9.84,15.39,6.31,74.88,2.02
2022-01-22,18.73,9.31,14.23,6.42,82.4,2.35
2022-01-23,22.8,8.98,12.87,5.97,83.8,1.95
2022-01-24,4.46,8.89,13.08,5.47,80.26,1.55
2022-01-25,0.88,8.52,14.75,4.72,75.71,2.62
2022-01-26,0.02,8.13,14.82,2.86,64.2,2.39
2022-01-27,0.0,8.0,15.63,2.5,62.52,3.07
2022-01-28,0.0,8.35,17.44,1.47,57.78,2.93
2022-01-29,0.0,10.67,17.64,6.74,55.58,2.19
2022-01-30,0.0,9.55,16.82,3.97,63.12,3.11
2022-01-31,0.07,11.59,18.13,4.83,54.94,2.17
2022-02-01,0.01,10.33,18.04,5.23,68.6,3.25
2022-02-02,2.95,12.21,18.81,6.62,56.09,1.78
2022-02-03,2.4,9.86,14.82,5.17,78.28,2.15
2022-02-04,0.24,8.85,14.83,4.22,79.7,1.63
2022-02-05,0.0,9.53,15.52,3.62,68.14,2.36
2022-02-06,1.05,12.17,17.04,7.41,56.58,1.88
2022-02-07,0.37,10.46,17.31,5.11,72.0,2.94
2022-02-08,0.02,10.86,17.54,5.64,61.8,2.42
2022-02-09,0.48,10.24,17.03,5.59,64.2,2.83
2022-02-10,0.13,9.91,17.9,4.92,61.72,3.44
2022-02-11,0.0,10.26,19.6,2.91,56.52,3.75
2022-02-12,0.0,12.31,19.68,5.38,49.46,2.54
2022-02-13,0.0,12.81,20.28,6.59,57.79,2.53
2022-02-14,0.0,14.01,18.73,10.81,56.89,1.77
2022-02-15,0.05,14.05,19.42,9.6,59.43,1.86
2022-02-16,0.11,13.28,19.21,9.1,69.38,2.42
2022-02-17,0.02,13.43,20.25,9.08,64.85,2.45
2022-02-18,0.01,12.46,19.55,7.12,62.03,3.42
2022-02-19,0.0,12.93,20.51,7.65,57.54,2.96
2022-02-20,0.0,11.99,20.53,5.85,58.71,4.53
2022-02-21,0.0,13.1,22.19,4.37,48.36,3.11
2022-02-22,13.05,14.31,21.14,10.0,61.7,3.59
2022-02-23,2.65,12.33,16.76,8.87,85.46,4.91
2022-02-24,1.84,12.63,18.21,8.91,78.34,2.25
2022-02-25,13.52,11.99,17.9,6.36,79.0,2.65
2022-02-26,0.82,11.06,17.1,5.72,72.44,2.07
2022-02-27,0.03,11.23,18.78,5.62,66.22,2.84
2022-02-28,11.58,12.06,17.83,6.29,61.17,2.83
2022-03-01,2.88,14.08,20.72,8.08,65.98,2.57
2022-03-02,1.11,14.91,21.77,9.21,66.87,2.38
2022-03-03,29.52,12.53,16.86,8.89,83.14,2.56
2022-03-04,0.0,13.16,20.77,7.72,71.63,3.2
2022-03-05,0.01,15.01,21.59,8.85,64.12,2.8
2022-03-06,13.28,17.25,21.23,12.75,67.65,1.95
2022-03-07,16.9,13.65,20.11,9.56,79.1,3.64
2022-03-08,4.96,15.65,24.8,8.59,66.28,2.88
2022-03-09,0.01,17.87,24.47,13.54,64.53,2.91
2022-03-10,0.0,17.52,24.57,11.59,68.29,3.2
2022-03-11,0.0,19.21,25.88,13.93,57.03,3.16
2022-03-12,0.0,19.33,26.31,14.32,65.06,3.27
2022-03-13,0.0,21.37,28.74,14.85,62.01,3.2
2022-03-14,0.0,23.89,30.83,17.11,55.31,2.6
2022-03-15,0.0,22.02,29.02,16.82,64.64,3.44
2022-03-16,0.0,21.13,29.56,15.35,60.57,4.27
2022-03-17,0.0,23.96,32.88,16.03,49.27,2.93
2022-03-18,0.48,22.59,29.01,16.31,63.21,3.63
2022-03-19,8.03,22.89,29.76,17.43,66.35,2.5
2022-03-20,0.03,22.75,29.46,18.09,62.98,2.47
2022-03-21,0.32,21.66,29.54,15.59,58.78,2.76
2022-03-22,0.0,21.04,29.6,14.03,55.22,3.41
2022-03-23,0.01,22.18,29.14,15.94,51.11,2.49
2022-03-24,1.49,20.97,28.11,16.02,61.06,2.96
2022-03-25,0.0,20.24,27.88,14.03,59.62,3.41
2022-03-26,0.0,21.22,29.57,13.9,48.28,3.69
2022-03-27,0.0,22.97,31.19,14.71,44.17,2.66
2022-03-28,0.0,23.23,30.21,15.96,46.18,3.08
2022-03-29,0.0,23.49,31.22,16.02,48.46,2.94
2022-03-30,0.0,24.48,32.4,17.85,44.89,2.28
2022-03-31,0.0,22.79,31.23,16.18,48.62,2.98
2022-04-01,0.0,24.56,31.79,16.6,41.93,2.98
2022-04-02,0.0,23.77,32.21,16.55,44.85,3.49
2022-04-03,0.05,23.5,31.96,17.35,43.91,2.61
2022-04-04,0.0,23.61,31.85,15.78,42.95,3.55
2022-04-05,0.0,24.97,33.0,17.43,39.0,2.53
2022-04-06,0.0,26.51,33.96,19.71,37.02,2.59
2022-04-07,0.0,26.34,35.11,17.74,40.25,3.01
2022-04-08,0.0,26.58,35.63,17.99,40.45,2.9
2022-04-09,0.01,26.61,35.34,19.35,42.62,3.05
2022-04-10,0.0,26.96,36.21,18.44,41.74,3.43
2022-04-11,0.0,28.1,36.83,19.36,39.07,2.78
2022-04-12,1.21,28.69,37.2,21.11,39.79,2.55
2022-04-13,1.0,25.73,34.05,18.19,49.31,2.96
2022-04-14,0.03,25.96,33.45,19.84,44.2,3.25
2022-04-15,0.07,25.7,32.96,18.27,41.31,2.18
2022-04-16,0.0,26.16,34.33,17.85,41.07,2.87
2022-04-17,0.0,26.89,35.5,17.94,39.12,2.76
2022-04-18,0.0,27.83,36.42,21.47,39.61,3.2
2022-04-19,0.86,27.21,35.66,20.8,47.1,3.24
2022-04-20,0.21,25.2,31.37,20.37,52.74,4.11
2022-04-21,8.48,24.27,32.26,19.57,49.96,3.94
2022-04-22,1.62,24.57,31.92,18.71,46.95,2.9
2022-04-23,0.01,24.43,32.8,16.89,46.25,3.44
2022-04-24,0.04,25.73,34.02,17.36,43.81,3.79
2022-04-25,0.21,25.76,33.26,20.06,48.21,3.86
2022-04-26,0.0,27.09,35.88,18.95,37.58,3.17
2022-04-27,0.0,28.67,38.32,19.78,34.58,3.38
2022-04-28,0.01,30.61,40.13,21.67,33.17,2.47
2022-04-29,0.98,30.38,39.8,22.25,35.14,3.28
2022-04-30,0.0,30.99,38.83,24.27,36.77,2.39
2022-05-01,0.0,31.45,40.42,23.36,34.47,2.53
2022-05-02,0.0,31.96,39.73,22.78,33.63,2.51
2022-05-03,14.21,28.86,35.13,23.67,44.32,3.14
2022-05-04,7.18,27.02,34.31,21.01,50.77,3.59
2022-05-05,0.0,26.65,34.19,20.12,49.71,2.74
2022-05-06,0.05,28.07,36.49,20.31,43.56,2.87
2022-05-07,0.01,29.46,38.25,21.01,37.71,3.26
2022-05-08,0.0,30.75,39.81,21.8,33.93,2.46
2022-05-09,0.0,30.88,38.91,22.49,36.23,2.47
2022-05-10,5.45,30.09,38.38,22.47,42.31,3.2
2022-05-11,0.0,31.65,40.0,23.42,37.06,2.97
2022-05-12,0.0,31.78,40.93,23.73,31.83,3.22
2022-05-13,0.0,31.13,40.53,22.34,25.13,4.1
2022-05-14,0.0,32.62,42.67,22.94,20.72,3.74
2022-05-15,0.0,34.78,43.57,25.55,16.82,3.21
2022-05-16,0.13,32.7,40.83,25.91,20.59,3.65
2022-05-17,0.01,32.64,41.04,24.35,20.77,3.06
2022-05-18,8.16,30.01,37.67,21.99,34.14,3.04
2022-05-19,0.0,32.27,40.89,22.64,30.53,2.24
2022-05-20,4.04,31.09,38.79,24.1,37.92,3.38
2022-05-21,1.13,29.96,37.61,22.64,37.77,3.33
2022-05-22,0.0,30.61,38.9,22.0,26.08,3.64
2022-05-23,0.75,26.18,33.21,19.2,32.54,3.2
2022-05-24,0.02,26.93,34.62,18.6,34.14,2.33
2022-05-25,0.0,29.06,36.96,19.75,38.02,2.38
2022-05-26,0.0,31.82,39.22,22.99,28.53,2.21
2022-05-27,0.28,33.06,40.62,24.3,28.68,2.93
2022-05-28,3.35,32.36,39.89,25.83,29.94,2.81
2022-05-29,2.2,31.99,40.41,23.41,30.39,2.92
2022-05-30,0.2,31.29,38.85,23.88,37.13,2.14
2022-05-31,1.01,31.86,39.24,23.86,29.54,2.45
2022-06-01,1.47,31.45,39.57,22.6,26.93,3.06
2022-06-02,0.33,32.05,40.44,22.86,21.35,2.96
2022-06-03,0.0,33.12,41.7,23.73,16.6,3.21
2022-06-04,0.0,33.68,42.09,23.72,15.21,2.5
2022-06-05,0.0,34.63,43.03,25.67,13.93,3.17
2022-06-06,0.0,34.93,43.18,26.24,13.74,3.31
2022-06-07,0.01,35.98,44.21,27.46,13.07,3.13
2022-06-08,0.0,35.72,44.27,26.81,15.31,3.22
2022-06-09,0.01,36.09,43.98,27.68,14.32,2.62
2022-06-10,1.44,35.9,43.98,27.32,15.66,2.94
2022-06-11,0.92,35.59,42.9,27.35,16.94,3.3
2022-06-12,0.02,35.89,43.15,27.42,16.14,2.22
2022-06-13,9.38,33.15,40.39,25.58,31.27,2.91
2022-06-14,0.16,34.67,42.7,25.92,31.29,2.28
2022-06-15,0.02,36.26,43.99,28.55,29.31,2.59
2022-06-16,0.2,35.22,41.92,27.78,28.9,3.1
2022-06-17,29.63,31.79,35.3,26.29,44.24,3.37
2022-06-18,6.33,29.2,33.98,24.89,56.78,2.56
2022-06-19,30.46,26.1,30.76,22.52,66.76,2.51
2022-06-20,8.48,23.33,26.44,20.52,73.34,2.73
2022-06-21,27.93,22.09,25.04,20.07,76.96,4.27
2022-06-22,39.32,23.86,28.68,19.83,76.29,2.59
2022-06-23,0.0,26.23,32.98,19.06,58.45,2.81
2022-06-24,0.0,29.42,35.45,21.66,44.03,1.97
2022-06-25,0.0,30.63,36.75,22.46,45.04,2.05
2022-06-26,0.0,31.05,36.56,23.79,47.45,2.12
2022-06-27,0.0,32.08,37.96,24.9,48.43,1.88
2022-06-28,0.0,33.01,38.72,25.96,48.98,2.0
2022-06-29,0.0,33.04,38.8,26.52,50.33,1.85
2022-06-30,0.02,32.27,37.6,26.91,56.38,2.94
2022-07-01,17.55,29.78,32.76,26.32,68.06,2.39
2022-07-02,11.43,29.8,34.37,25.08,73.37,1.48
2022-07-03,0.9,30.97,35.12,27.1,70.42,1.42
2022-07-04,4.59,30.93,35.32,26.97,71.92,1.59
2022-07-05,41.22,29.65,33.45,26.19,79.85,1.76
2022-07-06,10.04,30.16,33.82,27.18,77.24,1.61
2022-07-07,23.68,28.11,30.72,26.35,85.77,1.78
2022-07-08,11.02,30.29,33.11,26.23,73.48,1.55
2022-07-09,32.08,30.17,33.69,25.6,69.81,1.35
2022-07-10,33.53,28.89,31.5,25.76,73.75,1.35
2022-07-11,12.71,28.42,31.81,24.79,77.64,1.88
2022-07-12,28.18,28.59,32.56,24.58,76.14,1.89
2022-07-13,56.22,29.63,33.0,25.98,77.71,1.7
2022-07-14,14.55,28.91,32.13,25.43,74.43,1.41
2022-07-15,9.09,27.69,31.73,24.07,76.24,2.22
2022-07-16,0.65,30.12,34.44,23.96,62.0,1.36
2022-07-17,2.89,28.3,31.29,24.8,75.01,1.65
2022-07-18,0.04,29.78,33.81,25.36,70.01,1.31
2022-07-19,0.38,29.78,33.71,25.34,72.54,1.61
2022-07-20,11.87,30.49,33.6,26.34,74.82,1.41
2022-07-21,26.06,28.05,30.31,25.5,86.8,2.78
2022-07-22,9.05,27.08,30.69,23.98,83.93,1.6
2022-07-23,2.49,26.32,28.98,23.59,83.13,2.16
2022-07-24,3.35,26.51,29.65,24.39,87.02,2.1
2022-07-25,32.5,26.72,29.98,24.55,86.86,2.49
2022-07-26,3.99,27.14,29.8,24.8,84.89,1.51
2022-07-27,2.05,27.55,30.71,24.22,84.85,1.61
2022-07-28,23.39,27.26,30.74,24.8,88.42,3.07
2022-07-29,100.03,26.81,29.98,24.17,90.28,3.79
2022-07-30,29.32,27.77,31.14,24.18,85.17,1.75
2022-07-31,18.41,27.55,30.88,24.6,84.93,1.69
2022-08-01,21.08,27.19,30.82,23.85,82.73,1.41
2022-08-02,2.05,27.8,31.13,23.41,78.86,1.76
2022-08-03,0.03,28.35,31.95,24.41,78.23,1.68
2022-08-04,2.35,29.19,32.75,24.67,73.8,1.59
2022-08-05,1.35,28.77,31.68,25.34,78.66,1.81
2022-08-06,4.86,27.32,30.09,24.48,84.88,1.78
2022-08-07,0.1,28.27,31.62,24.13,80.26,1.64
2022-08-08,2.07,28.37,31.18,24.68,82.17,1.64
2022-08-09,7.28,28.8,32.01,25.41,81.67,1.77
2022-08-10,1.75,29.17,32.9,25.5,79.67,2.13
2022-08-11,3.44,27.62,32.51,21.44,82.46,3.73
2022-08-12,1.74,27.45,32.98,21.98,72.41,2.86
2022-08-13,0.84,29.42,33.14,24.84,70.97,1.93
2022-08-14,10.58,29.42,32.64,25.26,79.41,1.5
2022-08-15,34.77,27.08,29.5,24.78,90.62,2.83
2022-08-16,0.79,27.8,31.38,23.34,75.66,1.73
2022-08-17,20.55,27.79,31.63,24.57,77.13,1.78
2022-08-18,2.04,27.31,31.56,23.29,78.92,2.33
2022-08-19,0.45,28.43,32.11,23.97,76.02,1.84
2022-08-20,12.08,27.95,31.03,24.37,81.67,1.9
2022-08-21,4.73,26.78,30.15,23.81,83.18,2.02
2022-08-22,0.06,27.47,32.07,22.46,76.89,2.15
2022-08-23,3.35,29.13,33.47,24.11,72.85,1.36
2022-08-24,37.35,26.21,28.68,23.8,87.29,3.24
2022-08-25,42.68,26.34,29.27,23.52,86.38,2.44
2022-08-26,9.91,26.72,30.51,23.46,83.84,1.73
2022-08-27,3.61,26.76,30.75,23.2,81.55,2.36
2022-08-28,3.06,27.15,31.08,23.03,77.68,1.88
2022-08-29,2.84,27.87,31.74,23.23,73.59,1.65
2022-08-30,0.73,28.04,31.91,23.4,71.54,1.6
2022-08-31,0.18,28.23,32.11,23.71,74.32,1.91
2022-09-01,0.0,29.01,32.41,24.84,70.92,1.36
2022-09-02,0.02,28.87,32.08,25.89,73.16,1.53
2022-09-03,0.96,28.16,31.37,25.35,77.95,1.78
2022-09-04,13.85,27.32,30.06,23.95,79.26,1.35
2022-09-05,33.96,25.81,29.19,22.15,80.92,2.21
2022-09-06,4.54,26.82,31.21,21.63,71.44,1.32
2022-09-07,0.0,27.12,31.2,22.67,79.6,1.53
2022-09-08,0.01,27.76,31.43,24.33,79.75,1.76
2022-09-09,1.21,27.59,31.59,23.99,79.67,1.66
2022-09-10,14.22,27.54,30.93,25.04,79.52,1.47
2022-09-11,57.88,26.57,29.67,23.08,79.99,1.27
2022-09-12,19.46,25.68,30.04,22.13,80.43,1.96
2022-09-13,0.16,25.91,30.34,22.01,78.62,1.94
2022-09-14,0.0,26.49,30.67,22.55,76.43,1.65
2022-09-15,0.0,26.42,30.29,22.47,77.17,2.02
2022-09-16,12.71,25.92,28.39,23.12,81.24,2.06
2022-09-17,23.89,25.71,29.12,22.49,80.81,1.49
2022-09-18,0.05,25.16,29.29,20.54,76.04,2.3
2022-09-19,0.0,26.05,30.61,21.03,74.57,1.73
2022-09-20,0.0,26.18,30.38,22.07,76.58,1.62
2022-09-21,0.01,26.56,31.04,22.81,76.99,1.95
2022-09-22,1.53,26.65,30.73,22.23,76.07,1.82
2022-09-23,0.06,26.78,30.9,22.88,74.02,1.41
2022-09-24,4.09,25.61,30.12,22.08,80.93,1.68
2022-09-25,12.19,24.49,28.39,20.6,85.45,1.68
2022-09-26,0.56,24.71,28.48,20.87,81.93,1.85
2022-09-27,0.0,24.54,28.1,21.82,80.39,1.61
2022-09-28,0.0,24.8,29.06,20.68,78.97,1.66
2022-09-29,0.0,24.66,29.04,21.48,80.28,2.07
2022-09-30,0.0,24.53,29.45,19.96,78.48,1.92
2022-10-01,12.68,25.07,29.48,20.7,76.65,1.74
2022-10-02,3.63,25.19,30.02,20.91,72.34,1.58
2022-10-03,0.0,24.38,29.51,19.66,69.58,1.92
2022-10-04,0.05,25.09,30.12,21.02,65.94,1.99
2022-10-05,0.0,24.95,30.72,20.1,59.0,1.8
2022-10-06,0.11,23.38,28.68,18.53,70.18,2.31
2022-10-07,1.43,22.89,28.3,18.63,71.01,2.42
2022-10-08,0.0,22.76,28.13,17.57,73.44,2.41
2022-10-09,0.0,23.13,27.91,17.59,71.45,1.85
2022-10-10,0.31,23.47,28.21,19.32,70.85,1.84
2022-10-11,2.6,23.18,26.95,19.85,70.18,1.58
2022-10-12,4.2,21.54,25.81,17.78,77.37,1.88
2022-10-13,0.01,21.12,26.18,16.84,73.1,2.36
2022-10-14,0.0,21.05,26.33,16.51,70.32,2.42
2022-10-15,0.0,21.37,26.74,16.84,62.18,2.55
2022-10-16,0.0,21.72,27.83,16.59,59.54,2.11
2022-10-17,0.0,21.73,27.67,16.71,60.11,2.08
2022-10-18,0.02,21.58,27.43,16.25,61.87,2.09
2022-10-19,5.75,20.72,26.53,15.75,68.11,2.21
2022-10-20,5.82,20.45,25.43,15.6,68.21,1.91
2022-10-21,0.06,18.35,25.31,13.2,61.92,2.82
2022-10-22,0.0,18.28,25.71,12.55,58.78,2.73
2022-10-23,0.0,19.12,26.23,12.92,58.27,2.23
2022-10-24,0.0,19.57,26.13,13.53,59.63,2.64
2022-10-25,0.0,19.74,25.78,14.67,59.94,2.98
2022-10-26,0.0,20.89,27.18,15.19,55.53,2.21
2022-10-27,0.0,19.79,26.39,14.59,62.93,2.93
2022-10-28,0.0,19.74,26.59,13.65,60.22,2.68
2022-10-29,0.0,19.74,25.63,14.77,57.4,2.47
2022-10-30,0.0,19.69,26.2,14.24,62.77,2.64
2022-10-31,0.0,20.05,26.53,14.87,61.62,2.01
2022-11-01,0.6,19.92,26.21,14.7,65.12,2.39
2022-11-02,0.0,19.61,26.88,14.46,67.41,3.04
2022-11-03,0.0,19.9,26.28,15.83,65.4,2.68
2022-11-04,0.0,21.32,27.28,17.13,60.86,2.2
2022-11-05,12.73,21.12,25.58,18.25,70.67,1.92
2022-11-06,17.2,18.98,23.01,16.19,83.6,2.04
2022-11-07,25.32,17.34,22.37,12.3,77.16,2.29
2022-11-08,0.21,17.14,23.07,11.61,72.07,2.35
2022-11-09,1.53,16.31,21.64,12.88,74.6,2.82
2022-11-10,4.34,15.94,21.88,11.79,72.42,2.33
2022-11-11,0.0,14.74,21.87,10.27,61.84,3.13
2022-11-12,0.0,15.06,22.52,9.98,56.01,2.97
2022-11-13,0.22,14.11,20.06,9.92,63.38,3.03
2022-11-14,29.04,12.71,15.08,10.39,87.42,3.55
2022-11-15,0.31,13.95,20.65,8.59,72.02,1.88
2022-11-16,0.71,14.43,20.37,10.52,67.07,2.18
2022-11-17,0.0,13.45,19.71,9.24,67.09,3.58
2022-11-18,0.0,14.79,22.29,9.2,50.75,2.04
2022-11-19,0.1,14.57,20.06,11.1,60.32,2.53
2022-11-20,0.08,13.47,20.29,9.5,68.14,2.83
2022-11-21,0.0,14.01,22.42,8.92,62.23,2.9
2022-11-22,0.0,13.69,21.56,8.89,59.6,3.49
2022-11-23,0.0,13.09,22.24,6.5,56.52,3.44
2022-11-24,0.0,15.07,22.49,7.77,49.81,2.47
2022-11-25,0.0,16.47,22.93,11.92,47.77,1.88
2022-11-26,0.0,15.94,22.33,11.74,54.32,2.25
2022-11-27,0.0,15.58,22.15,11.15,55.89,2.17
2022-11-28,0.0,16.1,22.56,10.95,53.04,1.71
2022-11-29,0.0,15.52,21.51,12.38,57.92,2.24
2022-11-30,0.0,15.36,22.44,11.89,57.67,2.2
2022-12-01,0.0,16.12,22.6,12.01,56.01,2.08
2022-12-02,0.0,15.76,20.92,11.64,56.21,1.63
2022-12-03,0.0,13.82,20.35,9.66,63.92,2.14
2022-12-04,0.0,14.7,21.11,11.03,57.19,2.05
2022-12-05,0.0,14.8,20.91,9.73,55.54,2.04
2022-12-06,0.0,14.58,20.9,9.95,56.48,2.29
2022-12-07,0.0,12.84,20.0,8.61,60.92,3.32
2022-12-08,0.0,13.14,18.84,10.24,60.31,2.35
2022-12-09,0.63,14.22,20.96,8.54,66.44,2.48
2022-12-10,1.28,14.41,21.06,10.03,67.17,2.36
2022-12-11,0.0,13.2,21.47,8.37,65.31,2.76
2022-12-12,0.0,13.41,20.16,9.5,59.21,2.15
2022-12-13,0.0,12.15,19.51,7.85,67.6,3.47
2022-12-14,0.0,12.26,19.74,7.82,57.62,3.04
2022-12-15,0.0,13.65,21.28,9.7,51.86,2.84
2022-12-16,0.0,14.8,21.37,9.84,47.43,2.04
2022-12-17,0.0,14.3,20.65,11.08,50.57,2.44
2022-12-18,0.0,14.21,20.51,9.86,47.2,1.88
2022-12-19,0.0,13.61,19.38,9.95,51.66,1.8
2022-12-20,0.0,13.24,19.37,9.64,56.09,1.96
2022-12-21,0.0,12.33,19.21,7.53,60.43,2.19
2022-12-22,0.0,11.76,18.76,7.64,57.11,2.14
2022-12-23,0.0,11.55,17.58,7.74,49.38,1.64
2022-12-24,0.0,9.38,16.17,5.74,61.62,2.37
2022-12-25,0.0,9.5,14.48,5.36,60.08,2.16
2022-12-26,0.0,10.91,18.46,6.47,58.65,2.48
2022-12-27,0.0,10.45,17.26,6.46,59.06,2.81
2022-12-28,0.0,12.01,17.83,7.37,51.51,1.98
2022-12-29,7.74,13.07,18.79,9.58,66.71,1.57
2022-12-30,1.83,9.82,14.82,6.51,83.81,2.06
2022-12-31,0.0,9.87,16.93,5.71,69.16,2.88
2023-01-01,0.0,11.01,17.45,5.67,52.7,1.92
2023-01-02,0.0,10.08,16.73,5.93,54.69,2.05
2023-01-03,0.0,8.89,15.9,4.62,57.09,2.58
2023-01-04,0.0,9.3,17.56,4.73,55.6,2.97
2023-01-05,0.0,10.79,18.68,4.28,45.6,1.9
2023-01-06,0.0,9.69,15.17,6.33,54.46,1.69
2023-01-07,0.0,10.78,17.04,5.74,57.03,2.83
2023-01-08,1.73,11.87,18.13,7.7,68.85,2.35
2023-01-09,0.01,12.14,17.84,7.68,69.42,2.25
2023-01-10,0.04,12.41,17.03,9.17,67.79,1.94
2023-01-11,16.29,10.44,12.54,7.63,86.57,2.3
2023-01-12,12.61,8.1,10.71,2.68,87.94,2.56
2023-01-13,2.26,6.45,12.76,1.99,69.34,2.12
2023-01-14,0.19,6.16,14.14,0.63,70.03,2.35
2023-01-15,0.0,7.37,14.65,3.5,57.99,2.37
2023-01-16,0.0,7.33,14.56,2.66,60.58,2.5
2023-01-17,0.0,7.92,15.64,3.66,55.73,2.85
2023-01-18,0.0,8.06,15.31,1.68,55.97,2.39
2023-01-19,0.08,10.47,16.28,6.44,46.06,1.45
2023-01-20,0.69,8.98,15.23,4.06,61.75,2.11
2023-01-21,4.06,8.34,14.31,4.04,73.16,2.13
2023-01-22,0.49,8.34,13.95,4.5,70.47,1.92
2023-01-23,0.7,8.34,14.52,2.96,72.31,2.2
2023-01-24,5.57,9.53,14.86,5.38,70.48,1.77
2023-01-25,2.39,7.71,14.25,2.86,76.95,2.35
2023-01-26,0.08,8.54,16.07,3.46,69.99,2.29
2023-01-27,0.01,9.82,18.31,4.71,57.75,2.43
2023-01-28,0.0,11.01,20.09,4.88,55.04,2.64
2023-01-29,0.47,11.03,17.25,6.52,63.7,3.62
2023-01-30,27.91,8.76,12.08,5.52,88.92,3.22
2023-01-31,0.03,9.97,17.22,5.71,76.44,2.81
2023-02-01,0.01,10.34,19.27,3.47,57.46,3.62
2023-02-02,0.0,12.7,19.35,8.33,56.49,2.62
2023-02-03,0.0,11.58,16.7,8.37,66.37,3.04
2023-02-04,0.0,13.25,20.15,9.33,67.62,3.18
2023-02-05,0.36,13.45,20.38,6.5,59.22,2.54
2023-02-06,5.74,11.67,17.7,7.74,77.39,3.39
2023-02-07,0.0,11.51,19.53,6.33,65.7,3.06
2023-02-08,0.0,12.02,17.1,7.78,54.7,2.22
2023-02-09,8.58,10.14,13.09,7.09,75.52,3.87
2023-02-10,0.29,10.68,16.66,6.2,79.19,3.34
2023-02-11,0.02,9.29,16.09,4.44,57.95,3.72
2023-02-12,0.12,8.66,16.61,3.56,51.76,2.91
2023-02-13,0.0,9.94,18.31,2.33,51.5,3.73
2023-02-14,0.0,14.13,22.79,8.81,52.5,2.78
2023-02-15,0.0,16.43,23.77,11.06,54.99,3.18
2023-02-16,0.0,18.03,26.12,13.18,57.04,2.37
2023-02-17,0.0,19.18,25.51,12.36,51.68,1.99
2023-02-18,0.0,18.38,25.76,12.21,51.46,2.23
2023-02-19,0.04,17.59,23.0,14.01,59.89,2.65
2023-02-20,1.03,17.08,22.82,12.92,62.04,2.57
2023-02-21,0.0,15.89,23.49,11.0,59.64,2.74
2023-02-22,0.0,15.39,22.26,9.28,53.59,2.06
2023-02-23,0.0,15.07,24.29,8.32,56.46,3.45
2023-02-24,0.0,18.0,24.96,11.97,45.29,2.33
2023-02-25,0.05,17.31,24.94,11.0,55.4,2.86
2023-02-26,1.16,17.47,23.85,12.55,68.93,2.92
2023-02-27,0.0,16.93,24.04,11.76,64.5,3.04
2023-02-28,1.12,15.91,20.41,13.15,66.68,2.18
2023-03-01,1.99,15.4,19.86,11.57,74.06,1.21
2023-03-02,2.32,14.47,17.87,10.97,78.21,1.52
2023-03-03,0.34,15.62,22.91,9.65,68.65,2.47
2023-03-04,0.02,17.72,23.01,12.98,59.84,1.79
2023-03-05,0.0,16.87,24.4,10.91,64.86,3.14
2023-03-06,0.0,17.84,25.2,11.91,58.0,2.72
2023-03-07,0.0,18.22,25.37,13.15,56.81,2.46
2023-03-08,0.0,19.03,26.33,12.27,52.39,2.18
2023-03-09,0.0,18.36,25.94,11.67,57.5,2.61
2023-03-10,0.0,19.52,26.56,14.0,52.85,2.44
2023-03-11,0.0,20.3,27.51,13.45,54.39,2.01
2023-03-12,0.05,20.51,27.3,14.73,61.71,2.61
2023-03-13,0.0,20.87,27.94,14.92,58.04,3.06
2023-03-14,0.0,21.11,28.35,15.27,54.3,2.72
2023-03-15,0.0,21.24,28.47,14.99,52.85,2.2
2023-03-16,7.46,18.78,24.51,15.4,68.54,3.04
2023-03-17,5.06,17.75,23.91,14.29,69.93,3.11
2023-03-18,0.43,17.46,22.96,13.03,71.76,2.28
2023-03-19,3.96,16.79,20.75,12.17,74.96,1.98
2023-03-20,2.03,17.77,24.2,12.02,66.83,2.08
2023-03-21,9.38,17.54,22.75,13.25,68.51,2.36
2023-03-22,1.01,17.26,23.09,12.62,69.01,2.33
2023-03-23,4.74,16.96,21.54,13.6,73.43,2.03
2023-03-24,16.16,14.43,17.58,13.03,79.72,3.46
2023-03-25,10.49,14.26,17.64,10.01,83.93,2.61
2023-03-26,0.04,16.08,23.23,9.12,63.35,1.95
2023-03-27,0.02,17.53,24.29,11.5,60.65,2.68
2023-03-28,0.99,18.53,24.05,12.86,60.53,2.74
2023-03-29,0.19,19.1,25.53,14.25,68.52,2.55
2023-03-30,2.97,19.82,26.56,14.61,68.92,2.59
2023-03-31,22.51,16.08,18.77,13.55,85.1,2.57
2023-04-01,6.44,16.02,20.08,12.63,83.64,1.77
2023-04-02,1.2,17.51,22.63,11.64,75.36,2.26
2023-04-03,7.42,19.02,23.56,15.2,69.87,1.39
2023-04-04,0.11,17.28,22.05,13.19,72.55,2.46
2023-04-05,0.01,18.56,24.68,12.4,57.89,1.99
2023-04-06,2.2,18.65,25.06,12.67,64.42,2.03
2023-04-07,0.0,19.14,26.83,12.68,56.37,3.0
2023-04-08,0.0,21.91,29.43,13.48,46.5,2.08
2023-04-09,0.0,23.32,30.19,14.91,46.63,1.98
2023-04-10,0.0,24.27,30.75,17.64,49.23,2.38
2023-04-11,0.0,24.58,30.29,19.21,50.46,2.3
2023-04-12,0.0,25.02,32.28,17.77,50.96,2.74
2023-04-13,0.0,25.01,33.09,17.5,47.68,3.02
2023-04-14,0.0,26.27,34.11,17.36,40.77,2.5
2023-04-15,0.01,27.16,35.21,18.15,40.61,2.44
2023-04-16,0.51,25.18,33.75,19.16,50.5,4.42
2023-04-17,0.53,25.89,33.75,18.62,51.22,2.71
2023-04-18,12.41,22.41,26.26,18.9,67.86,2.98
2023-04-19,20.46,20.85,24.84,16.82,71.5,1.53
2023-04-20,6.47,19.89,24.75,15.5,69.25,2.79
2023-04-21,0.44,19.68,26.32,13.75,59.52,2.7
2023-04-22,0.2,20.74,28.02,13.47,53.12,2.55
2023-04-23,0.89,21.72,31.34,12.93,46.43,2.94
2023-04-24,0.0,23.3,31.62,13.87,41.53,2.73
2023-04-25,0.0,23.67,31.25,15.44,44.74,2.67
2023-04-26,1.92,24.89,32.6,17.55,47.06,2.56
2023-04-27,1.22,25.26,32.57,17.86,49.64,3.55
2023-04-28,12.06,23.44,29.11,18.24,62.44,1.92
2023-04-29,0.04,24.01,31.72,16.88,53.4,2.59
2023-04-30,0.0,25.03,31.31,17.23,48.77,2.18
2023-05-01,2.75,21.59,24.47,18.03,74.28,2.03
2023-05-02,15.44,18.57,20.85,16.45,87.34,2.8
2023-05-03,1.27,20.12,25.31,16.27,75.78,1.85
2023-05-04,4.6,22.22,27.2,16.78,68.51,1.92
2023-05-05,3.26,23.89,28.63,18.64,60.55,1.82
2023-05-06,1.33,24.47,30.55,18.7,57.03,2.48
2023-05-07,4.32,22.0,26.52,18.64,66.09,2.34
2023-05-08,2.31,22.4,29.23,16.71,52.1,3.01
2023-05-09,0.03,22.25,30.37,14.3,47.64,2.98
2023-05-10,0.0,24.15,33.89,15.09,43.45,4.09
2023-05-11,0.0,27.77,36.88,18.5,33.97,2.64
2023-05-12,0.0,29.24,36.81,21.18,36.19,1.65
2023-05-13,0.18,28.37,36.9,22.34,45.67,4.83
2023-05-14,0.61,27.39,34.42,21.13,47.18,2.91
2023-05-15,0.7,27.74,36.48,19.28,42.6,2.96
2023-05-16,0.01,26.36,32.27,21.39,50.44,3.87
2023-05-17,0.0,29.21,37.05,21.65,43.23,2.13
2023-05-18,7.35,26.7,31.67,21.41,56.47,2.1
2023-05-19,0.0,27.53,35.27,19.55,47.64,3.46
2023-05-20,0.02,28.55,37.51,19.8,37.48,3.34
2023-05-21,0.0,30.43,39.83,21.23,34.2,3.23
2023-05-22,0.0,31.18,40.79,22.74,37.32,3.64
2023-05-23,2.93,30.99,37.62,23.61,43.54,2.58
2023-05-24,3.55,28.32,33.53,23.22,55.66,3.34
2023-05-25,5.97,26.82,32.35,21.63,61.27,2.94
2023-05-26,4.85,24.94,32.27,19.93,63.07,3.11
2023-05-27,0.09,26.45,33.42,18.29,48.38,2.24
2023-05-28,0.3,27.95,34.97,19.49,42.72,1.8
2023-05-29,4.05,26.33,31.59,21.64,58.88,1.98
2023-05-30,3.14,21.98,25.51,19.9,72.37,3.07
2023-05-31,16.73,21.98,25.39,19.54,78.32,2.94
2023-06-01,30.9,19.66,22.31,17.25,83.52,3.25
2023-06-02,0.07,24.58,30.96,16.53,60.69,2.38
2023-06-03,0.03,26.39,32.49,19.28,55.25,1.27
2023-06-04,0.06,28.31,34.91,21.89,52.2,2.21
2023-06-05,0.03,28.51,35.52,21.83,51.42,2.1
2023-06-06,0.34,30.69,36.61,25.39,42.74,2.01
2023-06-07,11.47,28.04,33.17,22.11,58.8,2.69
2023-06-08,0.85,29.31,35.87,22.31,57.52,1.79
2023-06-09,0.0,31.15,38.42,24.33,50.48,1.86
2023-06-10,4.41,32.2,38.95,25.27,49.84,1.84
2023-06-11,1.89,32.43,37.84,27.62,48.4,1.61
2023-06-12,0.0,32.3,38.57,25.38,46.57,1.52
2023-06-13,0.69,32.45,39.26,26.05,48.35,2.42
2023-06-14,8.78,32.04,38.59,24.72,51.64,2.73
2023-06-15,7.65,30.01,34.37,25.87,63.06,2.17
2023-06-16,0.24,30.27,34.8,25.7,61.66,1.65
2023-06-17,0.54,32.5,37.35,26.84,51.34,1.07
2023-06-18,6.01,32.97,37.54,26.78,51.53,1.7
2023-06-19,3.01,32.15,38.16,25.97,56.9,2.2
2023-06-20,0.0,32.85,39.63,26.09,51.75,2.47
2023-06-21,0.0,34.01,40.69,27.08,50.37,2.03
2023-06-22,0.0,35.89,42.5,27.88,46.2,1.9
2023-06-23,0.0,36.17,42.79,28.77,46.58,1.72
2023-06-24,0.46,35.11,40.91,29.29,51.37,1.85
2023-06-25,18.0,33.81,38.17,29.52,56.41,2.3
2023-06-26,40.34,28.31,32.03,25.34,77.4,4.72
2023-06-27,1.09,29.36,34.57,24.84,68.94,1.78
2023-06-28,9.32,30.05,34.58,25.32,68.76,1.52
2023-06-29,8.42,30.3,34.43,25.64,68.5,1.65
2023-06-30,26.41,30.09,33.38,26.58,65.98,1.15
2023-07-01,0.81,30.18,34.55,24.42,61.9,1.57
2023-07-02,0.06,31.93,36.93,26.32,58.46,1.72
2023-07-03,29.84,31.69,35.22,27.03,62.87,1.21
2023-07-04,18.15,30.14,34.78,25.34,71.67,3.04
2023-07-05,1.83,28.19,32.48,23.17,74.83,2.76
2023-07-06,7.34,28.66,32.78,24.44,75.09,1.55
2023-07-07,14.55,28.53,32.44,24.72,70.04,1.47
2023-07-08,18.15,27.41,31.75,23.94,75.39,2.15
2023-07-09,1.59,27.64,32.65,22.96,72.24,1.86
2023-07-10,1.17,28.67,33.15,23.77,72.04,1.22
2023-07-11,0.0,30.04,34.84,24.65,65.75,1.94
2023-07-12,0.02,30.44,34.92,24.25,67.62,2.16
2023-07-13,3.35,30.9,35.9,25.95,72.52,2.23
2023-07-14,1.96,29.73,33.15,26.35,75.57,2.2
2023-07-15,35.14,27.26,29.2,25.22,85.42,1.74
2023-07-16,16.16,29.74,33.21,25.9,73.3,1.14
2023-07-17,3.92,30.19,34.5,25.53,74.32,1.36
2023-07-18,8.41,29.82,33.72,25.84,79.89,2.03
2023-07-19,84.69,26.91,27.85,25.59,94.7,3.25
2023-07-20,7.72,28.36,31.27,25.21,83.11,2.59
2023-07-21,2.26,27.92,31.01,25.82,87.01,3.4
2023-07-22,37.44,27.69,31.33,25.19,88.79,4.41
2023-07-23,11.37,28.18,31.34,24.35,79.31,2.19
2023-07-24,33.69,28.86,31.75,24.79,76.98,1.53
2023-07-25,10.47,29.27,32.47,26.12,76.89,1.63
2023-07-26,5.72,28.6,32.17,25.16,82.42,2.18
2023-07-27,21.97,27.99,31.4,24.77,85.02,2.48
2023-07-28,21.33,27.84,31.1,24.6,83.12,2.15
2023-07-29,21.75,27.79,31.1,24.63,84.25,1.85
2023-07-30,0.05,28.5,32.24,24.31,78.86,1.71
2023-07-31,5.87,29.04,32.32,25.54,74.74,1.52
2023-08-01,2.25,29.39,33.31,25.04,75.02,1.64
2023-08-02,3.43,30.17,33.61,25.53,76.38,1.89
2023-08-03,10.78,29.63,32.88,26.1,79.87,2.12
2023-08-04,10.47,29.84,33.26,26.12,79.2,2.1
2023-08-05,13.78,29.61,32.85,25.84,79.7,2.05
2023-08-06,17.0,30.13,33.09,27.22,73.61,1.64
2023-08-07,9.03,29.03,32.17,25.14,78.14,1.62
2023-08-08,1.27,30.04,33.31,25.84,69.06,1.89
2023-08-09,0.73,30.2,33.07,25.89,73.77,1.55
2023-08-10,0.4,29.8,33.35,26.19,79.02,1.67
2023-08-11,7.5,27.56,30.85,25.21,83.34,1.39
2023-08-12,0.01,29.74,33.71,25.27,74.15,1.72
2023-08-13,0.08,29.98,33.65,25.91,74.62,2.05
2023-08-14,12.08,29.13,32.62,25.67,82.02,2.8
2023-08-15,23.61,28.32,31.7,24.55,80.77,2.44
2023-08-16,1.27,28.91,31.66,24.91,76.38,1.59
2023-08-17,8.05,29.0,31.91,26.2,78.15,1.54
2023-08-18,1.89,29.54,32.94,25.38,76.15,1.51
2023-08-19,0.05,29.99,33.77,25.49,74.15,1.22
2023-08-20,0.01,29.88,33.29,25.8,71.56,1.23
2023-08-21,0.0,29.58,33.44,25.59,76.09,1.87
2023-08-22,0.0,30.44,33.87,26.51,76.3,2.2
2023-08-23,4.66,30.82,34.47,26.91,74.55,1.71
2023-08-24,12.86,28.72,31.87,25.63,78.55,1.98
2023-08-25,10.82,28.51,32.33,24.68,72.59,1.75
2023-08-26,2.38,27.53,30.97,23.43,73.73,1.52
2023-08-27,2.6,27.66,31.09,23.81,72.46,1.8
2023-08-28,3.66,28.01,31.43,24.88,71.26,1.23
2023-08-29,0.14,27.43,31.23,23.85,77.46,1.74
2023-08-30,0.0,27.89,31.97,23.6,73.91,1.98
2023-08-31,0.0,28.54,32.62,23.99,73.47,1.75
2023-09-01,0.0,29.04,32.92,24.92,73.12,1.53
2023-09-02,1.2,28.95,32.94,25.21,72.34,1.64
2023-09-03,0.01,27.94,31.89,23.78,72.52,1.6
2023-09-04,0.47,28.27,32.58,23.92,73.94,1.85
2023-09-05,13.4,26.07,29.02,23.47,82.46,2.23
2023-09-06,0.0,27.41,32.0,23.28,74.93,1.95
2023-09-07,0.0,27.85,32.29,24.04,73.57,2.15
2023-09-08,1.52,27.8,32.51,23.19,73.35,2.0
2023-09-09,15.41,27.88,32.09,23.84,77.48,2.13
2023-09-10,1.95,27.77,31.94,23.36,76.1,2.15
2023-09-11,0.62,28.01,31.99,23.83,77.82,2.26
2023-09-12,0.04,28.32,32.26,25.02,77.01,1.91
2023-09-13,0.04,28.62,33.13,24.19,76.46,1.77
2023-09-14,4.09,29.54,33.5,25.94,73.14,1.46
2023-09-15,7.09,29.18,33.45,25.19,75.58,1.74
2023-09-16,38.14,27.72,31.29,24.52,80.32,1.64
2023-09-17,8.71,27.43,31.27,24.3,81.99,1.57
2023-09-18,1.06,26.63,30.17,23.58,81.82,1.87
2023-09-19,0.07,26.83,30.49,23.12,77.56,1.48
2023-09-20,0.02,26.99,31.1,23.17,77.74,1.21
2023-09-21,2.11,26.96,30.94,23.29,78.47,1.62
2023-09-22,7.35,26.68,30.24,23.46,80.6,1.99
2023-09-23,21.79,26.46,29.91,23.44,82.22,2.28
2023-09-24,5.07,25.55,28.79,22.4,80.09,1.62
2023-09-25,13.88,23.85,27.62,20.42,80.62,1.85
2023-09-26,0.0,24.18,29.69,18.77,64.81,2.01
2023-09-27,0.0,24.5,29.97,19.65,62.01,2.22
2023-09-28,0.0,24.78,30.37,19.86,60.27,1.78
2023-09-29,0.91,23.73,29.24,19.01,63.87,1.96
2023-09-30,0.02,22.51,28.22,16.83,63.48,2.59
2023-10-01,0.0,24.36,30.72,18.79,48.5,1.74
2023-10-02,0.01,23.81,29.09,19.44,53.93,1.54
2023-10-03,0.02,23.51,28.98,18.85,56.53,2.15
2023-10-04,0.0,23.73,30.36,17.28,55.43,2.32
2023-10-05,0.0,24.76,31.37,18.69,48.59,2.49
2023-10-06,0.0,24.57,30.97,18.65,49.68,2.03
2023-10-07,0.0,24.9,31.07,19.72,55.97,1.89
2023-10-08,0.0,25.34,30.13,20.99,62.55,2.27
2023-10-09,6.95,24.6,29.26,20.67,72.84,1.94
2023-10-10,3.06,22.54,27.51,17.91,74.03,2.24
2023-10-11,0.0,22.47,28.8,16.33,61.03,2.85
2023-10-12,0.0,23.08,29.39,18.32,56.89,2.13
2023-10-13,0.14,22.42,28.35,17.99,66.49,2.39
2023-10-14,10.95,22.29,26.99,18.26,71.53,1.44
2023-10-15,4.64,21.27,25.89,17.4,67.98,2.15
2023-10-16,17.91,18.49,20.75,16.6,83.85,1.82
2023-10-17,10.58,17.84,21.57,13.68,85.42,2.23
2023-10-18,0.0,17.69,24.03,12.63,66.5,2.56
2023-10-19,0.0,19.21,25.01,13.77,59.09,1.99
2023-10-20,0.0,20.02,25.34,15.15,61.07,1.47
2023-10-21,0.0,20.43,25.94,16.17,66.95,1.96
2023-10-22,4.78,19.32,23.56,15.32,76.88,1.71
2023-10-23,0.0,19.28,25.21,14.15,67.67,2.13
2023-10-24,0.01,20.21,25.88,14.46,62.51,1.69
2023-10-25,0.05,20.38,26.95,14.93,59.85,2.53
2023-10-26,0.0,20.87,27.72,15.45,57.61,2.5
2023-10-27,0.0,20.99,26.44,16.21,60.45,2.24
2023-10-28,0.0,21.38,27.08,16.71,61.73,2.22
2023-10-29,0.0,21.19,27.28,16.25,64.57,1.85
2023-10-30,0.0,20.9,26.56,16.91,68.6,1.61
2023-10-31,0.0,21.15,26.4,16.56,66.86,1.45
2023-11-01,0.26,20.41,25.3,16.99,72.57,1.71
2023-11-02,1.43,20.32,25.22,16.41,69.36,1.54
2023-11-03,0.0,19.55,25.95,14.35,62.65,2.46
2023-11-04,0.0,19.41,26.2,13.93,58.51,2.09
2023-11-05,0.0,19.21,25.95,14.06,56.62,2.45
2023-11-06,0.0,19.8,25.83,15.09,59.8,1.49
2023-11-07,0.0,19.05,24.47,16.22,72.8,2.08
2023-11-08,0.0,19.92,24.65,16.42,67.9,1.71
2023-11-09,12.06,19.71,24.81,16.23,63.28,1.5
2023-11-10,46.52,16.59,21.82,11.69,79.65,1.72
2023-11-11,0.09,15.24,21.37,10.89,64.76,2.44
2023-11-12,0.0,16.01,22.25,11.23,56.61,2.22
2023-11-13,0.0,16.68,22.46,12.32,51.95,1.66
2023-11-14,0.0,16.96,23.82,11.79,51.35,2.11
2023-11-15,0.0,17.15,24.24,11.62,52.73,2.35
2023-11-16,0.0,18.34,24.96,13.55,48.1,1.7
2023-11-17,0.0,18.04,24.75,13.28,48.34,1.97
2023-11-18,0.0,17.73,23.47,14.02,53.21,1.88
2023-11-19,0.0,18.5,23.58,14.57,52.25,1.28
2023-11-20,0.0,16.53,22.11,11.74,59.46,1.91
2023-11-21,0.0,16.06,22.64,11.92,58.14,2.7
2023-11-22,0.0,15.89,22.37,11.35,57.99,2.37
2023-11-23,0.0,15.88,22.07,11.59,60.47,2.03
2023-11-24,0.0,15.34,22.71,11.62,62.14,2.88
2023-11-25,0.0,17.46,24.61,11.75,44.62,1.54
2023-11-26,0.0,15.6,19.89,12.81,66.0,1.97
2023-11-27,0.0,16.96,23.74,12.55,57.42,1.86
2023-11-28,0.0,16.88,23.91,11.64,59.66,2.37
2023-11-29,0.01,17.32,23.45,12.85,59.53,2.15
2023-11-30,5.59,14.45,18.48,11.59,79.94,2.03
2023-12-01,0.41,14.23,21.18,10.0,74.27,2.91
2023-12-02,0.0,14.68,22.02,9.31,58.27,2.15
2023-12-03,0.0,16.26,22.5,12.47,53.89,1.9
2023-12-04,0.0,14.67,21.81,9.99,57.49,2.75
2023-12-05,0.0,13.52,20.91,8.55,53.96,2.44
2023-12-06,0.0,13.36,20.94,9.26,51.13,2.35
2023-12-07,0.0,14.55,21.56,10.06,43.83,1.94
2023-12-08,0.0,14.06,19.74,9.5,45.13,1.77
2023-12-09,0.0,13.82,20.63,10.1,50.72,2.28
2023-12-10,0.0,12.54,21.13,7.61,54.85,3.43
2023-12-11,0.0,12.85,20.03,7.67,44.26,2.05
2023-12-12,0.0,12.12,18.63,7.85,51.7,1.79
2023-12-13,0.0,11.88,18.63,7.76,50.4,1.69
2023-12-14,0.0,12.38,18.93,8.26,49.47,2.01
2023-12-15,0.0,12.76,19.48,8.09,50.97,2.24
2023-12-16,0.49,11.1,16.67,6.89,59.2,1.86
2023-12-17,0.02,10.51,18.53,6.71,63.47,2.66
2023-12-18,0.0,11.19,20.18,6.75,53.71,3.04
2023-12-19,0.0,12.32,21.25,7.89,43.63,2.67
2023-12-20,0.0,13.34,21.59,9.44,42.39,2.76
2023-12-21,0.0,14.77,21.93,10.01,37.07,2.38
2023-12-22,0.0,14.78,22.16,10.15,41.86,2.08
2023-12-23,0.47,14.95,22.35,9.66,45.37,1.74
2023-12-24,0.82,13.67,22.33,9.86,55.3,2.61
2023-12-25,0.0,15.22,23.48,9.87,53.37,2.55
2023-12-26,0.0,15.59,22.59,11.55,47.99,1.97
2023-12-27,0.0,14.12,21.43,10.13,49.48,2.22
2023-12-28,0.0,13.63,22.68,8.44,52.6,3.23
2023-12-29,0.0,12.99,19.74,7.64,58.01,2.03
2023-12-30,0.0,12.93,17.26,9.11,56.34,1.37
2023-12-31,0.0,13.12,20.39,8.44,51.24,1.78
2024-01-01,0.0,12.11,19.23,8.68,53.84,1.99
2024-01-02,0.0,11.69,17.58,8.16,53.72,1.4
2024-01-03,0.0,11.25,17.9,7.47,56.06,2.03
2024-01-04,0.0,12.35,19.22,6.12,48.72,1.66
2024-01-05,0.0,12.14,17.98,8.62,48.64,1.27
2024-01-06,0.0,11.84,18.42,7.59,47.37,1.48
2024-01-07,0.0,12.05,19.39,8.0,51.51,1.53
2024-01-08,0.0,11.39,18.01,7.61,58.59,1.89
2024-01-09,0.0,12.89,19.36,8.21,51.79,1.23
2024-01-10,0.0,11.14,17.92,6.49,53.61,2.01
2024-01-11,0.0,11.77,19.54,6.31,46.52,1.97
2024-01-12,0.0,11.79,17.97,6.74,51.37,2.19
2024-01-13,0.0,13.77,20.49,9.01,41.54,1.41
2024-01-14,0.0,12.94,20.28,7.92,41.04,1.58
2024-01-15,0.0,12.43,19.58,6.48,41.69,1.84
2024-01-16,0.0,11.11,18.45,6.33,48.44,2.06
2024-01-17,0.0,11.83,19.06,6.54,46.29,1.66
2024-01-18,0.0,12.24,18.93,7.92,47.73,1.62
2024-01-19,0.0,12.17,18.38,8.44,49.86,1.88
2024-01-20,0.0,11.14,17.94,7.11,53.52,1.96
2024-01-21,0.0,10.97,19.2,5.77,52.6,2.41
2024-01-22,0.0,11.45,17.75,6.67,45.2,1.48
2024-01-23,0.0,10.65,18.17,5.95,48.27,1.87
2024-01-24,0.0,10.36,16.78,5.89,48.85,1.95
2024-01-25,0.02,10.88,16.74,7.03,48.91,1.6
2024-01-26,0.07,11.04,18.29,5.55,60.48,2.31
2024-01-27,0.0,12.14,19.9,7.18,59.36,2.88
2024-01-28,2.35,12.62,20.33,9.27,69.33,3.01
2024-01-29,0.74,12.8,17.95,9.15,65.82,3.06
2024-01-30,8.52,12.71,19.12,8.28,69.7,2.12
2024-01-31,20.55,11.95,15.54,9.89,83.21,3.19
2024-02-01,5.02,10.21,14.1,4.07,69.24,1.93
2024-02-02,0.0,7.71,16.27,1.02,52.84,3.34
2024-02-03,3.17,8.85,13.71,4.91,67.27,2.74
2024-02-04,2.79,8.69,13.87,4.34,77.67,2.69
2024-02-05,0.02,9.07,15.46,3.95,57.14,1.68
2024-02-06,0.34,9.58,16.35,4.61,50.81,2.05
2024-02-07,0.0,9.01,16.87,3.97,50.95,3.18
2024-02-08,0.0,10.05,21.04,1.33,43.08,4.15
2024-02-09,0.0,12.41,21.73,4.3,36.75,2.38
2024-02-10,0.0,12.33,21.72,4.93,43.83,2.99
2024-02-11,0.0,13.62,22.23,6.11,40.4,2.45
2024-02-12,0.0,13.49,21.19,7.38,44.26,2.15
2024-02-13,0.0,15.44,22.99,10.16,40.17,1.68
2024-02-14,0.0,13.8,22.94,7.74,44.18,3.37
2024-02-15,0.0,15.21,23.4,8.32,35.99,2.19
2024-02-16,0.0,15.5,24.33,9.33,39.71,2.14
2024-02-17,0.0,16.7,23.72,10.0,39.62,2.06
2024-02-18,6.21,13.12,17.08,10.34,61.92,4.84
2024-02-19,32.73,11.78,15.73,8.75,81.98,6.68
2024-02-20,3.03,11.79,18.83,6.31,64.47,3.07
2024-02-21,0.14,10.64,18.54,4.31,56.49,3.11
2024-02-22,0.16,9.64,17.56,3.4,54.07,3.14
2024-02-23,0.0,10.76,18.94,4.84,48.32,3.07
2024-02-24,0.01,12.12,18.75,7.29,42.03,2.14
2024-02-25,0.01,12.6,19.24,6.94,50.91,2.12
2024-02-26,0.1,11.86,19.07,7.57,54.52,2.7
2024-02-27,0.0,12.7,19.44,6.42,55.46,2.23
2024-02-28,0.0,13.84,21.92,8.02,58.69,3.18
2024-02-29,0.0,13.93,20.33,9.35,56.62,2.21
2024-03-01,14.32,12.04,14.99,9.39,78.72,5.32
2024-03-02,40.15,12.64,15.79,8.32,90.11,6.87
2024-03-03,2.41,10.0,15.4,5.84,68.37,4.59
2024-03-04,0.04,9.3,16.6,3.16,56.93,2.31
2024-03-05,0.0,10.36,18.33,3.45,55.49,2.86
2024-03-06,0.0,11.86,17.71,6.19,50.67,1.74
2024-03-07,0.01,12.46,19.15,5.55,54.09,2.29
2024-03-08,0.0,13.43,20.85,7.76,57.55,2.87
2024-03-09,0.0,14.81,23.51,7.51,54.92,3.56
2024-03-10,0.0,17.62,24.03,10.75,45.65,2.11
2024-03-11,0.0,16.29,22.02,11.83,56.84,2.47
2024-03-12,0.0,17.54,24.49,10.54,53.63,2.22
2024-03-13,34.1,14.9,19.61,10.24,69.74,2.12
2024-03-14,0.02,13.91,20.99,8.46,69.63,2.62
2024-03-15,0.0,14.67,22.78,7.68,54.98,3.67
2024-03-16,0.0,16.97,24.4,10.98,45.22,2.49
2024-03-17,0.0,16.9,24.82,10.03,53.38,3.35
2024-03-18,0.0,18.96,26.08,12.35,49.71,2.67
2024-03-19,0.0,18.91,26.51,12.55,55.77,2.99
2024-03-20,0.0,20.71,28.8,13.03,52.2,2.51
2024-03-21,4.52,19.59,26.21,14.84,60.07,3.0
2024-03-22,0.96,19.31,25.19,14.69,67.02,2.52
2024-03-23,0.0,20.02,27.9,13.27,59.52,3.25
2024-03-24,0.0,20.39,27.62,15.31,56.15,3.29
2024-03-25,0.0,20.66,27.63,14.46,57.79,3.2
2024-03-26,0.0,21.93,30.53,14.77,57.53,3.46
2024-03-27,4.09,21.74,27.94,17.64,63.44,2.54
2024-03-28,0.29,20.69,25.86,17.03,72.91,2.0
2024-03-29,8.94,22.1,27.86,17.35,63.88,1.86
2024-03-30,31.37,20.23,25.09,15.47,70.78,1.98
2024-03-31,0.08,17.73,24.33,13.06,72.32,2.6
2024-04-01,0.0,18.59,25.72,11.83,57.82,2.91
2024-04-02,0.0,19.77,27.32,12.6,51.44,2.87
2024-04-03,2.7,20.67,26.88,14.39,53.15,2.49
2024-04-04,0.03,20.32,27.88,13.45,52.66,2.83
2024-04-05,0.0,20.33,27.9,14.23,50.3,3.62
2024-04-06,0.0,20.95,29.09,13.25,46.61,3.07
2024-04-07,0.0,22.31,30.82,14.75,44.88,2.7
2024-04-08,0.0,22.78,31.36,14.59,42.01,3.07
2024-04-09,0.0,23.76,32.39,15.09,40.82,2.81
2024-04-10,0.15,24.76,32.96,18.06,43.3,2.74
2024-04-11,3.16,23.89,31.51,17.23,49.93,3.04
2024-04-12,1.17,24.53,32.27,16.95,50.95,2.67
2024-04-13,3.53,20.66,26.73,17.26,68.79,2.95
2024-04-14,6.02,19.87,24.43,16.03,75.28,3.26
2024-04-15,29.29,20.46,25.56,17.11,80.85,3.05
2024-04-16,2.54,20.41,26.57,15.6,74.15,2.71
2024-04-17,0.0,22.02,29.57,14.51,53.09,2.6
2024-04-18,14.56,22.51,28.97,16.91,53.4,2.06
2024-04-19,18.24,22.45,29.18,17.35,63.82,3.48
2024-04-20,1.21,21.52,27.21,16.79,66.48,2.03
2024-04-21,0.24,22.23,28.93,16.03,60.8,2.42
2024-04-22,1.22,22.3,28.65,16.6,61.06,2.36
2024-04-23,3.11,23.75,29.95,16.4,52.52,2.12
2024-04-24,0.0,23.5,30.25,16.97,56.2,2.71
2024-04-25,0.0,24.8,32.03,17.76,56.5,2.99
2024-04-26,2.1,22.19,28.18,17.95,68.82,2.97
2024-04-27,12.34,19.67,23.0,16.69,76.23,2.24
2024-04-28,9.55,20.84,25.93,16.66,71.34,3.17
2024-04-29,17.45,20.55,25.71,14.8,69.53,3.13
2024-04-30,0.25,17.81,23.55,11.99,67.46,4.05
2024-05-01,0.0,19.67,27.13,11.59,58.17,3.12
2024-05-02,0.0,22.36,30.2,14.77,50.89,2.99
2024-05-03,0.06,22.84,30.33,16.94,53.54,2.63
2024-05-04,0.36,22.96,31.11,16.27,62.39,3.37
2024-05-05,0.0,24.41,31.87,17.46,58.4,3.99
2024-05-06,0.0,26.57,34.88,18.87,52.33,2.72
2024-05-07,0.0,28.03,36.42,20.05,45.82,2.94
2024-05-08,0.0,28.98,37.85,20.45,43.87,2.84
2024-05-09,0.01,29.0,37.43,20.8,47.42,3.06
2024-05-10,13.74,28.48,36.06,22.17,56.54,2.8
2024-05-11,1.92,28.2,33.69,23.89,59.96,1.6
2024-05-12,7.04,25.23,30.63,19.72,59.94,4.43
2024-05-13,0.0,25.0,32.47,17.52,48.64,3.38
2024-05-14,0.0,26.55,34.81,17.68,46.73,3.5
2024-05-15,0.0,29.85,38.03,21.11,42.57,2.06
2024-05-16,0.0,30.45,38.3,23.22,45.0,2.9
2024-05-17,0.0,31.11,39.31,24.34,44.19,3.01
2024-05-18,0.0,30.5,38.07,23.21,46.22,3.84
2024-05-19,0.12,30.84,37.97,24.63,44.82,3.22
2024-05-20,0.0,31.25,39.84,23.16,42.05,3.05
2024-05-21,0.0,30.38,38.51,23.09,39.23,3.5
2024-05-22,0.0,31.96,41.4,23.49,38.34,2.85
2024-05-23,0.0,31.98,41.21,23.44,36.6,2.9
2024-05-24,0.08,31.87,40.22,24.48,38.53,3.08
2024-05-25,1.6,31.36,39.33,23.65,41.31,4.08
2024-05-26,0.0,31.4,40.38,23.42,34.49,3.62
2024-05-27,0.0,32.31,41.95,23.53,30.74,3.63
2024-05-28,0.0,32.29,41.64,23.64,28.83,2.98
2024-05-29,0.0,32.07,40.96,23.27,29.14,2.46
2024-05-30,0.0,32.43,41.51,23.91,24.89,3.41
2024-05-31,0.0,33.05,41.99,24.71,22.08,2.36
2024-06-01,0.07,32.71,42.23,23.91,23.14,3.11
2024-06-02,0.0,33.35,42.51,24.07,20.07,3.17
2024-06-03,0.0,34.8,43.92,25.68,21.24,3.19
2024-06-04,0.04,34.95,42.59,26.66,21.7,2.8
2024-06-05,7.17,34.92,42.34,28.17,24.9,4.47
2024-06-06,1.25,30.16,36.41,24.49,46.37,1.59
2024-06-07,0.24,29.91,36.34,23.34,42.66,2.7
2024-06-08,0.05,30.64,38.36,22.94,32.38,2.82
2024-06-09,0.05,31.66,39.64,23.29,27.73,3.26
2024-06-10,0.0,32.88,41.83,23.65,24.25,3.17
2024-06-11,0.89,33.72,42.05,24.54,24.49,2.78
2024-06-12,0.01,35.84,45.03,26.51,20.21,2.87
2024-06-13,0.06,36.25,45.05,27.21,18.86,2.85
2024-06-14,1.31,35.99,43.79,27.26,22.3,2.52
2024-06-15,0.0,36.16,44.34,28.05,21.97,3.18
2024-06-16,0.01,36.87,45.47,27.79,20.18,3.1
2024-06-17,0.0,37.95,46.2,29.35,19.02,2.49
2024-06-18,6.12,36.2,43.51,29.88,27.12,2.79
2024-06-19,3.0,35.02,42.54,26.89,30.13,2.71
2024-06-20,3.07,34.56,41.2,26.12,30.69,2.38
2024-06-21,7.08,30.34,35.38,25.13,42.49,3.29
2024-06-22,0.34,31.64,38.99,23.78,45.95,2.08
2024-06-23,1.41,33.89,40.69,26.88,38.05,2.38
2024-06-24,0.68,34.87,42.33,27.1,33.52,2.35
2024-06-25,0.0,36.19,44.18,27.86,27.92,2.69
2024-06-26,0.14,37.27,43.83,30.68,27.27,1.63
2024-06-27,0.1,37.43,43.85,31.14,28.86,3.51
2024-06-28,1.15,36.37,42.95,30.17,33.07,2.9
2024-06-29,2.63,35.73,41.47,30.12,37.24,2.15
2024-06-30,0.0,36.73,42.59,30.0,34.46,1.93
2024-07-01,0.03,37.95,43.37,32.76,35.14,1.7
2024-07-02,1.87,38.31,44.88,31.88,33.04,1.77
2024-07-03,1.05,38.47,44.97,32.03,35.88,2.25
2024-07-04,22.08,33.76,38.72,28.92,54.83,3.67
2024-07-05,2.41,32.53,37.94,28.23,59.84,2.44
2024-07-06,40.85,30.21,34.34,26.71,70.5,3.81
2024-07-07,7.19,30.18,34.65,25.31,64.13,1.98
2024-07-08,2.37,31.92,38.27,25.23,56.57,1.93
2024-07-09,1.22,31.58,36.9,27.03,63.14,1.45
2024-07-10,19.94,32.36,36.7,27.52,62.49,1.83
2024-07-11,16.81,32.47,36.98,28.35,61.78,2.12
2024-07-12,2.89,32.49,38.23,27.0,61.27,2.24
2024-07-13,28.99,30.48,34.13,26.17,66.37,1.51
2024-07-14,0.09,30.5,34.05,26.46,62.87,1.16
2024-07-15,0.11,32.27,37.22,26.73,52.02,1.47
2024-07-16,0.07,32.82,38.79,25.76,51.93,2.04
2024-07-17,0.01,32.23,37.46,27.53,55.1,1.56
2024-07-18,21.6,29.65,34.0,25.66,71.75,2.59
2024-07-19,0.03,32.17,37.14,25.68,58.55,2.03
2024-07-20,0.02,33.63,37.95,28.34,55.2,1.44
2024-07-21,0.08,33.89,39.17,27.94,56.56,1.89
2024-07-22,7.56,33.46,38.45,27.8,59.57,1.56
2024-07-23,31.12,32.43,37.39,27.63,65.94,2.01
2024-07-24,314.83,31.52,34.67,27.63,69.95,1.58
2024-07-25,31.17,31.71,34.94,28.23,72.02,2.06
2024-07-26,4.08,31.86,35.24,27.63,71.32,1.61
2024-07-27,0.47,31.53,35.14,27.02,72.82,1.54
2024-07-28,24.92,29.95,32.8,27.37,81.57,2.44
2024-07-29,35.04,28.96,31.74,27.25,86.48,3.03
2024-07-30,40.95,30.66,34.56,26.77,78.32,1.22
2024-07-31,15.66,31.18,34.44,27.86,78.85,1.66
2024-08-01,26.4,30.0,33.17,26.2,81.46,2.93
2024-08-02,17.06,28.01,32.04,23.62,78.96,2.24
2024-08-03,1.31,29.06,32.47,25.84,80.12,2.44
2024-08-04,11.78,28.65,31.86,25.93,83.14,2.14
2024-08-05,27.09,28.74,31.64,25.38,81.89,1.56
2024-08-06,125.4,29.14,32.36,25.76,83.55,1.96
2024-08-07,29.01,29.67,32.82,26.03,82.43,1.89
2024-08-08,28.56,29.39,32.27,26.33,81.53,1.5
2024-08-09,48.84,29.45,32.14,26.31,80.94,1.6
2024-08-10,11.82,29.51,32.33,25.97,83.21,1.46
2024-08-11,33.58,29.18,32.43,26.48,85.82,1.81
2024-08-12,1.38,27.85,30.92,25.33,86.97,1.79
2024-08-13,0.01,29.26,32.55,24.99,79.74,1.23
2024-08-14,6.92,29.63,32.57,25.88,82.87,1.56
2024-08-15,3.07,29.91,33.29,26.61,83.3,1.25
2024-08-16,15.41,28.2,31.17,26.36,82.54,2.14
2024-08-17,31.05,26.87,29.58,24.6,88.88,2.72
2024-08-18,21.6,28.08,31.58,24.38,80.12,1.38
2024-08-19,9.26,28.28,31.27,25.69,85.87,1.65
2024-08-20,14.29,28.1,31.1,25.03,84.98,1.77
2024-08-21,9.64,28.03,31.14,25.14,82.07,1.36
2024-08-22,4.54,28.37,31.13,24.39,79.87,1.63
2024-08-23,0.39,28.52,31.11,26.08,77.93,1.1
2024-08-24,1.53,29.01,32.42,24.5,73.85,0.89
2024-08-25,0.68,28.91,32.27,24.7,78.89,1.49
2024-08-26,1.88,29.64,33.17,25.7,75.75,1.13
2024-08-27,20.83,26.45,29.59,24.03,88.53,3.32
2024-08-28,20.66,26.26,28.73,24.11,77.95,1.48
2024-08-29,33.9,26.1,30.79,22.92,82.99,3.06
2024-08-30,37.82,25.43,29.57,22.17,81.07,3.65
2024-08-31,0.0,26.72,30.56,22.03,74.66,1.9
2024-09-01,0.0,28.66,32.24,24.35,71.0,1.32
2024-09-02,4.2,27.76,31.38,24.59,83.55,2.01
2024-09-03,10.3,27.22,30.58,23.72,81.06,1.41
2024-09-04,0.47,27.12,30.71,23.08,80.15,1.33
2024-09-05,0.08,26.82,30.31,23.32,80.09,1.61
2024-09-06,6.68,28.18,31.4,23.85,73.27,0.77
2024-09-07,20.66,27.68,30.51,23.94,78.24,1.0
2024-09-08,0.91,27.63,31.11,24.14,78.48,1.38
2024-09-09,0.0,28.06,31.52,24.43,77.12,1.62
2024-09-10,0.48,28.52,31.95,24.78,72.47,1.89
2024-09-11,1.27,27.95,32.22,23.83,70.51,1.89
2024-09-12,0.06,26.83,31.7,22.6,76.4,2.83
2024-09-13,3.04,27.18,30.85,23.15,79.69,2.54
2024-09-14,4.45,25.95,29.82,22.77,79.88,1.96
2024-09-15,0.3,25.81,29.79,21.98,75.06,1.8
2024-09-16,0.0,25.94,30.15,21.39,74.61,1.98
2024-09-17,0.0,26.2,30.51,21.78,72.66,1.76
2024-09-18,0.0,27.55,32.77,22.47,62.73,1.59
2024-09-19,0.0,27.32,32.97,22.09,69.22,1.75
2024-09-20,0.0,28.61,34.2,22.8,63.67,1.68
2024-09-21,0.0,28.67,33.68,23.81,66.55,1.44
2024-09-22,0.0,27.58,31.89,23.64,76.77,1.81
2024-09-23,0.0,27.94,32.36,23.98,78.11,2.12
2024-09-24,0.01,28.03,32.14,24.22,78.17,1.94
2024-09-25,0.01,28.61,32.99,24.64,74.85,1.65
2024-09-26,6.14,27.58,30.49,24.73,79.57,1.57
2024-09-27,17.95,26.24,29.8,23.21,83.73,2.28
2024-09-28,7.4,25.34,28.79,21.63,81.34,1.83
2024-09-29,0.06,25.75,30.14,22.08,75.49,1.6
2024-09-30,0.0,25.29,29.58,21.43,78.02,3.26
2024-10-01,0.0,26.39,30.84,22.25,67.36,2.54
2024-10-02,0.0,26.13,32.37,20.99,60.98,2.21
2024-10-03,0.0,25.73,32.19,20.52,59.48,2.37
2024-10-04,0.0,25.88,31.71,19.6,61.88,2.03
2024-10-05,9.13,25.32,30.95,20.47,69.5,1.88
2024-10-06,26.57,23.73,28.27,19.59,76.12,1.69
2024-10-07,0.0,24.42,30.35,18.6,63.93,1.77
2024-10-08,0.43,23.6,27.57,20.0,70.55,2.0
2024-10-09,0.13,21.84,26.73,18.31,73.21,3.06
2024-10-10,0.0,22.64,28.22,17.75,59.68,2.28
2024-10-11,0.0,23.1,29.08,18.14,58.55,2.58
2024-10-12,0.0,23.58,29.3,17.69,53.83,1.78
2024-10-13,0.0,23.42,29.42,17.75,51.07,1.49
2024-10-14,0.0,22.66,29.06,17.41,59.71,2.17
2024-10-15,0.0,22.77,29.1,18.0,62.55,2.65
2024-10-16,0.0,22.73,28.31,17.77,61.86,2.28
2024-10-17,0.0,23.04,29.19,17.33,60.61,2.19
2024-10-18,0.0,23.03,28.99,17.59,59.76,2.29
2024-10-19,0.0,22.54,28.69,18.06,62.23,2.61
2024-10-20,0.0,22.26,27.86,17.78,62.8,2.03
2024-10-21,0.0,21.55,27.22,17.35,72.42,2.48
2024-10-22,0.47,21.89,27.54,16.91,68.55,2.15
2024-10-23,0.26,21.16,27.08,17.65,71.41,3.02
2024-10-24,0.0,21.26,26.93,17.09,63.56,2.77
2024-10-25,0.0,22.15,30.63,16.2,55.1,3.0
2024-10-26,0.0,22.01,28.29,16.84,57.1,3.45
2024-10-27,0.0,24.37,31.52,18.37,50.17,2.23
2024-10-28,0.3,23.27,27.98,18.92,59.52,1.74
2024-10-29,3.49,22.42,28.61,18.36,67.68,2.33
2024-10-30,0.19,21.62,28.4,17.35,65.77,2.7
2024-10-31,0.0,20.98,28.02,15.77,59.99,3.11
2024-11-01,0.0,21.0,28.14,15.52,49.66,2.8
2024-11-02,0.0,21.19,27.82,16.49,46.43,2.26
2024-11-03,0.0,21.1,27.9,16.33,51.76,2.05
2024-11-04,0.0,20.61,26.98,14.9,55.54,2.82
2024-11-05,0.0,21.48,28.38,16.6,55.17,1.91
2024-11-06,0.0,21.04,26.72,16.65,61.5,2.74
2024-11-07,0.0,22.15,27.3,18.48,55.69,1.59
2024-11-08,0.0,21.41,26.94,18.07,59.01,2.25
2024-11-09,0.0,21.05,26.46,16.85,57.84,1.88
2024-11-10,0.0,20.66,26.35,16.89,59.42,2.01
2024-11-11,2.57,19.21,24.83,15.15,68.31,2.09
2024-11-12,0.0,18.11,24.59,13.99,65.9,2.26
2024-11-13,0.0,18.2,24.66,12.67,58.84,1.98
2024-11-14,0.01,17.91,23.87,13.48,64.2,2.15
2024-11-15,2.08,17.53,23.66,13.51,69.36,2.9
2024-11-16,0.08,16.3,22.79,12.02,66.22,2.85
2024-11-17,0.04,15.99,23.42,11.52,59.58,2.71
2024-11-18,0.0,16.08,23.56,11.39,50.05,2.7
2024-11-19,0.0,16.23,24.01,11.33,45.76,2.52
2024-11-20,0.0,16.19,23.08,11.11,44.42,2.52
2024-11-21,0.0,16.62,23.66,12.81,47.94,2.78
2024-11-22,0.0,16.97,23.35,12.89,49.02,2.08
2024-11-23,0.05,17.17,23.07,12.51,53.18,2.24
2024-11-24,0.4,15.87,22.96,11.64,62.08,2.74
2024-11-25,0.0,15.03,22.68,10.77,58.03,3.12
2024-11-26,0.0,15.13,22.84,10.4,51.21,2.62
2024-11-27,0.0,15.03,22.97,9.78,47.78,2.61
2024-11-28,0.0,15.57,22.68,10.43,43.22,2.2
2024-11-29,0.0,16.35,22.64,11.69,46.26,1.84
2024-11-30,0.0,14.87,22.63,10.78,55.7,2.83
2024-12-01,0.01,15.2,22.13,10.79,58.61,2.35
2024-12-02,0.02,14.83,22.37,10.73,59.09,2.71
2024-12-03,0.17,15.04,22.57,10.79,61.26,2.95
2024-12-04,0.0,13.72,22.2,8.81,52.74,3.23
2024-12-05,0.0,14.09,20.93,10.05,37.12,1.92
2024-12-06,0.0,12.22,20.79,7.61,43.77,3.14
2024-12-07,0.0,13.63,19.44,8.3,34.23,1.63
2024-12-08,0.02,10.86,17.53,6.75,49.02,2.49
2024-12-09,0.0,8.74,16.79,3.94,48.62,2.79
2024-12-10,0.0,9.03,17.43,4.28,43.29,2.26
2024-12-11,0.0,11.09,17.34,7.23,35.95,1.75
2024-12-12,0.05,9.72,16.89,5.51,46.34,2.25
2024-12-13,0.0,9.7,20.34,3.69,48.43,3.92
2024-12-14,0.0,10.77,19.75,4.27,40.17,2.94
2024-12-15,0.0,12.96,19.36,8.88,36.24,1.63
2024-12-16,0.0,13.1,20.42,9.35,34.42,1.86
2024-12-17,0.0,12.61,19.62,9.17,40.69,2.33
2024-12-18,0.0,11.68,17.4,8.01,40.88,2.17
2024-12-19,0.0,11.11,19.5,6.59,42.64,2.59
2024-12-20,0.0,10.91,19.58,6.38,47.21,2.36
2024-12-21,0.0,11.22,19.2,6.12,44.96,2.13
2024-12-22,0.0,12.75,17.56,9.81,41.85,1.33
2024-12-23,0.78,10.92,16.91,5.81,59.6,2.45
2024-12-24,0.05,9.52,18.34,4.48,61.58,2.58
2024-12-25,0.0,10.29,19.23,5.64,46.66,2.98
2024-12-26,0.0,11.87,20.1,6.12,38.36,2.39
2024-12-27,0.02,11.95,18.48,7.75,48.73,2.12
2024-12-28,1.64,10.69,17.32,6.48,59.67,1.54
2024-12-29,0.02,10.01,18.83,5.07,58.16,2.96
2024-12-30,0.0,11.99,19.43,6.86,39.98,2.29
2024-12-31,0.0,12.09,19.45,7.45,39.31,1.93
2025-01-01,0.52,11.36,18.85,7.47,50.62,2.63
2025-01-02,0.18,14.32,21.55,10.08,55.66,2.12
2025-01-03,0.19,15.63,22.97,10.6,57.43,2.4
2025-01-04,0.18,14.25,21.29,9.16,58.6,3.68
2025-01-05,0.42,13.59,19.95,9.42,57.79,1.89
2025-01-06,1.64,11.47,18.6,7.11,64.17,2.75
2025-01-07,0.21,10.63,19.83,4.92,49.01,3.16
2025-01-08,0.0,10.77,20.47,5.15,41.15,3.57
2025-01-09,0.0,11.68,21.05,3.98,35.01,2.44
2025-01-10,0.0,12.2,21.74,4.25,33.16,2.35
2025-01-11,0.0,9.95,16.36,5.93,43.96,2.73
2025-01-12,0.0,9.86,17.54,5.18,55.92,2.62
2025-01-13,0.0,9.69,18.47,5.02,47.68,2.75
2025-01-14,0.0,11.78,19.14,6.02,41.29,2.03
2025-01-15,0.0,11.88,19.38,6.98,39.57,2.09
2025-01-16,0.47,10.41,17.4,6.17,50.15,2.47
2025-01-17,0.02,10.26,19.44,4.11,53.49,2.85
2025-01-18,0.0,12.78,20.13,6.88,39.4,2.28
2025-01-19,0.04,11.61,19.04,6.8,44.23,2.16
2025-01-20,1.31,11.87,20.7,6.71,54.29,3.27
2025-01-21,0.13,11.7,19.75,6.48,57.61,3.0
2025-01-22,0.01,12.11,19.58,7.96,49.88,2.53
2025-01-23,0.0,11.92,20.74,6.48,48.73,3.37
2025-01-24,0.0,11.84,23.82,4.61,36.01,4.17
2025-01-25,0.0,10.93,23.21,1.28,30.05,3.57
2025-01-26,0.0,13.68,23.6,6.37,28.87,3.02
2025-01-27,0.0,14.2,23.59,8.65,30.15,2.94
2025-01-28,0.0,14.94,24.26,7.59,31.15,2.28
2025-01-29,0.27,10.87,16.18,7.46,53.13,3.47
2025-01-30,0.04,11.24,20.45,5.25,52.14,2.81
2025-01-31,0.02,12.14,20.34,5.98,43.34,2.37
2025-02-01,5.06,12.1,19.59,7.73,55.0,2.53
2025-02-02,0.0,12.69,20.96,7.41,53.62,2.14
2025-02-03,0.0,12.67,21.79,7.47,44.96,3.62
2025-02-04,0.0,12.05,19.17,5.73,43.19,2.86
2025-02-05,0.0,12.59,19.55,7.73,40.5,1.99
2025-02-06,0.18,10.97,19.39,5.11,47.22,2.75
2025-02-07,0.0,12.0,21.83,5.25,38.3,3.12
2025-02-08,0.0,15.09,24.36,7.68,33.99,2.53
2025-02-09,0.0,16.42,24.67,10.32,39.69,2.25
2025-02-10,0.0,16.55,23.76,11.4,41.96,2.24
2025-02-11,0.75,14.2,21.97,9.64,56.98,3.22
2025-02-12,0.0,13.73,21.61,7.3,47.38,3.15
2025-02-13,0.0,13.18,21.26,6.62,41.43,2.62
2025-02-14,0.0,15.4,23.81,10.14,36.08,2.71
2025-02-15,0.0,17.02,24.48,11.1,36.99,2.66
2025-02-16,0.41,16.74,24.37,11.38,47.31,2.83
2025-02-17,0.05,16.08,24.03,9.98,51.19,2.65
2025-02-18,0.01,16.17,24.74,10.36,45.38,2.48
2025-02-19,0.06,15.99,23.99,11.2,41.36,2.22
2025-02-20,28.0,10.92,14.1,7.51,82.07,3.0
2025-02-21,0.0,12.71,21.18,5.98,62.79,2.47
2025-02-22,0.0,14.85,22.46,9.23,47.3,2.09
2025-02-23,0.06,16.29,24.08,8.65,43.37,1.9
2025-02-24,0.0,17.41,25.34,9.76,45.05,2.22
2025-02-25,11.89,14.58,17.16,11.91,66.17,2.89
2025-02-26,4.32,15.73,21.06,12.52,78.97,4.99
2025-02-27,30.35,15.64,21.0,11.74,79.35,3.3
2025-02-28,4.27,13.25,18.54,8.99,71.35,2.48
2025-03-01,0.01,13.66,21.37,8.2,55.34,2.6
2025-03-02,0.01,14.34,22.82,5.85,42.71,2.48
2025-03-03,28.08,11.13,15.99,8.35,79.2,3.42
2025-03-04,1.73,11.49,17.16,6.95,70.79,2.67
2025-03-05,0.0,12.63,22.11,4.86,49.65,4.21
2025-03-06,0.0,16.41,24.82,8.79,38.9,2.95
2025-03-07,0.0,15.57,24.11,9.22,48.68,2.71
2025-03-08,0.0,17.68,26.32,10.28,45.18,3.27
2025-03-09,0.01,18.72,26.26,10.35,46.57,2.68
2025-03-10,2.16,18.07,24.23,13.73,60.31,3.14
2025-03-11,1.65,18.81,26.02,12.57,62.31,2.76
2025-03-12,1.54,18.69,24.56,13.36,65.49,2.87
2025-03-13,1.4,18.83,24.0,13.3,62.13,2.4
2025-03-14,0.88,15.3,20.19,12.22,70.49,2.96
2025-03-15,3.21,14.18,16.93,11.58,79.23,1.86
2025-03-16,2.33,16.85,24.1,11.12,67.18,2.69
2025-03-17,0.0,18.25,26.24,10.68,51.98,2.51
2025-03-18,0.0,19.55,27.12,13.29,50.42,2.65
2025-03-19,0.01,20.0,28.12,14.55,54.35,3.06
2025-03-20,0.0,19.59,27.86,12.47,51.74,3.0
2025-03-21,0.0,19.97,28.74,12.48,47.12,3.44
2025-03-22,0.0,21.62,32.37,12.68,36.71,3.3
2025-03-23,0.0,22.4,31.67,13.04,34.85,2.55
2025-03-24,0.0,22.63,31.14,14.96,42.58,2.59
2025-03-25,0.0,22.09,29.55,17.21,48.04,2.53
2025-03-26,0.01,23.65,32.29,17.01,44.9,5.42
2025-03-27,0.99,21.13,29.11,10.93,49.29,4.0
2025-03-28,0.0,14.86,23.38,6.8,40.43,3.06
2025-03-29,0.0,16.89,26.83,8.07,37.34,4.15
2025-03-30,0.0,19.57,29.08,12.43,35.83,3.23
2025-03-31,0.0,20.7,30.53,12.27,37.65,2.9
2025-04-01,0.0,21.34,30.36,14.08,36.09,3.44
2025-04-02,0.0,23.83,31.9,15.5,28.89,1.62
2025-04-03,1.05,21.32,29.12,15.34,42.84,2.32
2025-04-04,0.01,21.92,30.84,14.57,43.05,3.28
2025-04-05,0.0,24.81,34.39,16.37,38.71,3.26
2025-04-06,0.45,27.17,36.28,17.94,40.27,3.17
2025-04-07,0.0,28.72,37.63,20.18,41.33,2.41
2025-04-08,4.67,27.96,35.37,21.59,46.11,2.62
2025-04-09,5.61,27.18,34.54,20.8,50.68,3.23
2025-04-10,0.01,27.03,34.76,19.98,52.11,2.35
2025-04-11,10.19,22.14,25.87,17.34,58.52,3.62
2025-04-12,0.0,23.81,31.72,15.9,49.94,2.53
2025-04-13,0.0,26.41,34.79,18.44,46.34,2.26
2025-04-14,0.0,28.45,36.94,20.25,43.2,1.86
2025-04-15,0.0,29.42,37.76,20.67,40.65,2.31
2025-04-16,7.36,29.13,37.17,22.21,40.9,2.65
2025-04-17,0.01,28.52,36.31,19.89,44.01,3.16
2025-04-18,6.5,28.91,36.94,21.77,43.74,2.61
2025-04-19,5.39,26.79,34.46,20.21,50.4,5.41
2025-04-20,4.18,26.26,34.26,19.96,49.03,4.9
2025-04-21,0.17,25.65,34.73,16.5,36.82,2.56
2025-04-22,0.0,26.0,35.47,17.19,33.35,3.04
2025-04-23,0.0,26.29,35.06,17.84,32.32,2.81
2025-04-24,0.0,27.08,36.27,18.44,33.52,3.12
2025-04-25,0.0,27.79,36.65,19.85,29.72,2.47
2025-04-26,0.0,27.52,37.31,19.05,29.0,3.04
2025-04-27,0.0,27.84,38.59,17.6,30.63,3.2
2025-04-28,0.0,29.92,40.5,19.84,27.81,3.4
2025-04-29,0.0,31.26,40.72,21.41,24.95,2.14
2025-04-30,0.0,31.66,40.35,21.54,26.61,1.96
2025-05-01,3.52,28.87,38.12,23.11,40.69,3.72
2025-05-02,5.94,26.77,35.41,22.82,59.51,3.43
2025-05-03,0.16,23.74,26.38,21.6,70.28,2.71
2025-05-04,6.96,24.89,29.86,20.81,61.03,2.42
2025-05-05,1.25,23.55,27.74,20.76,69.77,2.96
2025-05-06,0.0,26.2,31.15,21.77,56.31,1.61
2025-05-07,2.87,27.7,34.03,21.53,54.2,1.91
2025-05-08,11.13,25.21,28.18,22.5,71.02,2.45
2025-05-09,19.55,26.77,32.02,21.72,62.66,1.66
2025-05-10,0.22,29.5,36.19,21.51,46.36,1.65
2025-05-11,0.41,30.34,37.0,22.18,42.21,2.15
2025-05-12,13.2,28.15,34.02,22.52,51.41,2.73
2025-05-13,0.04,29.33,36.76,21.91,44.5,2.27
2025-05-14,0.0,29.9,38.71,21.09,40.97,3.09
2025-05-15,0.0,31.63,39.92,23.01,37.63,3.32
2025-05-16,0.0,32.62,40.36,23.47,31.99,2.6
2025-05-17,0.0,32.3,40.82,24.03,31.8,2.79
2025-05-18,0.26,33.05,42.08,23.4,32.33,3.36
2025-05-19,1.82,32.69,40.83,26.27,32.62,4.1
2025-05-20,0.0,32.63,41.18,24.14,35.0,3.09
2025-05-21,0.0,34.21,42.5,25.7,31.71,2.45
2025-05-22,0.0,34.71,43.19,24.66,28.01,2.25
2025-05-23,0.0,32.98,40.23,24.1,34.97,2.67
2025-05-24,25.09,31.84,38.91,26.73,52.61,2.69
2025-05-25,2.47,30.63,36.21,25.07,50.56,1.73
2025-05-26,0.0,31.01,37.91,23.27,47.89,2.24
2025-05-27,4.95,32.96,39.6,25.59,46.93,2.02
2025-05-28,0.87,32.4,39.68,26.03,47.24,2.51
2025-05-29,0.0,32.54,40.07,24.31,39.19,1.86
2025-05-30,9.74,30.76,37.61,24.9,45.06,1.98
2025-05-31,9.14,28.28,34.04,22.87,50.99,2.68
2025-06-01,1.57,28.07,34.51,20.95,44.78,1.78
2025-06-02,0.06,29.13,36.77,20.42,37.4,2.28
2025-06-03,1.56,28.57,35.51,20.63,42.41,3.61
2025-06-04,1.85,27.9,34.46,21.35,46.98,2.73
2025-06-05,0.0,29.82,36.03,23.07,46.42,1.83
2025-06-06,0.0,32.94,39.65,25.94,41.07,1.63
2025-06-07,0.02,33.87,41.66,25.83,41.96,2.7
2025-06-08,2.13,34.1,41.67,27.43,38.41,2.88
2025-06-09,0.0,34.89,43.6,25.82,33.36,2.88
2025-06-10,0.0,36.04,44.86,27.22,26.81,2.63
2025-06-11,0.0,37.37,46.06,28.05,23.14,2.27
2025-06-12,0.0,37.72,45.39,29.79,21.42,2.06
2025-06-13,0.0,38.31,44.7,31.21,22.04,1.74
2025-06-14,0.11,36.68,43.63,30.26,23.36,2.68
2025-06-15,0.05,37.09,44.69,28.35,20.17,2.11
2025-06-16,0.04,35.64,41.53,30.12,22.41,2.08
2025-06-17,0.02,35.17,41.82,28.69,30.37,2.08
2025-06-18,0.0,35.27,42.13,27.72,37.93,2.73
2025-06-19,0.0,37.6,44.54,30.62,28.47,2.11
2025-06-20,0.18,38.45,44.75,30.97,31.15,2.2
2025-06-21,5.27,38.02,43.21,32.63,37.82,2.42
2025-06-22,38.84,32.74,36.13,29.34,62.0,2.38
2025-06-23,6.54,33.45,39.33,28.65,60.95,1.9
2025-06-24,1.56,33.88,40.06,28.33,59.73,2.31
2025-06-25,38.05,31.2,35.02,28.08,73.73,3.65
2025-06-26,43.19,28.37,32.22,26.22,84.98,3.84
2025-06-27,12.22,28.21,31.88,25.92,85.24,3.28
2025-06-28,2.54,30.14,33.71,25.97,75.45,1.73
2025-06-29,1.91,31.63,35.72,27.43,71.26,1.95
2025-06-30,13.65,31.23,34.95,27.4,71.65,1.82
2025-07-01,17.22,31.04,34.73,27.49,75.74,2.07
2025-07-02,31.35,29.02,33.07,25.78,84.19,3.09
2025-07-03,18.39,28.93,31.91,25.76,81.91,3.04
2025-07-04,14.81,30.65,34.58,25.54,76.67,1.48
2025-07-05,13.96,31.52,34.08,28.25,76.53,1.33
2025-07-06,30.03,30.82,33.73,27.96,78.7,1.44
2025-07-07,5.45,29.45,32.82,26.58,82.46,1.79
2025-07-08,4.32,29.5,32.71,26.68,80.76,1.34
2025-07-09,38.19,28.19,31.16,25.84,87.64,3.14
2025-07-10,24.11,27.07,29.92,23.8,86.5,3.27
2025-07-11,2.12,27.18,32.34,22.27,78.08,2.05
2025-07-12,0.03,29.84,33.48,24.88,72.94,1.61
2025-07-13,1.4,30.25,33.6,25.71,70.9,1.34
2025-07-14,7.48,28.8,31.55,25.94,76.02,2.32
2025-07-15,13.6,27.79,31.86,24.69,77.58,1.84
2025-07-16,87.94,26.82,29.74,24.5,85.48,2.85
2025-07-17,31.04,26.23,28.16,24.47,90.54,4.91
2025-07-18,17.6,28.16,31.68,25.0,86.53,2.32
2025-07-19,0.0,29.61,33.48,25.63,79.88,1.21
2025-07-20,0.53,30.54,33.93,26.51,77.34,1.94
2025-07-21,8.19,29.73,33.46,26.57,82.93,2.34
2025-07-22,35.68,28.35,32.13,25.56,88.15,3.16
2025-07-23,19.19,28.69,32.12,25.73,83.52,1.53
2025-07-24,9.64,28.83,31.87,25.17,77.78,1.17
2025-07-25,0.96,29.89,33.61,25.41,72.9,1.0
2025-07-26,3.02,30.55,34.13,25.83,75.07,1.74
2025-07-27,0.38,31.17,34.57,26.93,72.96,1.4
2025-07-28,0.0,30.61,34.23,26.55,73.82,2.34
2025-07-29,4.51,30.6,33.91,27.27,77.72,1.78
2025-07-30,27.29,28.46,31.9,25.9,86.8,2.85
2025-07-31,0.88,28.71,32.01,25.13,80.49,1.24
2025-08-01,5.22,28.42,31.97,25.24,83.08,2.17
2025-08-02,9.66,28.28,32.0,23.91,79.96,1.59
2025-08-03,5.89,29.87,32.87,26.04,75.64,1.3
2025-08-04,5.91,30.65,33.65,26.15,73.62,1.65
2025-08-05,6.83,30.33,33.71,26.24,76.13,1.9
2025-08-06,2.02,29.72,33.39,26.09,77.49,1.51
2025-08-07,18.35,28.58,31.27,26.35,83.46,1.99
2025-08-08,52.05,28.54,31.34,25.65,82.76,2.15
2025-08-09,4.12,28.98,32.35,24.99,77.2,1.65
2025-08-10,0.0,29.15,32.44,25.19,76.69,1.19
2025-08-11,0.01,29.99,33.03,26.56,76.05,1.75
2025-08-12,1.55,27.99,31.55,25.77,86.03,3.15
2025-08-13,1.16,28.82,32.77,25.11,79.42,1.54
2025-08-14,18.86,27.78,31.51,24.57,84.5,2.87
2025-08-15,17.68,27.34,30.93,23.92,84.57,1.89
2025-08-16,13.23,28.73,31.57,25.49,79.29,1.36
2025-08-17,33.35,28.9,31.92,26.24,84.48,1.82
2025-08-18,19.04,27.01,29.41,24.89,91.82,3.72
2025-08-19,17.64,27.66,30.88,24.01,81.09,1.27
2025-08-20,3.16,28.59,31.65,25.37,76.66,0.9
2025-08-21,1.18,28.33,32.11,24.0,80.13,1.21
2025-08-22,13.54,28.85,31.68,25.27,78.84,1.83
2025-08-23,60.25,29.06,32.14,26.2,80.82,1.89
2025-08-24,40.95,26.08,30.94,20.8,88.63,3.22
2025-08-25,1.4,25.55,28.77,20.86,77.98,2.56
2025-08-26,14.31,26.11,30.09,23.34,87.75,2.7
2025-08-27,2.99,27.68,32.06,23.45,81.73,1.68
2025-08-28,0.59,28.58,32.51,24.42,79.02,1.03
2025-08-29,12.29,28.73,32.19,25.26,81.3,1.24
2025-08-30,34.49,25.46,27.97,23.1,91.12,3.43
2025-08-31,3.28,24.56,26.83,23.07,91.68,3.61
2025-09-01,13.67,25.48,29.67,22.11,86.02,2.38
2025-09-02,3.64,24.76,28.36,21.97,89.05,2.73
2025-09-03,6.58,25.3,29.63,21.74,88.08,2.21
2025-09-04,2.35,25.78,29.16,22.05,83.98,1.93
2025-09-05,2.79,27.12,32.0,22.55,79.18,1.58
2025-09-06,1.2,28.03,32.04,23.7,73.55,1.56
2025-09-07,22.74,26.29,30.14,24.22,83.25,1.21
2025-09-08,27.54,26.63,30.26,23.06,79.42,1.32
2025-09-09,1.24,27.19,31.05,23.88,79.87,1.54
2025-09-10,0.13,27.2,31.29,22.47,81.5,1.85
2025-09-11,0.0,27.0,30.97,22.73,80.6,1.69
2025-09-12,0.0,26.51,30.42,22.28,83.92,2.16
2025-09-13,0.69,27.34,31.12,23.48,80.56,1.52
2025-09-14,0.07,27.57,30.63,24.67,81.01,1.46
2025-09-15,0.44,27.3,30.87,23.84,83.16,2.1
2025-09-16,2.57,28.39,31.66,25.28,75.41,1.29
2025-09-17,3.05,27.5,31.35,24.13,76.79,2.13
2025-09-18,0.18,27.68,31.32,24.26,74.36,1.48
2025-09-19,0.33,26.92,30.86,23.4,74.75,1.81
2025-09-20,0.0,26.17,30.46,22.61,77.39,2.06
2025-09-21,0.15,26.4,30.77,22.3,74.72,2.0
2025-09-22,0.01,27.06,31.78,23.0,71.26,1.98
2025-09-23,0.0,27.12,31.7,23.45,75.72,1.94
2025-09-24,0.0,26.94,31.13,22.98,76.53,2.02
2025-09-25,2.59,27.52,31.93,23.26,70.26,1.56
2025-09-26,0.24,26.59,32.08,22.36,69.28,2.77
2025-09-27,0.0,26.89,33.34,21.39,61.81,2.03
2025-09-28,0.0,27.0,33.28,21.73,61.15,2.01
2025-09-29,0.0,26.49,31.7,21.81,63.71,1.95
2025-09-30,0.0,26.62,30.79,22.69,62.51,1.99
2025-10-01,0.17,26.24,31.09,22.45,68.66,1.93
2025-10-02,5.47,26.37,30.23,22.98,71.99,1.68
2025-10-03,7.05,25.27,30.06,21.55,74.08,1.89
2025-10-04,0.5,24.75,29.67,21.23,73.67,2.15
2025-10-05,8.24,21.3,26.57,17.24,74.69,2.75
2025-10-06,27.79,18.93,22.73,13.92,82.23,2.44
2025-10-07,5.56,18.01,23.48,11.89,72.76,2.06
2025-10-08,0.0,19.51,25.67,13.93,70.01,2.35
2025-10-09,0.0,21.36,26.64,16.19,63.33,1.62
2025-10-10,0.0,21.47,26.48,16.46,64.89,1.65
2025-10-11,0.0,21.82,27.39,17.48,64.23,2.05
2025-10-12,0.0,21.51,27.03,15.51,64.21,2.18
2025-10-13,0.0,21.95,27.31,17.02,64.26,2.12
2025-10-14,0.0,21.87,26.86,17.82,65.42,2.14
2025-10-15,0.0,22.22,27.01,17.65,65.58,1.66
2025-10-16,0.0,22.57,27.72,17.8,66.94,2.19
2025-10-17,0.0,22.5,27.71,18.58,68.46,2.14
2025-10-18,0.0,22.56,27.48,19.0,62.6,2.13
2025-10-19,0.0,23.12,28.3,18.47,59.13,1.93
2025-10-20,0.0,22.83,28.12,18.62,55.21,1.5
2025-10-21,0.0,21.91,27.47,17.77,58.23,1.79
2025-10-22,0.0,21.85,28.07,17.21,58.12,2.23
2025-10-23,0.0,21.97,28.16,17.2,53.12,2.08
2025-10-24,0.0,21.82,27.81,17.42,54.29,2.21
2025-10-25,0.0,21.19,27.49,15.51,55.89,2.12
2025-10-26,0.0,21.12,26.72,14.73,57.48,1.96
2025-10-27,0.0,21.18,26.93,16.12,60.29,2.01
2025-10-28,0.0,21.07,26.24,16.2,62.98,1.89
2025-10-29,0.0,20.75,26.17,16.77,64.84,2.31
2025-10-30,0.0,20.71,27.55,15.72,62.61,2.3
2025-10-31,0.0,20.78,26.83,16.01,55.77,2.13
2025-11-01,0.0,20.55,26.52,15.99,56.0,2.15
2025-11-02,0.0,20.35,26.27,16.3,53.78,2.37
2025-11-03,0.0,19.65,25.56,13.83,52.14,2.69
2025-11-04,1.19,18.05,23.68,13.0,65.17,2.61
2025-11-05,2.74,16.24,23.12,10.87,65.25,2.43
2025-11-06,0.0,16.01,24.6,8.79,51.78,2.54
2025-11-07,0.0,17.01,24.7,10.57,41.01,2.1
2025-11-08,0.0,17.67,24.27,13.02,40.77,1.86
2025-11-09,0.0,16.77,23.35,11.86,43.97,2.27
2025-11-10,0.0,17.02,22.73,12.67,41.37,1.89
2025-11-11,0.0,16.76,23.45,12.07,45.24,2.08
2025-11-12,0.0,16.68,23.28,12.07,44.35,2.27
2025-11-13,0.0,16.07,23.35,10.63,47.87,2.39
2025-11-14,0.0,16.46,23.1,11.71,41.99,2.02
2025-11-15,0.0,16.21,22.93,11.82,44.49,2.2
2025-11-16,0.0,16.34,23.81,11.08,47.72,2.4
2025-11-17,0.0,16.95,23.92,11.76,46.32,2.08
2025-11-18,0.0,16.8,22.98,13.53,47.25,2.11
2025-11-19,0.0,16.5,23.0,12.42,49.08,1.58
2025-11-20,0.0,17.0,22.88,13.03,48.21,1.67
2025-11-21,0.0,16.22,23.01,11.95,55.4,1.85
2025-11-22,0.0,14.98,21.19,10.54,55.13,2.37
2025-11-23,0.0,14.13,21.04,8.86,50.63,2.01
2025-11-24,0.0,14.47,21.69,9.86,46.9,1.89
2025-11-25,0.0,14.15,21.06,9.98,49.87,2.27
2025-11-26,0.0,13.85,21.31,6.68,48.66,1.74
2025-11-27,0.0,14.58,22.05,10.83,44.75,1.79
2025-11-28,0.0,14.66,22.04,9.85,41.93,1.84
2025-11-29,0.0,14.16,21.6,10.25,44.74,2.24
2025-11-30,0.0,13.96,21.07,9.51,41.24,1.92
2025-12-01,0.0,14.16,21.34,8.8,40.59,1.66
2025-12-02,0.0,13.29,20.14,7.66,49.4,1.69
2025-12-03,0.0,13.48,20.14,9.03,47.46,1.58
2025-12-04,0.0,14.42,21.32,8.7,48.67,1.92
2025-12-05,0.0,15.15,21.35,10.83,42.99,1.3
2025-12-06,0.0,14.29,23.03,8.88,48.68,2.75
2025-12-07,0.0,14.12,20.91,10.02,44.28,2.43
2025-12-08,0.0,13.74,22.46,7.6,43.83,2.68
2025-12-09,0.0,15.04,22.97,8.76,42.94,2.73
2025-12-10,0.0,16.06,23.34,12.17,42.77,2.62
2025-12-11,0.0,16.17,23.99,12.05,45.49,2.83
2025-12-12,0.0,16.27,24.28,11.65,49.91,2.51
2025-12-13,0.0,14.92,18.25,12.84,53.28,1.59
2025-12-14,0.0,15.6,21.13,12.68,50.45,1.47
2025-12-15,0.0,14.69,21.93,10.1,52.51,2.48
2025-12-16,0.0,15.81,23.14,11.67,46.77,2.85
2025-12-17,0.0,17.96,23.9,14.5,44.59,1.89
2025-12-18,0.0,16.31,21.77,12.44,51.91,1.83
2025-12-19,0.0,17.53,24.21,13.56,41.5,1.79
2025-12-20,0.1,16.52,22.58,12.02,52.11,1.46
2025-12-21,1.52,14.37,18.89,11.67,65.97,2.43
2025-12-22,11.9,13.8,19.21,10.58,75.47,2.57
2025-12-23,0.01,13.66,21.29,9.44,68.22,2.49
2025-12-24,0.0,13.23,21.17,8.11,51.9,2.87
2025-12-25,0.0,14.39,21.08,10.12,39.55,1.78
2025-12-26,0.0,14.78,21.07,11.25,44.18,1.71
2025-12-27,0.0,13.46,21.16,9.17,43.55,2.24
2025-12-28,0.0,14.43,20.12,10.22,36.15,1.28
2025-12-29,0.0,14.44,21.7,8.54,47.94,1.84
2025-12-30,0.03,13.12,18.19,10.15,58.78,2.07
2025-12-31,8.13,9.77,11.91,7.64,79.13,2.48
