date,PRECTOTCORR,T2M_MAX,T2M_MIN,T2M,RH2M,WS10M,year,month,dtr
1991-01-01,0.0,13.93,2.75,6.63,46.43,2.16,1991,1,11.18
1991-01-02,0.0,14.53,1.01,6.01,46.33,2.94,1991,1,13.52
1991-01-03,0.0,15.71,1.64,7.45,43.52,2.19,1991,1,14.07
1991-01-04,0.0,15.63,5.77,9.31,40.11,1.52,1991,1,9.860000000000001
1991-01-05,0.0,17.56,5.46,9.89,38.13,1.83,1991,1,12.099999999999998
1991-01-06,0.0,14.68,5.24,9.6,45.08,1.98,1991,1,9.44
1991-01-07,0.0,16.84,4.97,10.12,59.58,1.94,1991,1,11.870000000000001
1991-01-08,0.0,18.13,5.15,9.87,65.9,2.86,1991,1,12.979999999999999
1991-01-09,0.0,18.02,4.82,10.08,50.85,2.18,1991,1,13.2
1991-01-10,0.0,18.2,6.5,11.4,49.55,1.89,1991,1,11.7
1991-01-11,0.0,15.75,5.84,10.34,68.31,2.5,1991,1,9.91
1991-01-12,0.0,17.15,4.49,9.18,62.64,2.58,1991,1,12.659999999999998
1991-01-13,0.0,16.88,3.91,9.08,48.75,2.44,1991,1,12.969999999999999
1991-01-14,0.0,17.8,3.65,8.93,43.89,2.94,1991,1,14.15
1991-01-15,0.0,14.88,4.27,8.53,41.02,2.01,1991,1,10.610000000000001
1991-01-16,0.0,13.43,3.4,8.09,51.09,2.36,1991,1,10.03
1991-01-17,0.0,17.62,3.09,8.85,51.61,2.55,1991,1,14.530000000000001
1991-01-18,0.0,16.72,4.49,9.64,48.05,2.21,1991,1,12.229999999999999
1991-01-19,0.0,19.39,4.25,9.85,44.41,3.18,1991,1,15.14
1991-01-20,0.0,18.96,5.41,10.87,39.29,2.61,1991,1,13.55
1991-01-21,0.0,19.65,5.9,11.34,40.92,2.82,1991,1,13.749999999999998
1991-01-22,0.0,19.54,4.49,10.46,42.56,2.69,1991,1,15.049999999999999
1991-01-23,0.0,19.12,7.3,11.91,40.47,1.91,1991,1,11.82
1991-01-24,0.0,20.0,5.75,11.83,48.06,2.83,1991,1,14.25
1991-01-25,0.0,12.33,8.29,9.76,74.59,2.61,1991,1,4.040000000000001
1991-01-26,0.27,19.25,7.57,12.82,79.42,3.16,1991,1,11.68
1991-01-27,1.66,22.81,9.43,16.28,57.61,2.22,1991,1,13.379999999999999
1991-01-28,0.92,19.14,8.59,14.0,62.89,2.13,1991,1,10.55
1991-01-29,0.0,23.16,6.19,12.95,51.06,3.3,1991,1,16.97
1991-01-30,0.0,22.08,8.94,14.58,39.09,2.08,1991,1,13.139999999999999
1991-01-31,0.0,21.55,8.09,13.22,47.56,2.56,1991,1,13.46
1991-02-01,0.0,21.81,6.6,12.35,41.24,3.29,1991,2,15.209999999999999
1991-02-02,0.0,17.76,6.72,11.26,43.06,2.87,1991,2,11.040000000000003
1991-02-03,0.0,20.88,7.69,13.72,41.76,1.77,1991,2,13.189999999999998
1991-02-04,0.0,16.36,6.83,10.88,51.73,2.56,1991,2,9.53
1991-02-05,0.0,18.74,7.04,10.29,60.61,3.68,1991,2,11.7
1991-02-06,0.29,18.03,6.81,12.38,56.85,2.17,1991,2,11.220000000000002
1991-02-07,0.46,18.1,5.46,10.93,63.92,2.84,1991,2,12.64
1991-02-08,0.25,20.93,8.42,13.13,56.03,2.75,1991,2,12.51
1991-02-09,1.14,22.14,9.44,14.46,64.13,3.68,1991,2,12.700000000000001
1991-02-10,0.09,20.32,10.72,14.4,64.94,5.91,1991,2,9.6
1991-02-11,0.97,18.56,8.17,13.01,68.04,5.86,1991,2,10.389999999999999
1991-02-12,0.04,20.08,6.27,11.8,50.12,2.72,1991,2,13.809999999999999
1991-02-13,0.0,17.92,5.46,11.23,41.23,2.18,1991,2,12.46
1991-02-14,0.0,17.44,6.77,11.17,42.54,4.57,1991,2,10.670000000000002
1991-02-15,0.02,17.09,3.24,9.22,42.83,2.99,1991,2,13.85
1991-02-16,5.51,18.55,2.9,9.93,38.49,2.09,1991,2,15.65
1991-02-17,0.0,19.63,3.82,10.87,33.88,1.94,1991,2,15.809999999999999
1991-02-18,0.0,19.4,3.45,10.14,36.16,2.57,1991,2,15.95
1991-02-19,0.0,20.59,6.35,12.49,36.29,2.33,1991,2,14.24
1991-02-20,0.0,24.03,10.18,16.59,24.44,1.82,1991,2,13.850000000000001
1991-02-21,0.0,24.56,8.3,15.99,29.16,2.31,1991,2,16.259999999999998
1991-02-22,0.0,24.23,8.2,15.69,31.73,2.15,1991,2,16.03
1991-02-23,0.0,23.03,10.38,15.36,40.86,3.38,1991,2,12.65
1991-02-24,0.34,17.14,9.97,13.02,65.83,3.22,1991,2,7.17
1991-02-25,16.45,19.91,9.21,14.0,70.47,2.34,1991,2,10.7
1991-02-26,0.06,22.08,8.66,14.84,52.1,1.68,1991,2,13.419999999999998
1991-02-27,0.0,21.16,6.77,13.41,55.49,3.25,1991,2,14.39
1991-02-28,0.0,21.37,6.33,12.82,48.22,2.76,1991,2,15.040000000000001
1991-03-01,0.32,23.67,6.96,15.08,38.98,2.47,1991,3,16.71
1991-03-02,0.0,19.62,9.37,13.22,51.96,2.65,1991,3,10.250000000000002
1991-03-03,0.0,21.27,7.73,14.51,57.82,3.55,1991,3,13.54
1991-03-04,10.2,17.95,9.83,13.28,74.98,3.73,1991,3,8.12
1991-03-05,0.01,21.97,8.8,15.0,54.85,2.23,1991,3,13.169999999999998
1991-03-06,0.0,23.07,5.92,13.46,38.25,3.88,1991,3,17.15
1991-03-07,0.0,24.36,6.79,15.33,33.25,3.36,1991,3,17.57
1991-03-08,0.0,20.75,10.18,14.8,47.81,4.86,1991,3,10.57
1991-03-09,3.3,25.42,9.81,17.12,47.66,3.69,1991,3,15.610000000000001
1991-03-10,0.35,26.98,12.2,18.43,43.59,2.36,1991,3,14.780000000000001
1991-03-11,0.0,27.27,10.86,18.82,38.52,2.72,1991,3,16.41
1991-03-12,0.07,27.36,12.1,19.66,40.09,3.06,1991,3,15.26
1991-03-13,0.01,26.43,11.16,17.89,42.82,2.88,1991,3,15.27
1991-03-14,0.0,26.61,9.51,17.12,38.16,2.75,1991,3,17.1
1991-03-15,0.05,24.61,11.08,17.11,40.07,2.37,1991,3,13.53
1991-03-16,0.0,27.08,12.21,19.31,32.43,2.44,1991,3,14.869999999999997
1991-03-17,0.0,26.24,13.38,19.03,38.11,2.56,1991,3,12.859999999999998
1991-03-18,1.75,22.18,11.41,14.76,56.55,3.54,1991,3,10.77
1991-03-19,0.0,28.21,10.39,18.58,48.72,2.82,1991,3,17.82
1991-03-20,5.61,28.42,13.13,20.35,41.6,1.99,1991,3,15.290000000000001
1991-03-21,0.0,26.63,13.46,19.5,43.89,3.16,1991,3,13.169999999999998
1991-03-22,0.0,26.59,13.98,18.56,44.74,3.16,1991,3,12.61
1991-03-23,6.58,21.44,11.37,15.99,57.11,2.5,1991,3,10.070000000000002
1991-03-24,0.14,25.88,9.42,17.71,46.42,2.49,1991,3,16.46
1991-03-25,3.1,24.31,11.94,17.94,43.78,2.54,1991,3,12.37
1991-03-26,0.0,27.62,11.67,19.49,40.55,2.83,1991,3,15.950000000000001
1991-03-27,0.0,31.06,12.95,22.04,36.94,2.67,1991,3,18.11
1991-03-28,0.0,33.48,17.03,24.66,37.49,3.01,1991,3,16.449999999999996
1991-03-29,0.0,34.99,18.61,25.87,38.92,3.16,1991,3,16.380000000000003
1991-03-30,0.0,35.58,17.86,26.71,36.52,2.5,1991,3,17.72
1991-03-31,0.0,34.39,20.21,26.81,35.27,2.65,1991,3,14.18
1991-04-01,0.0,32.84,19.31,25.05,36.34,3.56,1991,4,13.530000000000005
1991-04-02,5.91,32.7,18.36,24.73,37.86,4.59,1991,4,14.340000000000003
1991-04-03,0.67,30.64,16.18,23.16,38.8,2.35,1991,4,14.46
1991-04-04,0.52,31.4,15.3,22.76,38.62,2.06,1991,4,16.099999999999998
1991-04-05,0.0,32.04,15.13,23.11,37.85,2.31,1991,4,16.909999999999997
1991-04-06,0.0,30.36,15.94,22.23,39.72,2.79,1991,4,14.42
1991-04-07,0.08,29.7,16.05,22.18,45.81,2.68,1991,4,13.649999999999999
1991-04-08,0.64,18.75,12.93,16.34,69.54,3.09,1991,4,5.82
1991-04-09,5.68,21.71,12.33,16.25,65.57,2.83,1991,4,9.38
1991-04-10,1.83,26.39,10.97,18.4,51.85,2.45,1991,4,15.42
1991-04-11,3.77,26.74,11.34,19.56,45.47,3.01,1991,4,15.399999999999999
1991-04-12,0.0,24.31,14.84,19.25,50.25,2.55,1991,4,9.469999999999999
1991-04-13,0.0,24.88,13.42,17.86,60.69,5.14,1991,4,11.459999999999999
1991-04-14,7.17,25.15,14.12,19.17,56.66,3.76,1991,4,11.03
1991-04-15,23.82,25.17,13.28,19.17,51.54,3.59,1991,4,11.890000000000002
1991-04-16,0.44,25.5,10.75,18.64,39.56,2.93,1991,4,14.75
1991-04-17,0.0,27.85,9.76,18.61,32.65,3.92,1991,4,18.090000000000003
1991-04-18,0.0,31.39,11.88,21.45,27.04,3.21,1991,4,19.509999999999998
1991-04-19,0.0,33.36,13.43,24.35,24.29,1.98,1991,4,19.93
1991-04-20,0.0,33.3,14.52,24.64,30.12,2.99,1991,4,18.779999999999998
1991-04-21,0.0,31.21,18.8,24.38,38.47,3.38,1991,4,12.41
1991-04-22,0.01,33.85,16.35,24.78,40.74,3.2,1991,4,17.5
1991-04-23,0.26,32.3,16.45,24.22,38.2,2.5,1991,4,15.849999999999998
1991-04-24,0.01,33.61,15.69,25.0,33.54,3.18,1991,4,17.92
1991-04-25,0.0,35.15,16.77,26.42,28.28,2.55,1991,4,18.38
1991-04-26,0.0,35.92,18.74,27.47,28.2,2.64,1991,4,17.180000000000003
1991-04-27,0.0,36.33,19.11,27.25,29.89,2.81,1991,4,17.22
1991-04-28,0.0,35.05,17.76,26.52,28.86,2.75,1991,4,17.289999999999996
1991-04-29,0.0,37.42,19.21,28.56,27.56,2.87,1991,4,18.21
1991-04-30,0.0,38.25,20.08,29.72,22.94,2.75,1991,4,18.17
1991-05-01,0.0,37.61,21.61,30.0,22.93,4.1,1991,5,16.0
1991-05-02,0.0,36.31,21.22,28.5,21.66,3.99,1991,5,15.090000000000003
1991-05-03,0.0,35.38,17.6,27.33,24.1,2.57,1991,5,17.78
1991-05-04,0.0,36.98,19.48,27.96,19.39,3.49,1991,5,17.499999999999996
1991-05-05,0.0,35.27,21.42,28.21,25.21,3.65,1991,5,13.850000000000001
1991-05-06,0.0,36.5,20.97,28.74,24.86,3.15,1991,5,15.530000000000001
1991-05-07,0.05,37.63,21.06,29.47,24.46,2.66,1991,5,16.570000000000004
1991-05-08,0.0,35.39,22.95,28.25,26.76,2.75,1991,5,12.440000000000001
1991-05-09,0.0,37.87,21.35,29.73,20.46,3.14,1991,5,16.519999999999996
1991-05-10,0.0,36.03,22.59,29.14,15.74,4.64,1991,5,13.440000000000001
1991-05-11,0.0,35.91,20.86,28.45,12.3,2.62,1991,5,15.049999999999997
1991-05-12,0.0,38.1,19.29,29.24,13.47,3.52,1991,5,18.810000000000002
1991-05-13,0.0,39.59,22.49,30.68,14.48,3.66,1991,5,17.100000000000005
1991-05-14,0.0,39.24,23.54,30.83,16.25,3.5,1991,5,15.700000000000003
1991-05-15,0.0,40.28,22.75,31.82,13.83,3.74,1991,5,17.53
1991-05-16,0.0,39.02,23.77,31.52,14.03,2.98,1991,5,15.250000000000004
1991-05-17,0.01,39.9,25.13,32.59,18.5,2.9,1991,5,14.77
1991-05-18,0.05,40.3,27.05,33.25,22.18,2.32,1991,5,13.249999999999996
1991-05-19,0.0,41.08,25.58,33.51,21.12,3.51,1991,5,15.5
1991-05-20,0.01,37.7,23.09,30.31,34.52,4.82,1991,5,14.610000000000003
1991-05-21,3.57,36.49,24.28,30.54,33.05,2.03,1991,5,12.21
1991-05-22,0.2,37.01,23.02,29.8,29.91,2.94,1991,5,13.989999999999998
1991-05-23,0.0,38.45,22.7,30.65,21.92,3.09,1991,5,15.750000000000004
1991-05-24,0.0,40.89,24.09,32.65,20.49,2.66,1991,5,16.8
1991-05-25,0.42,39.0,24.86,31.82,23.99,2.95,1991,5,14.14
1991-05-26,0.04,40.16,24.24,32.26,17.35,4.33,1991,5,15.919999999999998
1991-05-27,0.04,39.99,22.53,31.98,12.14,2.77,1991,5,17.46
1991-05-28,0.0,40.13,23.37,31.96,12.1,2.5,1991,5,16.76
1991-05-29,0.0,41.49,23.3,32.25,12.34,3.53,1991,5,18.19
1991-05-30,0.0,39.87,23.44,32.07,13.12,3.12,1991,5,16.429999999999996
1991-05-31,0.0,42.11,23.12,33.42,9.82,2.5,1991,5,18.99
1991-06-01,0.0,42.99,22.65,34.1,7.3,3.13,1991,6,20.340000000000003
1991-06-02,0.0,44.61,23.62,35.34,6.52,2.64,1991,6,20.99
1991-06-03,0.0,44.7,27.59,36.65,6.25,2.18,1991,6,17.110000000000003
1991-06-04,0.0,45.29,28.54,36.81,7.7,2.58,1991,6,16.75
1991-06-05,0.0,46.12,25.85,37.14,8.04,2.65,1991,6,20.269999999999996
1991-06-06,0.0,44.26,26.21,36.5,9.0,2.73,1991,6,18.049999999999997
1991-06-07,0.0,45.01,27.56,36.54,10.55,2.8,1991,6,17.45
1991-06-08,0.0,45.49,27.25,37.32,11.37,2.6,1991,6,18.240000000000002
1991-06-09,0.11,46.54,26.55,36.8,16.28,4.1,1991,6,19.99
1991-06-10,0.09,45.04,28.61,37.02,19.63,5.47,1991,6,16.43
1991-06-11,2.44,41.01,28.34,34.5,29.07,4.19,1991,6,12.669999999999998
1991-06-12,0.0,41.73,27.95,34.54,24.72,2.77,1991,6,13.779999999999998
1991-06-13,0.0,44.13,27.14,35.89,17.67,2.31,1991,6,16.990000000000002
1991-06-14,0.0,44.41,26.44,36.25,14.08,2.76,1991,6,17.969999999999995
1991-06-15,0.0,44.1,26.79,36.31,17.13,2.85,1991,6,17.310000000000002
1991-06-16,0.0,44.82,28.14,37.26,14.48,2.17,1991,6,16.68
1991-06-17,0.0,44.91,28.72,37.5,16.11,3.13,1991,6,16.189999999999998
1991-06-18,0.02,42.06,28.74,35.79,17.31,3.02,1991,6,13.320000000000004
1991-06-19,1.29,37.57,26.54,31.79,32.86,4.24,1991,6,11.030000000000001
1991-06-20,0.2,38.46,24.68,31.72,31.78,2.38,1991,6,13.780000000000001
1991-06-21,0.13,40.59,25.83,33.18,20.91,2.41,1991,6,14.760000000000005
1991-06-22,0.14,40.62,24.76,33.09,21.49,3.47,1991,6,15.859999999999996
1991-06-23,0.0,41.9,26.42,34.4,17.62,2.41,1991,6,15.479999999999997
1991-06-24,0.0,42.84,26.18,34.76,15.79,2.98,1991,6,16.660000000000004
1991-06-25,0.0,43.49,25.97,34.9,12.64,3.08,1991,6,17.520000000000003
1991-06-26,0.02,43.63,24.76,34.64,10.04,3.33,1991,6,18.87
1991-06-27,0.0,44.32,26.62,35.63,10.33,3.11,1991,6,17.7
1991-06-28,0.0,44.65,28.14,36.53,10.98,2.27,1991,6,16.509999999999998
1991-06-29,0.0,44.7,27.99,36.59,14.35,2.32,1991,6,16.710000000000004
1991-06-30,0.0,45.7,27.63,38.01,12.25,2.25,1991,6,18.070000000000004
1991-07-01,0.0,46.04,29.29,38.01,12.47,3.02,1991,7,16.75
1991-07-02,0.0,45.16,28.86,37.29,15.54,2.98,1991,7,16.299999999999997
1991-07-03,0.0,45.23,28.77,37.74,14.97,2.55,1991,7,16.459999999999997
1991-07-04,0.0,45.67,28.9,37.54,15.04,2.69,1991,7,16.770000000000003
1991-07-05,0.0,43.88,29.38,36.83,20.03,2.15,1991,7,14.500000000000004
1991-07-06,6.42,41.78,29.03,35.61,24.32,2.28,1991,7,12.75
1991-07-07,1.71,41.45,27.21,34.75,27.93,2.02,1991,7,14.240000000000002
1991-07-08,0.18,43.02,27.18,35.58,25.48,2.16,1991,7,15.840000000000003
1991-07-09,0.0,44.74,28.28,37.16,21.29,2.14,1991,7,16.46
1991-07-10,0.0,44.95,28.8,37.15,21.84,2.42,1991,7,16.150000000000002
1991-07-11,0.25,43.94,27.78,36.26,20.84,2.39,1991,7,16.159999999999997
1991-07-12,0.0,42.83,27.82,35.56,21.78,4.0,1991,7,15.009999999999998
1991-07-13,25.51,40.12,26.94,32.96,37.15,6.09,1991,7,13.179999999999996
1991-07-14,31.56,36.6,26.25,31.21,53.35,2.06,1991,7,10.350000000000001
1991-07-15,2.41,39.12,23.74,31.84,48.75,2.57,1991,7,15.379999999999999
1991-07-16,0.06,41.34,25.62,33.82,42.29,2.6,1991,7,15.720000000000002
1991-07-17,0.0,41.06,26.54,33.76,41.37,2.68,1991,7,14.520000000000003
1991-07-18,0.03,40.53,26.48,33.55,42.2,2.9,1991,7,14.05
1991-07-19,8.93,41.05,26.07,33.64,46.26,2.77,1991,7,14.979999999999997
1991-07-20,0.76,40.95,26.42,33.74,46.11,2.43,1991,7,14.530000000000001
1991-07-21,0.85,39.12,27.75,32.93,48.13,2.7,1991,7,11.369999999999997
1991-07-22,8.09,37.32,26.34,31.72,55.17,2.12,1991,7,10.98
1991-07-23,0.13,38.9,24.89,32.11,45.42,1.76,1991,7,14.009999999999998
1991-07-24,0.02,40.7,24.17,32.55,42.03,2.33,1991,7,16.53
1991-07-25,0.0,39.99,27.38,33.37,39.53,1.68,1991,7,12.610000000000003
1991-07-26,10.7,39.88,24.64,32.54,47.46,2.04,1991,7,15.240000000000002
1991-07-27,0.0,40.36,26.04,33.48,43.73,2.24,1991,7,14.32
1991-07-28,0.0,42.57,26.44,34.49,41.34,2.45,1991,7,16.13
1991-07-29,0.0,42.75,26.85,34.26,39.82,3.58,1991,7,15.899999999999999
1991-07-30,2.7,39.35,26.41,32.63,49.91,2.78,1991,7,12.940000000000001
1991-07-31,26.87,37.0,26.33,31.82,56.93,1.85,1991,7,10.670000000000002
1991-08-01,8.01,37.4,26.08,32.08,56.07,2.14,1991,8,11.32
1991-08-02,31.43,36.25,27.17,31.57,58.19,1.71,1991,8,9.079999999999998
1991-08-03,0.09,38.23,25.29,31.8,54.83,2.08,1991,8,12.939999999999998
1991-08-04,0.1,39.12,26.28,32.48,51.55,2.69,1991,8,12.839999999999996
1991-08-05,7.46,37.23,25.91,31.31,55.12,1.97,1991,8,11.319999999999997
1991-08-06,7.8,36.99,24.85,30.78,56.18,2.02,1991,8,12.14
1991-08-07,0.0,37.48,24.65,31.1,53.32,2.22,1991,8,12.829999999999998
1991-08-08,0.01,38.65,25.36,31.94,50.2,2.64,1991,8,13.29
1991-08-09,0.05,39.02,26.28,31.65,50.19,4.88,1991,8,12.740000000000002
1991-08-10,44.9,31.65,24.18,28.2,59.04,2.59,1991,8,7.469999999999999
1991-08-11,0.0,34.4,21.58,28.51,53.08,1.99,1991,8,12.82
1991-08-12,0.03,36.63,22.13,29.84,47.02,2.04,1991,8,14.500000000000004
1991-08-13,0.0,37.23,22.44,30.28,47.11,2.16,1991,8,14.789999999999996
1991-08-14,0.0,38.09,23.85,31.56,45.95,1.69,1991,8,14.240000000000002
1991-08-15,0.0,37.24,24.69,31.22,50.14,1.83,1991,8,12.55
1991-08-16,0.0,37.25,24.46,31.22,49.4,1.78,1991,8,12.79
1991-08-17,0.0,38.58,25.26,31.89,49.34,2.18,1991,8,13.319999999999997
1991-08-18,0.48,37.1,25.55,31.22,53.09,2.63,1991,8,11.55
1991-08-19,4.5,36.51,26.21,31.22,58.66,1.72,1991,8,10.299999999999997
1991-08-20,0.08,37.12,25.85,31.1,58.14,2.05,1991,8,11.269999999999996
1991-08-21,1.71,36.99,25.37,31.1,57.31,2.16,1991,8,11.620000000000001
1991-08-22,5.01,35.78,24.79,30.0,62.06,1.78,1991,8,10.990000000000002
1991-08-23,1.77,35.08,24.52,29.27,64.84,2.59,1991,8,10.559999999999999
1991-08-24,0.38,36.13,23.83,29.65,61.04,1.77,1991,8,12.300000000000004
1991-08-25,0.07,37.57,24.68,30.73,56.68,2.05,1991,8,12.89
1991-08-26,0.0,38.37,24.19,31.39,50.77,1.94,1991,8,14.179999999999996
1991-08-27,0.0,40.02,24.82,32.94,43.06,2.03,1991,8,15.200000000000003
1991-08-28,1.37,36.95,24.42,30.69,55.03,3.15,1991,8,12.530000000000001
1991-08-29,2.98,35.48,24.93,29.69,65.75,1.96,1991,8,10.549999999999997
1991-08-30,4.01,35.04,24.01,29.12,65.42,1.38,1991,8,11.029999999999998
1991-08-31,2.83,35.29,24.18,29.67,60.68,1.4,1991,8,11.11
1991-09-01,1.94,36.83,24.71,30.63,56.55,1.57,1991,9,12.119999999999997
1991-09-02,0.12,36.2,23.68,30.14,54.62,1.82,1991,9,12.520000000000003
1991-09-03,0.03,37.95,23.87,31.19,50.64,1.59,1991,9,14.080000000000002
1991-09-04,0.07,38.49,24.46,31.3,50.45,1.94,1991,9,14.030000000000001
1991-09-05,1.52,39.13,24.05,31.15,50.06,2.41,1991,9,15.080000000000002
1991-09-06,0.0,37.64,24.1,30.64,48.75,2.17,1991,9,13.54
1991-09-07,19.5,35.97,22.81,29.37,54.9,1.9,1991,9,13.16
1991-09-08,14.24,36.17,22.59,29.18,55.67,1.93,1991,9,13.580000000000002
1991-09-09,0.0,36.94,23.55,30.02,50.53,1.73,1991,9,13.389999999999997
1991-09-10,0.0,37.34,23.42,30.26,48.9,2.15,1991,9,13.920000000000002
1991-09-11,0.0,36.91,22.93,29.84,50.86,2.07,1991,9,13.979999999999997
1991-09-12,0.0,37.09,22.9,29.79,51.02,2.1,1991,9,14.190000000000005
1991-09-13,0.0,36.65,23.22,29.73,51.34,2.18,1991,9,13.43
1991-09-14,0.02,37.39,23.69,30.3,52.12,2.26,1991,9,13.7
1991-09-15,17.29,34.01,24.17,28.54,59.05,2.18,1991,9,9.839999999999996
1991-09-16,6.02,32.55,24.06,27.72,62.2,1.77,1991,9,8.489999999999998
1991-09-17,29.07,30.44,21.87,25.61,68.96,2.27,1991,9,8.57
1991-09-18,2.99,31.07,20.69,25.99,62.16,2.0,1991,9,10.379999999999999
1991-09-19,0.07,31.39,20.49,25.89,60.32,2.01,1991,9,10.900000000000002
1991-09-20,0.01,32.52,20.5,26.42,55.26,2.08,1991,9,12.020000000000003
1991-09-21,0.0,33.42,20.46,26.81,52.29,2.27,1991,9,12.96
1991-09-22,0.0,34.02,19.8,26.94,47.6,2.06,1991,9,14.220000000000002
1991-09-23,0.0,34.85,19.4,26.9,45.53,2.33,1991,9,15.450000000000003
1991-09-24,0.0,35.1,18.86,26.42,42.5,2.48,1991,9,16.240000000000002
1991-09-25,0.0,34.29,18.57,26.18,43.04,2.74,1991,9,15.719999999999999
1991-09-26,4.89,34.67,18.7,26.49,44.53,2.44,1991,9,15.970000000000002
1991-09-27,15.14,31.46,18.62,23.93,57.3,3.24,1991,9,12.84
1991-09-28,0.99,31.23,17.87,22.72,64.63,3.78,1991,9,13.36
1991-09-29,0.59,29.94,17.5,22.87,55.58,2.6,1991,9,12.440000000000001
1991-09-30,0.0,29.37,15.73,21.73,45.48,2.34,1991,9,13.64
1991-10-01,0.0,29.0,16.02,21.29,38.78,2.47,1991,10,12.98
1991-10-02,0.0,30.23,14.98,21.93,37.26,2.02,1991,10,15.25
1991-10-03,0.0,31.44,14.95,22.78,36.88,2.09,1991,10,16.490000000000002
1991-10-04,0.0,32.62,15.08,23.43,36.72,2.17,1991,10,17.54
1991-10-05,0.0,31.61,18.2,24.35,35.41,1.99,1991,10,13.41
1991-10-06,0.0,32.32,16.35,23.93,36.7,2.37,1991,10,15.969999999999999
1991-10-07,0.0,31.9,16.06,24.24,36.35,2.0,1991,10,15.84
1991-10-08,0.0,32.26,18.41,24.41,38.76,2.09,1991,10,13.849999999999998
1991-10-09,0.0,32.15,16.05,24.02,38.04,2.07,1991,10,16.099999999999998
1991-10-10,0.0,32.74,15.93,23.76,38.93,2.36,1991,10,16.810000000000002
1991-10-11,0.0,31.03,15.93,22.49,40.52,2.75,1991,10,15.100000000000001
1991-10-12,0.28,30.89,15.28,22.77,36.81,1.8,1991,10,15.610000000000001
1991-10-13,0.0,30.05,14.79,21.44,40.74,2.79,1991,10,15.260000000000002
1991-10-14,0.0,29.2,14.21,21.61,38.94,2.18,1991,10,14.989999999999998
1991-10-15,1.23,26.59,14.36,20.05,47.59,2.4,1991,10,12.23
1991-10-16,0.09,28.73,12.64,20.0,47.36,2.29,1991,10,16.09
1991-10-17,1.5,29.65,14.11,21.31,43.76,2.01,1991,10,15.54
1991-10-18,0.0,30.38,15.11,21.63,38.47,2.16,1991,10,15.27
1991-10-19,0.0,30.46,14.34,21.92,37.27,2.06,1991,10,16.12
1991-10-20,0.0,30.66,15.56,22.5,33.11,2.17,1991,10,15.1
1991-10-21,0.0,30.05,13.66,20.89,37.77,3.04,1991,10,16.39
1991-10-22,0.0,30.53,15.24,21.83,36.52,2.66,1991,10,15.290000000000001
1991-10-23,0.0,30.47,13.89,21.48,36.48,2.8,1991,10,16.58
1991-10-24,0.0,30.3,14.37,21.68,35.28,2.09,1991,10,15.930000000000001
1991-10-25,0.0,30.55,14.94,21.49,34.08,2.56,1991,10,15.610000000000001
1991-10-26,0.0,29.47,12.81,20.89,31.96,2.4,1991,10,16.659999999999997
1991-10-27,0.0,30.62,13.5,21.74,30.76,2.11,1991,10,17.12
1991-10-28,0.0,29.31,13.35,21.23,31.11,2.38,1991,10,15.959999999999999
1991-10-29,0.0,29.43,15.12,21.22,31.44,1.9,1991,10,14.31
1991-10-30,0.0,29.24,13.98,20.59,30.82,2.06,1991,10,15.259999999999998
1991-10-31,0.04,28.68,13.65,20.05,28.65,2.42,1991,10,15.03
1991-11-01,0.0,29.91,14.55,21.0,22.77,2.16,1991,11,15.36
1991-11-02,0.0,29.75,11.84,19.66,20.81,2.95,1991,11,17.91
1991-11-03,0.0,29.59,11.62,19.97,17.8,2.33,1991,11,17.97
1991-11-04,0.0,28.74,10.79,19.27,18.03,2.38,1991,11,17.95
1991-11-05,0.0,28.82,11.11,18.94,18.89,2.52,1991,11,17.71
1991-11-06,0.0,27.83,10.92,18.45,19.09,2.87,1991,11,16.909999999999997
1991-11-07,0.0,26.66,10.21,18.04,19.71,2.57,1991,11,16.45
1991-11-08,0.0,27.28,10.3,18.12,20.89,2.39,1991,11,16.98
1991-11-09,0.0,26.47,10.49,17.94,22.24,2.39,1991,11,15.979999999999999
1991-11-10,0.0,25.52,10.27,17.19,24.46,2.25,1991,11,15.25
1991-11-11,0.0,25.24,11.2,17.44,24.03,2.08,1991,11,14.04
1991-11-12,0.0,24.43,10.41,17.17,31.37,2.23,1991,11,14.02
1991-11-13,0.0,24.84,12.09,17.4,29.66,2.49,1991,11,12.75
1991-11-14,0.05,25.33,10.64,17.82,29.57,2.11,1991,11,14.689999999999998
1991-11-15,0.0,24.68,11.98,17.21,29.59,2.81,1991,11,12.7
1991-11-16,0.0,25.1,10.95,16.88,24.39,2.19,1991,11,14.150000000000002
1991-11-17,0.0,24.54,9.02,15.74,24.94,2.69,1991,11,15.52
1991-11-18,0.0,24.19,9.32,15.82,24.19,2.33,1991,11,14.870000000000001
1991-11-19,0.0,25.18,11.98,17.03,21.86,2.29,1991,11,13.2
1991-11-20,0.0,25.2,9.74,16.71,20.96,2.21,1991,11,15.459999999999999
1991-11-21,0.0,25.4,9.99,16.54,20.95,2.49,1991,11,15.409999999999998
1991-11-22,0.0,24.67,9.11,16.17,22.24,2.42,1991,11,15.560000000000002
1991-11-23,0.0,25.83,11.47,16.67,21.57,2.98,1991,11,14.359999999999998
1991-11-24,0.0,25.4,10.33,16.27,21.53,3.34,1991,11,15.069999999999999
1991-11-25,0.0,25.33,12.7,17.48,19.23,2.48,1991,11,12.629999999999999
1991-11-26,0.0,21.83,11.52,16.94,23.61,2.08,1991,11,10.309999999999999
1991-11-27,0.0,24.63,9.68,15.62,40.18,2.85,1991,11,14.95
1991-11-28,0.0,24.64,11.18,16.54,29.02,2.37,1991,11,13.46
1991-11-29,0.0,22.05,9.57,14.59,31.15,4.65,1991,11,12.48
1991-11-30,0.01,22.5,7.87,13.67,34.46,2.92,1991,11,14.629999999999999
1991-12-01,4.19,21.65,7.97,12.89,31.15,2.88,1991,12,13.68
1991-12-02,0.0,22.65,6.63,13.38,22.79,2.91,1991,12,16.02
1991-12-03,0.0,21.84,8.9,14.66,17.43,1.67,1991,12,12.94
1991-12-04,0.0,24.1,10.9,16.43,23.42,2.49,1991,12,13.200000000000001
1991-12-05,0.0,22.97,10.27,15.26,43.27,3.3,1991,12,12.7
1991-12-06,0.0,24.41,10.98,16.16,37.55,2.98,1991,12,13.43
1991-12-07,0.04,24.65,12.76,17.73,31.06,1.64,1991,12,11.889999999999999
1991-12-08,0.27,24.06,11.36,15.91,39.16,2.5,1991,12,12.7
1991-12-09,0.36,23.5,11.03,16.05,36.61,2.27,1991,12,12.47
1991-12-10,0.0,23.36,9.48,15.34,37.25,2.67,1991,12,13.879999999999999
1991-12-11,0.63,19.78,9.46,13.52,44.36,2.43,1991,12,10.32
1991-12-12,0.26,23.03,10.34,15.87,43.81,2.29,1991,12,12.690000000000001
1991-12-13,0.12,23.89,10.92,16.23,51.18,2.74,1991,12,12.97
1991-12-14,0.26,25.17,12.91,17.53,45.76,2.01,1991,12,12.260000000000002
1991-12-15,0.0,23.27,12.89,16.48,43.46,1.97,1991,12,10.379999999999999
1991-12-16,0.0,21.67,12.8,16.33,36.47,2.31,1991,12,8.870000000000001
1991-12-17,0.0,21.45,14.16,16.52,32.15,2.17,1991,12,7.289999999999999
1991-12-18,0.0,19.53,12.87,15.82,34.18,1.83,1991,12,6.660000000000002
1991-12-19,0.0,21.97,13.16,16.19,42.3,2.74,1991,12,8.809999999999999
1991-12-20,0.0,21.64,13.21,16.13,34.45,3.22,1991,12,8.43
1991-12-21,1.13,16.06,11.41,13.29,57.48,3.83,1991,12,4.649999999999999
1991-12-22,14.86,17.57,8.35,12.3,77.42,2.23,1991,12,9.22
1991-12-23,1.42,18.42,8.23,12.1,62.95,1.98,1991,12,10.190000000000001
1991-12-24,0.0,19.27,7.59,12.32,52.82,1.8,1991,12,11.68
1991-12-25,0.02,15.94,6.48,11.01,58.14,1.37,1991,12,9.459999999999999
1991-12-26,0.0,17.43,4.27,9.91,59.22,2.46,1991,12,13.16
1991-12-27,0.07,14.99,5.57,9.77,54.68,2.42,1991,12,9.42
1991-12-28,0.79,16.03,4.13,9.01,58.93,2.3,1991,12,11.900000000000002
1991-12-29,0.1,16.34,4.41,9.34,49.99,2.1,1991,12,11.93
1991-12-30,0.0,16.15,5.05,9.65,44.73,1.98,1991,12,11.099999999999998
1991-12-31,0.0,16.63,3.33,8.14,49.12,2.58,1991,12,13.299999999999999
1992-01-01,0.0,16.01,2.8,7.98,47.32,2.45,1992,1,13.21
1992-01-02,0.0,18.37,4.94,9.79,49.0,2.65,1992,1,13.43
1992-01-03,0.0,16.95,5.36,10.15,48.79,2.89,1992,1,11.59
1992-01-04,0.0,20.04,8.6,13.38,51.28,1.85,1992,1,11.44
1992-01-05,0.0,17.63,7.78,11.53,61.28,2.81,1992,1,9.849999999999998
1992-01-06,0.0,20.29,8.2,13.36,49.43,2.43,1992,1,12.09
1992-01-07,0.0,17.16,9.41,12.35,59.96,4.51,1992,1,7.75
1992-01-08,7.92,19.03,7.22,12.2,63.43,1.86,1992,1,11.810000000000002
1992-01-09,0.28,18.1,7.8,11.55,61.36,2.35,1992,1,10.3
1992-01-10,0.22,16.86,5.39,10.57,55.99,3.09,1992,1,11.469999999999999
1992-01-11,3.58,16.91,3.66,8.94,51.27,2.32,1992,1,13.25
1992-01-12,2.06,13.8,2.15,6.84,54.05,3.1,1992,1,11.65
1992-01-13,0.02,18.27,4.57,10.79,40.82,2.26,1992,1,13.7
1992-01-14,0.0,14.12,5.64,9.49,53.63,2.57,1992,1,8.48
1992-01-15,0.0,18.19,6.63,11.52,50.32,1.86,1992,1,11.560000000000002
1992-01-16,0.0,20.2,7.45,11.77,45.9,2.39,1992,1,12.75
1992-01-17,0.0,18.24,5.33,10.65,47.07,3.05,1992,1,12.909999999999998
1992-01-18,0.0,17.56,9.28,12.59,41.41,1.63,1992,1,8.28
1992-01-19,0.0,20.49,8.65,12.9,48.86,2.56,1992,1,11.839999999999998
1992-01-20,0.0,21.24,8.42,13.22,53.85,2.17,1992,1,12.819999999999999
1992-01-21,0.0,21.08,7.8,13.2,52.83,2.26,1992,1,13.279999999999998
1992-01-22,0.0,19.77,6.47,12.3,55.83,2.71,1992,1,13.3
1992-01-23,0.02,18.71,9.81,13.22,56.02,1.93,1992,1,8.9
1992-01-24,4.82,14.85,8.92,11.58,77.65,3.72,1992,1,5.93
1992-01-25,0.2,15.27,9.84,12.21,81.13,3.04,1992,1,5.43
1992-01-26,3.37,13.22,10.06,11.23,86.97,3.09,1992,1,3.16
1992-01-27,2.94,17.13,9.52,12.59,78.94,1.21,1992,1,7.609999999999999
1992-01-28,3.88,13.54,8.81,10.94,86.32,1.64,1992,1,4.729999999999999
1992-01-29,13.5,14.19,9.21,11.08,90.95,4.81,1992,1,4.979999999999999
1992-01-30,42.7,15.77,8.6,11.69,89.29,3.35,1992,1,7.17
1992-01-31,5.22,17.34,6.86,11.1,77.75,2.2,1992,1,10.48
1992-02-01,4.69,18.55,6.46,11.36,55.97,2.75,1992,2,12.09
1992-02-02,0.0,18.39,3.56,10.8,54.27,2.7,1992,2,14.83
1992-02-03,0.0,18.7,4.29,10.84,58.59,2.66,1992,2,14.41
1992-02-04,0.0,17.82,7.9,11.63,52.47,2.1,1992,2,9.92
1992-02-05,0.07,16.62,6.93,11.48,70.0,2.4,1992,2,9.690000000000001
1992-02-06,9.2,11.68,7.51,10.03,85.58,4.75,1992,2,4.17
1992-02-07,6.38,13.81,6.11,10.15,80.61,1.44,1992,2,7.7
1992-02-08,0.0,16.95,3.16,9.36,66.06,2.87,1992,2,13.79
1992-02-09,0.15,18.8,5.27,11.03,50.94,2.14,1992,2,13.530000000000001
1992-02-10,0.0,19.09,5.72,11.12,48.15,2.26,1992,2,13.370000000000001
1992-02-11,0.0,19.53,5.46,11.95,46.3,2.32,1992,2,14.07
1992-02-12,0.03,13.28,6.59,9.42,68.97,4.9,1992,2,6.6899999999999995
1992-02-13,35.4,16.26,6.52,11.04,82.18,2.69,1992,2,9.740000000000002
1992-02-14,0.14,17.54,4.82,10.01,64.57,3.09,1992,2,12.719999999999999
1992-02-15,0.81,19.93,4.65,11.01,52.09,3.13,1992,2,15.28
1992-02-16,0.0,18.72,3.5,10.71,50.02,2.99,1992,2,15.219999999999999
1992-02-17,0.0,19.52,6.18,12.4,52.52,2.18,1992,2,13.34
1992-02-18,0.0,19.57,5.44,11.84,53.38,3.06,1992,2,14.129999999999999
1992-02-19,0.0,15.44,5.33,10.04,63.58,2.31,1992,2,10.11
1992-02-20,0.05,15.85,5.0,10.57,65.92,1.96,1992,2,10.85
1992-02-21,0.0,18.23,6.63,11.74,60.34,1.59,1992,2,11.600000000000001
1992-02-22,0.0,19.31,6.49,12.05,58.02,2.34,1992,2,12.819999999999999
1992-02-23,0.0,21.06,6.46,12.72,54.88,2.75,1992,2,14.599999999999998
1992-02-24,0.0,21.78,5.63,12.94,49.02,2.7,1992,2,16.150000000000002
1992-02-25,0.0,22.01,8.22,14.76,41.72,2.43,1992,2,13.790000000000001
1992-02-26,0.0,23.19,10.61,15.73,48.21,2.23,1992,2,12.580000000000002
1992-02-27,0.01,21.84,9.79,14.5,55.38,3.91,1992,2,12.05
1992-02-28,5.35,17.26,10.54,13.67,67.73,5.76,1992,2,6.720000000000002
1992-02-29,3.89,22.34,7.97,14.4,64.03,4.86,1992,2,14.370000000000001
1992-03-01,1.7,20.85,5.97,12.48,50.07,3.04,1992,3,14.880000000000003
1992-03-02,0.99,22.06,7.11,13.46,43.88,2.74,1992,3,14.95
1992-03-03,0.0,22.5,8.16,14.26,43.65,2.76,1992,3,14.34
1992-03-04,0.0,22.8,6.85,14.66,43.19,2.84,1992,3,15.950000000000001
1992-03-05,0.0,20.54,9.16,14.02,54.96,2.96,1992,3,11.379999999999999
1992-03-06,0.0,22.5,7.86,13.8,55.48,3.14,1992,3,14.64
1992-03-07,0.02,22.77,8.08,14.6,48.09,3.13,1992,3,14.69
1992-03-08,0.0,23.55,8.73,15.12,47.65,3.09,1992,3,14.82
1992-03-09,0.0,25.1,9.17,16.7,43.36,2.47,1992,3,15.930000000000001
1992-03-10,0.13,24.93,10.25,16.61,47.6,3.47,1992,3,14.68
1992-03-11,0.7,21.82,12.03,16.11,50.48,7.09,1992,3,9.790000000000001
1992-03-12,0.14,21.82,9.52,15.03,59.58,4.65,1992,3,12.3
1992-03-13,6.57,21.09,9.96,14.6,55.01,4.88,1992,3,11.129999999999999
1992-03-14,0.22,20.88,5.17,12.13,56.37,3.08,1992,3,15.709999999999999
1992-03-15,0.66,22.16,5.82,13.43,44.06,3.6,1992,3,16.34
1992-03-16,0.0,24.35,7.81,15.46,46.44,2.85,1992,3,16.540000000000003
1992-03-17,0.0,26.41,11.33,18.54,45.0,2.58,1992,3,15.08
1992-03-18,0.0,26.35,11.11,18.24,47.14,2.5,1992,3,15.240000000000002
1992-03-19,0.02,24.79,12.43,17.89,49.51,2.8,1992,3,12.36
1992-03-20,3.36,21.19,12.09,15.8,64.88,4.6,1992,3,9.100000000000001
1992-03-21,0.19,24.37,10.36,17.5,55.18,2.22,1992,3,14.010000000000002
1992-03-22,5.38,18.0,12.22,15.14,78.42,3.4,1992,3,5.779999999999999
1992-03-23,16.99,20.87,13.05,16.05,83.71,5.24,1992,3,7.82
1992-03-24,28.91,22.61,11.6,17.18,72.74,2.43,1992,3,11.01
1992-03-25,4.79,19.56,12.74,16.01,76.54,5.54,1992,3,6.8199999999999985
1992-03-26,57.08,21.55,12.76,16.6,83.52,6.33,1992,3,8.790000000000001
1992-03-27,0.0,22.8,12.24,16.57,70.89,2.33,1992,3,10.56
1992-03-28,1.95,21.39,11.55,16.29,61.0,2.36,1992,3,9.84
1992-03-29,0.35,21.83,10.24,15.5,69.83,2.07,1992,3,11.589999999999998
1992-03-30,0.7,22.89,10.22,16.6,59.3,1.85,1992,3,12.67
1992-03-31,0.0,23.96,9.27,16.59,59.41,3.23,1992,3,14.690000000000001
1992-04-01,0.0,24.4,13.27,18.36,54.05,2.31,1992,4,11.129999999999999
1992-04-02,0.0,25.93,14.68,19.83,50.8,2.31,1992,4,11.25
1992-04-03,0.0,26.77,12.71,19.75,58.63,2.43,1992,4,14.059999999999999
1992-04-04,0.06,26.36,14.53,19.66,59.98,2.73,1992,4,11.83
1992-04-05,1.57,23.88,12.68,17.66,67.78,2.82,1992,4,11.2
1992-04-06,5.64,23.78,13.63,18.17,68.06,2.72,1992,4,10.15
1992-04-07,0.06,24.84,11.13,17.99,60.2,2.99,1992,4,13.709999999999999
1992-04-08,0.19,26.33,13.1,19.73,53.91,2.01,1992,4,13.229999999999999
1992-04-09,0.0,27.03,13.4,20.46,53.05,2.93,1992,4,13.63
1992-04-10,0.03,25.02,14.39,19.03,55.12,3.68,1992,4,10.629999999999999
1992-04-11,1.05,25.81,11.66,19.21,51.75,1.91,1992,4,14.149999999999999
1992-04-12,0.28,26.6,12.44,19.83,52.93,2.22,1992,4,14.160000000000002
1992-04-13,0.02,27.69,13.19,20.91,48.57,2.36,1992,4,14.500000000000002
1992-04-14,0.02,30.19,14.08,22.15,52.89,1.89,1992,4,16.11
1992-04-15,0.08,29.4,15.1,22.04,53.81,2.44,1992,4,14.299999999999999
1992-04-16,0.33,31.04,15.03,22.63,53.08,2.93,1992,4,16.009999999999998
1992-04-17,0.0,31.28,17.54,22.29,57.1,3.69,1992,4,13.740000000000002
1992-04-18,1.82,31.9,15.68,23.29,52.0,2.85,1992,4,16.22
1992-04-19,2.75,26.63,18.04,22.48,54.84,2.59,1992,4,8.59
1992-04-20,0.78,31.08,16.31,23.58,54.71,2.97,1992,4,14.77
1992-04-21,2.89,25.3,16.33,20.87,61.95,4.24,1992,4,8.970000000000002
1992-04-22,0.64,27.25,15.16,21.34,54.28,1.4,1992,4,12.09
1992-04-23,9.35,30.5,14.98,22.82,51.22,2.45,1992,4,15.52
1992-04-24,0.09,31.92,16.33,23.77,48.46,2.76,1992,4,15.590000000000003
1992-04-25,0.0,33.39,17.95,25.41,47.31,2.32,1992,4,15.440000000000001
1992-04-26,0.0,33.9,18.14,25.81,47.18,2.98,1992,4,15.759999999999998
1992-04-27,0.0,34.37,18.48,26.26,47.68,3.33,1992,4,15.889999999999997
1992-04-28,0.0,35.36,20.15,26.39,46.48,3.24,1992,4,15.21
1992-04-29,1.94,33.53,20.09,26.25,46.19,2.74,1992,4,13.440000000000001
1992-04-30,1.26,33.06,19.71,26.36,48.69,2.38,1992,4,13.350000000000001
1992-05-01,2.63,31.22,18.13,24.31,49.98,2.45,1992,5,13.09
1992-05-02,0.76,33.09,17.24,24.93,46.2,2.7,1992,5,15.850000000000005
1992-05-03,2.15,32.29,19.67,25.42,44.06,3.88,1992,5,12.619999999999997
1992-05-04,7.03,31.14,16.82,24.22,52.01,3.6,1992,5,14.32
1992-05-05,0.4,30.51,17.1,24.12,43.2,3.17,1992,5,13.41
1992-05-06,6.2,31.4,16.45,23.53,49.44,2.87,1992,5,14.95
1992-05-07,0.0,33.47,16.82,24.69,44.14,3.65,1992,5,16.65
1992-05-08,0.0,33.31,16.61,25.38,39.46,2.86,1992,5,16.700000000000003
1992-05-09,0.0,34.69,18.21,26.17,40.23,3.59,1992,5,16.479999999999997
1992-05-10,0.68,35.67,18.65,27.19,43.27,3.54,1992,5,17.020000000000003
1992-05-11,0.0,37.6,20.3,29.3,39.49,3.03,1992,5,17.3
1992-05-12,0.0,39.43,21.95,30.42,39.23,3.2,1992,5,17.48
1992-05-13,0.0,39.46,22.67,30.5,39.55,3.69,1992,5,16.79
1992-05-14,0.0,38.18,23.05,29.92,40.17,3.06,1992,5,15.129999999999999
1992-05-15,0.0,37.15,21.42,29.06,39.37,2.76,1992,5,15.729999999999997
1992-05-16,2.4,29.77,19.65,24.45,52.35,3.24,1992,5,10.120000000000001
1992-05-17,0.33,34.24,19.13,26.2,43.82,2.85,1992,5,15.110000000000003
1992-05-18,4.53,33.7,19.21,26.78,41.0,2.62,1992,5,14.490000000000002
1992-05-19,0.0,35.49,18.28,26.92,38.81,3.21,1992,5,17.21
1992-05-20,0.0,35.16,18.88,27.25,38.06,3.03,1992,5,16.279999999999998
1992-05-21,0.0,37.47,21.79,29.3,31.23,2.95,1992,5,15.68
1992-05-22,0.0,38.87,19.96,29.88,30.55,3.34,1992,5,18.909999999999997
1992-05-23,0.0,41.3,23.04,31.95,27.72,3.35,1992,5,18.259999999999998
1992-05-24,0.0,41.31,23.12,31.95,26.46,3.51,1992,5,18.19
1992-05-25,0.0,42.62,22.62,32.74,22.76,3.67,1992,5,19.999999999999996
1992-05-26,3.71,37.55,23.73,31.0,24.47,3.46,1992,5,13.819999999999997
1992-05-27,1.47,35.78,20.75,28.71,37.62,2.96,1992,5,15.030000000000001
1992-05-28,8.55,34.46,19.99,26.07,50.56,3.51,1992,5,14.470000000000002
1992-05-29,0.37,30.92,19.49,24.63,50.56,2.66,1992,5,11.430000000000003
1992-05-30,0.02,34.37,18.67,26.33,40.65,2.41,1992,5,15.699999999999996
1992-05-31,0.14,35.07,18.64,26.96,34.02,2.89,1992,5,16.43
1992-06-01,0.24,37.07,19.8,28.64,28.64,3.11,1992,6,17.27
1992-06-02,0.0,39.64,20.57,30.31,23.28,3.14,1992,6,19.07
1992-06-03,0.0,38.41,21.25,29.85,24.99,3.32,1992,6,17.159999999999997
1992-06-04,0.01,41.55,21.95,32.02,22.76,2.69,1992,6,19.599999999999998
1992-06-05,0.08,42.26,24.24,33.68,21.76,2.59,1992,6,18.02
1992-06-06,0.0,43.35,25.97,34.72,19.79,3.16,1992,6,17.380000000000003
1992-06-07,0.0,43.01,25.63,34.45,19.57,3.34,1992,6,17.38
1992-06-08,0.0,43.45,26.16,34.79,16.6,3.04,1992,6,17.290000000000003
1992-06-09,0.02,41.96,26.12,33.92,16.51,2.25,1992,6,15.84
1992-06-10,0.0,44.01,25.49,35.09,15.2,2.75,1992,6,18.52
1992-06-11,0.03,42.74,26.08,34.82,14.33,3.04,1992,6,16.660000000000004
1992-06-12,0.92,40.54,25.99,33.43,16.11,2.88,1992,6,14.55
1992-06-13,1.21,41.76,24.54,33.87,18.15,3.04,1992,6,17.22
1992-06-14,1.85,42.82,26.76,34.77,15.6,2.61,1992,6,16.06
1992-06-15,0.0,43.11,25.03,34.23,16.21,3.4,1992,6,18.08
1992-06-16,0.0,43.98,25.6,35.12,13.81,3.08,1992,6,18.379999999999995
1992-06-17,0.0,45.13,25.51,35.95,13.19,3.17,1992,6,19.62
1992-06-18,0.0,45.06,25.92,36.0,11.89,3.07,1992,6,19.14
1992-06-19,0.0,43.57,27.42,36.41,12.15,2.93,1992,6,16.15
1992-06-20,0.0,44.14,25.95,36.09,13.77,3.16,1992,6,18.19
1992-06-21,0.04,44.58,27.31,36.47,16.57,2.89,1992,6,17.27
1992-06-22,8.49,40.12,28.35,34.09,30.21,2.32,1992,6,11.769999999999996
1992-06-23,0.38,42.69,25.81,34.32,24.75,2.92,1992,6,16.88
1992-06-24,0.72,43.5,23.94,34.5,19.15,3.29,1992,6,19.56
1992-06-25,0.0,42.99,26.86,35.17,15.1,2.17,1992,6,16.130000000000003
1992-06-26,0.0,44.61,26.24,35.7,12.81,2.35,1992,6,18.37
1992-06-27,0.0,43.07,25.38,34.99,16.19,3.64,1992,6,17.69
1992-06-28,0.2,43.03,26.65,35.49,23.13,2.7,1992,6,16.380000000000003
1992-06-29,0.06,41.0,28.75,35.15,25.34,2.24,1992,6,12.25
1992-06-30,0.0,41.21,28.21,34.49,23.35,2.77,1992,6,13.0
1992-07-01,0.02,39.82,26.35,33.4,24.56,2.78,1992,7,13.469999999999999
1992-07-02,4.82,38.1,24.44,31.51,36.35,2.91,1992,7,13.66
1992-07-03,0.58,39.19,24.71,32.14,33.65,2.67,1992,7,14.479999999999997
1992-07-04,0.0,40.62,24.83,33.2,24.27,2.26,1992,7,15.79
1992-07-05,0.0,42.65,23.45,34.28,17.69,2.71,1992,7,19.2
1992-07-06,0.0,44.48,25.5,36.16,14.53,2.18,1992,7,18.979999999999997
1992-07-07,0.0,43.89,24.85,35.13,14.88,3.28,1992,7,19.04
1992-07-08,0.0,44.88,26.19,35.81,16.97,2.98,1992,7,18.69
1992-07-09,0.01,41.56,26.07,34.09,24.11,3.11,1992,7,15.490000000000002
1992-07-10,4.88,39.41,27.48,33.25,34.92,1.83,1992,7,11.929999999999996
1992-07-11,9.58,37.34,25.6,31.78,49.57,1.78,1992,7,11.740000000000002
1992-07-12,0.09,38.26,26.37,32.45,47.22,1.39,1992,7,11.889999999999997
1992-07-13,1.02,39.15,26.81,32.93,45.02,2.04,1992,7,12.34
1992-07-14,39.02,35.3,26.21,31.0,54.7,1.2,1992,7,9.089999999999996
1992-07-15,37.66,34.21,25.44,30.47,59.13,1.44,1992,7,8.77
1992-07-16,5.34,37.44,24.59,31.48,55.47,2.12,1992,7,12.849999999999998
1992-07-17,6.1,35.47,25.43,30.72,55.09,1.86,1992,7,10.04
1992-07-18,8.9,34.19,24.48,29.86,58.87,1.49,1992,7,9.709999999999997
1992-07-19,3.99,35.46,24.28,30.12,61.29,1.71,1992,7,11.18
1992-07-20,2.17,34.31,24.79,29.68,65.62,2.44,1992,7,9.520000000000003
1992-07-21,7.67,34.41,25.45,30.03,66.14,1.92,1992,7,8.959999999999997
1992-07-22,4.45,29.58,24.63,27.02,80.83,3.13,1992,7,4.949999999999999
1992-07-23,0.22,33.89,24.21,28.83,68.76,2.25,1992,7,9.68
1992-07-24,3.08,35.76,24.65,29.76,66.13,2.22,1992,7,11.11
1992-07-25,0.71,35.93,24.16,29.76,65.45,2.13,1992,7,11.77
1992-07-26,6.09,35.94,24.84,30.55,61.45,1.79,1992,7,11.099999999999998
1992-07-27,0.77,35.73,25.29,30.78,61.05,1.67,1992,7,10.439999999999998
1992-07-28,0.22,36.94,25.69,31.6,59.17,1.82,1992,7,11.249999999999996
1992-07-29,1.73,37.0,26.25,31.48,59.35,2.14,1992,7,10.75
1992-07-30,4.4,35.94,25.19,30.67,58.8,2.36,1992,7,10.749999999999996
1992-07-31,4.77,35.86,25.06,30.78,58.76,1.45,1992,7,10.8
1992-08-01,0.45,37.61,25.32,31.71,57.89,1.63,1992,8,12.29
1992-08-02,0.0,38.25,26.74,32.18,55.29,1.71,1992,8,11.510000000000002
1992-08-03,22.2,33.76,25.56,29.15,70.64,3.28,1992,8,8.2
1992-08-04,37.27,31.95,23.56,27.31,79.66,3.28,1992,8,8.39
1992-08-05,4.63,29.22,23.69,26.31,82.5,2.63,1992,8,5.529999999999998
1992-08-06,1.34,33.59,22.26,27.99,69.36,1.73,1992,8,11.330000000000002
1992-08-07,1.19,34.73,24.09,29.71,62.68,1.67,1992,8,10.639999999999997
1992-08-08,6.77,33.41,24.55,28.9,69.7,3.12,1992,8,8.859999999999996
1992-08-09,65.72,30.66,23.97,27.12,78.86,2.86,1992,8,6.690000000000001
1992-08-10,0.02,32.73,22.64,27.44,73.9,2.02,1992,8,10.089999999999996
1992-08-11,1.13,33.41,23.23,28.53,65.46,1.4,1992,8,10.179999999999996
1992-08-12,0.14,33.73,22.64,28.96,66.14,1.51,1992,8,11.089999999999996
1992-08-13,0.0,34.49,24.78,29.62,67.56,1.83,1992,8,9.71
1992-08-14,0.63,34.87,24.85,29.89,64.34,1.54,1992,8,10.019999999999996
1992-08-15,0.33,35.3,25.03,30.46,62.57,1.8,1992,8,10.269999999999996
1992-08-16,2.8,35.14,25.4,30.04,65.99,1.76,1992,8,9.740000000000002
1992-08-17,7.5,32.97,24.92,28.72,71.34,1.95,1992,8,8.049999999999997
1992-08-18,13.31,32.01,24.05,28.33,71.4,0.93,1992,8,7.959999999999997
1992-08-19,1.2,33.53,23.87,28.85,65.46,1.41,1992,8,9.66
1992-08-20,12.09,33.53,22.48,28.36,67.24,1.94,1992,8,11.05
1992-08-21,0.0,33.7,23.41,28.75,65.87,1.66,1992,8,10.290000000000003
1992-08-22,0.0,34.53,24.15,29.8,60.1,2.04,1992,8,10.380000000000003
1992-08-23,0.0,36.4,24.05,30.18,57.51,2.21,1992,8,12.349999999999998
1992-08-24,0.0,36.1,23.7,29.88,60.24,1.89,1992,8,12.400000000000002
1992-08-25,0.04,36.1,24.51,30.15,62.79,2.58,1992,8,11.59
1992-08-26,0.02,36.42,24.36,30.13,63.05,2.03,1992,8,12.060000000000002
1992-08-27,1.33,35.17,23.61,29.12,63.12,2.07,1992,8,11.560000000000002
1992-08-28,15.4,33.81,23.54,28.67,66.65,1.68,1992,8,10.270000000000003
1992-08-29,1.45,35.39,23.5,29.36,59.67,1.91,1992,8,11.89
1992-08-30,0.0,36.54,23.28,30.36,53.9,1.76,1992,8,13.259999999999998
1992-08-31,0.0,37.75,24.41,31.73,49.79,1.87,1992,8,13.34
1992-09-01,0.03,37.63,25.88,31.95,51.35,1.67,1992,9,11.750000000000004
1992-09-02,0.0,36.63,24.8,30.5,58.74,1.94,1992,9,11.830000000000002
1992-09-03,34.06,34.27,25.82,29.78,63.14,1.55,1992,9,8.450000000000003
1992-09-04,0.28,32.32,22.82,27.01,70.89,2.25,1992,9,9.5
1992-09-05,0.4,34.17,22.29,28.08,63.61,1.57,1992,9,11.880000000000003
1992-09-06,0.06,34.14,23.53,28.98,60.52,2.0,1992,9,10.61
1992-09-07,0.86,32.6,23.06,27.77,67.59,2.43,1992,9,9.540000000000003
1992-09-08,1.76,31.46,22.92,26.72,70.98,3.24,1992,9,8.54
1992-09-09,48.47,27.84,20.71,24.22,86.82,3.86,1992,9,7.129999999999999
1992-09-10,92.6,28.36,20.92,24.24,84.44,2.07,1992,9,7.439999999999998
1992-09-11,0.56,29.16,19.85,24.35,74.94,2.05,1992,9,9.309999999999999
1992-09-12,0.84,29.93,20.01,25.16,67.63,1.62,1992,9,9.919999999999998
1992-09-13,0.0,30.47,21.38,25.88,65.65,1.25,1992,9,9.09
1992-09-14,1.45,29.93,20.95,25.25,72.64,1.96,1992,9,8.98
1992-09-15,2.35,29.69,20.99,25.29,72.37,1.74,1992,9,8.700000000000003
1992-09-16,0.38,30.13,20.93,25.24,68.29,1.89,1992,9,9.2
1992-09-17,2.93,28.87,18.97,24.2,66.37,1.72,1992,9,9.900000000000002
1992-09-18,0.41,29.03,18.45,24.15,67.11,2.13,1992,9,10.580000000000002
1992-09-19,0.0,29.12,18.67,23.93,66.02,1.91,1992,9,10.45
1992-09-20,0.0,29.12,17.56,23.72,62.95,2.24,1992,9,11.560000000000002
1992-09-21,0.0,30.37,17.91,24.44,58.54,2.38,1992,9,12.46
1992-09-22,0.0,31.34,18.92,24.78,54.05,2.08,1992,9,12.419999999999998
1992-09-23,0.0,31.67,18.51,25.3,45.91,1.84,1992,9,13.16
1992-09-24,0.0,31.72,17.53,24.88,48.02,1.75,1992,9,14.189999999999998
1992-09-25,0.0,31.11,17.36,24.16,49.55,2.34,1992,9,13.75
1992-09-26,0.0,31.06,17.58,24.21,49.95,2.05,1992,9,13.48
1992-09-27,0.0,30.73,18.14,23.91,51.3,1.87,1992,9,12.59
1992-09-28,0.0,30.55,17.6,23.98,49.6,1.86,1992,9,12.95
1992-09-29,0.0,30.62,17.41,23.8,51.42,1.96,1992,9,13.21
1992-09-30,0.0,31.49,17.26,24.0,54.86,2.76,1992,9,14.229999999999997
1992-10-01,0.0,31.78,17.93,24.12,54.44,3.11,1992,10,13.850000000000001
1992-10-02,1.85,31.27,17.46,23.73,52.73,3.26,1992,10,13.809999999999999
1992-10-03,0.8,31.84,17.11,24.1,52.84,2.46,1992,10,14.73
1992-10-04,2.48,31.82,16.86,23.95,51.85,2.63,1992,10,14.96
1992-10-05,0.0,30.31,17.27,23.18,53.95,3.44,1992,10,13.04
1992-10-06,4.91,27.79,17.37,22.2,58.4,3.01,1992,10,10.419999999999998
1992-10-07,0.0,29.45,15.0,21.6,57.61,2.7,1992,10,14.45
1992-10-08,0.0,30.26,18.74,23.96,46.35,1.83,1992,10,11.520000000000003
1992-10-09,0.0,30.46,16.71,23.4,50.06,1.87,1992,10,13.75
1992-10-10,0.0,31.64,16.91,23.71,48.39,2.53,1992,10,14.73
1992-10-11,0.0,32.01,16.76,24.16,45.28,1.82,1992,10,15.249999999999996
1992-10-12,0.0,31.77,17.35,24.09,43.87,2.2,1992,10,14.419999999999998
1992-10-13,0.0,31.13,16.11,23.36,41.73,2.21,1992,10,15.02
1992-10-14,0.0,32.12,16.67,23.85,36.88,1.92,1992,10,15.449999999999996
1992-10-15,0.0,32.01,15.45,22.97,40.13,2.31,1992,10,16.56
1992-10-16,0.0,31.39,16.23,22.99,41.08,2.08,1992,10,15.16
1992-10-17,0.0,30.84,15.18,21.9,46.29,3.53,1992,10,15.66
1992-10-18,0.0,30.41,15.92,22.19,49.74,4.52,1992,10,14.49
1992-10-19,0.02,29.84,16.08,22.33,51.49,2.3,1992,10,13.760000000000002
1992-10-20,3.81,30.13,14.41,21.66,45.71,3.06,1992,10,15.719999999999999
1992-10-21,0.0,29.6,14.81,22.14,39.56,1.84,1992,10,14.790000000000001
1992-10-22,0.0,29.58,16.0,22.3,39.37,2.17,1992,10,13.579999999999998
1992-10-23,0.0,29.08,12.91,21.14,35.75,2.38,1992,10,16.169999999999998
1992-10-24,0.0,29.55,12.55,19.63,38.91,3.19,1992,10,17.0
1992-10-25,0.0,28.37,13.21,20.18,36.79,2.52,1992,10,15.16
1992-10-26,0.0,28.89,12.95,20.23,36.53,2.7,1992,10,15.940000000000001
1992-10-27,0.0,28.95,13.3,20.29,34.73,2.62,1992,10,15.649999999999999
1992-10-28,0.0,29.53,12.59,20.26,34.69,2.47,1992,10,16.94
1992-10-29,0.0,29.0,12.88,19.98,34.9,2.21,1992,10,16.119999999999997
1992-10-30,0.0,28.23,14.19,20.45,33.3,1.85,1992,10,14.040000000000001
1992-10-31,0.0,28.35,13.16,20.08,34.67,2.02,1992,10,15.190000000000001
1992-11-01,0.0,28.77,12.15,19.95,37.65,2.08,1992,11,16.619999999999997
1992-11-02,0.0,28.65,13.65,20.23,43.21,2.15,1992,11,14.999999999999998
1992-11-03,0.0,28.02,14.21,20.35,39.81,2.1,1992,11,13.809999999999999
1992-11-04,0.0,27.65,15.22,20.49,33.47,1.87,1992,11,12.429999999999998
1992-11-05,0.0,26.79,10.2,18.53,36.49,2.58,1992,11,16.59
1992-11-06,0.0,26.46,10.3,16.91,37.25,2.94,1992,11,16.16
1992-11-07,0.0,26.59,11.06,17.6,27.32,2.75,1992,11,15.53
1992-11-08,0.0,27.74,11.65,18.6,22.3,2.01,1992,11,16.089999999999996
1992-11-09,0.0,26.83,12.65,18.27,23.15,2.06,1992,11,14.179999999999998
1992-11-10,0.0,27.89,12.12,18.69,24.99,2.47,1992,11,15.770000000000001
1992-11-11,0.0,26.33,13.18,18.33,26.88,1.88,1992,11,13.149999999999999
1992-11-12,0.0,27.28,12.04,18.25,29.35,2.19,1992,11,15.240000000000002
1992-11-13,0.0,27.62,11.51,18.88,28.66,1.95,1992,11,16.11
1992-11-14,0.0,27.67,12.11,19.17,28.04,1.77,1992,11,15.560000000000002
1992-11-15,0.0,26.68,11.51,18.74,30.15,2.04,1992,11,15.17
1992-11-16,0.0,26.25,13.19,18.38,35.69,1.92,1992,11,13.06
1992-11-17,0.0,23.4,13.56,17.85,42.31,2.88,1992,11,9.839999999999998
1992-11-18,0.0,25.04,13.09,18.44,46.0,1.82,1992,11,11.95
1992-11-19,4.59,21.81,10.39,15.78,65.16,2.48,1992,11,11.419999999999998
1992-11-20,33.75,18.1,8.88,12.82,74.02,1.89,1992,11,9.22
1992-11-21,1.76,20.43,7.61,13.54,49.28,2.31,1992,11,12.82
1992-11-22,0.0,21.38,9.2,13.93,53.22,2.28,1992,11,12.18
1992-11-23,0.0,22.48,7.46,13.0,47.87,3.26,1992,11,15.02
1992-11-24,0.0,22.19,8.33,13.3,40.02,2.64,1992,11,13.860000000000001
1992-11-25,0.0,23.36,9.24,14.74,35.36,2.04,1992,11,14.12
1992-11-26,0.0,22.22,8.93,13.49,42.37,2.68,1992,11,13.29
1992-11-27,0.0,20.22,10.23,13.96,39.68,1.81,1992,11,9.989999999999998
1992-11-28,0.0,21.73,9.85,14.42,43.31,1.67,1992,11,11.88
1992-11-29,0.0,23.07,10.07,14.52,45.52,2.69,1992,11,13.0
1992-11-30,0.0,23.69,9.94,14.69,45.48,2.28,1992,11,13.750000000000002
1992-12-01,0.0,22.99,10.1,15.09,43.66,1.86,1992,12,12.889999999999999
1992-12-02,0.0,22.87,8.24,14.23,48.06,2.35,1992,12,14.63
1992-12-03,0.0,21.39,9.57,14.16,50.62,2.49,1992,12,11.82
1992-12-04,0.0,21.15,7.8,12.84,55.94,2.53,1992,12,13.349999999999998
1992-12-05,0.0,21.7,8.81,14.58,43.19,1.81,1992,12,12.889999999999999
1992-12-06,0.0,17.35,9.84,12.99,45.82,1.91,1992,12,7.510000000000002
1992-12-07,0.0,22.83,10.57,14.19,44.28,2.06,1992,12,12.259999999999998
1992-12-08,0.0,21.91,10.87,14.69,47.18,2.17,1992,12,11.040000000000001
1992-12-09,0.0,22.74,9.26,14.46,48.31,2.67,1992,12,13.479999999999999
1992-12-10,0.0,20.33,8.94,13.94,42.37,2.28,1992,12,11.389999999999999
1992-12-11,0.0,14.63,8.72,12.03,56.09,2.91,1992,12,5.91
1992-12-12,0.84,20.11,6.72,11.82,60.03,2.6,1992,12,13.39
1992-12-13,7.25,20.73,5.14,10.98,53.01,3.14,1992,12,15.59
1992-12-14,0.0,22.28,5.2,12.41,37.12,2.99,1992,12,17.080000000000002
1992-12-15,0.0,22.89,10.16,15.15,36.33,1.9,1992,12,12.73
1992-12-16,0.0,20.65,10.28,14.49,41.06,1.44,1992,12,10.37
1992-12-17,0.0,21.78,9.25,13.84,42.77,2.28,1992,12,12.530000000000001
1992-12-18,0.0,21.03,9.97,14.22,43.47,1.58,1992,12,11.06
1992-12-19,0.0,19.51,8.6,13.01,47.76,2.03,1992,12,10.910000000000002
1992-12-20,0.0,22.09,9.23,13.53,50.93,2.81,1992,12,12.86
1992-12-21,0.0,21.16,8.01,13.06,51.57,2.55,1992,12,13.15
1992-12-22,0.0,22.77,8.39,13.27,46.73,3.21,1992,12,14.379999999999999
1992-12-23,0.0,23.47,11.0,15.91,38.31,1.57,1992,12,12.469999999999999
1992-12-24,0.01,22.02,10.91,15.23,46.93,2.81,1992,12,11.11
1992-12-25,0.0,22.58,8.96,14.06,51.41,2.71,1992,12,13.619999999999997
1992-12-26,0.0,21.57,8.28,14.24,47.72,2.28,1992,12,13.290000000000001
1992-12-27,0.0,20.88,7.43,12.87,49.43,2.43,1992,12,13.45
1992-12-28,0.0,20.33,6.22,11.91,48.66,3.1,1992,12,14.11
1992-12-29,0.0,17.15,8.71,12.8,48.62,2.43,1992,12,8.439999999999998
1992-12-30,0.0,22.29,10.76,15.2,52.56,2.45,1992,12,11.53
1992-12-31,0.03,15.73,10.7,12.74,70.87,4.62,1992,12,5.030000000000001
1993-01-01,0.26,21.02,10.93,14.86,66.58,1.98,1993,1,10.09
1993-01-02,1.04,18.96,8.89,13.67,73.57,2.26,1993,1,10.07
1993-01-03,0.88,19.8,7.75,12.42,65.39,2.72,1993,1,12.05
1993-01-04,0.0,16.18,5.25,9.33,55.22,2.78,1993,1,10.93
1993-01-05,0.0,19.38,4.63,10.41,49.65,2.37,1993,1,14.75
1993-01-06,0.39,11.03,4.77,7.07,82.71,3.37,1993,1,6.26
1993-01-07,7.42,13.05,3.77,7.53,75.67,3.06,1993,1,9.280000000000001
1993-01-08,0.05,13.07,2.26,6.66,62.64,2.02,1993,1,10.81
1993-01-09,1.68,13.97,2.7,7.88,45.89,1.82,1993,1,11.27
1993-01-10,0.01,10.88,3.98,6.6,74.46,2.53,1993,1,6.9
1993-01-11,0.41,15.45,2.7,8.37,71.42,1.86,1993,1,12.75
1993-01-12,1.25,17.34,3.68,8.97,67.88,2.34,1993,1,13.66
1993-01-13,0.0,16.38,3.63,8.68,45.26,2.6,1993,1,12.75
1993-01-14,0.0,16.95,3.18,8.62,37.94,2.57,1993,1,13.77
1993-01-15,0.36,12.06,3.95,6.67,57.74,3.59,1993,1,8.11
1993-01-16,8.59,10.99,4.95,7.58,87.5,3.58,1993,1,6.04
1993-01-17,0.57,15.07,2.19,7.57,70.05,2.67,1993,1,12.88
1993-01-18,2.18,15.62,4.71,8.95,50.28,1.54,1993,1,10.91
1993-01-19,0.0,16.78,4.22,9.48,42.93,1.76,1993,1,12.560000000000002
1993-01-20,0.06,14.0,1.79,6.71,49.85,2.69,1993,1,12.21
1993-01-21,0.82,15.45,0.4,6.56,46.47,2.72,1993,1,15.049999999999999
1993-01-22,0.0,16.23,2.62,8.03,40.66,2.28,1993,1,13.61
1993-01-23,0.0,17.03,4.41,9.28,36.35,2.14,1993,1,12.620000000000001
1993-01-24,0.0,18.05,3.81,9.43,38.58,2.38,1993,1,14.24
1993-01-25,0.0,19.57,3.95,10.39,37.16,2.61,1993,1,15.620000000000001
1993-01-26,0.0,19.99,4.65,10.5,40.63,3.26,1993,1,15.339999999999998
1993-01-27,0.0,23.76,4.0,12.0,36.6,3.64,1993,1,19.76
1993-01-28,0.0,20.79,6.92,12.79,38.42,2.67,1993,1,13.87
1993-01-29,0.0,21.32,5.13,13.02,37.37,2.73,1993,1,16.19
1993-01-30,0.0,20.87,5.75,13.34,41.97,2.47,1993,1,15.120000000000001
1993-01-31,0.0,22.37,5.67,12.28,48.81,3.25,1993,1,16.700000000000003
1993-02-01,0.0,22.15,8.09,13.53,37.45,2.88,1993,2,14.059999999999999
1993-02-02,0.0,22.74,9.47,14.64,39.92,2.85,1993,2,13.269999999999998
1993-02-03,0.0,24.48,10.06,15.29,43.09,2.4,1993,2,14.42
1993-02-04,0.0,24.93,9.33,15.08,44.91,2.97,1993,2,15.6
1993-02-05,0.0,24.24,10.82,16.27,44.9,3.92,1993,2,13.419999999999998
1993-02-06,0.0,27.58,10.67,17.8,43.01,3.67,1993,2,16.909999999999997
1993-02-07,0.0,27.72,13.17,18.24,43.6,3.4,1993,2,14.549999999999999
1993-02-08,0.0,30.75,12.08,19.37,35.29,4.23,1993,2,18.67
1993-02-09,0.38,29.84,14.79,20.62,33.44,2.99,1993,2,15.05
1993-02-10,8.95,28.4,12.25,18.9,42.12,3.09,1993,2,16.15
1993-02-11,0.0,27.08,13.29,18.7,39.81,3.12,1993,2,13.79
1993-02-12,0.0,27.85,12.44,19.1,42.37,2.72,1993,2,15.410000000000002
1993-02-13,0.0,28.29,10.97,17.87,41.49,3.54,1993,2,17.32
1993-02-14,0.0,26.85,10.98,17.19,39.78,3.75,1993,2,15.870000000000001
1993-02-15,0.0,25.32,11.96,16.94,46.76,2.7,1993,2,13.36
1993-02-16,0.0,27.56,10.89,18.0,42.65,4.47,1993,2,16.669999999999998
1993-02-17,0.52,23.53,8.84,15.35,34.39,2.61,1993,2,14.690000000000001
1993-02-18,8.17,22.86,6.84,13.26,32.89,2.97,1993,2,16.02
1993-02-19,0.0,21.35,3.59,12.19,28.47,3.05,1993,2,17.76
1993-02-20,0.0,20.74,5.13,12.31,24.45,2.2,1993,2,15.61
1993-02-21,0.0,20.91,2.7,10.99,28.59,2.46,1993,2,18.21
1993-02-22,0.0,19.19,4.27,11.23,35.18,2.44,1993,2,14.920000000000002
1993-02-23,0.0,20.1,6.89,12.62,44.95,1.94,1993,2,13.21
1993-02-24,0.09,13.38,8.26,10.31,69.25,3.5,1993,2,5.120000000000001
1993-02-25,13.68,13.73,8.0,10.63,84.54,4.19,1993,2,5.73
1993-02-26,7.5,19.16,9.82,13.63,68.0,1.54,1993,2,9.34
1993-02-27,0.8,18.13,8.14,12.77,62.97,1.91,1993,2,9.989999999999998
1993-02-28,0.0,19.89,8.73,13.31,61.0,1.51,1993,2,11.16
1993-03-01,0.0,21.89,7.77,13.83,54.54,2.22,1993,3,14.120000000000001
1993-03-02,0.0,20.62,8.45,13.48,54.61,2.45,1993,3,12.170000000000002
1993-03-03,0.12,18.4,9.29,12.68,58.66,2.44,1993,3,9.11
1993-03-04,0.0,24.04,7.16,14.44,46.97,3.51,1993,3,16.88
1993-03-05,2.99,24.03,9.52,16.09,44.25,2.89,1993,3,14.510000000000002
1993-03-06,0.0,25.39,10.36,17.05,44.49,2.69,1993,3,15.030000000000001
1993-03-07,0.58,26.78,10.56,17.2,49.13,3.37,1993,3,16.22
1993-03-08,0.0,27.57,14.0,20.01,43.24,2.5,1993,3,13.57
1993-03-09,0.0,28.22,14.7,19.69,49.1,2.74,1993,3,13.52
1993-03-10,0.02,25.95,13.87,19.26,51.59,4.23,1993,3,12.08
1993-03-11,19.14,22.83,13.29,17.53,58.98,8.95,1993,3,9.54
1993-03-12,32.19,20.98,12.41,15.78,78.28,5.37,1993,3,8.57
1993-03-13,4.38,21.58,10.7,14.74,71.85,4.4,1993,3,10.879999999999999
1993-03-14,6.26,20.05,8.87,13.74,67.58,2.84,1993,3,11.180000000000001
1993-03-15,0.01,21.35,6.98,13.34,58.33,2.75,1993,3,14.370000000000001
1993-03-16,0.0,22.4,7.59,14.23,47.56,3.19,1993,3,14.809999999999999
1993-03-17,0.0,24.46,7.83,15.55,45.41,2.78,1993,3,16.630000000000003
1993-03-18,0.0,23.0,8.92,15.22,45.55,2.96,1993,3,14.08
1993-03-19,0.0,24.46,6.67,15.04,44.59,2.99,1993,3,17.79
1993-03-20,0.14,21.06,7.9,13.22,52.79,3.51,1993,3,13.159999999999998
1993-03-21,0.0,22.39,8.83,15.11,53.45,2.62,1993,3,13.56
1993-03-22,3.45,17.58,12.05,14.8,61.71,4.15,1993,3,5.529999999999998
1993-03-23,1.8,21.95,12.36,15.66,70.97,6.59,1993,3,9.59
1993-03-24,33.68,19.91,6.64,14.46,63.01,6.53,1993,3,13.27
1993-03-25,0.95,22.16,5.43,13.69,44.1,2.91,1993,3,16.73
1993-03-26,3.07,21.15,8.47,13.79,45.22,2.62,1993,3,12.679999999999998
1993-03-27,0.0,22.42,5.83,13.81,46.05,2.71,1993,3,16.590000000000003
1993-03-28,0.42,23.84,8.36,16.16,40.04,2.51,1993,3,15.48
1993-03-29,0.0,25.43,9.02,16.86,41.91,2.8,1993,3,16.41
1993-03-30,0.0,24.85,10.61,17.13,47.24,3.21,1993,3,14.240000000000002
1993-03-31,0.0,25.74,9.77,17.46,47.85,2.88,1993,3,15.969999999999999
1993-04-01,0.0,26.22,10.0,17.56,43.72,3.02,1993,4,16.22
1993-04-02,0.0,24.48,11.12,16.78,44.11,2.75,1993,4,13.360000000000001
1993-04-03,0.0,25.59,9.34,17.44,44.72,2.76,1993,4,16.25
1993-04-04,0.0,28.48,14.08,20.71,39.26,2.59,1993,4,14.4
1993-04-05,0.0,29.45,11.76,20.58,41.52,2.89,1993,4,17.689999999999998
1993-04-06,0.0,30.04,13.62,21.73,43.32,2.94,1993,4,16.42
1993-04-07,0.0,29.87,18.15,23.34,41.53,1.53,1993,4,11.720000000000002
1993-04-08,3.6,30.17,15.78,22.53,49.05,2.38,1993,4,14.390000000000002
1993-04-09,1.97,30.87,14.28,22.73,48.23,2.37,1993,4,16.590000000000003
1993-04-10,0.0,32.3,19.33,24.87,38.93,2.05,1993,4,12.969999999999999
1993-04-11,0.42,29.08,17.93,23.21,44.96,2.07,1993,4,11.149999999999999
1993-04-12,0.26,31.4,15.54,23.37,49.88,2.65,1993,4,15.86
1993-04-13,0.13,29.43,17.28,22.64,51.28,2.98,1993,4,12.149999999999999
1993-04-14,0.05,25.06,16.78,20.5,66.63,3.13,1993,4,8.279999999999998
1993-04-15,5.31,25.03,15.82,19.79,69.23,3.84,1993,4,9.21
1993-04-16,2.71,29.21,12.97,20.67,48.52,4.2,1993,4,16.240000000000002
1993-04-17,3.67,32.11,13.62,23.01,42.94,3.15,1993,4,18.490000000000002
1993-04-18,0.0,34.71,15.6,25.05,35.8,3.24,1993,4,19.11
1993-04-19,0.0,35.34,17.09,26.5,31.1,2.92,1993,4,18.250000000000004
1993-04-20,0.0,36.17,16.7,26.14,35.57,3.16,1993,4,19.470000000000002
1993-04-21,0.0,35.48,17.53,26.78,37.56,2.84,1993,4,17.949999999999996
1993-04-22,0.01,36.24,19.71,27.32,37.96,2.95,1993,4,16.53
1993-04-23,2.95,36.29,18.37,27.24,40.61,3.1,1993,4,17.919999999999998
1993-04-24,0.0,37.78,20.32,28.93,37.4,2.48,1993,4,17.46
1993-04-25,0.0,39.34,20.21,29.87,35.41,2.71,1993,4,19.130000000000003
1993-04-26,0.0,38.92,21.18,29.48,35.94,3.25,1993,4,17.740000000000002
1993-04-27,0.32,39.5,20.91,29.72,36.0,3.16,1993,4,18.59
1993-04-28,0.0,38.41,22.28,29.98,35.95,2.65,1993,4,16.129999999999995
1993-04-29,0.0,40.22,22.42,30.6,34.2,3.5,1993,4,17.799999999999997
1993-04-30,0.0,40.4,22.84,31.32,31.69,3.02,1993,4,17.56
1993-05-01,2.08,39.28,23.4,30.88,31.87,3.34,1993,5,15.880000000000003
1993-05-02,5.19,39.26,22.27,30.48,38.52,2.74,1993,5,16.99
1993-05-03,0.01,39.97,21.6,30.36,31.69,2.93,1993,5,18.369999999999997
1993-05-04,0.12,40.41,20.93,30.65,24.04,3.36,1993,5,19.479999999999997
1993-05-05,0.0,41.0,21.74,31.65,19.93,3.32,1993,5,19.26
1993-05-06,0.0,41.4,23.16,32.26,21.79,3.52,1993,5,18.24
1993-05-07,0.0,42.9,25.2,33.93,20.68,2.73,1993,5,17.7
1993-05-08,0.0,40.98,25.89,32.91,19.95,3.6,1993,5,15.089999999999996
1993-05-09,0.0,37.55,23.2,30.56,20.65,4.58,1993,5,14.349999999999998
1993-05-10,0.29,36.26,21.53,28.28,23.76,5.02,1993,5,14.729999999999997
1993-05-11,4.72,34.27,17.32,25.2,24.85,3.03,1993,5,16.950000000000003
1993-05-12,0.0,35.42,16.69,25.54,15.99,3.07,1993,5,18.73
1993-05-13,0.0,37.59,16.42,27.74,12.18,3.29,1993,5,21.17
1993-05-14,0.0,40.42,19.56,31.2,12.03,2.9,1993,5,20.860000000000003
1993-05-15,0.0,39.1,23.46,31.23,21.04,4.66,1993,5,15.64
1993-05-16,0.18,37.94,22.9,29.84,23.68,2.25,1993,5,15.04
1993-05-17,0.42,37.47,22.97,29.88,21.72,3.25,1993,5,14.5
1993-05-18,0.18,36.56,20.33,28.64,24.64,3.23,1993,5,16.230000000000004
1993-05-19,0.03,38.62,20.39,29.55,16.28,3.2,1993,5,18.229999999999997
1993-05-20,0.0,40.12,20.31,31.05,14.11,3.13,1993,5,19.81
1993-05-21,0.0,42.29,22.48,33.03,13.22,2.93,1993,5,19.81
1993-05-22,0.0,42.48,27.24,34.14,15.51,2.54,1993,5,15.239999999999998
1993-05-23,0.0,43.95,25.56,34.78,16.55,3.36,1993,5,18.390000000000004
1993-05-24,0.0,44.14,26.52,35.68,15.19,3.02,1993,5,17.62
1993-05-25,0.0,45.48,29.29,37.47,15.86,2.73,1993,5,16.189999999999998
1993-05-26,0.0,44.78,28.05,36.27,14.01,3.08,1993,5,16.73
1993-05-27,0.04,45.84,27.19,36.65,12.44,3.16,1993,5,18.650000000000002
1993-05-28,0.0,44.99,27.57,37.11,10.77,2.46,1993,5,17.42
1993-05-29,0.01,42.99,26.66,35.45,14.21,4.2,1993,5,16.330000000000002
1993-05-30,0.26,41.62,26.69,34.48,17.6,2.93,1993,5,14.929999999999996
1993-05-31,12.26,33.13,25.06,27.87,40.42,2.81,1993,5,8.070000000000004
1993-06-01,0.0,36.83,21.28,29.5,36.51,2.56,1993,6,15.549999999999997
1993-06-02,10.16,37.04,23.01,30.11,38.3,2.3,1993,6,14.029999999999998
1993-06-03,0.26,38.52,23.18,30.72,36.69,2.78,1993,6,15.340000000000003
1993-06-04,0.03,39.94,22.12,31.82,30.94,2.24,1993,6,17.819999999999997
1993-06-05,0.0,41.01,25.09,33.01,29.68,2.98,1993,6,15.919999999999998
1993-06-06,0.0,43.53,25.26,34.46,24.29,3.08,1993,6,18.27
1993-06-07,0.0,44.64,25.64,35.65,19.42,2.88,1993,6,19.0
1993-06-08,0.0,44.94,25.76,35.7,16.12,3.45,1993,6,19.179999999999996
1993-06-09,0.0,45.6,27.28,36.44,13.68,2.98,1993,6,18.32
1993-06-10,0.0,46.36,25.77,36.81,9.63,2.76,1993,6,20.59
1993-06-11,0.0,47.11,26.02,37.95,8.05,2.45,1993,6,21.09
1993-06-12,0.0,47.13,26.5,38.11,8.66,2.58,1993,6,20.630000000000003
1993-06-13,0.0,46.06,27.66,37.51,13.64,3.58,1993,6,18.400000000000002
1993-06-14,0.0,43.81,29.8,36.8,22.89,3.13,1993,6,14.010000000000002
1993-06-15,2.39,39.99,29.29,34.53,28.88,3.14,1993,6,10.700000000000003
1993-06-16,16.34,38.19,26.16,32.03,46.13,2.34,1993,6,12.029999999999998
1993-06-17,1.07,39.09,25.93,32.81,42.08,2.34,1993,6,13.160000000000004
1993-06-18,0.05,39.6,25.7,32.25,42.76,2.84,1993,6,13.900000000000002
1993-06-19,0.21,40.28,23.0,32.0,34.76,2.46,1993,6,17.28
1993-06-20,0.0,42.24,22.75,33.01,24.49,2.66,1993,6,19.490000000000002
1993-06-21,0.0,43.05,24.06,34.85,20.09,2.48,1993,6,18.99
1993-06-22,0.0,46.0,26.39,37.35,19.39,2.37,1993,6,19.61
1993-06-23,0.0,46.13,30.04,38.12,22.72,2.72,1993,6,16.090000000000003
1993-06-24,9.85,41.8,27.2,35.37,29.76,2.22,1993,6,14.599999999999998
1993-06-25,16.22,37.28,23.77,30.59,48.43,2.39,1993,6,13.510000000000002
1993-06-26,0.2,34.56,23.63,29.18,49.12,3.09,1993,6,10.930000000000003
1993-06-27,0.1,37.63,23.76,30.9,42.67,2.36,1993,6,13.870000000000001
1993-06-28,3.03,39.86,24.38,32.55,39.15,2.74,1993,6,15.48
1993-06-29,0.01,40.58,27.06,34.06,32.33,1.76,1993,6,13.52
1993-06-30,0.0,41.25,25.46,33.95,33.8,2.0,1993,6,15.79
1993-07-01,0.1,41.2,26.86,33.76,31.77,3.38,1993,7,14.340000000000003
1993-07-02,2.7,40.23,25.19,33.36,35.11,2.27,1993,7,15.039999999999996
1993-07-03,0.59,41.71,26.09,34.59,33.51,1.95,1993,7,15.620000000000001
1993-07-04,0.01,42.89,28.65,35.75,32.12,1.79,1993,7,14.240000000000002
1993-07-05,3.57,41.29,28.04,34.97,33.63,2.03,1993,7,13.25
1993-07-06,1.25,42.25,27.14,34.99,35.58,2.22,1993,7,15.11
1993-07-07,0.0,44.81,29.38,37.51,29.94,3.26,1993,7,15.430000000000003
1993-07-08,31.77,36.43,25.68,31.04,59.32,4.71,1993,7,10.75
1993-07-09,1.39,33.96,24.88,28.77,65.69,4.9,1993,7,9.080000000000002
1993-07-10,26.04,31.68,23.74,27.45,73.76,2.12,1993,7,7.940000000000001
1993-07-11,14.91,33.61,24.06,28.44,70.12,1.56,1993,7,9.55
1993-07-12,0.34,36.42,24.13,30.33,59.08,2.47,1993,7,12.290000000000003
1993-07-13,0.0,38.23,23.71,31.4,53.47,1.83,1993,7,14.519999999999996
1993-07-14,0.0,39.13,24.66,32.74,53.4,1.6,1993,7,14.470000000000002
1993-07-15,0.0,39.5,26.35,33.14,54.17,2.31,1993,7,13.149999999999999
1993-07-16,9.51,37.14,26.68,31.45,61.78,3.17,1993,7,10.46
1993-07-17,0.86,36.02,25.27,30.22,66.25,2.17,1993,7,10.750000000000004
1993-07-18,8.43,35.87,24.66,29.27,66.73,2.22,1993,7,11.209999999999997
1993-07-19,1.72,36.04,23.89,29.98,65.88,2.59,1993,7,12.149999999999999
1993-07-20,3.99,37.69,25.56,31.33,65.58,2.06,1993,7,12.129999999999999
1993-07-21,0.02,39.24,26.59,32.41,59.91,2.36,1993,7,12.650000000000002
1993-07-22,4.51,35.24,25.51,30.04,66.27,3.6,1993,7,9.73
1993-07-23,0.23,33.83,25.03,28.86,65.89,3.7,1993,7,8.799999999999997
1993-07-24,1.85,31.49,23.48,27.28,69.0,2.34,1993,7,8.009999999999998
1993-07-25,41.72,32.78,21.76,27.21,59.58,1.56,1993,7,11.02
1993-07-26,18.99,35.26,20.53,28.55,48.33,2.23,1993,7,14.729999999999997
1993-07-27,0.0,36.95,23.4,30.86,39.93,1.6,1993,7,13.550000000000004
1993-07-28,0.0,37.97,22.7,31.3,44.57,1.71,1993,7,15.27
1993-07-29,0.0,37.77,23.33,30.54,52.88,2.78,1993,7,14.440000000000005
1993-07-30,0.0,39.15,23.64,31.52,51.68,2.48,1993,7,15.509999999999998
1993-07-31,0.0,39.64,24.62,32.48,48.07,2.54,1993,7,15.02
1993-08-01,0.0,39.22,25.33,32.5,49.6,2.09,1993,8,13.89
1993-08-02,1.83,37.98,25.29,31.79,53.32,2.24,1993,8,12.689999999999998
1993-08-03,5.74,35.97,26.0,30.62,58.77,2.39,1993,8,9.969999999999999
1993-08-04,6.9,37.13,25.62,31.5,55.44,1.72,1993,8,11.510000000000002
1993-08-05,2.58,38.23,25.07,31.72,54.22,2.17,1993,8,13.159999999999997
1993-08-06,0.24,36.48,26.66,30.78,61.48,2.73,1993,8,9.819999999999997
1993-08-07,6.59,35.71,25.32,29.8,65.31,2.9,1993,8,10.39
1993-08-08,2.55,38.34,24.61,31.06,54.55,2.17,1993,8,13.730000000000004
1993-08-09,0.1,39.87,24.49,31.69,45.92,2.83,1993,8,15.379999999999999
1993-08-10,29.68,36.18,24.12,30.14,51.84,2.28,1993,8,12.059999999999999
1993-08-11,2.98,36.13,23.48,30.11,51.76,2.04,1993,8,12.650000000000002
1993-08-12,0.04,36.64,24.04,30.57,53.26,1.78,1993,8,12.600000000000001
1993-08-13,0.02,37.3,25.57,31.32,51.03,1.77,1993,8,11.729999999999997
1993-08-14,0.0,38.66,24.59,31.42,50.27,2.32,1993,8,14.069999999999997
1993-08-15,1.07,38.42,24.97,31.34,49.21,2.57,1993,8,13.450000000000003
1993-08-16,17.9,36.65,24.08,30.14,55.51,2.34,1993,8,12.57
1993-08-17,1.18,37.76,24.82,31.32,50.83,1.9,1993,8,12.939999999999998
1993-08-18,15.27,37.58,24.13,30.98,53.24,2.06,1993,8,13.45
1993-08-19,0.01,37.3,24.39,30.72,50.32,2.29,1993,8,12.909999999999997
1993-08-20,3.29,37.59,24.04,30.77,47.86,2.04,1993,8,13.550000000000004
1993-08-21,3.23,37.63,22.6,30.24,45.21,2.49,1993,8,15.030000000000001
1993-08-22,0.0,38.73,22.49,30.56,44.22,2.2,1993,8,16.24
1993-08-23,0.0,38.88,23.61,31.14,43.37,2.65,1993,8,15.270000000000003
1993-08-24,0.0,38.34,23.4,30.45,47.08,3.18,1993,8,14.940000000000005
1993-08-25,0.05,38.41,23.67,30.74,46.55,2.75,1993,8,14.739999999999995
1993-08-26,0.55,38.2,23.31,30.88,46.41,1.96,1993,8,14.890000000000004
1993-08-27,0.05,38.58,23.74,31.8,42.11,1.79,1993,8,14.84
1993-08-28,0.0,39.94,25.18,32.98,37.78,1.51,1993,8,14.759999999999998
1993-08-29,0.0,40.06,26.41,32.49,40.24,1.96,1993,8,13.650000000000002
1993-08-30,0.0,39.02,23.85,31.45,44.89,1.91,1993,8,15.170000000000002
1993-08-31,0.0,39.01,23.75,31.1,45.88,2.4,1993,8,15.259999999999998
1993-09-01,0.02,37.13,23.36,30.05,49.65,2.16,1993,9,13.770000000000003
1993-09-02,21.03,32.87,22.95,27.65,66.95,1.74,1993,9,9.919999999999998
1993-09-03,12.76,32.4,23.45,27.61,66.17,1.58,1993,9,8.95
1993-09-04,3.83,33.82,22.92,28.5,58.87,1.81,1993,9,10.899999999999999
1993-09-05,19.31,33.06,22.67,27.58,62.44,2.14,1993,9,10.39
1993-09-06,1.78,33.71,22.22,27.82,61.22,1.85,1993,9,11.490000000000002
1993-09-07,2.38,33.19,22.06,27.42,63.63,1.55,1993,9,11.129999999999999
1993-09-08,3.17,32.78,22.0,27.43,64.23,1.2,1993,9,10.780000000000001
1993-09-09,2.24,33.7,21.9,28.15,60.55,1.98,1993,9,11.800000000000004
1993-09-10,0.0,35.18,23.13,28.9,58.57,1.78,1993,9,12.05
1993-09-11,0.05,34.16,23.01,28.54,56.92,1.47,1993,9,11.149999999999995
1993-09-12,0.01,35.23,22.51,28.85,51.03,1.55,1993,9,12.719999999999995
1993-09-13,9.05,32.58,22.57,27.16,59.78,1.82,1993,9,10.009999999999998
1993-09-14,3.51,32.84,20.61,26.68,55.92,1.89,1993,9,12.230000000000004
1993-09-15,0.04,34.74,20.03,27.65,50.11,1.88,1993,9,14.71
1993-09-16,0.0,35.39,20.65,28.08,47.28,2.05,1993,9,14.740000000000002
1993-09-17,0.0,35.04,20.74,28.04,45.11,2.0,1993,9,14.3
1993-09-18,0.0,36.28,20.1,28.47,39.47,2.05,1993,9,16.18
1993-09-19,0.0,36.8,22.76,29.23,35.08,1.56,1993,9,14.039999999999996
1993-09-20,0.0,37.17,20.36,29.05,37.01,1.84,1993,9,16.810000000000002
1993-09-21,0.0,37.14,20.71,29.03,37.05,2.0,1993,9,16.43
1993-09-22,0.0,37.28,22.59,30.14,34.36,1.53,1993,9,14.690000000000001
1993-09-23,0.0,36.26,21.04,29.18,39.72,1.99,1993,9,15.219999999999999
1993-09-24,0.01,35.75,20.65,28.52,40.05,2.03,1993,9,15.100000000000001
1993-09-25,0.0,35.1,20.01,27.46,43.6,2.78,1993,9,15.09
1993-09-26,0.0,35.23,20.55,27.8,44.44,2.13,1993,9,14.679999999999996
1993-09-27,0.0,34.25,19.57,26.67,46.13,2.27,1993,9,14.68
1993-09-28,1.65,34.24,20.15,26.82,45.0,2.3,1993,9,14.090000000000003
1993-09-29,0.16,35.11,19.15,27.23,42.2,2.15,1993,9,15.96
1993-09-30,0.0,35.95,19.78,27.77,36.91,1.96,1993,9,16.17
1993-10-01,0.0,34.73,19.77,26.84,36.02,2.07,1993,10,14.959999999999997
1993-10-02,0.0,36.5,18.59,26.99,31.72,2.34,1993,10,17.91
1993-10-03,0.0,36.42,18.38,26.55,27.95,2.67,1993,10,18.040000000000003
1993-10-04,0.0,36.49,19.13,27.7,22.84,1.89,1993,10,17.360000000000003
1993-10-05,0.0,35.31,17.7,26.18,24.51,2.88,1993,10,17.610000000000003
1993-10-06,0.0,35.29,18.99,26.19,27.8,4.28,1993,10,16.3
1993-10-07,0.07,35.26,18.96,26.85,28.22,2.87,1993,10,16.299999999999997
1993-10-08,0.0,35.27,19.8,26.92,27.76,3.46,1993,10,15.470000000000002
1993-10-09,0.01,33.91,20.2,26.97,29.23,2.63,1993,10,13.709999999999997
1993-10-10,0.1,33.79,18.63,25.36,27.49,3.22,1993,10,15.16
1993-10-11,0.0,33.37,14.8,23.17,23.45,3.13,1993,10,18.569999999999997
1993-10-12,0.0,33.02,16.15,23.65,12.06,2.39,1993,10,16.870000000000005
1993-10-13,0.0,32.5,14.95,22.93,12.33,2.29,1993,10,17.55
1993-10-14,0.0,33.7,14.8,23.58,11.36,2.57,1993,10,18.900000000000002
1993-10-15,0.0,33.18,14.86,23.56,10.89,2.32,1993,10,18.32
1993-10-16,0.0,33.13,14.74,23.28,11.85,2.51,1993,10,18.39
1993-10-17,0.0,32.47,14.46,23.52,13.33,2.64,1993,10,18.009999999999998
1993-10-18,0.0,32.15,16.23,22.89,13.14,2.59,1993,10,15.919999999999998
1993-10-19,0.0,31.13,14.49,21.32,11.68,2.69,1993,10,16.64
1993-10-20,0.0,30.59,13.64,20.9,10.45,3.03,1993,10,16.95
1993-10-21,0.0,30.67,13.85,21.39,9.71,2.22,1993,10,16.82
1993-10-22,0.0,30.76,12.05,20.44,9.48,2.94,1993,10,18.71
1993-10-23,0.0,30.5,11.67,20.24,9.94,2.89,1993,10,18.83
1993-10-24,0.0,30.73,12.03,21.06,11.38,2.75,1993,10,18.700000000000003
1993-10-25,0.0,30.68,13.74,21.22,12.02,2.59,1993,10,16.939999999999998
1993-10-26,0.0,30.45,12.93,20.82,12.68,2.93,1993,10,17.52
1993-10-27,0.0,31.15,13.28,21.27,11.94,2.96,1993,10,17.869999999999997
1993-10-28,0.0,30.68,14.16,21.88,11.81,2.44,1993,10,16.52
1993-10-29,0.0,30.78,13.51,21.45,12.66,2.64,1993,10,17.270000000000003
1993-10-30,0.0,31.33,15.82,22.13,13.01,2.2,1993,10,15.509999999999998
1993-10-31,0.0,30.67,13.3,21.81,12.76,2.26,1993,10,17.37
1993-11-01,0.0,30.97,12.94,21.65,13.65,2.14,1993,11,18.03
1993-11-02,0.0,30.93,14.35,22.37,13.82,1.98,1993,11,16.58
1993-11-03,0.0,31.15,15.32,22.08,15.26,2.35,1993,11,15.829999999999998
1993-11-04,0.0,30.48,15.43,21.75,17.28,2.39,1993,11,15.05
1993-11-05,0.0,30.17,15.59,21.56,20.12,2.58,1993,11,14.580000000000002
1993-11-06,3.27,27.36,16.5,21.35,28.39,4.03,1993,11,10.86
1993-11-07,0.11,28.78,13.85,19.98,38.01,3.31,1993,11,14.930000000000001
1993-11-08,1.25,25.96,13.93,18.93,34.73,3.8,1993,11,12.030000000000001
1993-11-09,0.12,27.08,11.14,17.55,34.15,3.42,1993,11,15.939999999999998
1993-11-10,4.63,26.77,10.06,16.97,34.82,3.27,1993,11,16.71
1993-11-11,0.0,27.06,11.15,17.55,29.99,2.65,1993,11,15.909999999999998
1993-11-12,0.0,28.1,10.9,18.44,26.94,3.35,1993,11,17.200000000000003
1993-11-13,0.0,28.6,12.1,19.47,26.33,2.9,1993,11,16.5
1993-11-14,0.0,28.78,11.77,19.39,26.88,2.47,1993,11,17.01
1993-11-15,0.0,28.91,12.32,19.74,25.53,2.51,1993,11,16.59
1993-11-16,0.0,28.47,12.52,19.36,28.32,2.6,1993,11,15.95
1993-11-17,0.0,28.26,14.33,19.89,31.88,2.43,1993,11,13.930000000000001
1993-11-18,0.34,26.41,12.87,18.19,38.48,3.81,1993,11,13.540000000000001
1993-11-19,0.0,27.06,10.06,16.67,34.84,3.35,1993,11,17.0
1993-11-20,0.49,26.51,10.33,17.18,20.8,2.3,1993,11,16.18
1993-11-21,0.0,23.89,8.72,16.14,18.43,2.44,1993,11,15.17
1993-11-22,0.0,23.48,8.45,15.66,19.59,2.12,1993,11,15.030000000000001
1993-11-23,0.0,23.99,8.95,15.15,18.57,2.53,1993,11,15.04
1993-11-24,0.0,26.38,8.05,15.22,18.77,4.11,1993,11,18.33
1993-11-25,0.0,27.62,9.0,17.12,13.92,3.02,1993,11,18.62
1993-11-26,0.0,27.08,10.13,17.35,14.67,2.62,1993,11,16.949999999999996
1993-11-27,0.0,25.69,11.1,16.93,18.5,2.8,1993,11,14.590000000000002
1993-11-28,0.0,26.89,11.94,18.01,18.55,2.6,1993,11,14.950000000000001
1993-11-29,0.0,27.26,12.2,18.85,20.46,2.26,1993,11,15.060000000000002
1993-11-30,0.0,24.04,12.28,16.49,23.52,3.76,1993,11,11.76
1993-12-01,0.0,23.06,10.3,15.86,25.85,2.62,1993,12,12.759999999999998
1993-12-02,0.0,22.6,10.5,15.78,23.39,2.27,1993,12,12.100000000000001
1993-12-03,0.0,23.27,9.35,15.61,21.59,2.51,1993,12,13.92
1993-12-04,0.0,24.43,9.56,15.88,20.65,2.45,1993,12,14.87
1993-12-05,0.0,25.18,9.7,16.7,21.29,2.72,1993,12,15.48
1993-12-06,0.0,25.66,11.73,17.72,19.11,2.14,1993,12,13.93
1993-12-07,0.0,23.57,10.35,16.45,22.79,3.02,1993,12,13.22
1993-12-08,0.0,26.35,9.05,16.01,23.45,3.75,1993,12,17.3
1993-12-09,0.0,24.78,10.12,16.8,15.87,1.91,1993,12,14.660000000000002
1993-12-10,0.0,23.44,8.21,14.35,18.41,3.02,1993,12,15.23
1993-12-11,0.0,22.72,9.11,14.06,17.21,2.19,1993,12,13.61
1993-12-12,0.0,22.49,9.05,14.11,15.97,2.21,1993,12,13.439999999999998
1993-12-13,0.0,22.54,6.92,12.82,17.14,2.6,1993,12,15.62
1993-12-14,0.0,21.79,6.82,12.37,16.72,3.5,1993,12,14.969999999999999
1993-12-15,0.0,23.18,8.12,13.97,12.06,2.11,1993,12,15.06
1993-12-16,0.0,22.36,7.63,13.88,10.8,2.04,1993,12,14.73
1993-12-17,0.0,23.41,9.56,14.76,9.67,2.19,1993,12,13.85
1993-12-18,0.0,22.03,8.11,13.53,11.24,2.74,1993,12,13.920000000000002
1993-12-19,0.0,21.07,6.71,12.21,11.91,2.48,1993,12,14.36
1993-12-20,0.0,22.18,6.38,13.2,11.9,1.85,1993,12,15.8
1993-12-21,0.0,21.33,6.12,12.19,12.7,2.78,1993,12,15.209999999999997
1993-12-22,0.0,22.52,5.75,12.47,11.27,2.85,1993,12,16.77
1993-12-23,0.0,22.52,7.32,12.9,8.67,2.68,1993,12,15.2
1993-12-24,0.0,22.94,8.48,13.77,9.36,1.81,1993,12,14.46
1993-12-25,0.0,21.51,8.38,13.21,11.63,2.32,1993,12,13.13
1993-12-26,0.0,23.75,8.67,14.76,10.78,2.78,1993,12,15.08
1993-12-27,0.0,22.48,10.86,15.36,14.65,1.95,1993,12,11.620000000000001
1993-12-28,0.0,22.21,10.19,14.87,18.03,2.45,1993,12,12.020000000000001
1993-12-29,0.0,21.86,7.84,13.89,21.59,2.28,1993,12,14.02
1993-12-30,0.0,24.24,8.87,14.85,22.65,2.59,1993,12,15.37
1993-12-31,0.0,20.28,9.9,14.7,23.81,1.9,1993,12,10.38
1994-01-01,0.0,21.2,9.02,14.36,25.67,3.14,1994,1,12.18
1994-01-02,0.04,21.57,6.54,12.96,32.12,2.69,1994,1,15.030000000000001
1994-01-03,0.01,19.0,6.58,12.84,38.08,2.79,1994,1,12.42
1994-01-04,0.0,20.86,9.8,14.04,42.42,2.95,1994,1,11.059999999999999
1994-01-05,0.02,21.57,7.39,12.97,37.66,2.51,1994,1,14.18
1994-01-06,0.23,22.2,6.74,13.93,32.65,2.55,1994,1,15.459999999999999
1994-01-07,0.0,24.15,10.85,15.32,27.79,2.4,1994,1,13.299999999999999
1994-01-08,0.0,21.22,8.22,13.31,45.63,2.92,1994,1,12.999999999999998
1994-01-09,0.3,21.15,9.33,13.87,33.86,1.99,1994,1,11.819999999999999
1994-01-10,0.0,20.78,8.02,13.32,28.42,2.27,1994,1,12.760000000000002
1994-01-11,0.0,21.72,8.94,13.73,24.47,2.21,1994,1,12.78
1994-01-12,0.06,20.48,7.62,12.23,50.29,3.5,1994,1,12.86
1994-01-13,2.39,18.2,7.79,11.4,67.91,1.63,1994,1,10.41
1994-01-14,12.54,16.9,7.2,11.1,52.0,1.55,1994,1,9.7
1994-01-15,0.58,16.71,4.99,10.22,51.42,1.96,1994,1,11.72
1994-01-16,0.09,17.01,3.18,9.73,46.77,2.09,1994,1,13.830000000000002
1994-01-17,0.0,15.1,3.22,8.1,48.63,2.81,1994,1,11.879999999999999
1994-01-18,0.02,14.48,5.34,8.85,56.51,2.58,1994,1,9.14
1994-01-19,0.13,14.27,3.8,8.31,59.18,2.31,1994,1,10.469999999999999
1994-01-20,4.22,13.46,3.07,7.82,70.57,2.71,1994,1,10.39
1994-01-21,0.0,19.3,2.26,8.68,48.85,2.71,1994,1,17.04
1994-01-22,0.09,19.56,4.68,10.71,32.11,2.15,1994,1,14.879999999999999
1994-01-23,0.0,20.52,5.15,11.32,33.89,2.21,1994,1,15.37
1994-01-24,0.0,20.29,9.07,12.99,34.39,1.89,1994,1,11.219999999999999
1994-01-25,0.0,20.44,8.65,13.45,38.28,2.11,1994,1,11.790000000000001
1994-01-26,0.0,22.14,9.12,14.46,46.49,3.31,1994,1,13.020000000000001
1994-01-27,4.48,19.42,8.07,13.36,59.48,3.09,1994,1,11.350000000000001
1994-01-28,3.43,19.84,7.32,12.69,67.21,2.42,1994,1,12.52
1994-01-29,0.19,20.49,6.02,11.54,57.63,2.46,1994,1,14.469999999999999
1994-01-30,0.6,19.8,4.69,10.88,39.52,2.77,1994,1,15.11
1994-01-31,0.0,18.11,6.43,11.27,38.4,2.24,1994,1,11.68
1994-02-01,0.0,21.82,4.64,12.58,37.29,2.5,1994,2,17.18
1994-02-02,0.0,20.84,8.14,12.92,42.05,2.78,1994,2,12.7
1994-02-03,0.0,21.54,6.33,13.14,45.1,2.71,1994,2,15.209999999999999
1994-02-04,0.0,10.59,8.64,9.6,68.16,6.29,1994,2,1.9499999999999993
1994-02-05,0.06,16.33,4.24,10.06,55.01,3.16,1994,2,12.089999999999998
1994-02-06,1.2,19.86,4.07,11.02,46.57,2.33,1994,2,15.79
1994-02-07,0.67,21.04,8.65,14.03,38.92,2.01,1994,2,12.389999999999999
1994-02-08,0.1,19.4,6.06,11.35,47.53,2.69,1994,2,13.34
1994-02-09,0.75,19.22,4.27,10.44,45.83,2.63,1994,2,14.95
1994-02-10,0.1,18.02,5.37,10.97,46.31,3.17,1994,2,12.649999999999999
1994-02-11,0.02,18.72,4.27,10.75,52.25,3.11,1994,2,14.45
1994-02-12,0.01,18.18,4.4,10.78,52.19,2.56,1994,2,13.78
1994-02-13,0.23,14.1,5.73,9.64,59.98,3.8,1994,2,8.37
1994-02-14,0.04,19.49,4.11,11.48,53.08,2.08,1994,2,15.379999999999999
1994-02-15,0.52,15.2,6.31,10.31,59.39,2.39,1994,2,8.89
1994-02-16,0.75,19.06,6.7,12.29,54.0,3.01,1994,2,12.36
1994-02-17,0.11,20.52,5.72,12.45,49.44,2.71,1994,2,14.8
1994-02-18,0.05,21.19,6.23,13.23,45.5,3.03,1994,2,14.96
1994-02-19,0.0,22.54,8.54,14.19,40.69,2.66,1994,2,14.0
1994-02-20,0.05,15.39,9.15,11.92,53.72,4.55,1994,2,6.24
1994-02-21,28.95,18.54,7.33,11.59,70.61,4.09,1994,2,11.209999999999999
1994-02-22,0.78,17.65,5.33,10.35,61.98,2.24,1994,2,12.319999999999999
1994-02-23,0.17,20.14,4.72,11.56,45.84,2.79,1994,2,15.420000000000002
1994-02-24,0.0,22.13,4.42,12.61,41.48,2.99,1994,2,17.71
1994-02-25,0.0,19.46,7.21,12.9,46.08,2.89,1994,2,12.25
1994-02-26,0.0,22.76,7.48,14.69,50.3,2.27,1994,2,15.280000000000001
1994-02-27,0.0,21.67,8.22,14.1,46.82,2.27,1994,2,13.450000000000001
1994-02-28,0.0,23.57,6.75,13.74,39.98,3.91,1994,2,16.82
1994-03-01,0.0,26.06,6.01,15.82,31.79,3.13,1994,3,20.049999999999997
1994-03-02,0.0,26.21,9.93,17.29,34.01,2.65,1994,3,16.28
1994-03-03,2.11,24.7,10.83,16.58,45.83,4.65,1994,3,13.87
1994-03-04,0.01,24.58,11.06,16.6,45.6,2.26,1994,3,13.519999999999998
1994-03-05,0.51,25.06,9.41,16.18,43.0,2.94,1994,3,15.649999999999999
1994-03-06,0.01,25.57,9.19,16.64,36.0,2.7,1994,3,16.380000000000003
1994-03-07,0.0,26.05,10.45,16.8,35.44,3.05,1994,3,15.600000000000001
1994-03-08,0.0,26.98,8.55,16.53,37.37,3.4,1994,3,18.43
1994-03-09,0.0,27.04,9.82,17.35,37.11,2.84,1994,3,17.22
1994-03-10,0.0,25.26,11.4,17.44,39.03,2.58,1994,3,13.860000000000001
1994-03-11,0.0,25.3,12.05,18.2,43.79,2.42,1994,3,13.25
1994-03-12,0.0,26.36,11.57,18.67,49.24,3.0,1994,3,14.79
1994-03-13,0.0,29.03,14.17,21.26,44.91,2.27,1994,3,14.860000000000001
1994-03-14,0.05,28.03,15.4,20.9,51.96,3.72,1994,3,12.63
1994-03-15,0.2,29.4,13.86,21.3,44.39,2.52,1994,3,15.54
1994-03-16,0.81,27.05,14.59,19.54,53.48,3.13,1994,3,12.46
1994-03-17,0.55,29.95,15.5,21.89,44.45,2.59,1994,3,14.45
1994-03-18,0.02,31.44,16.04,22.37,39.51,3.96,1994,3,15.400000000000002
1994-03-19,2.57,28.53,15.38,20.62,47.49,3.74,1994,3,13.15
1994-03-20,16.12,26.71,13.19,19.42,64.17,3.24,1994,3,13.520000000000001
1994-03-21,0.55,28.51,12.67,20.19,51.92,2.03,1994,3,15.840000000000002
1994-03-22,0.06,29.27,14.77,21.06,42.42,2.49,1994,3,14.5
1994-03-23,1.0,30.96,12.62,21.78,40.45,2.82,1994,3,18.340000000000003
1994-03-24,0.0,30.89,14.02,22.55,36.52,2.48,1994,3,16.87
1994-03-25,0.6,30.14,16.28,21.72,43.7,2.9,1994,3,13.86
1994-03-26,0.06,29.82,12.64,20.84,42.64,3.23,1994,3,17.18
1994-03-27,0.39,30.56,13.26,21.72,37.02,2.7,1994,3,17.299999999999997
1994-03-28,0.0,30.82,16.15,22.49,36.07,2.94,1994,3,14.670000000000002
1994-03-29,0.0,28.56,16.43,21.92,39.84,3.18,1994,3,12.129999999999999
1994-03-30,5.16,29.54,16.08,21.36,53.3,5.54,1994,3,13.46
1994-03-31,0.38,31.26,15.26,22.8,50.87,2.24,1994,3,16.0
1994-04-01,0.69,31.92,17.14,23.86,40.95,2.83,1994,4,14.780000000000001
1994-04-02,0.0,32.95,15.56,24.1,33.13,2.74,1994,4,17.39
1994-04-03,0.06,31.66,16.95,23.29,28.8,3.86,1994,4,14.71
1994-04-04,3.86,24.43,16.19,19.49,50.04,6.68,1994,4,8.239999999999998
1994-04-05,23.94,22.97,14.12,18.56,67.86,6.96,1994,4,8.85
1994-04-06,7.61,22.01,8.01,14.41,51.2,3.49,1994,4,14.000000000000002
1994-04-07,11.46,23.55,6.9,14.54,37.2,2.4,1994,4,16.65
1994-04-08,0.01,26.18,8.52,17.8,32.38,2.46,1994,4,17.66
1994-04-09,0.0,24.58,10.16,17.36,33.5,4.14,1994,4,14.419999999999998
1994-04-10,0.0,29.42,11.83,20.4,30.81,5.02,1994,4,17.590000000000003
1994-04-11,0.2,29.72,12.12,20.38,32.46,3.25,1994,4,17.6
1994-04-12,0.0,29.98,11.17,20.74,33.45,2.84,1994,4,18.810000000000002
1994-04-13,0.0,27.88,13.73,20.33,38.5,2.63,1994,4,14.149999999999999
1994-04-14,0.39,26.41,15.06,20.65,46.45,3.16,1994,4,11.35
1994-04-15,5.3,26.28,13.31,19.78,54.04,2.74,1994,4,12.97
1994-04-16,0.0,30.0,12.93,21.44,46.19,3.03,1994,4,17.07
1994-04-17,0.04,31.14,13.42,23.01,35.53,2.41,1994,4,17.72
1994-04-18,0.26,31.73,12.91,23.28,33.8,2.4,1994,4,18.82
1994-04-19,0.01,31.3,17.54,24.1,34.82,1.91,1994,4,13.760000000000002
1994-04-20,0.0,29.45,15.91,21.61,54.23,3.52,1994,4,13.54
1994-04-21,0.0,32.42,16.08,23.91,43.69,2.89,1994,4,16.340000000000003
1994-04-22,0.04,31.42,16.0,23.92,48.93,3.14,1994,4,15.420000000000002
1994-04-23,4.95,29.59,16.67,22.87,46.64,2.68,1994,4,12.919999999999998
1994-04-24,0.4,31.38,14.16,22.86,39.35,3.33,1994,4,17.22
1994-04-25,0.11,33.63,15.08,24.81,36.48,2.91,1994,4,18.550000000000004
1994-04-26,0.0,36.01,17.17,26.69,34.86,2.43,1994,4,18.839999999999996
1994-04-27,0.0,37.64,17.81,27.74,32.84,2.71,1994,4,19.830000000000002
1994-04-28,0.0,38.61,19.0,29.34,27.93,2.67,1994,4,19.61
1994-04-29,0.01,37.35,20.52,28.51,26.91,4.06,1994,4,16.830000000000002
1994-04-30,5.81,33.84,18.78,26.59,38.2,4.01,1994,4,15.060000000000002
1994-05-01,1.92,35.81,19.54,27.53,43.22,3.85,1994,5,16.270000000000003
1994-05-02,1.93,36.85,19.34,28.39,36.09,2.59,1994,5,17.51
1994-05-03,1.42,36.2,20.77,28.06,36.15,3.89,1994,5,15.430000000000003
1994-05-04,0.12,37.59,22.75,29.96,31.09,2.35,1994,5,14.840000000000003
1994-05-05,0.0,39.07,22.52,30.44,23.57,2.77,1994,5,16.55
1994-05-06,0.0,40.21,21.03,30.67,21.07,2.81,1994,5,19.18
1994-05-07,0.0,40.13,23.18,31.65,20.82,2.82,1994,5,16.950000000000003
1994-05-08,0.13,38.54,24.39,31.0,25.83,3.97,1994,5,14.149999999999999
1994-05-09,2.76,37.52,21.93,29.27,28.45,2.93,1994,5,15.590000000000003
1994-05-10,0.65,35.24,18.5,27.16,27.26,3.01,1994,5,16.740000000000002
1994-05-11,0.54,37.04,18.44,28.25,21.88,2.12,1994,5,18.599999999999998
1994-05-12,0.04,32.16,20.3,25.2,24.31,4.01,1994,5,11.859999999999996
1994-05-13,4.22,31.27,18.61,25.31,38.59,1.94,1994,5,12.66
1994-05-14,0.85,33.68,18.65,26.16,43.28,2.13,1994,5,15.030000000000001
1994-05-15,11.23,36.24,19.45,28.29,40.08,2.25,1994,5,16.790000000000003
1994-05-16,0.0,38.25,20.59,30.26,30.24,2.23,1994,5,17.66
1994-05-17,0.0,39.74,20.94,31.59,25.12,2.25,1994,5,18.8
1994-05-18,0.13,40.93,22.11,32.3,24.04,2.19,1994,5,18.82
1994-05-19,0.0,41.26,23.04,32.53,25.06,2.67,1994,5,18.22
1994-05-20,0.15,42.32,24.34,33.62,21.67,3.22,1994,5,17.98
1994-05-21,1.36,42.92,25.06,33.86,22.03,3.84,1994,5,17.860000000000003
1994-05-22,0.46,42.04,26.34,33.82,23.41,3.35,1994,5,15.7
1994-05-23,0.0,43.66,25.27,35.15,19.74,3.22,1994,5,18.389999999999997
1994-05-24,0.02,41.14,25.48,33.21,20.49,4.78,1994,5,15.66
1994-05-25,2.87,40.32,22.37,31.37,20.28,3.58,1994,5,17.95
1994-05-26,0.49,41.69,21.77,32.12,16.54,2.86,1994,5,19.919999999999998
1994-05-27,0.0,43.09,23.45,33.71,14.05,3.25,1994,5,19.640000000000004
1994-05-28,0.0,44.0,24.56,34.79,13.48,3.28,1994,5,19.44
1994-05-29,0.0,44.59,25.15,35.37,11.83,2.6,1994,5,19.440000000000005
1994-05-30,0.0,44.42,26.09,35.7,11.88,2.99,1994,5,18.330000000000002
1994-05-31,0.01,43.27,28.18,35.46,13.86,2.9,1994,5,15.090000000000003
1994-06-01,0.1,42.9,27.3,35.25,13.4,2.47,1994,6,15.599999999999998
1994-06-02,0.0,44.24,25.41,35.46,11.87,2.74,1994,6,18.830000000000002
1994-06-03,0.04,43.67,26.48,35.93,11.28,1.91,1994,6,17.19
1994-06-04,0.0,43.44,26.92,35.42,12.26,2.63,1994,6,16.519999999999996
1994-06-05,0.0,43.93,26.91,35.52,13.56,3.56,1994,6,17.02
1994-06-06,0.0,45.83,26.17,36.81,10.09,2.72,1994,6,19.659999999999997
1994-06-07,0.0,46.83,27.56,38.29,9.25,2.57,1994,6,19.27
1994-06-08,0.0,46.85,28.2,38.4,10.85,4.59,1994,6,18.650000000000002
1994-06-09,2.78,43.52,30.71,36.69,18.97,5.21,1994,6,12.810000000000002
1994-06-10,0.76,42.45,27.04,35.26,21.94,3.39,1994,6,15.410000000000004
1994-06-11,1.8,33.72,26.12,29.7,40.82,3.08,1994,6,7.599999999999998
1994-06-12,13.91,33.06,24.29,28.67,43.39,1.19,1994,6,8.770000000000003
1994-06-13,0.08,35.36,23.0,28.87,42.27,2.03,1994,6,12.36
1994-06-14,2.02,37.29,20.96,29.16,40.59,3.11,1994,6,16.33
1994-06-15,0.5,40.13,21.13,31.97,30.18,1.91,1994,6,19.000000000000004
1994-06-16,0.0,42.11,25.23,34.12,23.48,2.67,1994,6,16.88
1994-06-17,0.0,44.79,26.38,35.69,14.95,2.77,1994,6,18.41
1994-06-18,0.0,46.47,25.11,37.06,11.53,2.8,1994,6,21.36
1994-06-19,0.0,47.27,27.05,38.74,9.52,1.98,1994,6,20.220000000000002
1994-06-20,0.0,47.53,27.49,38.06,12.24,2.71,1994,6,20.040000000000003
1994-06-21,0.0,46.6,28.46,38.11,17.14,2.04,1994,6,18.14
1994-06-22,0.0,45.46,28.99,37.59,20.88,3.52,1994,6,16.470000000000002
1994-06-23,0.0,45.89,30.66,38.25,23.33,3.05,1994,6,15.23
1994-06-24,0.0,46.86,31.89,39.21,21.55,2.28,1994,6,14.969999999999999
1994-06-25,0.21,44.41,32.51,38.12,24.92,3.9,1994,6,11.899999999999999
1994-06-26,4.35,43.08,30.59,37.02,32.7,2.67,1994,6,12.489999999999998
1994-06-27,0.24,42.63,31.47,36.63,37.13,3.33,1994,6,11.160000000000004
1994-06-28,0.05,43.44,29.99,36.49,34.76,2.67,1994,6,13.45
1994-06-29,0.0,43.87,29.57,36.63,31.73,2.66,1994,6,14.299999999999997
1994-06-30,0.05,44.47,30.4,37.66,31.37,2.25,1994,6,14.07
1994-07-01,1.83,43.07,30.96,37.01,33.02,2.46,1994,7,12.11
1994-07-02,0.5,40.84,29.89,34.97,41.53,3.65,1994,7,10.950000000000003
1994-07-03,3.18,36.66,29.49,32.57,49.34,3.05,1994,7,7.169999999999998
1994-07-04,1.79,37.74,27.42,32.29,52.53,2.47,1994,7,10.32
1994-07-05,0.01,41.4,27.62,34.43,41.58,2.04,1994,7,13.779999999999998
1994-07-06,0.0,41.78,29.65,35.58,35.38,1.58,1994,7,12.130000000000003
1994-07-07,0.0,42.82,29.35,36.31,34.85,2.23,1994,7,13.469999999999999
1994-07-08,5.65,43.28,31.1,36.6,37.66,2.9,1994,7,12.18
1994-07-09,16.78,36.42,28.89,32.53,58.62,1.93,1994,7,7.530000000000001
1994-07-10,0.56,39.54,27.69,33.34,56.73,1.96,1994,7,11.849999999999998
1994-07-11,23.39,35.26,28.28,31.45,61.28,2.24,1994,7,6.979999999999997
1994-07-12,13.9,35.99,26.99,31.01,65.43,2.05,1994,7,9.000000000000004
1994-07-13,0.49,38.2,25.94,31.68,57.23,1.87,1994,7,12.260000000000002
1994-07-14,3.12,37.28,25.83,32.21,55.82,2.17,1994,7,11.450000000000003
1994-07-15,4.08,38.75,28.22,33.21,50.56,2.43,1994,7,10.530000000000001
1994-07-16,0.0,40.7,26.5,34.1,44.31,1.94,1994,7,14.200000000000003
1994-07-17,0.0,40.9,29.35,34.82,44.73,2.13,1994,7,11.549999999999997
1994-07-18,0.66,38.17,27.37,32.71,57.0,2.08,1994,7,10.8
1994-07-19,19.33,36.67,27.42,31.98,63.46,2.17,1994,7,9.25
1994-07-20,51.06,33.05,23.92,28.81,78.66,4.51,1994,7,9.129999999999995
1994-07-21,55.36,28.2,22.27,25.2,82.02,5.36,1994,7,5.93
1994-07-22,17.31,29.19,24.02,26.33,85.09,3.0,1994,7,5.170000000000002
1994-07-23,5.18,32.2,24.18,27.96,79.89,2.18,1994,7,8.020000000000003
1994-07-24,25.45,32.81,24.54,29.02,76.6,1.65,1994,7,8.270000000000003
1994-07-25,7.96,33.05,24.99,29.57,71.18,1.58,1994,7,8.059999999999999
1994-07-26,1.08,34.57,25.79,30.21,70.1,1.63,1994,7,8.780000000000001
1994-07-27,3.33,35.29,25.29,30.69,70.26,1.75,1994,7,10.0
1994-07-28,5.49,33.95,26.92,30.32,70.23,1.14,1994,7,7.030000000000001
1994-07-29,4.61,33.45,25.2,29.28,74.09,1.48,1994,7,8.250000000000004
1994-07-30,14.91,33.55,25.09,29.33,73.19,1.54,1994,7,8.459999999999997
1994-07-31,2.73,31.16,24.63,27.46,80.92,3.48,1994,7,6.530000000000001
1994-08-01,0.17,32.95,24.61,28.66,75.41,1.94,1994,8,8.340000000000003
1994-08-02,0.0,34.6,24.69,29.78,69.67,1.43,1994,8,9.91
1994-08-03,0.0,33.9,25.46,30.11,69.18,1.51,1994,8,8.439999999999998
1994-08-04,33.96,32.34,26.02,29.25,77.38,1.58,1994,8,6.320000000000004
1994-08-05,43.99,31.85,25.51,28.79,76.82,1.36,1994,8,6.34
1994-08-06,25.58,32.99,25.09,29.0,76.38,1.73,1994,8,7.900000000000002
1994-08-07,0.91,32.87,25.66,29.15,75.96,2.18,1994,8,7.209999999999997
1994-08-08,24.6,31.86,25.03,28.23,79.42,1.76,1994,8,6.829999999999998
1994-08-09,13.98,32.7,25.04,28.71,79.36,1.84,1994,8,7.660000000000004
1994-08-10,45.08,32.42,24.97,28.44,81.16,2.48,1994,8,7.450000000000003
1994-08-11,4.15,31.4,24.99,27.86,78.79,1.9,1994,8,6.41
1994-08-12,8.74,32.52,24.52,28.69,73.86,1.69,1994,8,8.000000000000004
1994-08-13,0.0,32.25,24.27,28.67,74.94,1.34,1994,8,7.98
1994-08-14,0.0,32.06,24.41,27.92,82.6,2.07,1994,8,7.650000000000002
1994-08-15,0.0,32.9,24.62,28.73,76.3,1.52,1994,8,8.279999999999998
1994-08-16,12.72,31.68,24.65,27.92,77.48,2.75,1994,8,7.030000000000001
1994-08-17,8.52,31.29,23.56,27.24,76.56,2.35,1994,8,7.73
1994-08-18,38.57,32.33,23.38,27.96,73.24,1.8,1994,8,8.95
1994-08-19,0.2,32.89,24.42,29.05,70.56,1.41,1994,8,8.469999999999999
1994-08-20,0.0,33.55,24.84,29.24,70.95,1.31,1994,8,8.709999999999997
1994-08-21,0.0,32.78,24.64,28.83,73.28,1.35,1994,8,8.14
1994-08-22,0.0,33.37,25.62,29.55,71.33,1.38,1994,8,7.7499999999999964
1994-08-23,0.08,32.21,25.26,28.54,77.73,1.84,1994,8,6.949999999999999
1994-08-24,1.64,30.76,23.93,26.95,85.43,2.52,1994,8,6.830000000000002
1994-08-25,5.5,31.09,23.76,27.25,82.91,1.64,1994,8,7.329999999999998
1994-08-26,4.72,30.82,23.82,27.18,82.29,1.65,1994,8,7.0
1994-08-27,1.31,30.7,23.87,26.92,82.38,2.69,1994,8,6.829999999999998
1994-08-28,1.34,32.24,23.58,28.12,73.34,1.61,1994,8,8.660000000000004
1994-08-29,0.59,32.58,24.61,28.59,69.14,1.4,1994,8,7.969999999999999
1994-08-30,0.2,33.3,23.74,28.37,74.28,1.63,1994,8,9.559999999999999
1994-08-31,16.32,33.28,24.99,29.1,74.25,1.65,1994,8,8.290000000000003
1994-09-01,25.67,32.62,25.05,28.41,78.03,1.64,1994,9,7.569999999999997
1994-09-02,0.0,32.32,24.11,28.28,75.28,1.38,1994,9,8.21
1994-09-03,1.47,32.51,24.11,28.01,75.61,1.76,1994,9,8.399999999999999
1994-09-04,6.06,28.19,22.98,25.6,85.53,2.27,1994,9,5.210000000000001
1994-09-05,3.66,28.11,22.53,24.85,80.92,1.85,1994,9,5.579999999999998
1994-09-06,5.02,29.41,21.46,25.36,78.7,1.94,1994,9,7.949999999999999
1994-09-07,2.21,30.92,21.77,26.24,73.28,1.9,1994,9,9.150000000000002
1994-09-08,0.0,31.66,22.49,26.92,68.13,1.66,1994,9,9.170000000000002
1994-09-09,0.0,31.95,22.02,26.68,68.17,1.78,1994,9,9.93
1994-09-10,0.01,31.03,21.77,26.48,72.07,1.48,1994,9,9.260000000000002
1994-09-11,0.2,31.55,22.15,26.93,66.68,1.6,1994,9,9.400000000000002
1994-09-12,0.75,32.45,23.24,27.5,64.39,1.83,1994,9,9.210000000000004
1994-09-13,1.04,31.18,20.98,26.09,71.65,1.79,1994,9,10.2
1994-09-14,0.01,31.27,20.91,25.78,71.86,2.18,1994,9,10.36
1994-09-15,0.0,32.4,21.11,26.83,54.36,1.65,1994,9,11.29
1994-09-16,0.0,31.88,19.01,25.8,57.24,2.19,1994,9,12.869999999999997
1994-09-17,0.15,30.73,19.43,24.93,60.25,2.3,1994,9,11.3
1994-09-18,0.0,30.38,17.59,24.26,53.77,2.0,1994,9,12.79
1994-09-19,0.0,30.48,17.95,24.2,50.74,1.93,1994,9,12.530000000000001
1994-09-20,0.04,30.8,16.61,23.75,51.25,2.32,1994,9,14.190000000000001
1994-09-21,1.43,30.55,16.94,23.67,53.93,2.23,1994,9,13.61
1994-09-22,0.1,30.37,18.5,24.0,54.64,2.2,1994,9,11.870000000000001
1994-09-23,0.15,29.07,17.36,22.62,59.2,2.42,1994,9,11.71
1994-09-24,0.43,29.99,16.49,22.6,49.34,2.28,1994,9,13.5
1994-09-25,0.0,30.68,15.58,22.95,41.43,2.3,1994,9,15.1
1994-09-26,0.0,31.36,15.99,23.6,41.6,1.91,1994,9,15.37
1994-09-27,0.0,31.73,16.73,24.36,39.62,2.0,1994,9,15.0
1994-09-28,0.0,32.27,16.18,24.4,39.56,2.03,1994,9,16.090000000000003
1994-09-29,0.0,31.35,15.67,23.63,40.72,2.2,1994,9,15.680000000000001
1994-09-30,0.0,31.66,16.35,24.54,35.29,2.3,1994,9,15.309999999999999
1994-10-01,0.0,32.42,17.96,23.78,40.97,2.37,1994,10,14.46
1994-10-02,0.0,32.59,15.45,23.98,38.15,2.27,1994,10,17.140000000000004
1994-10-03,0.0,31.9,17.21,23.72,42.53,2.61,1994,10,14.689999999999998
1994-10-04,0.0,32.86,17.44,24.44,41.25,2.42,1994,10,15.419999999999998
1994-10-05,0.64,28.85,16.85,22.46,49.42,2.47,1994,10,12.0
1994-10-06,0.33,31.49,15.56,22.95,47.39,2.44,1994,10,15.929999999999998
1994-10-07,1.12,31.07,15.21,23.21,44.0,2.58,1994,10,15.86
1994-10-08,0.21,31.72,16.48,24.14,38.64,2.09,1994,10,15.239999999999998
1994-10-09,0.01,32.16,16.0,24.38,36.97,1.91,1994,10,16.159999999999997
1994-10-10,0.0,31.93,17.95,24.18,38.05,2.09,1994,10,13.98
1994-10-11,1.2,29.92,16.42,21.99,39.81,3.49,1994,10,13.5
1994-10-12,0.04,28.06,12.2,19.85,38.87,2.35,1994,10,15.86
1994-10-13,0.0,27.95,12.05,19.83,37.59,2.63,1994,10,15.899999999999999
1994-10-14,0.02,27.76,12.38,19.37,41.34,2.26,1994,10,15.38
1994-10-15,1.82,27.71,13.2,19.67,41.06,2.29,1994,10,14.510000000000002
1994-10-16,0.0,28.4,13.51,20.18,37.26,2.59,1994,10,14.889999999999999
1994-10-17,0.0,30.21,13.44,21.32,32.94,2.15,1994,10,16.770000000000003
1994-10-18,0.0,30.71,14.93,21.96,31.81,2.17,1994,10,15.780000000000001
1994-10-19,0.0,30.48,13.59,21.58,34.76,2.21,1994,10,16.89
1994-10-20,0.0,31.31,15.2,22.79,33.23,2.1,1994,10,16.11
1994-10-21,0.0,30.36,13.76,21.98,36.0,2.52,1994,10,16.6
1994-10-22,0.0,30.35,13.44,21.67,38.7,2.33,1994,10,16.910000000000004
1994-10-23,0.0,30.62,15.36,21.83,41.04,2.26,1994,10,15.260000000000002
1994-10-24,0.0,29.56,14.39,21.48,45.25,2.69,1994,10,15.169999999999998
1994-10-25,0.0,29.57,16.31,21.94,46.47,2.54,1994,10,13.260000000000002
1994-10-26,2.82,25.73,15.2,20.42,52.1,2.69,1994,10,10.530000000000001
1994-10-27,19.86,26.04,13.07,18.55,60.41,2.72,1994,10,12.969999999999999
1994-10-28,0.0,27.33,14.61,19.89,46.64,2.49,1994,10,12.719999999999999
1994-10-29,0.0,26.55,12.21,18.47,44.01,2.82,1994,10,14.34
1994-10-30,0.01,27.07,12.83,18.4,40.56,2.55,1994,10,14.24
1994-10-31,0.0,27.86,11.88,18.76,38.36,2.36,1994,10,15.979999999999999
1994-11-01,0.0,27.64,10.72,18.5,37.41,2.4,1994,11,16.92
1994-11-02,0.0,27.93,13.42,20.08,37.27,2.03,1994,11,14.51
1994-11-03,0.0,26.61,13.61,19.31,45.08,2.35,1994,11,13.0
1994-11-04,0.0,26.86,12.08,18.28,48.93,2.8,1994,11,14.78
1994-11-05,0.02,27.96,13.54,19.2,46.13,2.48,1994,11,14.420000000000002
1994-11-06,0.01,27.85,13.2,19.34,44.36,2.46,1994,11,14.650000000000002
1994-11-07,0.0,26.65,13.28,18.42,46.5,2.4,1994,11,13.37
1994-11-08,0.0,27.47,12.04,18.74,45.55,2.56,1994,11,15.43
1994-11-09,0.0,27.24,13.82,19.55,43.54,2.05,1994,11,13.419999999999998
1994-11-10,0.0,26.76,14.99,19.49,46.98,2.03,1994,11,11.770000000000001
1994-11-11,0.0,25.25,15.16,19.12,51.73,2.56,1994,11,10.09
1994-11-12,0.0,25.95,11.98,17.79,52.76,2.95,1994,11,13.969999999999999
1994-11-13,0.6,26.72,10.97,17.58,49.94,2.73,1994,11,15.749999999999998
1994-11-14,0.0,26.61,12.64,18.4,43.41,2.46,1994,11,13.969999999999999
1994-11-15,0.0,26.22,10.36,17.39,40.8,2.45,1994,11,15.86
1994-11-16,0.0,25.89,9.89,17.44,39.04,2.21,1994,11,16.0
1994-11-17,0.0,25.26,10.38,16.7,39.98,2.4,1994,11,14.88
1994-11-18,0.0,25.67,9.71,17.24,39.32,2.15,1994,11,15.96
1994-11-19,0.0,25.81,12.72,17.89,39.88,2.07,1994,11,13.089999999999998
1994-11-20,0.0,25.06,11.35,17.52,44.76,2.25,1994,11,13.709999999999999
1994-11-21,0.0,25.24,11.51,17.29,45.17,2.36,1994,11,13.729999999999999
1994-11-22,0.07,25.08,11.07,16.26,45.03,2.83,1994,11,14.009999999999998
1994-11-23,0.0,25.31,10.22,16.47,38.82,2.45,1994,11,15.089999999999998
1994-11-24,0.0,22.34,10.51,15.69,41.55,2.35,1994,11,11.83
1994-11-25,0.0,25.04,9.98,17.06,36.3,1.97,1994,11,15.059999999999999
1994-11-26,0.0,23.81,11.62,16.38,38.26,2.06,1994,11,12.19
1994-11-27,0.0,24.97,11.82,16.93,36.59,2.05,1994,11,13.149999999999999
1994-11-28,0.0,24.91,11.19,16.91,36.3,2.22,1994,11,13.72
1994-11-29,0.0,24.95,9.24,15.56,37.84,2.94,1994,11,15.709999999999999
1994-11-30,0.0,25.13,8.91,16.03,30.01,2.19,1994,11,16.22
1994-12-01,0.0,24.69,9.91,16.55,28.58,1.87,1994,12,14.780000000000001
1994-12-02,0.0,24.67,12.39,17.49,24.81,1.44,1994,12,12.280000000000001
1994-12-03,0.0,24.32,9.05,15.78,28.93,2.07,1994,12,15.27
1994-12-04,0.0,24.96,9.14,15.94,30.51,2.86,1994,12,15.82
1994-12-05,0.0,25.25,13.51,17.62,30.77,1.87,1994,12,11.74
1994-12-06,2.51,16.8,11.7,14.1,65.07,3.77,1994,12,5.100000000000001
1994-12-07,5.32,16.34,13.08,14.28,68.08,4.68,1994,12,3.26
1994-12-08,17.74,19.7,4.82,12.84,67.94,4.45,1994,12,14.879999999999999
1994-12-09,0.62,19.31,4.56,10.5,47.55,2.37,1994,12,14.75
1994-12-10,2.45,18.49,4.11,9.94,50.55,2.63,1994,12,14.379999999999999
1994-12-11,0.01,19.6,3.03,9.65,44.85,3.35,1994,12,16.57
1994-12-12,0.0,19.29,2.1,9.56,37.78,2.84,1994,12,17.189999999999998
1994-12-13,0.0,21.2,5.0,11.65,43.41,2.88,1994,12,16.2
1994-12-14,0.0,20.44,5.35,12.14,38.99,2.45,1994,12,15.090000000000002
1994-12-15,0.0,20.1,5.0,10.73,42.37,3.92,1994,12,15.100000000000001
1994-12-16,0.0,21.01,4.23,11.36,36.61,3.01,1994,12,16.78
1994-12-17,0.0,18.66,5.13,11.31,36.15,2.05,1994,12,13.530000000000001
1994-12-18,0.0,20.37,6.66,11.89,36.44,2.02,1994,12,13.71
1994-12-19,0.0,20.52,5.5,11.75,36.72,2.48,1994,12,15.02
1994-12-20,0.0,20.01,4.01,11.39,37.55,2.47,1994,12,16.0
1994-12-21,0.0,20.03,4.31,11.68,42.34,2.81,1994,12,15.720000000000002
1994-12-22,0.3,19.22,7.99,12.11,54.59,2.98,1994,12,11.229999999999999
1994-12-23,2.16,19.32,7.51,12.1,60.71,2.95,1994,12,11.81
1994-12-24,0.88,18.17,6.65,10.75,65.61,3.16,1994,12,11.520000000000001
1994-12-25,0.32,18.82,4.94,10.72,60.02,2.44,1994,12,13.879999999999999
1994-12-26,4.53,11.42,7.57,9.33,79.58,2.56,1994,12,3.8499999999999996
1994-12-27,0.61,10.42,7.62,8.89,89.93,2.89,1994,12,2.8
1994-12-28,10.0,13.96,7.59,10.32,84.04,2.83,1994,12,6.370000000000001
1994-12-29,14.67,13.95,3.51,8.36,72.46,2.21,1994,12,10.44
1994-12-30,5.86,15.79,1.26,6.77,57.92,3.59,1994,12,14.53
1994-12-31,0.0,17.16,-0.13,7.01,39.41,3.29,1994,12,17.29
1995-01-01,0.0,17.53,-0.31,6.93,39.46,3.29,1995,1,17.84
1995-01-02,0.0,14.68,2.37,7.78,39.91,2.58,1995,1,12.309999999999999
1995-01-03,0.0,17.53,4.72,9.61,43.75,2.37,1995,1,12.810000000000002
1995-01-04,0.01,19.1,2.72,9.96,45.38,2.58,1995,1,16.380000000000003
1995-01-05,0.02,19.06,6.2,10.63,47.82,2.44,1995,1,12.86
1995-01-06,0.0,20.79,3.82,11.16,42.59,2.62,1995,1,16.97
1995-01-07,0.0,19.54,4.83,11.65,38.56,2.33,1995,1,14.709999999999999
1995-01-08,0.0,18.72,6.7,11.21,45.73,2.46,1995,1,12.02
1995-01-09,0.18,13.01,6.09,8.79,75.64,2.62,1995,1,6.92
1995-01-10,18.75,12.32,4.0,8.27,80.67,2.07,1995,1,8.32
1995-01-11,0.0,17.94,3.3,8.95,57.86,2.91,1995,1,14.64
1995-01-12,0.0,17.85,5.85,10.91,40.48,1.89,1995,1,12.000000000000002
1995-01-13,0.62,16.89,5.11,10.56,45.89,1.83,1995,1,11.780000000000001
1995-01-14,16.72,13.8,3.48,7.18,64.33,2.78,1995,1,10.32
1995-01-15,0.02,14.05,1.38,6.78,78.11,3.48,1995,1,12.670000000000002
1995-01-16,1.99,11.41,3.07,6.65,76.95,2.43,1995,1,8.34
1995-01-17,0.07,15.43,2.32,7.49,62.45,2.94,1995,1,13.11
1995-01-18,0.77,16.33,3.29,8.83,48.9,2.18,1995,1,13.04
1995-01-19,0.22,15.33,5.29,9.73,56.85,2.18,1995,1,10.04
1995-01-20,0.08,17.26,3.79,9.76,58.55,2.37,1995,1,13.470000000000002
1995-01-21,0.01,17.52,4.68,9.78,48.94,2.21,1995,1,12.84
1995-01-22,0.04,17.31,0.66,7.67,43.67,3.16,1995,1,16.65
1995-01-23,0.19,15.24,0.63,7.76,41.81,2.63,1995,1,14.61
1995-01-24,0.0,18.59,2.84,9.6,43.43,2.65,1995,1,15.75
1995-01-25,0.0,18.19,2.93,10.55,42.17,2.39,1995,1,15.260000000000002
1995-01-26,0.0,17.3,3.4,10.0,50.71,2.96,1995,1,13.9
1995-01-27,0.0,18.81,7.62,12.22,53.27,2.26,1995,1,11.189999999999998
1995-01-28,0.0,19.65,6.4,11.99,55.26,2.49,1995,1,13.249999999999998
1995-01-29,0.02,20.42,6.69,11.84,52.56,3.04,1995,1,13.73
1995-01-30,0.0,21.21,4.65,11.91,42.77,2.78,1995,1,16.560000000000002
1995-01-31,0.0,21.38,3.8,12.09,37.22,2.56,1995,1,17.58
1995-02-01,0.0,21.72,6.59,12.7,37.88,2.57,1995,2,15.129999999999999
1995-02-02,0.0,19.61,8.37,13.23,39.78,1.84,1995,2,11.24
1995-02-03,0.0,20.46,8.33,13.28,41.0,2.01,1995,2,12.13
1995-02-04,0.0,20.87,6.61,13.12,41.07,1.95,1995,2,14.260000000000002
1995-02-05,0.0,22.96,6.5,13.06,43.13,2.81,1995,2,16.46
1995-02-06,0.0,22.9,5.71,13.3,43.69,3.39,1995,2,17.189999999999998
1995-02-07,0.0,22.76,9.91,15.09,51.1,2.3,1995,2,12.850000000000001
1995-02-08,0.16,23.41,10.24,15.74,58.68,2.61,1995,2,13.17
1995-02-09,0.0,21.82,12.0,15.91,55.72,2.21,1995,2,9.82
1995-02-10,0.06,23.13,12.05,16.93,59.94,2.38,1995,2,11.079999999999998
1995-02-11,1.33,16.46,9.7,13.46,79.91,3.09,1995,2,6.760000000000002
1995-02-12,13.66,18.16,8.32,12.82,78.02,2.68,1995,2,9.84
1995-02-13,2.08,21.26,6.66,13.79,61.62,2.64,1995,2,14.600000000000001
1995-02-14,3.58,13.77,8.68,11.33,81.06,3.63,1995,2,5.09
1995-02-15,38.23,18.1,7.33,12.05,72.39,1.94,1995,2,10.770000000000001
1995-02-16,0.0,19.54,4.63,12.08,55.16,2.55,1995,2,14.91
1995-02-17,0.04,20.19,8.22,13.02,55.4,3.32,1995,2,11.97
1995-02-18,10.18,16.89,6.38,11.07,60.6,3.93,1995,2,10.510000000000002
1995-02-19,3.75,18.49,4.21,10.38,50.3,2.52,1995,2,14.279999999999998
1995-02-20,0.3,18.69,3.04,9.7,48.62,3.16,1995,2,15.650000000000002
1995-02-21,0.64,18.56,3.55,10.09,45.13,2.56,1995,2,15.009999999999998
1995-02-22,0.0,17.55,5.74,11.12,46.8,2.01,1995,2,11.81
1995-02-23,0.0,18.07,2.74,10.63,53.12,2.13,1995,2,15.33
1995-02-24,0.0,19.12,6.49,11.88,47.88,2.77,1995,2,12.63
1995-02-25,0.06,19.23,5.5,12.33,42.91,1.75,1995,2,13.73
1995-02-26,0.0,19.52,6.03,12.26,54.28,2.98,1995,2,13.489999999999998
1995-02-27,10.17,14.56,4.61,10.29,77.78,4.22,1995,2,9.95
1995-02-28,0.24,17.92,2.04,9.17,55.26,3.05,1995,2,15.880000000000003
1995-03-01,1.76,19.11,3.23,10.3,45.5,2.97,1995,3,15.879999999999999
1995-03-02,0.07,21.24,6.63,12.95,39.22,2.79,1995,3,14.61
1995-03-03,0.0,21.15,5.4,13.5,38.34,2.28,1995,3,15.749999999999998
1995-03-04,0.0,22.01,6.01,13.87,40.37,2.15,1995,3,16.0
1995-03-05,0.0,21.79,7.35,13.88,40.87,2.25,1995,3,14.44
1995-03-06,0.0,22.17,5.96,14.67,40.96,2.44,1995,3,16.21
1995-03-07,0.0,22.64,9.12,15.36,41.77,2.05,1995,3,13.520000000000001
1995-03-08,0.05,22.06,7.45,14.71,44.2,2.89,1995,3,14.61
1995-03-09,0.03,21.2,6.02,12.93,46.61,2.86,1995,3,15.18
1995-03-10,0.53,21.77,7.11,14.23,39.69,2.11,1995,3,14.66
1995-03-11,0.03,22.03,6.2,14.12,44.08,2.3,1995,3,15.830000000000002
1995-03-12,0.14,22.33,9.81,15.04,43.76,1.85,1995,3,12.519999999999998
1995-03-13,0.0,23.2,7.85,15.3,44.61,3.12,1995,3,15.35
1995-03-14,0.0,24.89,7.19,15.91,42.22,3.23,1995,3,17.7
1995-03-15,0.0,23.9,11.85,17.11,40.48,2.0,1995,3,12.049999999999999
1995-03-16,0.0,26.49,10.99,17.52,47.8,3.11,1995,3,15.499999999999998
1995-03-17,0.15,28.06,11.53,19.88,43.79,2.17,1995,3,16.53
1995-03-18,0.23,25.18,12.33,18.68,50.06,2.17,1995,3,12.85
1995-03-19,0.02,24.59,13.81,19.64,52.39,1.67,1995,3,10.78
1995-03-20,0.0,27.84,12.11,19.21,53.94,3.08,1995,3,15.73
1995-03-21,0.08,29.81,13.45,20.93,48.41,2.98,1995,3,16.36
1995-03-22,0.14,29.78,16.36,22.23,53.88,2.54,1995,3,13.420000000000002
1995-03-23,1.75,28.03,16.89,20.9,64.06,2.56,1995,3,11.14
1995-03-24,7.15,20.67,16.67,18.36,79.59,2.27,1995,3,4.0
1995-03-25,7.61,26.63,15.62,20.32,68.26,3.4,1995,3,11.01
1995-03-26,11.04,23.62,14.54,18.48,69.27,2.22,1995,3,9.080000000000002
1995-03-27,0.83,23.34,12.74,17.72,64.71,2.46,1995,3,10.6
1995-03-28,44.0,19.06,12.13,15.74,82.13,4.01,1995,3,6.929999999999998
1995-03-29,7.95,22.24,10.69,16.24,70.37,2.07,1995,3,11.549999999999999
1995-03-30,18.73,22.72,9.12,16.13,56.59,2.48,1995,3,13.6
1995-03-31,0.12,24.26,10.11,17.38,51.85,2.28,1995,3,14.150000000000002
1995-04-01,0.87,22.88,10.07,16.33,54.08,2.95,1995,4,12.809999999999999
1995-04-02,4.74,24.05,8.33,16.34,51.53,2.99,1995,4,15.72
1995-04-03,0.0,25.26,9.1,17.86,47.02,2.42,1995,4,16.160000000000004
1995-04-04,0.02,24.67,9.3,17.48,49.72,2.2,1995,4,15.370000000000001
1995-04-05,0.97,26.1,10.77,18.87,45.48,1.83,1995,4,15.330000000000002
1995-04-06,0.1,27.15,11.41,19.77,47.78,2.2,1995,4,15.739999999999998
1995-04-07,0.0,25.91,13.03,19.45,51.49,3.22,1995,4,12.88
1995-04-08,0.0,27.61,14.66,20.38,52.84,3.3,1995,4,12.95
1995-04-09,2.41,29.89,13.13,21.21,50.89,2.85,1995,4,16.759999999999998
1995-04-10,11.91,25.85,13.42,19.64,62.64,3.26,1995,4,12.430000000000001
1995-04-11,0.02,28.28,14.61,21.26,50.63,1.88,1995,4,13.670000000000002
1995-04-12,0.07,27.2,13.06,19.95,53.64,2.95,1995,4,14.139999999999999
1995-04-13,15.32,28.5,12.67,20.91,48.09,2.65,1995,4,15.83
1995-04-14,0.0,26.51,13.93,20.25,48.98,2.49,1995,4,12.580000000000002
1995-04-15,1.27,26.65,15.76,20.04,53.86,4.53,1995,4,10.889999999999999
1995-04-16,0.09,29.34,13.78,21.06,52.95,2.98,1995,4,15.56
1995-04-17,2.76,29.17,15.07,21.05,58.88,3.13,1995,4,14.100000000000001
1995-04-18,37.1,26.95,16.14,20.86,63.81,2.88,1995,4,10.809999999999999
1995-04-19,32.06,24.99,14.86,19.86,68.09,2.37,1995,4,10.129999999999999
1995-04-20,0.52,26.38,14.29,20.77,61.87,2.09,1995,4,12.09
1995-04-21,0.39,27.76,15.6,22.07,58.39,2.06,1995,4,12.160000000000002
1995-04-22,3.36,27.3,17.84,22.14,60.09,2.0,1995,4,9.46
1995-04-23,6.88,24.79,16.99,20.43,69.46,2.72,1995,4,7.800000000000001
1995-04-24,0.94,28.83,15.67,22.59,65.64,2.41,1995,4,13.159999999999998
1995-04-25,0.82,27.47,19.07,23.32,65.36,2.13,1995,4,8.399999999999999
1995-04-26,0.46,27.34,17.59,21.49,68.22,3.09,1995,4,9.75
1995-04-27,0.13,29.49,15.99,22.65,58.5,2.72,1995,4,13.499999999999998
1995-04-28,1.8,30.56,17.44,23.68,56.96,3.45,1995,4,13.119999999999997
1995-04-29,0.04,30.38,18.23,24.21,57.3,2.27,1995,4,12.149999999999999
1995-04-30,2.15,30.54,18.71,24.32,55.21,2.29,1995,4,11.829999999999998
1995-05-01,0.0,30.18,17.9,24.54,50.53,2.0,1995,5,12.280000000000001
1995-05-02,0.01,31.84,18.33,25.63,48.92,2.08,1995,5,13.510000000000002
1995-05-03,0.03,33.52,19.17,26.23,46.26,2.58,1995,5,14.350000000000001
1995-05-04,0.0,33.88,17.96,26.27,45.13,2.4,1995,5,15.920000000000002
1995-05-05,0.0,35.78,18.63,27.29,44.43,2.49,1995,5,17.150000000000002
1995-05-06,0.0,36.6,19.86,28.66,40.28,2.29,1995,5,16.740000000000002
1995-05-07,0.0,37.46,19.74,28.84,40.66,2.64,1995,5,17.720000000000002
1995-05-08,0.0,38.89,20.78,30.16,39.07,2.57,1995,5,18.11
1995-05-09,0.0,39.21,22.9,30.58,38.78,2.57,1995,5,16.310000000000002
1995-05-10,0.0,39.68,22.25,30.67,39.06,2.98,1995,5,17.43
1995-05-11,0.71,37.79,22.47,29.96,41.99,2.89,1995,5,15.32
1995-05-12,0.09,37.9,21.71,29.64,44.14,3.14,1995,5,16.189999999999998
1995-05-13,0.8,39.64,22.44,30.66,39.76,2.42,1995,5,17.2
1995-05-14,0.0,40.18,22.43,30.78,37.27,2.86,1995,5,17.75
1995-05-15,0.0,41.5,21.83,31.27,33.37,3.15,1995,5,19.67
1995-05-16,0.0,41.41,22.14,31.96,31.22,3.11,1995,5,19.269999999999996
1995-05-17,0.0,41.27,23.45,32.84,31.25,3.05,1995,5,17.820000000000004
1995-05-18,0.0,38.28,23.73,30.97,35.13,3.13,1995,5,14.55
1995-05-19,3.12,37.44,22.25,29.4,37.98,2.28,1995,5,15.189999999999998
1995-05-20,6.87,36.35,19.61,27.93,38.68,2.87,1995,5,16.740000000000002
1995-05-21,3.3,34.9,20.48,27.84,37.66,2.36,1995,5,14.419999999999998
1995-05-22,2.2,33.91,20.46,26.61,40.5,2.54,1995,5,13.449999999999996
1995-05-23,1.26,33.74,18.15,26.04,38.39,2.61,1995,5,15.590000000000003
1995-05-24,2.74,35.93,19.26,27.77,37.52,2.24,1995,5,16.669999999999998
1995-05-25,0.25,34.62,19.28,26.53,43.53,3.55,1995,5,15.339999999999996
1995-05-26,4.79,34.54,18.82,26.68,39.63,3.22,1995,5,15.719999999999999
1995-05-27,1.74,35.8,19.33,26.88,35.61,3.88,1995,5,16.47
1995-05-28,0.0,37.59,18.62,28.14,29.34,3.59,1995,5,18.970000000000002
1995-05-29,0.0,40.17,19.23,30.75,25.1,2.7,1995,5,20.94
1995-05-30,0.0,39.93,21.75,30.94,27.86,2.56,1995,5,18.18
1995-05-31,0.0,40.91,24.02,31.82,29.88,2.71,1995,5,16.889999999999997
1995-06-01,0.0,38.29,24.48,31.29,30.78,3.68,1995,6,13.809999999999999
1995-06-02,0.0,40.73,24.72,32.16,28.22,4.01,1995,6,16.009999999999998
1995-06-03,0.0,40.68,23.23,31.96,24.83,3.66,1995,6,17.45
1995-06-04,0.01,41.42,22.06,31.96,17.86,4.26,1995,6,19.360000000000003
1995-06-05,0.0,43.27,23.87,33.55,14.5,3.31,1995,6,19.400000000000002
1995-06-06,0.0,44.43,24.52,35.07,14.37,3.08,1995,6,19.91
1995-06-07,0.0,45.22,27.28,36.46,14.07,3.17,1995,6,17.939999999999998
1995-06-08,0.0,46.52,26.18,37.72,13.35,2.97,1995,6,20.340000000000003
1995-06-09,0.0,46.38,29.58,38.19,11.9,2.72,1995,6,16.800000000000004
1995-06-10,0.0,46.41,27.77,37.74,12.29,3.34,1995,6,18.639999999999997
1995-06-11,0.0,46.27,29.73,37.93,11.1,2.93,1995,6,16.540000000000003
1995-06-12,0.0,46.59,27.22,37.1,10.26,3.31,1995,6,19.370000000000005
1995-06-13,0.0,46.27,28.11,38.22,10.73,2.49,1995,6,18.160000000000004
1995-06-14,0.0,45.49,29.96,37.78,14.32,2.68,1995,6,15.530000000000001
1995-06-15,0.0,46.8,28.22,38.09,12.6,2.94,1995,6,18.58
1995-06-16,0.24,46.86,28.88,38.15,14.1,2.31,1995,6,17.98
1995-06-17,0.0,47.26,28.98,38.74,11.97,2.81,1995,6,18.279999999999998
1995-06-18,0.0,46.59,27.32,37.32,15.74,3.54,1995,6,19.270000000000003
1995-06-19,0.0,43.01,30.37,36.49,26.59,3.52,1995,6,12.639999999999997
1995-06-20,11.37,39.5,27.39,32.98,37.9,3.58,1995,6,12.11
1995-06-21,9.81,30.67,23.05,26.28,62.03,5.41,1995,6,7.620000000000001
1995-06-22,0.24,34.19,21.52,27.91,52.1,2.25,1995,6,12.669999999999998
1995-06-23,1.69,35.07,22.15,29.36,44.43,2.24,1995,6,12.920000000000002
1995-06-24,1.05,37.37,22.42,30.92,44.61,1.84,1995,6,14.949999999999996
1995-06-25,0.0,39.95,26.1,33.42,38.37,1.94,1995,6,13.850000000000001
1995-06-26,0.09,42.09,24.81,33.96,33.79,2.13,1995,6,17.280000000000005
1995-06-27,0.0,43.02,27.46,35.35,25.42,2.76,1995,6,15.560000000000002
1995-06-28,0.0,43.82,26.55,35.87,20.55,2.25,1995,6,17.27
1995-06-29,0.0,44.88,28.96,37.21,16.64,2.37,1995,6,15.920000000000002
1995-06-30,0.0,44.64,28.13,37.46,17.15,2.2,1995,6,16.51
1995-07-01,0.0,44.26,27.27,36.38,17.44,2.78,1995,7,16.99
1995-07-02,0.22,45.09,27.09,36.98,15.6,2.27,1995,7,18.000000000000004
1995-07-03,0.0,45.14,27.71,36.73,17.87,2.67,1995,7,17.43
1995-07-04,0.0,44.44,28.91,36.98,21.17,2.56,1995,7,15.529999999999998
1995-07-05,0.71,43.79,29.24,36.58,26.61,2.65,1995,7,14.55
1995-07-06,0.56,43.75,29.72,36.84,28.8,2.35,1995,7,14.030000000000001
1995-07-07,28.28,40.8,29.19,34.56,42.55,1.85,1995,7,11.609999999999996
1995-07-08,19.93,40.44,26.22,33.55,50.38,2.56,1995,7,14.219999999999999
1995-07-09,17.28,36.38,27.71,31.76,56.79,2.18,1995,7,8.670000000000002
1995-07-10,28.67,35.86,26.77,31.03,61.22,2.42,1995,7,9.09
1995-07-11,14.15,34.83,26.0,30.51,59.47,2.3,1995,7,8.829999999999998
1995-07-12,30.6,34.66,25.33,30.0,64.37,1.88,1995,7,9.329999999999998
1995-07-13,4.72,35.32,24.9,30.31,63.37,2.21,1995,7,10.420000000000002
1995-07-14,1.66,37.48,25.36,31.48,60.37,2.11,1995,7,12.119999999999997
1995-07-15,7.04,36.14,26.25,31.19,60.36,2.22,1995,7,9.89
1995-07-16,1.78,34.92,25.61,30.52,61.16,2.1,1995,7,9.310000000000002
1995-07-17,0.16,37.35,26.37,32.28,59.78,1.5,1995,7,10.98
1995-07-18,0.0,38.82,27.68,33.2,59.62,1.93,1995,7,11.14
1995-07-19,11.15,30.97,25.1,28.0,76.77,3.43,1995,7,5.869999999999997
1995-07-20,15.97,31.87,24.64,28.24,74.92,1.91,1995,7,7.23
1995-07-21,32.46,31.7,25.43,28.59,76.71,1.45,1995,7,6.27
1995-07-22,4.91,33.37,25.21,29.17,73.94,1.6,1995,7,8.159999999999997
1995-07-23,19.09,33.04,25.3,29.0,76.29,2.17,1995,7,7.739999999999998
1995-07-24,29.13,31.28,24.61,27.63,82.5,3.69,1995,7,6.670000000000002
1995-07-25,46.8,31.22,22.93,27.06,80.53,3.13,1995,7,8.29
1995-07-26,23.84,29.58,22.56,26.05,71.68,2.34,1995,7,7.02
1995-07-27,37.25,31.09,22.57,25.8,82.23,2.45,1995,7,8.52
1995-07-28,33.64,31.2,23.25,27.29,78.82,2.2,1995,7,7.949999999999999
1995-07-29,6.65,31.46,23.57,27.92,72.43,1.3,1995,7,7.890000000000001
1995-07-30,80.21,31.83,23.02,28.19,72.69,1.51,1995,7,8.809999999999999
1995-07-31,0.1,32.99,24.16,29.07,71.0,1.52,1995,7,8.830000000000002
1995-08-01,0.01,32.96,24.53,29.01,74.44,1.7,1995,8,8.43
1995-08-02,45.55,32.12,24.51,28.32,74.28,1.92,1995,8,7.609999999999996
1995-08-03,28.31,31.92,23.28,27.81,78.35,1.65,1995,8,8.64
1995-08-04,10.27,29.98,24.01,26.66,85.98,3.27,1995,8,5.969999999999999
1995-08-05,0.18,31.63,23.51,27.5,76.94,1.91,1995,8,8.119999999999997
1995-08-06,8.96,31.78,24.38,27.88,79.21,1.79,1995,8,7.400000000000002
1995-08-07,0.09,31.1,23.28,27.23,82.73,1.96,1995,8,7.82
1995-08-08,21.37,30.84,23.92,27.21,81.36,1.61,1995,8,6.919999999999998
1995-08-09,0.78,31.36,23.0,27.34,79.32,2.07,1995,8,8.36
1995-08-10,8.31,31.29,23.8,27.85,75.88,1.37,1995,8,7.489999999999998
1995-08-11,6.55,33.01,24.27,28.78,77.19,1.46,1995,8,8.739999999999998
1995-08-12,1.39,32.36,24.96,28.68,81.04,1.72,1995,8,7.399999999999999
1995-08-13,0.0,33.23,24.86,29.09,74.95,1.44,1995,8,8.369999999999997
1995-08-14,3.68,31.02,24.06,27.36,81.81,2.61,1995,8,6.960000000000001
1995-08-15,12.74,31.82,24.01,28.05,81.04,1.82,1995,8,7.809999999999999
1995-08-16,2.35,32.63,24.57,28.67,75.89,1.35,1995,8,8.060000000000002
1995-08-17,2.23,31.46,24.13,27.78,81.75,2.22,1995,8,7.330000000000002
1995-08-18,3.3,31.83,24.35,27.78,82.07,1.76,1995,8,7.479999999999997
1995-08-19,10.86,30.86,23.88,27.41,80.67,1.58,1995,8,6.98
1995-08-20,28.21,31.53,23.45,27.5,79.38,1.92,1995,8,8.080000000000002
1995-08-21,28.39,29.94,23.27,26.91,81.3,2.16,1995,8,6.670000000000002
1995-08-22,10.3,30.64,22.93,27.08,78.31,1.27,1995,8,7.710000000000001
1995-08-23,0.79,31.61,22.45,27.56,76.05,1.34,1995,8,9.16
1995-08-24,0.0,31.65,23.52,28.04,78.1,1.81,1995,8,8.129999999999999
1995-08-25,5.07,31.09,24.04,27.52,81.57,2.06,1995,8,7.050000000000001
1995-08-26,10.0,31.06,24.08,27.91,77.19,1.32,1995,8,6.98
1995-08-27,14.93,31.04,23.74,27.62,78.81,1.51,1995,8,7.300000000000001
1995-08-28,11.65,30.82,23.74,27.27,77.54,1.48,1995,8,7.080000000000002
1995-08-29,6.51,30.66,22.88,26.61,81.46,1.96,1995,8,7.780000000000001
1995-08-30,5.63,30.14,22.21,25.89,84.25,2.0,1995,8,7.93
1995-08-31,1.89,30.08,21.91,26.03,79.42,1.45,1995,8,8.169999999999998
1995-09-01,3.9,29.17,21.99,25.5,76.48,2.06,1995,9,7.180000000000003
1995-09-02,12.59,32.14,21.99,27.26,64.8,1.56,1995,9,10.150000000000002
1995-09-03,0.01,30.5,22.08,25.91,79.06,2.49,1995,9,8.420000000000002
1995-09-04,2.12,30.14,20.66,25.66,78.54,1.54,1995,9,9.48
1995-09-05,0.72,29.74,20.58,25.04,74.95,1.66,1995,9,9.16
1995-09-06,0.0,30.54,20.76,25.5,67.23,1.89,1995,9,9.779999999999998
1995-09-07,0.0,31.52,19.16,25.73,61.91,1.76,1995,9,12.36
1995-09-08,0.0,30.96,19.61,25.5,71.96,1.73,1995,9,11.350000000000001
1995-09-09,0.0,30.24,21.24,25.64,78.34,2.09,1995,9,9.0
1995-09-10,0.0,31.04,21.84,26.41,64.4,1.63,1995,9,9.2
1995-09-11,0.0,31.62,20.28,25.88,68.58,2.08,1995,9,11.34
1995-09-12,3.39,30.45,19.6,25.01,70.57,2.02,1995,9,10.849999999999998
1995-09-13,0.91,31.12,19.87,25.69,65.2,1.95,1995,9,11.25
1995-09-14,0.0,32.07,20.2,26.29,62.6,2.0,1995,9,11.870000000000001
1995-09-15,0.0,30.96,19.45,25.34,64.94,2.22,1995,9,11.510000000000002
1995-09-16,0.4,30.7,19.98,25.69,64.61,1.92,1995,9,10.719999999999999
1995-09-17,0.0,30.94,19.5,25.52,63.56,1.85,1995,9,11.440000000000001
1995-09-18,0.0,32.01,20.01,26.47,58.81,2.04,1995,9,11.999999999999996
1995-09-19,0.0,31.51,19.67,25.4,62.8,2.17,1995,9,11.84
1995-09-20,0.0,32.17,19.1,25.75,57.14,2.21,1995,9,13.07
1995-09-21,0.0,32.72,19.17,25.96,55.76,2.15,1995,9,13.549999999999997
1995-09-22,0.0,32.09,18.74,25.62,57.15,2.1,1995,9,13.350000000000005
1995-09-23,0.0,31.38,18.5,24.99,62.59,2.55,1995,9,12.879999999999999
1995-09-24,53.12,30.29,19.38,24.87,65.35,2.1,1995,9,10.91
1995-09-25,2.51,30.3,19.02,24.54,62.5,2.29,1995,9,11.280000000000001
1995-09-26,0.0,30.79,18.45,24.76,61.48,2.19,1995,9,12.34
1995-09-27,0.0,30.83,18.77,24.85,60.34,2.17,1995,9,12.059999999999999
1995-09-28,0.0,30.83,18.52,24.58,63.55,2.11,1995,9,12.309999999999999
1995-09-29,0.84,30.16,19.28,24.24,68.22,2.56,1995,9,10.879999999999999
1995-09-30,0.03,30.5,18.98,24.45,61.74,2.9,1995,9,11.52
1995-10-01,0.18,30.84,18.85,24.61,59.15,2.05,1995,10,11.989999999999998
1995-10-02,0.0,31.28,18.86,24.81,59.45,2.26,1995,10,12.420000000000002
1995-10-03,0.5,30.61,19.11,24.36,59.6,2.07,1995,10,11.5
1995-10-04,8.63,29.7,18.25,23.44,60.29,2.12,1995,10,11.45
1995-10-05,0.11,29.7,16.47,23.11,57.07,2.55,1995,10,13.23
1995-10-06,0.0,30.16,16.97,23.42,53.09,2.46,1995,10,13.190000000000001
1995-10-07,0.0,30.59,16.84,23.56,50.45,2.07,1995,10,13.75
1995-10-08,0.0,30.62,16.53,23.12,49.19,2.21,1995,10,14.09
1995-10-09,0.0,30.6,17.24,23.88,46.2,1.93,1995,10,13.360000000000003
1995-10-10,0.0,29.79,16.18,22.68,53.59,2.4,1995,10,13.61
1995-10-11,0.0,29.95,15.93,22.91,53.64,2.42,1995,10,14.02
1995-10-12,0.0,31.27,17.1,23.87,51.44,2.48,1995,10,14.169999999999998
1995-10-13,0.0,30.61,17.27,23.63,50.73,2.42,1995,10,13.34
1995-10-14,0.0,30.61,17.49,23.58,51.22,2.53,1995,10,13.120000000000001
1995-10-15,0.27,31.22,16.64,22.86,52.99,2.43,1995,10,14.579999999999998
1995-10-16,24.82,27.59,17.14,21.27,63.46,2.93,1995,10,10.45
1995-10-17,0.03,26.33,15.27,20.42,63.71,2.25,1995,10,11.059999999999999
1995-10-18,0.34,27.08,15.8,20.7,61.23,2.35,1995,10,11.279999999999998
1995-10-19,0.14,26.91,14.94,20.36,61.69,2.3,1995,10,11.97
1995-10-20,6.36,25.06,13.88,18.66,60.72,2.44,1995,10,11.179999999999998
1995-10-21,0.0,25.95,11.92,18.51,57.27,2.58,1995,10,14.03
1995-10-22,0.11,26.0,12.23,18.55,55.07,2.75,1995,10,13.77
1995-10-23,1.88,25.85,13.28,19.12,45.19,2.21,1995,10,12.570000000000002
1995-10-24,0.0,27.51,12.92,19.4,42.41,2.41,1995,10,14.590000000000002
1995-10-25,0.0,27.35,12.66,19.53,47.02,2.36,1995,10,14.690000000000001
1995-10-26,0.0,27.13,14.2,20.12,49.7,2.29,1995,10,12.93
1995-10-27,0.0,26.44,13.33,19.68,50.52,2.51,1995,10,13.110000000000001
1995-10-28,0.0,27.85,12.5,20.19,45.45,2.22,1995,10,15.350000000000001
1995-10-29,0.0,26.77,12.23,18.89,52.92,2.31,1995,10,14.54
1995-10-30,0.14,26.42,14.55,19.77,49.43,1.84,1995,10,11.870000000000001
1995-10-31,0.05,26.03,12.41,18.78,51.48,2.07,1995,10,13.620000000000001
1995-11-01,0.86,25.49,11.73,17.73,50.78,2.54,1995,11,13.759999999999998
1995-11-02,0.0,26.05,11.11,17.52,44.01,2.49,1995,11,14.940000000000001
1995-11-03,0.0,27.08,10.56,17.99,42.18,2.83,1995,11,16.519999999999996
1995-11-04,0.0,26.67,12.57,18.26,40.74,2.28,1995,11,14.100000000000001
1995-11-05,0.0,25.72,10.63,17.72,42.84,2.37,1995,11,15.089999999999998
1995-11-06,0.0,26.46,11.65,18.04,44.31,2.32,1995,11,14.81
1995-11-07,0.0,26.67,12.59,19.11,39.35,1.85,1995,11,14.080000000000002
1995-11-08,0.0,27.68,11.67,18.54,43.6,2.54,1995,11,16.009999999999998
1995-11-09,0.0,28.21,11.54,18.87,40.19,2.58,1995,11,16.67
1995-11-10,0.0,27.06,11.42,18.46,38.36,2.66,1995,11,15.639999999999999
1995-11-11,0.0,26.16,10.1,17.61,41.39,2.65,1995,11,16.060000000000002
1995-11-12,0.0,25.95,10.54,17.25,41.38,3.02,1995,11,15.41
1995-11-13,0.0,26.59,11.32,17.74,37.61,2.83,1995,11,15.27
1995-11-14,0.0,27.05,12.57,18.71,35.42,2.47,1995,11,14.48
1995-11-15,0.0,27.05,12.13,18.28,37.02,2.62,1995,11,14.92
1995-11-16,0.0,25.69,11.22,17.59,40.1,2.26,1995,11,14.47
1995-11-17,0.0,26.01,10.12,17.34,43.77,2.6,1995,11,15.890000000000002
1995-11-18,0.0,25.34,10.4,16.85,46.42,2.68,1995,11,14.94
1995-11-19,0.0,24.24,10.36,16.43,38.84,2.05,1995,11,13.879999999999999
1995-11-20,0.0,24.45,9.57,15.78,38.34,2.54,1995,11,14.879999999999999
1995-11-21,0.0,24.6,8.73,15.68,36.1,2.34,1995,11,15.870000000000001
1995-11-22,0.0,22.92,8.59,14.53,36.36,2.85,1995,11,14.330000000000002
1995-11-23,0.0,23.17,7.77,14.61,34.41,2.48,1995,11,15.400000000000002
1995-11-24,0.0,22.97,7.8,13.51,37.77,3.09,1995,11,15.169999999999998
1995-11-25,0.0,22.44,7.54,13.66,33.21,2.79,1995,11,14.900000000000002
1995-11-26,0.0,21.5,6.64,12.61,35.08,2.86,1995,11,14.86
1995-11-27,0.0,21.91,6.69,13.2,35.03,5.16,1995,11,15.219999999999999
1995-11-28,6.4,16.85,6.0,10.47,62.1,6.24,1995,11,10.850000000000001
1995-11-29,0.0,17.66,3.3,9.14,45.93,2.53,1995,11,14.36
1995-11-30,11.2,19.3,1.8,9.1,44.69,2.83,1995,11,17.5
1995-12-01,0.74,20.52,3.11,10.06,42.85,3.29,1995,12,17.41
1995-12-02,0.0,20.03,3.93,10.64,37.49,2.93,1995,12,16.1
1995-12-03,0.0,21.61,4.64,11.41,37.35,3.0,1995,12,16.97
1995-12-04,0.0,21.67,5.94,12.52,35.95,2.58,1995,12,15.73
1995-12-05,0.0,21.56,6.62,12.31,43.79,2.92,1995,12,14.939999999999998
1995-12-06,0.0,21.34,6.78,12.82,57.08,2.88,1995,12,14.559999999999999
1995-12-07,0.0,20.26,9.91,13.53,60.0,2.41,1995,12,10.350000000000001
1995-12-08,2.75,16.59,8.94,12.17,72.16,1.7,1995,12,7.65
1995-12-09,0.02,19.27,6.82,11.99,72.06,2.2,1995,12,12.45
1995-12-10,0.73,18.26,8.4,12.27,62.19,2.5,1995,12,9.860000000000001
1995-12-11,0.32,18.67,5.99,11.09,65.73,2.56,1995,12,12.680000000000001
1995-12-12,3.52,19.03,4.74,10.76,53.61,2.87,1995,12,14.290000000000001
1995-12-13,0.03,14.32,7.6,10.32,48.32,1.62,1995,12,6.720000000000001
1995-12-14,0.0,18.16,5.74,11.14,55.85,2.19,1995,12,12.42
1995-12-15,0.32,15.51,5.94,10.19,71.39,3.03,1995,12,9.57
1995-12-16,0.04,18.61,5.91,10.64,63.49,2.85,1995,12,12.7
1995-12-17,0.44,18.73,8.42,11.58,50.35,2.28,1995,12,10.31
1995-12-18,0.07,18.89,9.15,12.86,47.44,1.76,1995,12,9.74
1995-12-19,0.04,20.19,7.19,12.22,56.05,2.6,1995,12,13.0
1995-12-20,0.3,18.78,8.83,12.19,55.7,2.39,1995,12,9.950000000000001
1995-12-21,0.16,19.71,5.87,11.19,55.93,2.94,1995,12,13.84
1995-12-22,0.04,19.04,6.33,10.92,46.31,2.75,1995,12,12.709999999999999
1995-12-23,0.0,20.06,4.47,10.73,44.96,2.98,1995,12,15.59
1995-12-24,0.0,19.32,7.03,11.65,38.23,2.04,1995,12,12.29
1995-12-25,0.0,20.12,3.65,11.06,39.47,2.53,1995,12,16.470000000000002
1995-12-26,0.0,19.88,5.39,11.44,44.06,2.79,1995,12,14.489999999999998
1995-12-27,0.0,21.07,9.22,13.8,41.88,1.97,1995,12,11.85
1995-12-28,0.0,20.61,9.01,13.83,43.15,1.56,1995,12,11.6
1995-12-29,0.0,20.14,6.14,12.48,48.38,2.35,1995,12,14.0
1995-12-30,0.0,21.42,6.67,12.77,49.8,2.48,1995,12,14.750000000000002
1995-12-31,0.0,20.96,7.96,12.51,49.56,2.2,1995,12,13.0
1996-01-01,0.0,21.34,5.73,12.33,43.92,2.6,1996,1,15.61
1996-01-02,0.0,20.84,6.4,12.37,38.97,2.42,1996,1,14.44
1996-01-03,0.0,20.15,5.18,11.52,44.5,2.62,1996,1,14.969999999999999
1996-01-04,0.0,20.35,6.17,12.29,38.91,2.83,1996,1,14.180000000000001
1996-01-05,0.0,17.32,8.45,11.57,39.99,1.72,1996,1,8.870000000000001
1996-01-06,0.0,19.82,7.18,11.73,38.73,2.4,1996,1,12.64
1996-01-07,0.0,20.82,6.67,12.79,37.33,2.24,1996,1,14.15
1996-01-08,0.0,21.99,10.74,14.86,37.81,1.78,1996,1,11.249999999999998
1996-01-09,0.0,20.67,7.32,13.62,41.94,2.22,1996,1,13.350000000000001
1996-01-10,0.0,15.23,6.2,10.21,60.73,3.07,1996,1,9.030000000000001
1996-01-11,0.0,18.02,5.16,10.03,51.63,2.77,1996,1,12.86
1996-01-12,0.02,17.12,4.15,9.51,42.02,2.64,1996,1,12.97
1996-01-13,0.12,14.86,6.39,9.87,47.27,1.98,1996,1,8.469999999999999
1996-01-14,0.54,8.66,4.34,6.99,88.55,3.87,1996,1,4.32
1996-01-15,22.15,10.48,5.31,7.53,86.11,5.07,1996,1,5.170000000000001
1996-01-16,11.61,13.31,2.92,7.89,69.51,1.98,1996,1,10.39
1996-01-17,1.14,15.43,1.22,7.3,56.59,2.32,1996,1,14.209999999999999
1996-01-18,1.33,12.1,0.68,5.71,55.72,2.64,1996,1,11.42
1996-01-19,0.0,17.19,3.37,9.65,46.42,2.23,1996,1,13.82
1996-01-20,0.0,17.59,4.52,10.64,46.12,2.37,1996,1,13.07
1996-01-21,0.01,14.55,3.89,8.66,60.49,3.23,1996,1,10.66
1996-01-22,5.07,11.43,3.65,7.69,79.93,2.59,1996,1,7.779999999999999
1996-01-23,0.01,16.13,0.68,6.92,61.77,3.24,1996,1,15.45
1996-01-24,9.03,15.67,1.0,6.85,52.18,3.32,1996,1,14.67
1996-01-25,0.18,18.12,5.39,11.21,46.01,1.99,1996,1,12.73
1996-01-26,0.04,17.8,5.19,10.25,51.23,2.17,1996,1,12.61
1996-01-27,0.72,17.7,2.64,8.96,54.56,3.02,1996,1,15.059999999999999
1996-01-28,0.0,18.43,1.69,8.43,44.65,3.5,1996,1,16.74
1996-01-29,0.0,19.39,0.65,8.79,36.62,3.54,1996,1,18.740000000000002
1996-01-30,0.0,20.63,2.92,11.52,33.18,2.77,1996,1,17.71
1996-01-31,0.0,19.96,5.3,11.32,38.25,2.77,1996,1,14.66
1996-02-01,0.0,21.22,4.18,11.87,41.57,2.66,1996,2,17.04
1996-02-02,0.0,22.35,4.46,12.87,37.54,2.67,1996,2,17.89
1996-02-03,0.0,19.98,6.88,12.51,40.88,2.71,1996,2,13.100000000000001
1996-02-04,0.0,22.93,7.54,14.74,41.24,2.37,1996,2,15.39
1996-02-05,0.0,23.67,8.86,14.62,44.99,2.65,1996,2,14.810000000000002
1996-02-06,0.0,24.03,9.55,15.2,48.53,2.75,1996,2,14.48
1996-02-07,0.0,23.49,10.48,15.92,57.26,3.61,1996,2,13.009999999999998
1996-02-08,0.0,22.8,8.98,15.0,51.92,2.9,1996,2,13.82
1996-02-09,11.12,17.57,9.99,13.11,63.41,4.56,1996,2,7.58
1996-02-10,11.11,18.91,7.94,12.78,69.84,2.29,1996,2,10.969999999999999
1996-02-11,10.57,19.75,7.86,12.6,66.6,2.66,1996,2,11.89
1996-02-12,0.02,20.95,7.84,14.17,51.61,1.91,1996,2,13.11
1996-02-13,0.0,20.18,8.4,13.88,62.07,2.29,1996,2,11.78
1996-02-14,4.79,14.84,10.03,12.01,77.75,5.46,1996,2,4.8100000000000005
1996-02-15,37.66,16.53,6.58,11.12,75.57,2.72,1996,2,9.950000000000001
1996-02-16,0.0,19.2,3.63,10.65,57.33,2.69,1996,2,15.57
1996-02-17,0.0,20.73,5.2,11.67,52.45,3.06,1996,2,15.530000000000001
1996-02-18,0.0,21.26,7.65,13.99,45.9,2.77,1996,2,13.610000000000001
1996-02-19,0.0,22.91,9.39,15.11,46.4,2.53,1996,2,13.52
1996-02-20,0.0,23.1,9.01,15.7,42.01,2.21,1996,2,14.090000000000002
1996-02-21,0.0,22.58,9.57,15.63,46.33,2.01,1996,2,13.009999999999998
1996-02-22,0.0,22.49,8.74,14.98,52.69,2.29,1996,2,13.749999999999998
1996-02-23,0.0,14.93,9.45,11.95,74.56,2.8,1996,2,5.48
1996-02-24,38.53,15.22,9.74,12.33,84.65,2.86,1996,2,5.48
1996-02-25,1.15,17.89,7.93,12.83,71.62,1.69,1996,2,9.96
1996-02-26,1.09,19.52,6.93,12.54,70.1,2.23,1996,2,12.59
1996-02-27,0.16,19.11,7.54,13.0,67.85,2.53,1996,2,11.57
1996-02-28,0.11,21.06,8.86,14.56,56.89,2.54,1996,2,12.2
1996-02-29,0.0,21.93,9.11,14.96,57.04,2.43,1996,2,12.82
1996-03-01,0.0,18.47,10.72,14.12,71.88,3.21,1996,3,7.749999999999998
1996-03-02,0.07,21.58,10.49,15.57,65.66,2.66,1996,3,11.089999999999998
1996-03-03,0.28,23.01,9.79,15.45,62.5,3.17,1996,3,13.220000000000002
1996-03-04,1.85,24.88,11.32,18.16,52.64,2.5,1996,3,13.559999999999999
1996-03-05,0.0,25.74,12.79,18.34,59.05,2.98,1996,3,12.95
1996-03-06,0.0,23.63,12.92,18.08,59.09,2.3,1996,3,10.709999999999999
1996-03-07,4.95,22.67,10.81,16.39,67.87,2.56,1996,3,11.860000000000001
1996-03-08,0.45,19.47,10.11,14.73,68.97,3.06,1996,3,9.36
1996-03-09,0.23,24.39,11.46,16.99,62.83,2.48,1996,3,12.93
1996-03-10,0.0,25.48,12.45,18.35,64.61,2.98,1996,3,13.030000000000001
1996-03-11,0.0,27.36,14.57,20.76,57.87,2.4,1996,3,12.79
1996-03-12,5.74,26.76,14.86,20.63,59.35,2.69,1996,3,11.900000000000002
1996-03-13,0.94,26.95,13.58,19.42,59.98,2.86,1996,3,13.37
1996-03-14,0.02,26.5,13.87,19.97,54.95,2.7,1996,3,12.63
1996-03-15,0.89,25.41,14.73,19.07,62.37,7.29,1996,3,10.68
1996-03-16,0.22,24.02,14.59,18.05,69.7,6.85,1996,3,9.43
1996-03-17,3.1,22.72,13.7,17.43,74.17,4.46,1996,3,9.02
1996-03-18,16.53,18.88,12.17,14.87,82.53,4.5,1996,3,6.709999999999999
1996-03-19,23.89,21.41,10.08,15.5,73.61,2.62,1996,3,11.33
1996-03-20,0.35,19.89,10.99,15.6,58.69,1.71,1996,3,8.9
1996-03-21,0.49,22.02,10.21,15.8,64.33,3.52,1996,3,11.809999999999999
1996-03-22,3.25,21.49,9.24,15.5,67.36,2.1,1996,3,12.249999999999998
1996-03-23,0.33,22.96,9.97,16.76,60.18,2.42,1996,3,12.99
1996-03-24,0.0,25.29,10.91,18.25,54.6,2.3,1996,3,14.379999999999999
1996-03-25,0.0,25.31,13.29,18.83,58.28,2.51,1996,3,12.02
1996-03-26,0.0,28.11,11.82,19.71,52.63,3.53,1996,3,16.29
1996-03-27,0.0,28.24,13.93,20.72,48.09,2.55,1996,3,14.309999999999999
1996-03-28,1.54,28.93,15.61,22.2,51.87,2.64,1996,3,13.32
1996-03-29,0.79,27.13,11.14,18.82,57.27,4.78,1996,3,15.989999999999998
1996-03-30,4.05,23.62,8.33,16.43,39.39,1.96,1996,3,15.290000000000001
1996-03-31,0.14,25.16,9.06,17.21,37.72,2.67,1996,3,16.1
1996-04-01,0.0,26.8,9.77,18.59,38.89,2.52,1996,4,17.03
1996-04-02,0.0,26.0,10.73,18.42,43.39,2.71,1996,4,15.27
1996-04-03,0.0,29.04,13.05,21.34,42.2,2.48,1996,4,15.989999999999998
1996-04-04,0.19,30.22,14.4,22.03,44.58,3.62,1996,4,15.819999999999999
1996-04-05,0.13,28.01,15.96,20.79,47.57,5.4,1996,4,12.05
1996-04-06,2.84,29.25,14.99,21.43,48.76,3.99,1996,4,14.26
1996-04-07,3.59,28.07,14.46,21.06,50.57,3.0,1996,4,13.61
1996-04-08,0.21,28.86,13.49,20.61,42.8,3.12,1996,4,15.37
1996-04-09,6.71,28.27,11.58,20.31,38.82,2.69,1996,4,16.689999999999998
1996-04-10,0.0,29.6,12.97,21.16,38.05,2.5,1996,4,16.630000000000003
1996-04-11,0.0,31.01,14.11,22.29,40.34,3.11,1996,4,16.900000000000002
1996-04-12,0.47,30.98,16.56,22.8,45.15,2.9,1996,4,14.420000000000002
1996-04-13,0.37,31.89,15.34,23.15,44.23,3.41,1996,4,16.55
1996-04-14,0.24,34.11,16.87,24.58,40.18,3.66,1996,4,17.24
1996-04-15,0.0,35.68,16.68,26.34,37.01,2.49,1996,4,19.0
1996-04-16,0.0,36.65,18.15,27.82,36.22,2.29,1996,4,18.5
1996-04-17,0.0,36.2,18.96,27.71,37.17,2.29,1996,4,17.240000000000002
1996-04-18,0.0,35.94,19.24,27.54,38.4,3.03,1996,4,16.7
1996-04-19,0.0,35.7,21.11,27.37,40.65,3.46,1996,4,14.590000000000003
1996-04-20,0.08,32.94,19.88,26.93,39.7,2.22,1996,4,13.059999999999999
1996-04-21,0.07,31.98,18.58,25.46,45.0,2.3,1996,4,13.400000000000002
1996-04-22,0.04,32.33,17.77,25.45,44.67,1.58,1996,4,14.559999999999999
1996-04-23,0.01,33.44,16.56,24.96,42.83,2.81,1996,4,16.88
1996-04-24,4.46,35.39,18.62,27.08,35.08,2.4,1996,4,16.77
1996-04-25,0.0,38.03,17.95,28.47,28.32,2.31,1996,4,20.080000000000002
1996-04-26,0.0,37.35,20.72,28.35,30.15,3.23,1996,4,16.630000000000003
1996-04-27,0.0,36.59,21.11,28.02,37.22,3.97,1996,4,15.480000000000004
1996-04-28,0.0,36.51,20.57,27.99,34.12,3.53,1996,4,15.939999999999998
1996-04-29,0.04,37.65,20.95,28.67,32.26,3.85,1996,4,16.7
1996-04-30,0.13,38.03,21.55,28.77,32.86,4.74,1996,4,16.48
1996-05-01,1.81,36.08,18.9,27.03,35.77,2.36,1996,5,17.18
1996-05-02,0.54,37.0,18.56,27.85,26.48,3.12,1996,5,18.44
1996-05-03,0.01,37.65,20.86,28.33,19.29,6.13,1996,5,16.79
1996-05-04,0.0,37.57,17.85,27.79,18.75,3.29,1996,5,19.72
1996-05-05,0.99,34.86,18.13,25.98,23.02,3.34,1996,5,16.73
1996-05-06,0.07,36.8,17.18,26.73,20.06,3.8,1996,5,19.619999999999997
1996-05-07,0.0,38.12,17.38,27.86,15.63,3.17,1996,5,20.74
1996-05-08,0.0,38.43,19.0,28.84,15.07,3.18,1996,5,19.43
1996-05-09,0.0,39.51,20.07,29.74,14.05,3.05,1996,5,19.439999999999998
1996-05-10,0.0,39.56,20.92,30.49,13.66,3.46,1996,5,18.64
1996-05-11,0.0,37.51,21.49,29.59,19.2,4.57,1996,5,16.02
1996-05-12,0.66,36.12,19.84,28.11,21.95,2.58,1996,5,16.279999999999998
1996-05-13,0.26,36.78,21.69,29.52,22.48,2.28,1996,5,15.09
1996-05-14,0.0,37.22,21.37,29.91,22.3,1.96,1996,5,15.849999999999998
1996-05-15,1.3,36.8,22.83,29.55,24.92,4.19,1996,5,13.969999999999999
1996-05-16,0.56,36.43,20.36,28.67,25.59,2.59,1996,5,16.07
1996-05-17,0.03,37.06,20.25,28.73,24.13,2.55,1996,5,16.810000000000002
1996-05-18,0.29,38.57,19.89,30.0,18.14,2.8,1996,5,18.68
1996-05-19,0.0,39.29,21.48,31.36,15.39,2.05,1996,5,17.81
1996-05-20,0.01,39.4,21.6,30.75,20.79,3.66,1996,5,17.799999999999997
1996-05-21,0.98,33.57,22.92,28.17,35.14,4.09,1996,5,10.649999999999999
1996-05-22,2.39,33.19,23.34,27.52,42.9,2.36,1996,5,9.849999999999998
1996-05-23,9.92,32.87,22.03,27.55,47.27,1.34,1996,5,10.839999999999996
1996-05-24,0.57,36.94,22.04,29.07,45.07,2.04,1996,5,14.899999999999999
1996-05-25,1.69,35.64,20.73,28.26,42.09,2.17,1996,5,14.91
1996-05-26,0.65,39.24,21.03,30.75,34.0,2.9,1996,5,18.21
1996-05-27,0.03,41.72,22.97,33.0,24.29,2.27,1996,5,18.75
1996-05-28,0.0,42.02,25.34,34.06,18.26,2.6,1996,5,16.680000000000003
1996-05-29,0.0,40.88,22.82,31.28,15.96,3.26,1996,5,18.060000000000002
1996-05-30,0.14,40.37,23.14,32.0,18.81,3.48,1996,5,17.229999999999997
1996-05-31,0.0,43.59,24.12,34.15,12.89,3.31,1996,5,19.470000000000002
1996-06-01,0.0,43.44,26.07,35.07,13.72,2.29,1996,6,17.369999999999997
1996-06-02,0.0,43.64,25.12,35.04,12.88,2.34,1996,6,18.52
1996-06-03,0.0,45.71,24.92,36.09,8.69,3.22,1996,6,20.79
1996-06-04,0.0,42.88,22.82,33.56,11.96,3.24,1996,6,20.060000000000002
1996-06-05,0.01,40.89,24.26,33.22,14.67,2.47,1996,6,16.63
1996-06-06,0.0,41.88,23.91,33.99,13.79,2.43,1996,6,17.970000000000002
1996-06-07,0.0,43.41,24.79,35.43,10.76,2.2,1996,6,18.619999999999997
1996-06-08,0.0,44.49,26.14,36.23,12.15,2.93,1996,6,18.35
1996-06-09,0.0,42.48,27.83,35.84,16.69,2.26,1996,6,14.649999999999999
1996-06-10,0.0,41.79,28.0,35.64,22.45,1.63,1996,6,13.79
1996-06-11,0.0,43.15,27.57,35.83,21.82,2.61,1996,6,15.579999999999998
1996-06-12,0.0,42.81,28.19,36.31,19.87,2.77,1996,6,14.620000000000001
1996-06-13,0.0,38.45,30.28,34.28,26.31,2.49,1996,6,8.170000000000002
1996-06-14,0.0,39.71,28.97,33.4,30.49,2.42,1996,6,10.740000000000002
1996-06-15,0.82,41.0,26.4,34.19,30.22,2.25,1996,6,14.600000000000001
1996-06-16,23.85,33.28,26.06,29.96,51.34,1.35,1996,6,7.220000000000002
1996-06-17,25.2,33.24,24.63,28.82,58.82,2.58,1996,6,8.610000000000003
1996-06-18,1.8,37.08,23.9,30.38,51.41,2.38,1996,6,13.18
1996-06-19,3.96,32.47,24.5,27.65,60.94,2.54,1996,6,7.969999999999999
1996-06-20,2.09,32.64,23.23,27.49,64.77,3.21,1996,6,9.41
1996-06-21,9.69,36.18,23.29,29.43,61.2,2.85,1996,6,12.89
1996-06-22,1.79,38.27,26.07,31.58,55.93,2.03,1996,6,12.200000000000003
1996-06-23,0.66,38.33,24.81,31.53,58.69,2.34,1996,6,13.52
1996-06-24,1.47,39.29,25.84,32.65,54.68,2.0,1996,6,13.45
1996-06-25,1.83,39.42,25.61,32.84,52.04,1.96,1996,6,13.810000000000002
1996-06-26,0.31,39.82,27.82,33.87,46.31,1.56,1996,6,12.0
1996-06-27,3.31,39.2,26.51,32.91,48.77,2.32,1996,6,12.690000000000001
1996-06-28,1.1,39.69,26.65,32.99,47.32,2.83,1996,6,13.04
1996-06-29,9.87,36.47,26.77,31.43,52.48,3.49,1996,6,9.7
1996-06-30,23.42,31.39,23.94,27.54,65.89,2.48,1996,6,7.449999999999999
1996-07-01,0.99,35.82,22.38,28.9,52.1,2.08,1996,7,13.440000000000001
1996-07-02,0.1,37.79,22.44,30.66,52.13,1.91,1996,7,15.349999999999998
1996-07-03,0.0,39.12,25.46,32.51,46.15,1.76,1996,7,13.659999999999997
1996-07-04,0.17,37.82,25.03,31.25,51.94,4.27,1996,7,12.79
1996-07-05,1.05,36.89,25.03,30.49,53.11,2.61,1996,7,11.86
1996-07-06,8.96,35.89,23.52,29.94,53.21,2.06,1996,7,12.370000000000001
1996-07-07,2.18,38.26,23.9,31.71,46.26,1.76,1996,7,14.36
1996-07-08,0.06,39.9,24.78,32.99,45.41,1.95,1996,7,15.119999999999997
1996-07-09,0.08,40.22,25.8,33.18,45.83,2.22,1996,7,14.419999999999998
1996-07-10,0.0,40.07,25.59,33.23,44.78,1.95,1996,7,14.48
1996-07-11,0.0,41.43,25.8,33.37,42.9,3.76,1996,7,15.629999999999999
1996-07-12,0.0,40.74,26.03,33.47,42.52,3.15,1996,7,14.71
1996-07-13,9.54,36.05,26.79,31.26,56.52,2.97,1996,7,9.259999999999998
1996-07-14,3.42,34.39,25.78,29.47,63.28,2.16,1996,7,8.61
1996-07-15,8.28,33.53,24.96,29.08,59.26,2.32,1996,7,8.57
1996-07-16,0.0,35.46,23.81,28.84,55.68,1.65,1996,7,11.650000000000002
1996-07-17,7.76,38.31,24.5,31.39,43.53,1.95,1996,7,13.810000000000002
1996-07-18,0.0,39.87,24.93,33.12,35.39,2.12,1996,7,14.939999999999998
1996-07-19,0.0,40.51,24.41,32.51,39.78,2.72,1996,7,16.099999999999998
1996-07-20,0.0,41.52,25.36,33.27,42.5,2.89,1996,7,16.160000000000004
1996-07-21,0.13,40.77,26.45,33.45,41.37,2.52,1996,7,14.320000000000004
1996-07-22,1.15,40.43,25.16,33.12,43.96,2.34,1996,7,15.27
1996-07-23,4.88,38.36,26.68,32.29,45.36,2.76,1996,7,11.68
1996-07-24,1.08,40.12,25.09,32.87,43.04,2.1,1996,7,15.029999999999998
1996-07-25,0.0,40.41,25.88,33.19,41.48,1.8,1996,7,14.529999999999998
1996-07-26,0.01,41.76,27.06,34.58,39.54,1.95,1996,7,14.7
1996-07-27,0.0,44.27,27.84,36.38,34.76,2.08,1996,7,16.430000000000003
1996-07-28,5.29,43.11,28.57,35.29,39.23,2.38,1996,7,14.54
1996-07-29,2.22,39.44,26.29,32.73,51.92,2.06,1996,7,13.149999999999999
1996-07-30,31.58,36.13,26.64,31.25,59.79,1.92,1996,7,9.490000000000002
1996-07-31,15.14,37.37,26.3,32.07,61.9,1.7,1996,7,11.069999999999997
1996-08-01,44.12,34.45,27.25,30.97,65.28,1.13,1996,8,7.200000000000003
1996-08-02,12.19,31.94,25.86,28.75,74.17,2.04,1996,8,6.080000000000002
1996-08-03,1.64,33.0,25.21,28.59,74.95,3.01,1996,8,7.789999999999999
1996-08-04,25.72,33.01,24.3,29.07,71.34,1.36,1996,8,8.709999999999997
1996-08-05,6.3,34.44,25.59,30.35,69.14,1.65,1996,8,8.849999999999998
1996-08-06,5.82,33.26,25.4,29.32,71.55,2.06,1996,8,7.859999999999999
1996-08-07,7.62,33.56,24.88,29.57,67.73,1.63,1996,8,8.680000000000003
1996-08-08,24.47,34.0,24.87,29.45,68.88,1.98,1996,8,9.129999999999999
1996-08-09,2.15,34.73,24.36,29.8,64.77,1.89,1996,8,10.369999999999997
1996-08-10,3.53,34.14,24.53,29.73,63.71,1.65,1996,8,9.61
1996-08-11,16.27,34.09,24.41,29.42,66.78,1.92,1996,8,9.680000000000003
1996-08-12,0.04,34.14,24.73,29.4,68.27,1.9,1996,8,9.41
1996-08-13,0.48,34.84,24.64,29.75,64.73,1.93,1996,8,10.200000000000003
1996-08-14,0.22,35.11,24.64,29.97,64.04,2.2,1996,8,10.469999999999999
1996-08-15,1.83,35.1,25.23,29.77,66.83,1.77,1996,8,9.870000000000001
1996-08-16,4.19,34.1,24.24,28.94,69.02,1.94,1996,8,9.860000000000003
1996-08-17,3.13,34.5,24.25,29.16,66.44,1.73,1996,8,10.25
1996-08-18,2.28,34.31,24.89,29.55,65.03,1.44,1996,8,9.420000000000002
1996-08-19,34.39,31.84,23.64,27.94,69.29,1.69,1996,8,8.2
1996-08-20,1.08,31.68,21.53,26.96,66.0,2.65,1996,8,10.149999999999999
1996-08-21,0.0,32.74,22.3,27.76,64.24,2.6,1996,8,10.440000000000001
1996-08-22,3.25,32.5,22.73,27.61,65.93,1.55,1996,8,9.77
1996-08-23,56.91,30.6,21.81,26.19,73.17,1.65,1996,8,8.790000000000003
1996-08-24,36.64,29.91,20.68,25.23,76.55,2.16,1996,8,9.23
1996-08-25,1.35,30.86,20.53,25.8,70.89,3.05,1996,8,10.329999999999998
1996-08-26,8.0,32.38,21.07,27.09,60.44,1.67,1996,8,11.310000000000002
1996-08-27,0.0,33.01,21.83,28.2,57.5,1.74,1996,8,11.18
1996-08-28,0.0,33.54,23.21,28.6,58.8,1.74,1996,8,10.329999999999998
1996-08-29,0.01,33.09,22.66,27.7,67.29,2.1,1996,8,10.430000000000003
1996-08-30,0.61,31.35,21.93,26.91,71.97,2.06,1996,8,9.420000000000002
1996-08-31,1.89,32.26,23.2,27.67,68.38,2.16,1996,8,9.059999999999999
1996-09-01,0.0,32.59,21.27,27.02,63.39,2.63,1996,9,11.320000000000004
1996-09-02,0.0,33.53,20.87,27.06,63.61,2.01,1996,9,12.66
1996-09-03,0.84,32.22,21.7,27.1,65.53,1.88,1996,9,10.52
1996-09-04,0.06,32.76,22.32,27.63,64.14,2.36,1996,9,10.439999999999998
1996-09-05,0.03,33.21,20.92,27.35,63.92,1.99,1996,9,12.29
1996-09-06,1.19,32.72,22.18,27.55,63.34,2.34,1996,9,10.54
1996-09-07,1.44,31.53,21.81,26.53,70.23,1.99,1996,9,9.720000000000002
1996-09-08,3.48,31.29,21.72,26.51,70.29,1.9,1996,9,9.57
1996-09-09,2.65,32.56,21.88,26.74,71.1,1.71,1996,9,10.680000000000003
1996-09-10,0.02,32.33,21.91,26.81,71.59,1.65,1996,9,10.419999999999998
1996-09-11,0.0,33.39,21.08,27.08,68.22,1.97,1996,9,12.310000000000002
1996-09-12,0.0,34.4,21.6,27.78,60.8,1.95,1996,9,12.799999999999997
1996-09-13,0.0,34.66,21.32,27.84,58.6,2.15,1996,9,13.339999999999996
1996-09-14,0.0,35.79,21.61,28.3,52.82,2.04,1996,9,14.18
1996-09-15,1.24,34.71,20.71,27.49,54.03,2.8,1996,9,14.0
1996-09-16,2.09,34.18,21.52,27.67,54.45,1.93,1996,9,12.66
1996-09-17,0.24,34.37,20.76,27.27,51.22,2.08,1996,9,13.609999999999996
1996-09-18,0.0,33.56,19.88,26.79,48.99,1.83,1996,9,13.680000000000003
1996-09-19,22.24,31.29,19.6,25.32,53.06,2.16,1996,9,11.689999999999998
1996-09-20,0.0,32.21,18.11,24.99,52.72,2.18,1996,9,14.100000000000001
1996-09-21,0.0,33.26,18.83,26.13,51.36,1.99,1996,9,14.43
1996-09-22,0.0,33.27,19.72,25.99,52.53,2.28,1996,9,13.550000000000004
1996-09-23,12.25,33.82,19.7,26.48,52.97,2.26,1996,9,14.120000000000001
1996-09-24,0.0,34.06,19.93,27.09,51.17,1.95,1996,9,14.130000000000003
1996-09-25,0.0,34.85,22.54,28.07,48.87,2.48,1996,9,12.310000000000002
1996-09-26,0.0,36.18,20.33,27.92,45.56,2.3,1996,9,15.850000000000001
1996-09-27,0.0,34.86,19.58,26.91,45.17,2.71,1996,9,15.280000000000001
1996-09-28,0.0,35.11,19.34,26.55,44.8,2.67,1996,9,15.77
1996-09-29,0.0,35.12,19.65,26.89,43.56,2.34,1996,9,15.469999999999999
1996-09-30,0.0,34.64,21.34,26.87,43.64,2.45,1996,9,13.3
1996-10-01,0.0,34.35,19.28,26.07,45.52,2.85,1996,10,15.07
1996-10-02,0.0,33.81,18.86,25.5,49.51,3.57,1996,10,14.950000000000003
1996-10-03,37.82,29.83,19.26,23.6,64.91,4.15,1996,10,10.569999999999997
1996-10-04,16.56,24.9,15.96,19.67,72.8,2.77,1996,10,8.939999999999998
1996-10-05,1.51,26.16,15.55,20.44,64.51,1.47,1996,10,10.61
1996-10-06,0.14,27.62,15.45,21.16,59.31,2.34,1996,10,12.170000000000002
1996-10-07,0.0,29.0,15.49,21.41,52.63,2.56,1996,10,13.51
1996-10-08,0.0,29.62,14.96,21.63,48.2,2.65,1996,10,14.66
1996-10-09,0.0,30.64,15.3,22.31,46.91,2.79,1996,10,15.34
1996-10-10,1.99,30.49,14.92,22.1,49.96,3.02,1996,10,15.569999999999999
1996-10-11,0.0,30.1,15.2,22.87,46.55,2.1,1996,10,14.900000000000002
1996-10-12,0.0,29.92,15.98,22.32,51.55,2.73,1996,10,13.940000000000001
1996-10-13,1.46,29.59,15.91,21.71,54.73,2.66,1996,10,13.68
1996-10-14,1.31,29.58,15.42,21.6,51.8,2.95,1996,10,14.159999999999998
1996-10-15,0.0,29.44,14.35,21.41,46.84,2.67,1996,10,15.090000000000002
1996-10-16,0.0,29.99,15.01,21.66,46.65,2.74,1996,10,14.979999999999999
1996-10-17,0.94,29.88,15.21,21.74,47.82,2.47,1996,10,14.669999999999998
1996-10-18,0.28,30.66,16.26,22.42,47.21,2.33,1996,10,14.399999999999999
1996-10-19,1.29,27.26,16.25,20.46,55.73,3.55,1996,10,11.010000000000002
1996-10-20,11.52,26.97,14.15,19.12,57.74,2.95,1996,10,12.819999999999999
1996-10-21,0.37,27.12,12.11,18.48,56.47,2.53,1996,10,15.010000000000002
1996-10-22,1.02,27.83,13.89,19.35,51.9,2.4,1996,10,13.939999999999998
1996-10-23,0.0,28.32,14.14,19.38,45.71,3.09,1996,10,14.18
1996-10-24,0.0,28.4,13.57,19.72,36.66,2.76,1996,10,14.829999999999998
1996-10-25,0.0,28.53,14.3,19.96,37.09,2.15,1996,10,14.23
1996-10-26,0.0,28.9,13.41,19.97,38.82,2.45,1996,10,15.489999999999998
1996-10-27,0.0,28.04,13.01,19.27,41.02,2.81,1996,10,15.03
1996-10-28,0.0,28.82,13.47,19.43,41.17,2.92,1996,10,15.35
1996-10-29,0.0,28.82,13.37,19.48,41.25,3.06,1996,10,15.450000000000001
1996-10-30,0.0,30.88,13.27,20.47,38.86,2.27,1996,10,17.61
1996-10-31,0.0,30.85,13.28,20.5,37.98,2.78,1996,10,17.57
1996-11-01,0.0,28.36,12.35,19.68,38.36,2.69,1996,11,16.009999999999998
1996-11-02,0.0,28.59,12.91,19.28,40.24,3.01,1996,11,15.68
1996-11-03,0.0,28.27,12.91,19.75,34.6,2.7,1996,11,15.36
1996-11-04,0.0,27.93,10.61,18.29,37.98,3.04,1996,11,17.32
1996-11-05,0.0,27.13,11.03,17.37,40.94,3.29,1996,11,16.1
1996-11-06,0.0,26.95,11.55,17.6,38.49,2.75,1996,11,15.399999999999999
1996-11-07,0.0,27.84,11.74,17.68,38.48,3.28,1996,11,16.1
1996-11-08,0.0,28.0,12.07,18.59,32.85,2.68,1996,11,15.93
1996-11-09,0.0,27.88,10.17,17.91,34.98,2.86,1996,11,17.71
1996-11-10,0.0,27.32,10.33,17.71,36.51,2.75,1996,11,16.990000000000002
1996-11-11,0.0,26.3,9.6,17.0,35.79,2.84,1996,11,16.700000000000003
1996-11-12,0.0,25.68,8.72,17.28,30.92,2.26,1996,11,16.96
1996-11-13,0.0,24.75,9.33,15.42,38.33,3.68,1996,11,15.42
1996-11-14,0.0,22.71,7.78,13.63,41.95,3.39,1996,11,14.93
1996-11-15,0.0,24.96,7.76,14.54,41.43,3.21,1996,11,17.200000000000003
1996-11-16,0.0,25.68,9.0,15.23,33.11,3.37,1996,11,16.68
1996-11-17,0.0,23.67,9.79,15.95,29.94,2.34,1996,11,13.880000000000003
1996-11-18,0.0,19.04,11.17,14.45,44.68,3.43,1996,11,7.869999999999999
1996-11-19,0.0,20.17,9.72,14.35,42.96,3.68,1996,11,10.450000000000001
1996-11-20,0.2,21.39,8.62,14.34,44.27,2.7,1996,11,12.770000000000001
1996-11-21,5.4,22.55,7.61,13.66,52.09,2.19,1996,11,14.940000000000001
1996-11-22,2.89,22.85,6.41,13.54,48.27,2.52,1996,11,16.44
1996-11-23,0.0,23.03,9.03,13.9,40.83,2.83,1996,11,14.000000000000002
1996-11-24,0.0,23.14,6.86,13.85,37.08,2.36,1996,11,16.28
1996-11-25,0.0,23.21,6.08,13.43,38.31,2.54,1996,11,17.130000000000003
1996-11-26,0.0,22.62,6.16,13.11,37.55,2.63,1996,11,16.46
1996-11-27,0.0,23.04,6.54,13.46,37.39,2.46,1996,11,16.5
1996-11-28,0.0,22.61,6.7,12.9,39.3,2.84,1996,11,15.91
1996-11-29,0.0,22.29,6.84,13.26,37.07,2.49,1996,11,15.45
1996-11-30,0.0,22.05,9.48,14.26,34.01,2.04,1996,11,12.57
1996-12-01,0.0,21.93,9.26,14.02,35.71,2.15,1996,12,12.67
1996-12-02,0.0,20.85,9.51,13.65,43.97,2.29,1996,12,11.340000000000002
1996-12-03,0.29,19.14,8.12,11.95,60.04,2.95,1996,12,11.020000000000001
1996-12-04,2.9,19.19,7.0,11.54,51.83,2.29,1996,12,12.190000000000001
1996-12-05,0.17,19.8,6.58,12.05,37.78,2.08,1996,12,13.22
1996-12-06,0.0,19.35,4.89,11.54,36.13,2.42,1996,12,14.46
1996-12-07,0.0,18.96,3.57,9.43,40.6,2.73,1996,12,15.39
1996-12-08,0.0,18.43,2.24,8.85,35.82,3.03,1996,12,16.189999999999998
1996-12-09,0.0,20.05,4.56,10.07,30.7,2.63,1996,12,15.490000000000002
1996-12-10,0.0,21.16,2.66,10.42,28.87,2.75,1996,12,18.5
1996-12-11,0.0,21.45,6.55,12.22,28.23,2.27,1996,12,14.899999999999999
1996-12-12,0.0,21.67,8.06,13.05,28.82,2.24,1996,12,13.610000000000001
1996-12-13,0.0,22.65,8.35,13.28,31.46,2.62,1996,12,14.299999999999999
1996-12-14,0.0,22.99,6.57,12.69,34.25,3.27,1996,12,16.419999999999998
1996-12-15,0.0,23.62,6.36,13.16,31.35,3.24,1996,12,17.26
1996-12-16,0.0,22.89,6.49,13.64,26.52,2.79,1996,12,16.4
1996-12-17,0.0,22.84,5.59,11.95,32.36,3.17,1996,12,17.25
1996-12-18,0.0,22.93,7.99,13.51,30.84,2.99,1996,12,14.94
1996-12-19,0.0,23.61,8.91,14.22,28.33,2.48,1996,12,14.7
1996-12-20,0.0,22.77,8.01,13.73,25.91,2.37,1996,12,14.76
1996-12-21,0.0,22.37,7.94,13.12,25.88,2.23,1996,12,14.43
1996-12-22,0.0,22.06,9.06,13.41,24.84,2.01,1996,12,12.999999999999998
1996-12-23,0.0,21.55,7.95,12.74,26.93,2.47,1996,12,13.600000000000001
1996-12-24,0.0,21.51,10.01,14.09,25.07,2.33,1996,12,11.500000000000002
1996-12-25,0.0,21.4,7.71,14.62,27.13,2.28,1996,12,13.689999999999998
1996-12-26,0.0,21.25,7.53,12.63,33.5,3.1,1996,12,13.719999999999999
1996-12-27,0.89,22.76,8.99,13.55,37.24,2.38,1996,12,13.770000000000001
1996-12-28,0.0,22.55,7.88,13.22,33.41,3.33,1996,12,14.670000000000002
1996-12-29,0.0,24.24,7.92,14.6,27.77,2.59,1996,12,16.32
1996-12-30,0.0,24.06,6.55,14.38,25.34,2.5,1996,12,17.509999999999998
1996-12-31,0.0,23.66,7.95,14.64,25.46,2.48,1996,12,15.71
1997-01-01,0.0,23.18,9.74,14.31,26.96,2.83,1997,1,13.44
1997-01-02,0.0,23.12,9.55,14.83,24.66,2.06,1997,1,13.57
1997-01-03,0.0,20.8,9.92,14.36,24.73,2.03,1997,1,10.88
1997-01-04,0.0,21.53,7.9,12.93,24.96,2.89,1997,1,13.63
1997-01-05,0.0,20.76,7.43,12.25,26.35,2.49,1997,1,13.330000000000002
1997-01-06,0.0,20.87,6.94,12.03,29.39,2.79,1997,1,13.93
1997-01-07,0.0,21.15,7.64,12.47,27.6,2.7,1997,1,13.509999999999998
1997-01-08,0.0,21.65,7.2,12.42,25.7,2.83,1997,1,14.45
1997-01-09,0.0,21.94,7.49,12.76,23.42,2.5,1997,1,14.450000000000001
1997-01-10,0.0,19.98,9.55,13.08,23.8,2.4,1997,1,10.43
1997-01-11,0.0,21.69,8.89,13.88,20.87,1.7,1997,1,12.8
1997-01-12,0.0,21.06,8.64,13.07,18.94,1.61,1997,1,12.419999999999998
1997-01-13,0.0,20.63,7.45,12.08,18.47,2.28,1997,1,13.18
1997-01-14,0.0,19.65,6.29,12.12,18.08,1.86,1997,1,13.36
1997-01-15,0.0,19.9,6.06,11.77,17.89,2.08,1997,1,13.84
1997-01-16,0.0,20.29,4.5,11.09,22.73,3.16,1997,1,15.79
1997-01-17,0.0,18.46,6.17,11.86,23.45,1.96,1997,1,12.290000000000001
1997-01-18,0.0,14.63,6.67,10.0,52.71,3.58,1997,1,7.960000000000001
1997-01-19,5.47,8.02,4.02,6.15,87.32,2.81,1997,1,4.0
1997-01-20,17.27,12.6,4.7,8.09,82.51,2.32,1997,1,7.8999999999999995
1997-01-21,7.98,15.11,3.16,8.51,68.69,1.77,1997,1,11.95
1997-01-22,0.01,16.07,1.55,7.54,56.24,3.37,1997,1,14.52
1997-01-23,0.22,16.86,4.35,10.06,39.48,2.1,1997,1,12.51
1997-01-24,0.0,18.38,2.1,9.61,42.45,2.84,1997,1,16.279999999999998
1997-01-25,0.0,19.84,1.7,9.64,38.62,2.8,1997,1,18.14
1997-01-26,0.0,18.97,4.27,10.6,36.99,2.12,1997,1,14.7
1997-01-27,1.49,13.05,4.78,8.7,62.05,1.74,1997,1,8.27
1997-01-28,0.05,18.41,2.97,9.59,59.51,2.97,1997,1,15.44
1997-01-29,0.43,17.97,7.06,11.97,46.13,1.52,1997,1,10.91
1997-01-30,0.0,19.64,5.62,12.0,48.34,2.3,1997,1,14.02
1997-01-31,0.0,20.01,7.01,12.47,45.53,2.06,1997,1,13.000000000000002
1997-02-01,0.0,20.12,4.97,11.76,55.87,3.36,1997,2,15.150000000000002
1997-02-02,5.22,10.32,5.29,8.13,83.71,3.62,1997,2,5.03
1997-02-03,5.77,17.1,4.81,10.79,65.63,1.71,1997,2,12.290000000000003
1997-02-04,0.22,17.95,5.45,10.94,59.9,2.23,1997,2,12.5
1997-02-05,0.06,18.64,4.66,10.17,50.74,3.14,1997,2,13.98
1997-02-06,0.17,19.71,4.06,10.54,39.87,2.86,1997,2,15.650000000000002
1997-02-07,0.0,20.6,4.61,11.65,34.26,2.33,1997,2,15.990000000000002
1997-02-08,0.79,15.59,4.54,9.52,47.93,3.08,1997,2,11.05
1997-02-09,0.0,19.56,3.72,11.09,45.81,2.8,1997,2,15.839999999999998
1997-02-10,0.28,18.67,3.43,11.48,44.14,2.16,1997,2,15.240000000000002
1997-02-11,0.39,18.64,4.97,10.3,49.4,2.51,1997,2,13.670000000000002
1997-02-12,2.45,19.81,3.32,10.14,44.53,3.67,1997,2,16.49
1997-02-13,0.0,20.8,5.95,13.02,38.0,2.31,1997,2,14.850000000000001
1997-02-14,0.0,18.11,7.35,11.67,55.51,2.62,1997,2,10.76
1997-02-15,0.0,21.1,6.53,12.75,46.25,2.43,1997,2,14.57
1997-02-16,0.0,22.09,6.15,13.12,41.0,3.14,1997,2,15.94
1997-02-17,0.15,22.31,6.12,13.36,32.89,2.8,1997,2,16.189999999999998
1997-02-18,0.0,22.99,8.31,14.86,25.64,1.72,1997,2,14.679999999999998
1997-02-19,0.0,22.88,7.28,14.0,30.34,2.62,1997,2,15.599999999999998
1997-02-20,0.0,21.6,7.49,13.42,30.9,2.51,1997,2,14.110000000000001
1997-02-21,0.0,23.14,6.72,14.03,31.16,2.95,1997,2,16.42
1997-02-22,0.0,24.48,7.45,15.22,32.0,2.65,1997,2,17.03
1997-02-23,0.0,25.54,9.25,16.14,34.93,2.6,1997,2,16.29
1997-02-24,0.0,24.84,10.2,16.15,42.08,3.83,1997,2,14.64
1997-02-25,0.05,24.77,10.82,16.43,51.85,3.12,1997,2,13.95
1997-02-26,1.02,24.53,9.74,15.81,42.23,2.33,1997,2,14.790000000000001
1997-02-27,0.07,25.34,7.69,15.37,32.57,3.74,1997,2,17.65
1997-02-28,0.0,27.24,9.96,17.58,30.34,2.53,1997,2,17.279999999999998
1997-03-01,0.0,27.22,12.26,18.65,37.14,5.59,1997,3,14.959999999999999
1997-03-02,0.02,22.7,6.04,13.77,44.97,3.64,1997,3,16.66
1997-03-03,2.44,24.46,7.57,15.33,33.55,2.23,1997,3,16.89
1997-03-04,0.0,25.42,7.19,15.6,33.67,3.25,1997,3,18.23
1997-03-05,0.0,26.98,11.58,18.79,28.16,2.27,1997,3,15.4
1997-03-06,0.0,21.57,10.43,15.42,38.59,2.71,1997,3,11.14
1997-03-07,0.02,27.86,10.4,18.78,35.96,2.52,1997,3,17.46
1997-03-08,0.31,27.44,11.17,18.73,37.51,2.94,1997,3,16.270000000000003
1997-03-09,0.22,28.47,11.99,19.12,38.39,3.19,1997,3,16.479999999999997
1997-03-10,0.29,23.41,14.1,18.37,42.31,2.89,1997,3,9.31
1997-03-11,0.04,26.26,12.6,19.14,38.0,4.02,1997,3,13.660000000000002
1997-03-12,0.12,27.23,9.67,17.53,28.06,3.04,1997,3,17.560000000000002
1997-03-13,0.08,27.54,8.87,17.72,19.89,2.86,1997,3,18.67
1997-03-14,0.06,25.17,10.07,16.93,20.65,3.05,1997,3,15.100000000000001
1997-03-15,0.3,23.61,9.91,16.53,44.05,3.16,1997,3,13.7
1997-03-16,2.8,24.32,10.83,16.99,57.8,2.32,1997,3,13.49
1997-03-17,0.02,24.39,12.34,17.91,42.66,2.39,1997,3,12.05
1997-03-18,1.82,18.98,13.21,15.91,61.05,2.46,1997,3,5.77
1997-03-19,5.65,22.62,12.26,16.83,66.92,2.41,1997,3,10.360000000000001
1997-03-20,0.0,25.84,9.84,17.05,44.09,3.19,1997,3,16.0
1997-03-21,0.03,26.69,10.16,18.68,35.32,2.16,1997,3,16.53
1997-03-22,4.7,26.27,12.16,18.46,41.16,3.4,1997,3,14.11
1997-03-23,0.79,25.6,9.62,16.95,40.65,2.75,1997,3,15.980000000000002
1997-03-24,0.62,26.55,8.69,17.34,35.47,3.8,1997,3,17.86
1997-03-25,0.0,29.31,10.41,20.32,29.13,2.86,1997,3,18.9
1997-03-26,0.0,30.32,12.98,21.42,30.99,2.25,1997,3,17.34
1997-03-27,0.0,30.64,15.53,21.33,37.37,2.87,1997,3,15.110000000000001
1997-03-28,2.97,18.98,14.14,16.43,72.52,4.86,1997,3,4.84
1997-03-29,1.02,25.56,13.21,18.69,59.3,2.08,1997,3,12.349999999999998
1997-03-30,21.13,28.29,12.46,20.3,46.89,2.02,1997,3,15.829999999999998
1997-03-31,0.0,26.23,15.84,19.82,46.11,2.23,1997,3,10.39
1997-04-01,3.43,25.6,14.0,19.02,57.89,2.21,1997,4,11.600000000000001
1997-04-02,14.51,20.36,13.63,16.46,69.57,2.55,1997,4,6.729999999999999
1997-04-03,2.96,24.6,12.19,18.15,62.71,2.21,1997,4,12.410000000000002
1997-04-04,51.99,18.01,10.63,14.37,83.64,3.86,1997,4,7.380000000000001
1997-04-05,0.0,24.23,9.31,16.91,56.8,2.45,1997,4,14.92
1997-04-06,0.0,25.78,11.04,18.4,55.13,2.64,1997,4,14.740000000000002
1997-04-07,0.0,28.38,13.41,20.6,52.75,2.6,1997,4,14.969999999999999
1997-04-08,0.0,28.12,14.27,20.88,56.57,2.38,1997,4,13.850000000000001
1997-04-09,0.03,29.6,15.32,22.31,52.86,2.71,1997,4,14.280000000000001
1997-04-10,0.13,30.8,14.53,23.15,46.88,2.4,1997,4,16.270000000000003
1997-04-11,0.04,31.62,16.57,24.12,44.32,2.53,1997,4,15.05
1997-04-12,0.0,32.73,17.32,24.36,44.34,2.68,1997,4,15.409999999999997
1997-04-13,3.45,31.07,16.32,23.48,44.79,2.57,1997,4,14.75
1997-04-14,4.97,31.86,16.99,23.31,43.01,7.16,1997,4,14.870000000000001
1997-04-15,0.27,28.45,15.18,20.69,36.28,5.48,1997,4,13.27
1997-04-16,2.63,26.89,14.18,19.78,37.16,2.38,1997,4,12.71
1997-04-17,1.38,28.28,12.0,20.58,39.0,2.33,1997,4,16.28
1997-04-18,0.03,28.19,13.57,20.6,40.68,2.35,1997,4,14.620000000000001
1997-04-19,0.0,30.8,16.15,23.28,40.01,2.06,1997,4,14.650000000000002
1997-04-20,0.0,29.73,17.03,22.53,46.27,3.08,1997,4,12.7
1997-04-21,0.0,32.12,17.28,24.57,44.27,2.07,1997,4,14.839999999999996
1997-04-22,0.0,33.84,16.47,25.55,40.48,2.73,1997,4,17.370000000000005
1997-04-23,0.0,34.81,16.84,25.93,39.59,3.01,1997,4,17.970000000000002
1997-04-24,0.0,37.17,19.74,29.16,31.88,2.25,1997,4,17.430000000000003
1997-04-25,0.0,36.19,19.85,28.46,35.06,2.03,1997,4,16.339999999999996
1997-04-26,0.0,33.34,21.31,26.35,42.4,2.79,1997,4,12.030000000000005
1997-04-27,0.36,33.52,19.61,26.27,40.15,3.41,1997,4,13.910000000000004
1997-04-28,0.36,35.43,19.55,27.28,39.76,3.11,1997,4,15.879999999999999
1997-04-29,1.66,33.0,19.83,26.22,44.12,3.51,1997,4,13.170000000000002
1997-04-30,0.02,33.18,19.07,26.05,45.48,1.94,1997,4,14.11
1997-05-01,0.0,33.44,19.39,26.32,45.14,2.07,1997,5,14.049999999999997
1997-05-02,0.58,33.24,18.6,25.7,45.44,2.47,1997,5,14.64
1997-05-03,2.08,29.64,18.66,23.93,50.26,2.25,1997,5,10.98
1997-05-04,0.0,31.18,17.95,24.77,47.88,1.55,1997,5,13.23
1997-05-05,0.01,33.58,19.33,25.58,46.53,2.35,1997,5,14.25
1997-05-06,0.0,33.69,17.61,26.29,45.46,2.05,1997,5,16.08
1997-05-07,0.67,26.2,18.17,22.43,59.54,2.6,1997,5,8.029999999999998
1997-05-08,0.28,30.38,15.35,22.23,45.78,2.97,1997,5,15.03
1997-05-09,0.49,30.57,12.47,21.79,36.03,2.74,1997,5,18.1
1997-05-10,0.61,32.77,13.85,23.68,27.13,2.78,1997,5,18.92
1997-05-11,0.0,34.54,16.37,24.91,24.49,3.19,1997,5,18.169999999999998
1997-05-12,0.0,33.33,17.06,25.24,27.7,2.93,1997,5,16.27
1997-05-13,0.61,33.38,19.16,25.36,25.93,2.6,1997,5,14.220000000000002
1997-05-14,0.7,33.86,18.78,26.38,25.25,1.89,1997,5,15.079999999999998
1997-05-15,11.0,34.52,16.89,26.36,34.87,2.6,1997,5,17.630000000000003
1997-05-16,0.0,35.55,17.68,27.05,32.87,2.18,1997,5,17.869999999999997
1997-05-17,0.0,35.77,18.84,27.02,29.22,3.04,1997,5,16.930000000000003
1997-05-18,0.0,36.7,19.14,27.43,23.25,2.81,1997,5,17.560000000000002
1997-05-19,0.0,37.96,17.92,28.03,17.67,3.33,1997,5,20.04
1997-05-20,0.0,37.91,17.47,28.7,15.14,2.8,1997,5,20.439999999999998
1997-05-21,0.0,39.45,20.28,30.9,14.11,3.18,1997,5,19.17
1997-05-22,0.0,40.75,21.06,31.5,14.77,2.56,1997,5,19.69
1997-05-23,0.0,40.21,22.37,31.46,16.67,3.21,1997,5,17.84
1997-05-24,0.0,41.28,22.67,32.35,17.54,2.38,1997,5,18.61
1997-05-25,0.0,41.17,22.39,32.64,14.95,2.9,1997,5,18.78
1997-05-26,0.16,40.53,26.44,33.24,15.67,3.3,1997,5,14.09
1997-05-27,0.0,41.89,24.13,33.55,16.48,3.14,1997,5,17.76
1997-05-28,0.0,42.74,25.57,34.36,15.38,3.26,1997,5,17.17
1997-05-29,0.0,41.01,25.46,33.41,16.84,4.7,1997,5,15.549999999999997
1997-05-30,0.08,39.86,23.82,32.53,22.02,3.02,1997,5,16.04
1997-05-31,0.61,36.75,21.95,29.96,30.98,3.18,1997,5,14.8
1997-06-01,0.06,37.88,23.27,31.37,23.34,2.16,1997,6,14.610000000000003
1997-06-02,0.0,38.68,25.21,31.84,23.87,2.34,1997,6,13.469999999999999
1997-06-03,0.0,38.18,24.22,31.18,29.8,2.96,1997,6,13.96
1997-06-04,3.81,32.07,25.44,28.31,42.6,2.48,1997,6,6.629999999999999
1997-06-05,4.65,34.66,23.11,29.23,46.75,1.76,1997,6,11.549999999999997
1997-06-06,0.0,38.6,24.04,31.92,36.96,1.75,1997,6,14.560000000000002
1997-06-07,0.0,39.97,25.74,33.31,28.74,1.88,1997,6,14.23
1997-06-08,0.02,40.77,25.28,33.36,24.42,2.33,1997,6,15.490000000000002
1997-06-09,0.09,40.18,24.68,32.82,23.13,2.47,1997,6,15.5
1997-06-10,0.0,40.73,24.53,33.09,20.62,2.88,1997,6,16.199999999999996
1997-06-11,0.1,42.18,25.68,34.38,19.7,2.14,1997,6,16.5
1997-06-12,0.0,41.33,27.11,34.68,20.47,2.79,1997,6,14.219999999999999
1997-06-13,0.0,40.53,26.05,33.23,26.22,2.9,1997,6,14.48
1997-06-14,0.13,41.88,26.77,34.51,20.88,2.7,1997,6,15.110000000000003
1997-06-15,0.04,43.14,26.62,35.64,19.59,2.26,1997,6,16.52
1997-06-16,0.0,44.59,28.31,36.78,15.45,2.32,1997,6,16.280000000000005
1997-06-17,0.0,44.88,28.15,37.51,13.52,2.56,1997,6,16.730000000000004
1997-06-18,0.0,45.0,28.46,37.54,15.92,2.46,1997,6,16.54
1997-06-19,0.0,43.99,29.65,36.93,21.22,3.22,1997,6,14.340000000000003
1997-06-20,0.06,38.94,30.74,34.54,29.51,1.98,1997,6,8.2
1997-06-21,0.07,40.66,27.27,34.2,29.76,2.73,1997,6,13.389999999999997
1997-06-22,0.0,43.03,29.07,36.01,25.35,2.4,1997,6,13.96
1997-06-23,0.0,43.58,28.82,36.68,24.7,2.28,1997,6,14.759999999999998
1997-06-24,0.63,44.67,28.45,36.72,22.89,2.95,1997,6,16.220000000000002
1997-06-25,0.0,44.46,29.17,37.07,19.89,2.83,1997,6,15.29
1997-06-26,0.0,45.38,30.66,37.95,19.08,2.61,1997,6,14.720000000000002
1997-06-27,0.0,44.38,28.87,36.6,20.21,3.05,1997,6,15.510000000000002
1997-06-28,0.26,40.87,27.93,34.48,27.68,3.94,1997,6,12.939999999999998
1997-06-29,2.33,39.43,25.12,32.76,36.18,3.89,1997,6,14.309999999999999
1997-06-30,0.44,41.04,26.4,33.78,30.76,2.3,1997,6,14.64
1997-07-01,0.26,40.55,27.03,34.06,35.63,2.42,1997,7,13.519999999999996
1997-07-02,0.0,42.98,28.05,36.08,24.62,2.17,1997,7,14.929999999999996
1997-07-03,0.0,44.38,28.98,37.32,20.24,1.86,1997,7,15.400000000000002
1997-07-04,0.0,45.04,30.0,37.79,19.57,2.22,1997,7,15.04
1997-07-05,1.11,45.82,29.19,38.06,18.98,2.44,1997,7,16.63
1997-07-06,0.0,45.56,30.7,38.75,18.37,2.0,1997,7,14.860000000000003
1997-07-07,0.0,45.37,30.03,37.93,20.03,2.7,1997,7,15.339999999999996
1997-07-08,0.0,43.98,30.73,37.63,24.6,2.87,1997,7,13.249999999999996
1997-07-09,0.0,45.32,31.65,38.5,25.54,3.04,1997,7,13.670000000000002
1997-07-10,0.01,45.1,31.83,38.74,27.63,2.46,1997,7,13.270000000000003
1997-07-11,0.32,42.79,32.0,37.04,30.76,3.32,1997,7,10.79
1997-07-12,0.58,41.65,29.7,35.43,34.03,2.51,1997,7,11.95
1997-07-13,0.02,43.26,29.41,36.69,29.7,2.04,1997,7,13.849999999999998
1997-07-14,0.0,44.42,30.7,37.86,22.86,2.21,1997,7,13.720000000000002
1997-07-15,0.0,45.29,30.21,37.88,24.95,2.12,1997,7,15.079999999999998
1997-07-16,0.01,44.82,31.92,38.34,26.69,1.58,1997,7,12.899999999999999
1997-07-17,0.21,43.76,30.89,37.13,34.63,2.7,1997,7,12.869999999999997
1997-07-18,0.21,43.72,31.37,37.66,35.09,2.75,1997,7,12.349999999999998
1997-07-19,0.0,44.24,32.55,38.39,31.53,2.34,1997,7,11.690000000000005
1997-07-20,2.3,41.12,31.15,36.13,38.35,3.21,1997,7,9.969999999999999
1997-07-21,5.26,40.73,30.9,35.68,41.57,1.84,1997,7,9.829999999999998
1997-07-22,5.46,38.62,28.25,33.06,50.01,3.12,1997,7,10.369999999999997
1997-07-23,1.39,37.46,26.23,31.66,57.95,1.62,1997,7,11.23
1997-07-24,2.64,39.08,27.99,33.08,51.78,1.47,1997,7,11.09
1997-07-25,0.08,40.26,27.29,33.8,46.3,1.95,1997,7,12.969999999999999
1997-07-26,0.32,40.07,28.21,34.06,47.75,2.55,1997,7,11.86
1997-07-27,4.24,41.47,29.53,35.15,45.46,2.08,1997,7,11.939999999999998
1997-07-28,8.13,37.83,28.25,32.74,59.16,2.53,1997,7,9.579999999999998
1997-07-29,10.6,37.29,27.61,31.86,61.78,2.01,1997,7,9.68
1997-07-30,0.63,37.34,26.3,31.58,59.98,2.15,1997,7,11.040000000000003
1997-07-31,0.32,38.1,26.44,31.87,53.47,1.83,1997,7,11.66
1997-08-01,0.12,36.86,25.23,31.06,52.33,2.2,1997,8,11.629999999999999
1997-08-02,0.05,38.19,24.89,31.54,46.17,1.7,1997,8,13.299999999999997
1997-08-03,0.08,39.79,26.2,32.98,37.03,2.16,1997,8,13.59
1997-08-04,0.0,39.52,25.83,32.6,38.76,2.15,1997,8,13.690000000000005
1997-08-05,0.0,40.8,25.73,33.18,31.14,2.4,1997,8,15.069999999999997
1997-08-06,0.0,42.12,25.81,33.78,29.37,2.2,1997,8,16.31
1997-08-07,0.0,42.55,26.52,34.45,25.97,2.35,1997,8,16.029999999999998
1997-08-08,0.03,41.45,27.37,33.99,39.17,3.59,1997,8,14.080000000000002
1997-08-09,0.09,41.91,27.85,34.6,42.36,2.58,1997,8,14.059999999999995
1997-08-10,0.0,42.56,28.31,35.37,32.64,1.75,1997,8,14.250000000000004
1997-08-11,0.0,42.67,29.04,35.98,34.52,2.72,1997,8,13.630000000000003
1997-08-12,0.0,40.88,29.63,34.62,41.02,4.24,1997,8,11.250000000000004
1997-08-13,0.92,38.38,26.65,31.96,48.74,5.16,1997,8,11.730000000000004
1997-08-14,1.31,36.37,25.16,30.16,51.64,2.4,1997,8,11.209999999999997
1997-08-15,1.2,39.92,25.6,32.93,42.06,1.86,1997,8,14.32
1997-08-16,0.0,41.2,26.08,33.59,36.68,2.15,1997,8,15.120000000000005
1997-08-17,0.0,41.04,26.76,34.03,36.22,2.32,1997,8,14.279999999999998
1997-08-18,0.0,41.93,27.61,34.99,34.02,2.32,1997,8,14.32
1997-08-19,0.0,42.55,27.76,35.14,33.11,2.17,1997,8,14.789999999999996
1997-08-20,0.0,42.88,28.67,35.84,31.14,1.86,1997,8,14.21
1997-08-21,0.0,42.39,29.73,35.71,36.76,2.68,1997,8,12.66
1997-08-22,4.31,40.29,27.5,34.18,45.13,3.75,1997,8,12.79
1997-08-23,3.18,35.41,26.25,30.03,61.32,3.22,1997,8,9.159999999999997
1997-08-24,0.02,36.96,25.27,30.81,57.5,2.68,1997,8,11.690000000000001
1997-08-25,0.53,37.99,25.99,31.92,48.93,2.54,1997,8,12.000000000000004
1997-08-26,0.37,36.01,23.4,29.38,52.84,4.8,1997,8,12.61
1997-08-27,6.82,28.81,22.19,25.88,75.14,5.29,1997,8,6.619999999999997
1997-08-28,19.8,34.11,23.6,28.56,63.67,2.43,1997,8,10.509999999999998
1997-08-29,0.52,36.67,22.18,29.32,52.32,1.86,1997,8,14.490000000000002
1997-08-30,0.0,37.05,22.66,30.1,47.88,1.35,1997,8,14.389999999999997
1997-08-31,0.0,38.05,23.38,30.26,46.68,1.97,1997,8,14.669999999999998
1997-09-01,0.0,38.6,22.42,30.09,47.6,2.18,1997,9,16.18
1997-09-02,0.0,37.17,23.07,29.75,50.34,2.29,1997,9,14.100000000000001
1997-09-03,1.49,37.51,23.61,30.2,51.73,1.51,1997,9,13.899999999999999
1997-09-04,0.34,38.89,23.58,30.85,50.54,2.07,1997,9,15.310000000000002
1997-09-05,0.0,39.24,25.37,32.31,44.64,2.02,1997,9,13.870000000000001
1997-09-06,0.0,39.57,25.08,32.11,42.84,2.17,1997,9,14.490000000000002
1997-09-07,0.06,39.13,25.89,32.17,42.53,3.03,1997,9,13.240000000000002
1997-09-08,0.75,38.58,27.08,32.04,43.34,2.74,1997,9,11.5
1997-09-09,0.25,37.84,26.96,31.77,44.41,2.02,1997,9,10.880000000000003
1997-09-10,0.0,38.3,25.13,31.57,40.96,1.94,1997,9,13.169999999999998
1997-09-11,0.0,37.64,26.54,31.55,39.24,2.57,1997,9,11.100000000000001
1997-09-12,4.87,37.6,26.05,30.78,38.88,2.43,1997,9,11.55
1997-09-13,4.0,36.04,24.74,30.04,46.26,1.98,1997,9,11.3
1997-09-14,0.0,38.29,23.56,30.58,42.19,2.36,1997,9,14.73
1997-09-15,0.0,38.66,22.5,30.71,33.53,1.96,1997,9,16.159999999999997
1997-09-16,0.02,38.72,23.13,31.06,32.64,1.95,1997,9,15.59
1997-09-17,0.0,38.75,24.04,30.89,35.44,2.14,1997,9,14.71
1997-09-18,0.0,38.28,22.96,30.44,26.98,2.16,1997,9,15.32
1997-09-19,0.0,38.86,21.16,29.98,23.51,2.16,1997,9,17.7
1997-09-20,4.0,37.9,22.22,29.75,28.52,2.6,1997,9,15.68
1997-09-21,1.4,36.45,22.01,28.9,34.5,2.14,1997,9,14.440000000000001
1997-09-22,0.0,37.14,21.33,28.81,33.83,2.59,1997,9,15.810000000000002
1997-09-23,0.0,38.46,21.41,29.36,25.07,2.74,1997,9,17.05
1997-09-24,0.0,38.42,20.78,29.44,19.21,2.42,1997,9,17.64
1997-09-25,0.0,38.17,19.96,28.69,15.96,2.61,1997,9,18.21
1997-09-26,0.0,38.37,19.2,29.19,13.94,2.0,1997,9,19.169999999999998
1997-09-27,0.0,36.85,19.87,28.04,14.35,2.53,1997,9,16.98
1997-09-28,0.0,36.43,18.99,27.35,16.43,2.58,1997,9,17.44
1997-09-29,0.08,35.72,19.34,27.23,21.0,2.29,1997,9,16.38
1997-09-30,0.04,33.89,19.03,26.37,22.75,2.11,1997,9,14.86
1997-10-01,0.0,34.09,18.42,25.89,27.4,2.25,1997,10,15.670000000000002
1997-10-02,0.03,34.69,19.56,26.58,26.69,2.47,1997,10,15.129999999999999
1997-10-03,0.0,34.19,18.4,26.0,23.97,2.07,1997,10,15.79
1997-10-04,0.01,33.43,18.56,25.6,30.5,2.24,1997,10,14.870000000000001
1997-10-05,0.0,32.2,18.26,24.67,37.41,2.38,1997,10,13.940000000000001
1997-10-06,0.0,31.49,18.41,25.08,42.62,0.96,1997,10,13.079999999999998
1997-10-07,0.15,31.23,18.07,24.65,39.99,1.98,1997,10,13.16
1997-10-08,0.33,31.63,17.83,24.67,37.62,2.25,1997,10,13.8
1997-10-09,0.09,32.69,17.94,25.12,30.68,2.06,1997,10,14.749999999999996
1997-10-10,0.05,31.72,19.27,25.05,30.13,1.75,1997,10,12.45
1997-10-11,0.03,31.69,18.94,24.79,32.44,1.99,1997,10,12.75
1997-10-12,0.0,32.57,17.02,24.07,29.46,2.45,1997,10,15.55
1997-10-13,0.0,31.6,16.8,23.91,28.57,2.48,1997,10,14.8
1997-10-14,0.0,31.8,16.43,24.08,26.81,2.03,1997,10,15.370000000000001
1997-10-15,0.02,31.84,17.18,24.04,25.26,2.48,1997,10,14.66
1997-10-16,0.0,30.71,17.57,23.69,26.17,2.15,1997,10,13.14
1997-10-17,0.0,29.25,18.55,23.4,28.57,2.09,1997,10,10.7
1997-10-18,0.0,30.09,16.35,22.56,32.27,2.37,1997,10,13.739999999999998
1997-10-19,0.47,25.83,18.77,21.59,39.74,1.74,1997,10,7.059999999999999
1997-10-20,2.2,20.31,15.49,18.14,70.57,2.25,1997,10,4.8199999999999985
1997-10-21,8.14,24.36,15.39,18.99,66.4,2.0,1997,10,8.969999999999999
1997-10-22,0.18,24.67,13.76,18.58,64.11,1.64,1997,10,10.910000000000002
1997-10-23,0.0,27.18,14.38,19.66,53.72,1.6,1997,10,12.799999999999999
1997-10-24,0.0,26.98,13.27,19.27,53.26,2.63,1997,10,13.71
1997-10-25,0.0,27.51,14.67,19.92,48.1,2.63,1997,10,12.840000000000002
1997-10-26,0.01,25.89,15.2,19.8,48.52,1.57,1997,10,10.690000000000001
1997-10-27,0.0,26.36,14.58,19.46,45.74,2.68,1997,10,11.78
1997-10-28,0.0,26.98,14.69,19.86,45.73,2.1,1997,10,12.290000000000001
1997-10-29,0.0,27.04,13.45,19.36,46.15,2.56,1997,10,13.59
1997-10-30,0.11,25.06,13.28,18.09,49.47,2.27,1997,10,11.78
1997-10-31,0.01,27.68,12.79,18.98,40.45,2.16,1997,10,14.89
1997-11-01,0.0,27.3,14.29,19.3,36.86,2.34,1997,11,13.010000000000002
1997-11-02,3.5,27.71,13.65,19.21,42.55,2.76,1997,11,14.06
1997-11-03,0.0,26.82,13.27,18.89,37.64,2.43,1997,11,13.55
1997-11-04,0.0,28.45,12.95,18.85,35.28,3.09,1997,11,15.5
1997-11-05,0.0,28.49,13.46,19.52,34.24,2.88,1997,11,15.029999999999998
1997-11-06,0.0,29.28,15.63,20.32,30.93,2.25,1997,11,13.65
1997-11-07,0.0,28.43,13.96,20.02,32.32,2.8,1997,11,14.469999999999999
1997-11-08,0.01,29.16,15.3,21.26,36.4,2.47,1997,11,13.86
1997-11-09,1.27,21.01,13.71,17.09,65.27,2.62,1997,11,7.300000000000001
1997-11-10,0.0,22.95,12.21,17.22,46.94,1.66,1997,11,10.739999999999998
1997-11-11,0.0,24.69,10.99,16.35,40.78,2.53,1997,11,13.700000000000001
1997-11-12,0.0,25.12,10.16,16.13,33.49,3.09,1997,11,14.96
1997-11-13,0.0,24.82,11.03,16.65,23.85,2.35,1997,11,13.790000000000001
1997-11-14,0.0,25.16,12.78,18.11,22.88,1.43,1997,11,12.38
1997-11-15,0.01,24.44,12.53,16.85,26.72,2.98,1997,11,11.910000000000002
1997-11-16,0.02,24.31,12.26,17.01,31.95,2.3,1997,11,12.049999999999999
1997-11-17,0.08,25.28,10.89,16.88,37.95,3.12,1997,11,14.39
1997-11-18,0.0,24.35,11.78,16.42,39.38,2.25,1997,11,12.570000000000002
1997-11-19,0.0,24.37,9.62,16.51,33.36,2.3,1997,11,14.750000000000002
1997-11-20,0.0,24.15,9.77,16.08,33.02,2.33,1997,11,14.379999999999999
1997-11-21,0.0,24.76,10.73,16.45,30.71,2.2,1997,11,14.030000000000001
1997-11-22,0.0,23.56,11.76,16.19,28.11,1.96,1997,11,11.799999999999999
1997-11-23,0.0,22.54,10.38,15.44,27.3,2.26,1997,11,12.159999999999998
1997-11-24,0.0,22.84,8.59,14.76,27.88,2.4,1997,11,14.25
1997-11-25,3.94,14.43,10.22,12.08,62.21,2.01,1997,11,4.209999999999999
1997-11-26,3.75,17.74,8.88,13.05,74.95,1.91,1997,11,8.859999999999998
1997-11-27,3.55,19.23,7.99,12.75,65.93,2.36,1997,11,11.24
1997-11-28,0.0,21.59,8.75,13.95,51.87,2.11,1997,11,12.84
1997-11-29,0.04,19.86,9.17,13.79,46.7,2.47,1997,11,10.69
1997-11-30,0.0,19.88,6.46,11.92,49.98,2.68,1997,11,13.419999999999998
1997-12-01,0.0,19.9,5.96,11.94,49.27,2.5,1997,12,13.939999999999998
1997-12-02,0.0,18.77,8.94,12.87,45.94,2.97,1997,12,9.83
1997-12-03,0.0,20.45,8.81,13.22,48.88,2.28,1997,12,11.639999999999999
1997-12-04,0.01,20.09,8.83,13.4,44.91,1.88,1997,12,11.26
1997-12-05,0.04,20.78,8.16,13.2,44.18,2.24,1997,12,12.620000000000001
1997-12-06,0.0,21.0,8.49,13.54,42.97,1.9,1997,12,12.51
1997-12-07,0.0,20.77,8.15,13.64,42.96,2.23,1997,12,12.62
1997-12-08,0.01,15.61,10.52,12.77,66.0,1.88,1997,12,5.09
1997-12-09,0.0,18.97,8.7,12.65,68.4,1.83,1997,12,10.27
1997-12-10,0.0,19.11,7.52,12.59,61.23,1.96,1997,12,11.59
1997-12-11,0.0,19.41,7.94,12.9,50.58,2.82,1997,12,11.469999999999999
1997-12-12,0.02,17.01,9.06,11.85,61.15,1.79,1997,12,7.950000000000001
1997-12-13,0.09,17.06,6.79,11.22,69.22,1.81,1997,12,10.27
1997-12-14,0.0,19.07,6.74,11.34,59.4,2.07,1997,12,12.33
1997-12-15,0.0,15.46,8.28,11.51,52.89,1.39,1997,12,7.1800000000000015
1997-12-16,0.0,18.78,7.39,11.86,51.06,2.48,1997,12,11.39
1997-12-17,0.0,20.97,6.44,12.2,40.39,2.35,1997,12,14.529999999999998
1997-12-18,0.0,18.87,8.39,12.13,35.72,2.2,1997,12,10.48
1997-12-19,0.02,18.6,6.85,11.61,43.3,2.63,1997,12,11.750000000000002
1997-12-20,0.0,19.44,5.16,10.56,45.58,2.95,1997,12,14.280000000000001
1997-12-21,0.0,20.57,6.37,11.77,26.98,2.5,1997,12,14.2
1997-12-22,0.0,15.19,7.23,10.19,33.35,2.38,1997,12,7.959999999999999
1997-12-23,0.0,18.43,5.28,10.43,45.11,2.56,1997,12,13.149999999999999
1997-12-24,0.0,20.24,6.76,11.92,38.69,2.34,1997,12,13.479999999999999
1997-12-25,0.0,18.94,7.85,12.27,32.25,1.88,1997,12,11.090000000000002
1997-12-26,0.0,17.6,6.49,11.21,34.37,1.65,1997,12,11.110000000000001
1997-12-27,0.0,15.52,8.0,10.78,35.89,2.07,1997,12,7.52
1997-12-28,0.11,17.35,6.24,10.88,46.7,3.22,1997,12,11.110000000000001
1997-12-29,0.82,12.15,4.23,8.17,65.74,1.54,1997,12,7.92
1997-12-30,0.0,16.55,2.1,7.61,41.8,3.54,1997,12,14.450000000000001
1997-12-31,0.0,15.86,3.58,7.84,25.3,2.64,1997,12,12.28
1998-01-01,0.0,17.6,2.43,8.46,23.25,2.82,1998,1,15.170000000000002
1998-01-02,0.0,18.19,4.49,9.38,21.9,2.98,1998,1,13.700000000000001
1998-01-03,0.0,18.2,5.69,10.15,22.09,2.77,1998,1,12.509999999999998
1998-01-04,0.0,19.33,7.83,12.8,46.48,3.15,1998,1,11.499999999999998
1998-01-05,0.0,21.58,8.33,13.05,44.97,2.47,1998,1,13.249999999999998
1998-01-06,0.16,18.98,7.31,12.34,44.42,2.69,1998,1,11.670000000000002
1998-01-07,3.06,18.65,9.36,12.74,52.23,3.94,1998,1,9.29
1998-01-08,0.02,17.77,7.1,11.42,57.83,2.67,1998,1,10.67
1998-01-09,0.0,19.96,6.5,11.46,45.6,2.37,1998,1,13.46
1998-01-10,0.0,15.84,7.22,10.63,38.65,2.52,1998,1,8.620000000000001
1998-01-11,0.0,21.07,8.07,13.11,36.63,3.09,1998,1,13.0
1998-01-12,0.0,17.0,7.45,11.08,56.47,2.28,1998,1,9.55
1998-01-13,0.0,18.1,5.44,10.06,60.3,2.33,1998,1,12.66
1998-01-14,6.96,18.87,5.22,11.98,43.75,4.71,1998,1,13.650000000000002
1998-01-15,0.4,14.18,4.46,9.04,71.9,4.34,1998,1,9.719999999999999
1998-01-16,0.0,17.07,3.66,8.96,54.45,2.25,1998,1,13.41
1998-01-17,0.0,16.86,4.56,10.09,40.9,1.93,1998,1,12.3
1998-01-18,0.0,17.21,2.66,8.09,42.84,2.89,1998,1,14.55
1998-01-19,0.0,17.89,2.77,9.05,36.08,2.9,1998,1,15.120000000000001
1998-01-20,0.0,14.58,3.27,8.13,36.1,2.32,1998,1,11.31
1998-01-21,0.0,18.37,1.75,8.91,36.55,2.88,1998,1,16.62
1998-01-22,0.08,17.47,6.93,11.12,31.22,1.8,1998,1,10.54
1998-01-23,0.01,16.3,4.85,9.63,38.51,3.03,1998,1,11.450000000000001
1998-01-24,0.0,18.38,3.81,9.27,43.43,3.57,1998,1,14.569999999999999
1998-01-25,0.0,19.76,4.9,10.81,32.66,1.95,1998,1,14.860000000000001
1998-01-26,0.0,20.67,4.81,11.41,27.26,2.73,1998,1,15.860000000000003
1998-01-27,0.0,19.72,6.37,12.24,24.46,2.37,1998,1,13.349999999999998
1998-01-28,0.0,18.78,8.77,12.79,31.06,2.3,1998,1,10.010000000000002
1998-01-29,0.0,19.84,5.93,12.03,43.67,2.65,1998,1,13.91
1998-01-30,0.0,18.5,8.58,12.5,40.03,2.16,1998,1,9.92
1998-01-31,0.0,15.82,7.04,10.31,60.65,2.36,1998,1,8.780000000000001
1998-02-01,0.0,18.91,5.94,11.34,64.26,2.3,1998,2,12.969999999999999
1998-02-02,0.0,18.6,7.08,12.31,51.07,1.84,1998,2,11.520000000000001
1998-02-03,0.0,20.22,6.21,11.77,39.9,3.05,1998,2,14.009999999999998
1998-02-04,0.0,20.99,4.61,11.28,29.78,3.48,1998,2,16.38
1998-02-05,0.0,20.8,5.87,11.92,21.28,3.02,1998,2,14.93
1998-02-06,0.0,22.04,7.58,13.81,16.54,2.0,1998,2,14.459999999999999
1998-02-07,0.0,21.51,6.19,12.33,19.74,2.83,1998,2,15.32
1998-02-08,0.0,22.93,7.0,13.69,21.74,3.08,1998,2,15.93
1998-02-09,0.07,21.99,8.49,14.17,28.23,3.91,1998,2,13.499999999999998
1998-02-10,0.0,26.01,9.75,17.39,30.52,2.66,1998,2,16.26
1998-02-11,0.0,25.61,11.22,17.6,29.4,2.73,1998,2,14.389999999999999
1998-02-12,0.0,26.7,10.83,17.74,33.69,3.08,1998,2,15.87
1998-02-13,0.0,26.65,14.47,19.43,25.31,3.9,1998,2,12.179999999999998
1998-02-14,5.43,16.31,11.23,13.33,60.18,8.83,1998,2,5.079999999999998
1998-02-15,2.03,18.96,11.35,14.59,69.47,3.11,1998,2,7.610000000000001
1998-02-16,1.76,19.32,10.82,14.4,72.01,3.92,1998,2,8.5
1998-02-17,2.13,20.52,10.02,13.85,49.12,5.27,1998,2,10.5
1998-02-18,7.88,16.44,7.21,11.62,73.71,4.14,1998,2,9.23
1998-02-19,0.0,20.67,5.29,11.72,53.94,2.99,1998,2,15.380000000000003
1998-02-20,0.0,23.42,6.57,14.1,36.01,2.56,1998,2,16.85
1998-02-21,0.0,21.86,5.84,13.95,35.0,2.45,1998,2,16.02
1998-02-22,0.0,20.57,5.05,12.93,39.44,2.61,1998,2,15.52
1998-02-23,2.0,19.2,8.58,12.26,46.87,4.37,1998,2,10.62
1998-02-24,10.96,9.82,6.53,8.06,85.48,5.32,1998,2,3.29
1998-02-25,0.12,16.79,7.09,11.13,64.54,2.56,1998,2,9.7
1998-02-26,0.0,20.12,4.81,12.56,52.34,2.09,1998,2,15.310000000000002
1998-02-27,0.0,20.71,6.66,13.22,53.21,2.09,1998,2,14.05
1998-02-28,0.0,21.94,7.86,13.85,50.49,3.16,1998,2,14.080000000000002
1998-03-01,0.0,22.75,8.43,14.29,49.57,3.53,1998,3,14.32
1998-03-02,0.27,22.21,7.65,13.09,47.18,3.17,1998,3,14.56
1998-03-03,2.45,14.21,9.2,11.17,79.78,5.68,1998,3,5.010000000000002
1998-03-04,1.53,16.46,8.56,12.11,80.3,4.8,1998,3,7.9
1998-03-05,0.02,19.49,7.25,13.24,69.63,2.94,1998,3,12.239999999999998
1998-03-06,0.0,21.25,7.66,13.45,55.99,2.82,1998,3,13.59
1998-03-07,0.0,21.5,5.21,12.83,40.31,3.52,1998,3,16.29
1998-03-08,0.0,21.63,5.77,13.69,33.69,2.11,1998,3,15.86
1998-03-09,0.0,24.27,6.11,14.39,36.05,3.13,1998,3,18.16
1998-03-10,0.0,25.6,8.34,16.28,36.42,2.54,1998,3,17.26
1998-03-11,29.39,20.97,9.95,14.11,61.11,3.57,1998,3,11.02
1998-03-12,1.97,15.19,8.97,11.85,81.6,1.84,1998,3,6.219999999999999
1998-03-13,0.25,20.52,7.98,13.35,66.47,2.13,1998,3,12.54
1998-03-14,0.0,22.32,6.96,14.34,51.99,3.7,1998,3,15.36
1998-03-15,0.0,25.11,7.71,16.14,46.54,3.0,1998,3,17.4
1998-03-16,0.0,25.64,12.3,18.02,41.79,2.07,1998,3,13.34
1998-03-17,0.73,25.59,11.14,17.31,45.04,4.21,1998,3,14.45
1998-03-18,0.0,25.34,10.24,17.16,50.12,2.95,1998,3,15.1
1998-03-19,4.78,20.0,11.26,15.36,58.41,2.03,1998,3,8.74
1998-03-20,0.01,21.67,10.57,15.28,65.48,2.84,1998,3,11.100000000000001
1998-03-21,0.06,25.24,11.77,17.81,59.06,2.43,1998,3,13.469999999999999
1998-03-22,0.03,26.05,12.21,18.55,54.88,2.67,1998,3,13.84
1998-03-23,0.01,25.87,9.85,17.07,42.34,3.69,1998,3,16.020000000000003
1998-03-24,0.0,28.19,6.96,16.43,28.01,3.75,1998,3,21.23
1998-03-25,0.0,28.35,9.27,17.97,27.28,3.8,1998,3,19.080000000000002
1998-03-26,0.0,31.02,12.64,21.44,28.25,2.97,1998,3,18.38
1998-03-27,0.0,30.88,12.68,21.09,37.03,2.81,1998,3,18.2
1998-03-28,0.0,31.36,16.64,23.13,36.45,2.7,1998,3,14.719999999999999
1998-03-29,0.0,30.2,15.06,22.1,35.76,2.69,1998,3,15.139999999999999
1998-03-30,0.0,31.04,11.64,20.59,35.01,3.38,1998,3,19.4
1998-03-31,0.0,31.89,14.88,22.6,34.53,3.52,1998,3,17.009999999999998
1998-04-01,0.0,32.95,15.24,23.79,37.09,2.88,1998,4,17.71
1998-04-02,0.01,32.34,17.49,24.39,35.53,2.82,1998,4,14.850000000000005
1998-04-03,2.96,32.19,18.17,24.46,36.9,5.37,1998,4,14.019999999999996
1998-04-04,0.04,30.55,15.91,22.58,44.74,2.77,1998,4,14.64
1998-04-05,0.0,30.42,15.04,22.57,42.13,3.13,1998,4,15.380000000000003
1998-04-06,0.0,31.91,15.5,23.6,38.49,3.67,1998,4,16.41
1998-04-07,0.0,34.32,18.45,26.02,33.08,3.08,1998,4,15.870000000000001
1998-04-08,0.9,31.89,17.52,25.03,26.91,8.25,1998,4,14.370000000000001
1998-04-09,8.9,27.23,13.78,20.32,45.3,3.26,1998,4,13.450000000000001
1998-04-10,0.0,29.67,13.62,21.35,41.49,2.51,1998,4,16.050000000000004
1998-04-11,0.0,29.95,14.08,21.92,39.61,2.21,1998,4,15.87
1998-04-12,0.11,30.77,14.69,22.4,37.83,2.81,1998,4,16.08
1998-04-13,0.0,32.14,14.82,23.67,31.42,2.45,1998,4,17.32
1998-04-14,0.0,34.12,14.63,24.53,25.15,2.29,1998,4,19.489999999999995
1998-04-15,0.0,35.37,15.38,25.28,19.77,2.67,1998,4,19.989999999999995
1998-04-16,0.0,36.95,16.04,26.59,19.15,3.32,1998,4,20.910000000000004
1998-04-17,0.0,37.18,18.09,27.4,18.75,3.48,1998,4,19.09
1998-04-18,0.01,38.45,18.58,28.27,17.26,3.08,1998,4,19.870000000000005
1998-04-19,0.06,38.15,19.61,28.89,17.45,3.44,1998,4,18.54
1998-04-20,0.01,38.71,20.02,29.83,14.64,2.56,1998,4,18.69
1998-04-21,0.1,39.23,22.4,30.67,16.95,2.51,1998,4,16.83
1998-04-22,0.01,38.61,21.43,29.96,19.06,3.18,1998,4,17.18
1998-04-23,0.0,39.29,22.11,30.89,18.71,3.59,1998,4,17.18
1998-04-24,0.0,40.22,22.2,31.46,18.42,2.91,1998,4,18.02
1998-04-25,6.21,27.81,19.6,24.89,48.8,7.37,1998,4,8.209999999999997
1998-04-26,0.98,32.35,18.84,25.31,52.62,4.4,1998,4,13.510000000000002
1998-04-27,0.0,34.47,20.29,27.31,36.3,2.64,1998,4,14.18
1998-04-28,0.0,37.31,18.84,28.49,24.94,2.66,1998,4,18.470000000000002
1998-04-29,0.34,39.31,19.47,30.08,20.58,3.11,1998,4,19.840000000000003
1998-04-30,0.22,33.36,22.88,27.95,28.43,3.48,1998,4,10.48
1998-05-01,2.89,36.59,21.17,28.59,32.7,3.21,1998,5,15.420000000000002
1998-05-02,1.87,36.95,22.54,30.08,35.21,2.71,1998,5,14.410000000000004
1998-05-03,0.4,34.89,22.46,29.13,43.63,2.3,1998,5,12.43
1998-05-04,0.0,36.87,21.7,29.06,28.8,2.78,1998,5,15.169999999999998
1998-05-05,0.0,38.01,21.44,29.81,20.34,2.59,1998,5,16.569999999999997
1998-05-06,3.02,30.39,20.01,25.54,36.81,3.47,1998,5,10.379999999999999
1998-05-07,1.59,34.25,17.14,25.93,35.99,2.66,1998,5,17.11
1998-05-08,0.97,27.2,17.65,22.2,48.73,2.2,1998,5,9.55
1998-05-09,0.0,33.68,16.54,25.17,34.91,2.21,1998,5,17.14
1998-05-10,0.0,34.83,17.53,26.69,29.27,2.07,1998,5,17.299999999999997
1998-05-11,0.01,36.26,19.26,28.25,26.89,3.19,1998,5,16.999999999999996
1998-05-12,0.0,37.81,20.37,29.21,22.93,3.24,1998,5,17.44
1998-05-13,0.0,40.62,21.29,31.14,18.95,3.11,1998,5,19.33
1998-05-14,0.0,41.99,23.38,32.66,15.86,2.81,1998,5,18.610000000000003
1998-05-15,0.0,42.83,23.83,33.87,13.95,3.53,1998,5,19.0
1998-05-16,0.0,44.75,24.47,34.9,12.2,2.76,1998,5,20.28
1998-05-17,0.33,40.98,25.9,32.62,17.91,4.06,1998,5,15.079999999999998
1998-05-18,0.2,42.44,25.67,33.91,17.86,3.48,1998,5,16.769999999999996
1998-05-19,0.05,41.3,24.63,32.75,17.81,2.89,1998,5,16.669999999999998
1998-05-20,0.0,42.7,24.23,33.55,11.84,2.77,1998,5,18.470000000000002
1998-05-21,0.0,43.92,24.19,34.79,10.17,3.15,1998,5,19.73
1998-05-22,0.02,43.55,26.32,34.69,11.93,3.02,1998,5,17.229999999999997
1998-05-23,0.0,45.04,24.66,35.43,10.9,4.31,1998,5,20.38
1998-05-24,0.0,45.13,27.13,36.76,11.27,3.67,1998,5,18.000000000000004
1998-05-25,0.0,46.02,27.19,37.75,11.39,2.71,1998,5,18.830000000000002
1998-05-26,1.52,45.99,27.33,36.94,12.39,3.28,1998,5,18.660000000000004
1998-05-27,0.0,45.66,26.81,36.56,10.04,3.89,1998,5,18.849999999999998
1998-05-28,0.24,43.25,25.57,34.92,11.42,5.62,1998,5,17.68
1998-05-29,5.12,41.08,22.63,31.98,17.56,4.24,1998,5,18.45
1998-05-30,0.0,41.56,23.27,32.81,15.86,3.35,1998,5,18.290000000000003
1998-05-31,0.01,43.09,23.77,34.23,13.92,4.03,1998,5,19.320000000000004
1998-06-01,0.0,40.03,26.45,32.89,20.3,3.93,1998,6,13.580000000000002
1998-06-02,0.0,41.2,25.13,33.48,18.51,3.18,1998,6,16.070000000000004
1998-06-03,0.06,40.85,24.2,33.27,16.65,2.68,1998,6,16.650000000000002
1998-06-04,0.87,41.49,24.05,32.91,17.42,2.7,1998,6,17.44
1998-06-05,0.0,42.03,23.64,33.13,14.71,3.08,1998,6,18.39
1998-06-06,0.0,42.16,24.37,34.0,12.52,3.08,1998,6,17.789999999999996
1998-06-07,0.0,41.56,25.79,33.64,15.23,3.25,1998,6,15.770000000000003
1998-06-08,0.0,41.62,24.57,33.51,15.29,2.89,1998,6,17.049999999999997
1998-06-09,0.44,41.47,24.32,33.54,17.06,2.7,1998,6,17.15
1998-06-10,0.06,41.41,25.72,33.87,16.49,3.1,1998,6,15.689999999999998
1998-06-11,1.91,39.06,24.82,32.23,32.71,3.42,1998,6,14.240000000000002
1998-06-12,23.55,31.1,22.86,26.88,62.73,4.1,1998,6,8.240000000000002
1998-06-13,0.0,34.64,22.09,28.09,51.86,2.29,1998,6,12.55
1998-06-14,0.01,36.96,21.84,29.33,40.29,2.28,1998,6,15.120000000000001
1998-06-15,0.0,38.67,21.3,30.08,36.17,3.22,1998,6,17.37
1998-06-16,0.0,40.33,22.58,32.18,31.34,2.22,1998,6,17.75
1998-06-17,0.0,40.73,23.19,32.68,28.75,2.27,1998,6,17.539999999999996
1998-06-18,15.12,38.86,23.8,31.44,37.8,3.95,1998,6,15.059999999999999
1998-06-19,0.0,41.2,23.75,32.95,33.24,2.95,1998,6,17.450000000000003
1998-06-20,0.0,42.43,25.3,34.47,29.82,2.84,1998,6,17.13
1998-06-21,0.0,43.29,25.73,34.93,28.03,4.19,1998,6,17.56
1998-06-22,0.0,42.85,27.17,35.13,24.47,4.01,1998,6,15.68
1998-06-23,0.0,42.47,27.09,34.87,24.97,2.78,1998,6,15.379999999999999
1998-06-24,0.0,43.1,27.16,35.56,23.16,3.09,1998,6,15.940000000000001
1998-06-25,0.0,43.8,29.48,36.69,22.73,2.96,1998,6,14.319999999999997
1998-06-26,0.0,45.16,29.49,37.73,20.45,2.41,1998,6,15.669999999999998
1998-06-27,0.07,44.38,30.03,37.44,20.78,2.75,1998,6,14.350000000000001
1998-06-28,0.02,43.71,31.17,37.18,26.01,3.36,1998,6,12.54
1998-06-29,0.72,42.68,30.2,36.19,31.61,3.0,1998,6,12.48
1998-06-30,2.44,42.77,30.56,36.69,35.17,2.94,1998,6,12.210000000000004
1998-07-01,21.12,37.99,31.24,34.13,48.41,2.06,1998,7,6.7500000000000036
1998-07-02,0.59,39.53,28.45,33.83,47.02,1.87,1998,7,11.080000000000002
1998-07-03,0.96,39.5,25.94,33.24,48.95,2.42,1998,7,13.559999999999999
1998-07-04,1.04,40.85,27.29,34.24,49.37,2.24,1998,7,13.560000000000002
1998-07-05,12.34,39.9,28.73,34.57,50.52,2.3,1998,7,11.169999999999998
1998-07-06,5.74,38.98,28.55,33.46,53.96,2.33,1998,7,10.429999999999996
1998-07-07,0.11,41.64,27.8,34.47,49.34,2.2,1998,7,13.84
1998-07-08,0.74,41.62,27.91,34.96,44.79,2.21,1998,7,13.709999999999997
1998-07-09,7.56,40.52,27.63,34.24,47.01,2.09,1998,7,12.890000000000004
1998-07-10,13.34,40.17,27.53,34.13,47.91,1.94,1998,7,12.64
1998-07-11,15.16,36.75,27.56,32.3,53.32,1.57,1998,7,9.190000000000001
1998-07-12,2.07,37.53,26.9,32.52,55.36,1.77,1998,7,10.630000000000003
1998-07-13,0.04,37.69,26.99,32.29,56.78,1.75,1998,7,10.7
1998-07-14,0.61,39.93,27.04,33.47,53.51,1.64,1998,7,12.89
1998-07-15,7.55,39.02,28.07,33.27,55.92,1.97,1998,7,10.950000000000003
1998-07-16,12.24,36.62,27.05,31.67,65.1,1.95,1998,7,9.569999999999997
1998-07-17,0.66,38.36,27.68,32.99,51.83,1.33,1998,7,10.68
1998-07-18,12.45,37.73,26.33,32.33,54.6,1.84,1998,7,11.399999999999999
1998-07-19,3.79,37.39,26.24,31.67,53.78,2.57,1998,7,11.150000000000002
1998-07-20,3.95,37.74,25.23,32.15,52.75,1.75,1998,7,12.510000000000002
1998-07-21,0.65,37.7,25.81,32.09,52.53,2.14,1998,7,11.890000000000004
1998-07-22,0.12,39.52,26.11,33.19,46.96,1.9,1998,7,13.410000000000004
1998-07-23,0.0,39.91,25.91,33.31,46.31,2.19,1998,7,13.999999999999996
1998-07-24,0.0,40.05,26.87,33.54,42.11,2.01,1998,7,13.179999999999996
1998-07-25,4.15,39.93,25.76,33.12,42.2,2.07,1998,7,14.169999999999998
1998-07-26,13.69,38.35,27.03,32.44,46.79,1.9,1998,7,11.32
1998-07-27,0.0,40.23,26.7,33.24,46.51,2.84,1998,7,13.529999999999998
1998-07-28,0.0,40.31,27.33,34.03,41.26,2.07,1998,7,12.980000000000004
1998-07-29,0.0,40.84,26.3,34.17,39.79,2.25,1998,7,14.540000000000003
1998-07-30,0.96,39.77,27.69,33.5,45.69,2.47,1998,7,12.080000000000002
1998-07-31,0.57,39.94,27.01,33.54,45.17,1.93,1998,7,12.929999999999996
1998-08-01,0.35,39.65,26.76,33.32,44.37,2.0,1998,8,12.889999999999997
1998-08-02,5.38,38.87,26.31,32.48,47.44,2.15,1998,8,12.559999999999999
1998-08-03,7.3,38.13,26.08,31.89,54.22,2.6,1998,8,12.050000000000004
1998-08-04,0.0,40.76,26.53,33.55,48.73,2.74,1998,8,14.229999999999997
1998-08-05,12.9,38.88,27.93,33.02,50.86,2.01,1998,8,10.950000000000003
1998-08-06,15.21,36.11,26.31,31.26,59.48,1.61,1998,8,9.8
1998-08-07,0.18,38.12,25.93,32.34,52.56,1.45,1998,8,12.189999999999998
1998-08-08,0.03,39.1,26.45,33.17,47.47,1.38,1998,8,12.650000000000002
1998-08-09,0.01,39.1,25.56,32.53,49.27,1.87,1998,8,13.540000000000003
1998-08-10,0.54,39.74,26.72,32.99,49.53,1.74,1998,8,13.020000000000003
1998-08-11,1.12,40.03,26.43,33.13,49.66,1.9,1998,8,13.600000000000001
1998-08-12,0.02,40.46,26.57,33.37,50.59,2.54,1998,8,13.89
1998-08-13,15.7,37.47,27.16,31.98,57.32,2.45,1998,8,10.309999999999999
1998-08-14,7.78,37.24,26.25,31.74,60.27,1.77,1998,8,10.990000000000002
1998-08-15,5.95,34.99,26.08,30.43,65.14,1.75,1998,8,8.910000000000004
1998-08-16,0.02,36.92,25.23,30.89,57.87,2.36,1998,8,11.690000000000001
1998-08-17,0.0,38.32,24.56,31.36,49.18,2.47,1998,8,13.760000000000002
1998-08-18,0.86,38.17,24.09,31.06,45.77,2.45,1998,8,14.080000000000002
1998-08-19,1.39,37.42,23.7,30.53,47.88,1.97,1998,8,13.720000000000002
1998-08-20,3.2,37.23,23.63,30.57,55.11,1.81,1998,8,13.599999999999998
1998-08-21,1.0,38.74,24.63,31.94,49.55,2.22,1998,8,14.110000000000003
1998-08-22,3.67,38.25,26.26,32.0,51.92,1.97,1998,8,11.989999999999998
1998-08-23,6.89,37.12,25.88,31.2,53.76,2.26,1998,8,11.239999999999998
1998-08-24,1.4,38.16,25.63,31.68,50.93,2.37,1998,8,12.529999999999998
1998-08-25,3.37,37.3,25.88,31.0,51.66,2.54,1998,8,11.419999999999998
1998-08-26,0.68,36.07,25.76,30.49,53.45,2.04,1998,8,10.309999999999999
1998-08-27,0.0,37.43,25.0,30.84,52.58,1.62,1998,8,12.43
1998-08-28,0.42,37.96,23.61,30.75,50.65,1.81,1998,8,14.350000000000001
1998-08-29,1.82,38.14,24.23,31.32,48.85,2.14,1998,8,13.91
1998-08-30,6.58,37.65,24.7,31.45,45.26,2.29,1998,8,12.95
1998-08-31,3.75,37.28,23.36,30.04,45.53,2.68,1998,8,13.920000000000002
1998-09-01,0.0,37.8,22.34,30.33,38.52,2.6,1998,9,15.459999999999997
1998-09-02,0.49,38.45,22.48,30.43,40.3,1.99,1998,9,15.970000000000002
1998-09-03,0.59,38.44,22.95,30.73,40.35,2.01,1998,9,15.489999999999998
1998-09-04,1.29,37.94,23.83,31.33,43.91,1.96,1998,9,14.11
1998-09-05,0.02,34.43,25.92,30.27,48.24,1.79,1998,9,8.509999999999998
1998-09-06,0.0,38.49,24.6,31.32,44.37,2.29,1998,9,13.89
1998-09-07,0.0,39.01,25.98,32.38,40.21,1.82,1998,9,13.029999999999998
1998-09-08,0.1,39.33,26.47,32.62,39.92,2.26,1998,9,12.86
1998-09-09,0.04,39.35,26.2,32.31,37.97,2.18,1998,9,13.150000000000002
1998-09-10,2.43,39.29,25.77,32.26,33.73,2.18,1998,9,13.52
1998-09-11,4.34,38.0,24.5,30.74,39.57,2.26,1998,9,13.5
1998-09-12,0.13,35.78,24.11,29.75,42.79,2.02,1998,9,11.670000000000002
1998-09-13,0.02,36.75,22.58,29.88,38.86,1.62,1998,9,14.170000000000002
1998-09-14,0.0,36.86,22.86,29.54,38.24,1.65,1998,9,14.0
1998-09-15,0.0,37.94,21.97,29.65,30.61,2.38,1998,9,15.969999999999999
1998-09-16,0.0,38.32,22.39,30.35,26.29,2.43,1998,9,15.93
1998-09-17,0.0,38.15,23.19,31.02,30.55,1.94,1998,9,14.959999999999997
1998-09-18,0.0,36.06,26.18,30.06,42.42,3.05,1998,9,9.880000000000003
1998-09-19,0.06,38.07,25.46,31.08,39.06,2.09,1998,9,12.61
1998-09-20,0.32,37.88,24.51,30.5,37.87,2.01,1998,9,13.370000000000001
1998-09-21,0.31,37.76,23.65,30.17,33.73,2.47,1998,9,14.11
1998-09-22,0.09,36.26,23.04,29.15,40.64,1.99,1998,9,13.219999999999999
1998-09-23,0.01,36.39,22.11,28.71,35.93,1.89,1998,9,14.280000000000001
1998-09-24,0.0,36.79,21.91,29.0,29.53,2.39,1998,9,14.879999999999999
1998-09-25,0.0,37.68,22.08,29.63,22.95,2.32,1998,9,15.600000000000001
1998-09-26,0.0,38.98,22.03,30.3,22.24,2.24,1998,9,16.949999999999996
1998-09-27,0.0,39.25,24.82,31.33,20.12,2.27,1998,9,14.43
1998-09-28,0.0,38.65,23.61,30.61,20.47,2.79,1998,9,15.04
1998-09-29,0.0,38.56,22.43,30.38,20.79,3.15,1998,9,16.130000000000003
1998-09-30,0.01,38.9,22.94,30.4,20.64,2.49,1998,9,15.959999999999997
1998-10-01,2.93,38.66,21.52,29.91,26.62,2.48,1998,10,17.139999999999997
1998-10-02,0.58,36.64,24.01,29.66,30.16,1.8,1998,10,12.629999999999999
1998-10-03,0.0,36.93,21.64,28.47,30.58,2.17,1998,10,15.29
1998-10-04,0.0,34.93,20.87,27.54,29.95,2.04,1998,10,14.059999999999999
1998-10-05,0.0,35.21,19.86,26.95,26.72,2.57,1998,10,15.350000000000001
1998-10-06,0.0,36.0,19.14,27.09,24.78,2.61,1998,10,16.86
1998-10-07,0.0,36.33,20.11,27.87,24.12,2.43,1998,10,16.22
1998-10-08,0.0,36.61,19.82,27.7,22.13,3.02,1998,10,16.79
1998-10-09,0.0,36.1,19.59,27.56,20.63,2.38,1998,10,16.51
1998-10-10,2.11,35.82,20.18,27.54,24.73,2.99,1998,10,15.64
1998-10-11,0.0,35.93,18.64,26.31,22.81,3.1,1998,10,17.29
1998-10-12,0.0,35.21,18.35,25.89,16.59,2.32,1998,10,16.86
1998-10-13,0.0,35.6,17.65,25.99,15.58,2.2,1998,10,17.950000000000003
1998-10-14,0.0,34.65,17.06,25.71,14.89,2.19,1998,10,17.59
1998-10-15,0.01,34.25,17.08,24.8,16.49,3.14,1998,10,17.17
1998-10-16,1.0,28.96,15.81,21.52,40.03,1.97,1998,10,13.15
1998-10-17,0.01,30.67,15.01,22.57,41.43,1.39,1998,10,15.660000000000002
1998-10-18,0.0,31.63,15.61,23.11,27.53,2.22,1998,10,16.02
1998-10-19,0.0,32.91,15.97,23.92,19.71,2.16,1998,10,16.939999999999998
1998-10-20,0.0,33.7,16.18,24.21,17.1,2.28,1998,10,17.520000000000003
1998-10-21,0.0,33.9,16.57,24.19,15.34,2.6,1998,10,17.33
1998-10-22,0.0,33.57,17.54,24.71,13.71,2.07,1998,10,16.03
1998-10-23,0.0,33.49,16.37,23.68,13.09,2.63,1998,10,17.12
1998-10-24,0.0,32.8,14.77,23.24,12.1,2.32,1998,10,18.029999999999998
1998-10-25,0.0,32.1,16.15,22.84,15.27,2.48,1998,10,15.950000000000003
1998-10-26,1.86,30.3,14.68,21.96,25.09,2.7,1998,10,15.620000000000001
1998-10-27,0.64,30.0,13.98,21.38,25.99,2.92,1998,10,16.02
1998-10-28,0.0,29.97,14.94,21.46,20.79,2.55,1998,10,15.03
1998-10-29,0.0,31.06,14.1,21.28,19.46,2.86,1998,10,16.96
1998-10-30,0.0,30.44,14.12,20.5,17.01,3.23,1998,10,16.32
1998-10-31,0.0,31.41,13.16,21.03,13.59,3.19,1998,10,18.25
1998-11-01,0.0,31.6,13.5,21.47,11.02,2.53,1998,11,18.1
1998-11-02,0.0,30.93,14.01,21.39,11.04,2.31,1998,11,16.92
1998-11-03,0.0,30.3,13.94,21.27,11.37,2.08,1998,11,16.36
1998-11-04,0.0,30.07,12.82,20.59,11.9,2.3,1998,11,17.25
1998-11-05,0.0,29.2,11.94,19.76,13.69,2.79,1998,11,17.259999999999998
1998-11-06,0.0,28.55,12.44,19.59,17.2,3.25,1998,11,16.11
1998-11-07,0.05,28.37,13.56,20.35,28.37,2.33,1998,11,14.81
1998-11-08,0.0,28.2,13.58,19.94,30.84,2.48,1998,11,14.62
1998-11-09,0.0,28.12,12.95,19.02,26.06,2.85,1998,11,15.170000000000002
1998-11-10,0.0,28.82,12.73,19.59,19.36,2.93,1998,11,16.09
1998-11-11,0.0,30.35,14.44,20.9,12.27,2.23,1998,11,15.910000000000002
1998-11-12,0.0,29.25,14.75,20.75,10.96,1.82,1998,11,14.5
1998-11-13,0.0,28.88,14.76,20.57,11.69,1.88,1998,11,14.12
1998-11-14,0.0,28.23,12.21,19.3,13.01,2.05,1998,11,16.02
1998-11-15,0.0,28.81,11.81,18.81,12.88,2.6,1998,11,17.0
1998-11-16,0.0,29.17,11.6,19.1,11.0,2.74,1998,11,17.57
1998-11-17,0.0,29.02,14.2,19.93,9.13,1.8,1998,11,14.82
1998-11-18,0.0,28.37,11.02,19.02,11.05,2.3,1998,11,17.35
1998-11-19,0.0,27.81,10.85,18.14,13.21,2.54,1998,11,16.96
1998-11-20,0.0,27.92,10.62,18.3,13.52,2.81,1998,11,17.300000000000004
1998-11-21,0.0,28.19,11.63,18.89,10.01,2.38,1998,11,16.560000000000002
1998-11-22,0.0,28.3,13.13,19.03,8.41,2.51,1998,11,15.17
1998-11-23,0.0,28.46,12.47,19.39,7.96,2.23,1998,11,15.99
1998-11-24,0.0,27.54,12.2,18.56,10.4,2.49,1998,11,15.34
1998-11-25,0.0,28.22,9.94,17.75,13.77,2.95,1998,11,18.28
1998-11-26,0.0,28.26,10.22,17.89,12.36,2.78,1998,11,18.04
1998-11-27,0.0,26.37,9.54,16.88,14.09,2.65,1998,11,16.830000000000002
1998-11-28,0.0,24.36,9.32,15.59,14.5,2.91,1998,11,15.04
1998-11-29,0.0,26.01,9.36,16.5,11.8,2.45,1998,11,16.650000000000002
1998-11-30,0.0,26.22,9.52,16.05,12.53,2.75,1998,11,16.7
1998-12-01,0.0,25.52,9.0,16.13,14.58,3.18,1998,12,16.52
1998-12-02,0.0,25.65,11.11,17.06,13.75,2.4,1998,12,14.54
1998-12-03,0.0,26.52,13.37,17.81,11.67,2.79,1998,12,13.15
1998-12-04,0.0,27.87,11.05,17.8,21.19,3.81,1998,12,16.82
1998-12-05,0.0,29.87,13.34,19.42,17.01,2.87,1998,12,16.53
1998-12-06,0.0,30.02,12.55,19.77,14.9,3.46,1998,12,17.47
1998-12-07,0.0,28.87,12.51,18.4,18.14,2.92,1998,12,16.36
1998-12-08,0.0,26.67,11.88,17.96,14.06,2.85,1998,12,14.790000000000001
1998-12-09,0.0,29.1,8.89,16.63,9.52,3.89,1998,12,20.21
1998-12-10,0.0,26.1,7.9,14.89,5.99,2.81,1998,12,18.200000000000003
1998-12-11,0.0,24.45,8.09,15.18,7.92,1.91,1998,12,16.36
1998-12-12,0.0,25.42,7.72,16.08,9.26,2.3,1998,12,17.700000000000003
1998-12-13,0.0,23.95,8.76,15.24,12.63,2.1,1998,12,15.19
1998-12-14,0.0,23.96,10.95,15.9,13.35,1.85,1998,12,13.010000000000002
1998-12-15,0.0,24.5,9.91,15.32,14.73,2.46,1998,12,14.59
1998-12-16,0.0,24.2,10.05,15.27,14.43,2.21,1998,12,14.149999999999999
1998-12-17,0.0,23.96,8.43,14.97,12.89,2.35,1998,12,15.530000000000001
1998-12-18,0.0,24.57,8.08,15.13,11.65,2.68,1998,12,16.490000000000002
1998-12-19,0.0,21.48,11.89,14.89,14.04,2.03,1998,12,9.59
1998-12-20,0.0,22.07,8.65,13.73,17.33,2.21,1998,12,13.42
1998-12-21,0.0,22.5,9.13,14.44,23.03,1.71,1998,12,13.37
1998-12-22,3.55,21.72,9.04,13.81,28.78,2.23,1998,12,12.68
1998-12-23,0.0,21.65,7.43,12.7,30.74,3.08,1998,12,14.219999999999999
1998-12-24,0.0,23.07,6.0,12.74,27.37,2.99,1998,12,17.07
1998-12-25,0.0,21.72,9.46,13.77,19.79,2.37,1998,12,12.259999999999998
1998-12-26,0.0,22.06,7.62,13.27,17.51,2.73,1998,12,14.439999999999998
1998-12-27,0.0,24.02,8.13,14.19,18.12,2.58,1998,12,15.889999999999999
1998-12-28,0.0,23.33,9.31,15.16,16.52,2.05,1998,12,14.019999999999998
1998-12-29,0.0,21.64,9.66,13.72,20.83,2.24,1998,12,11.98
1998-12-30,0.0,20.08,6.84,12.8,21.93,2.17,1998,12,13.239999999999998
1998-12-31,0.0,23.37,6.19,12.65,17.86,2.58,1998,12,17.18
1999-01-01,0.0,21.42,8.81,12.75,11.31,2.45,1999,1,12.610000000000001
1999-01-02,0.0,21.38,8.97,13.71,12.76,2.31,1999,1,12.409999999999998
1999-01-03,0.08,19.2,8.53,12.75,17.61,2.34,1999,1,10.67
1999-01-04,0.34,19.94,8.0,12.91,38.77,3.34,1999,1,11.940000000000001
1999-01-05,3.96,15.92,8.37,11.15,61.58,4.72,1999,1,7.550000000000001
1999-01-06,0.95,13.54,7.98,9.77,71.53,4.52,1999,1,5.559999999999999
1999-01-07,1.78,12.39,6.37,9.37,79.2,3.27,1999,1,6.0200000000000005
1999-01-08,1.04,13.57,5.3,8.99,76.52,1.37,1999,1,8.27
1999-01-09,0.0,19.62,3.24,9.17,56.8,3.73,1999,1,16.380000000000003
1999-01-10,0.0,18.01,4.31,10.26,33.37,2.59,1999,1,13.700000000000003
1999-01-11,0.29,16.82,5.45,11.39,37.12,2.03,1999,1,11.370000000000001
1999-01-12,0.26,18.59,6.11,11.96,48.03,1.64,1999,1,12.48
1999-01-13,0.0,19.11,5.78,11.07,46.33,2.76,1999,1,13.329999999999998
1999-01-14,0.0,19.91,6.73,11.62,43.9,2.47,1999,1,13.18
1999-01-15,0.0,21.79,6.58,12.97,36.2,2.33,1999,1,15.209999999999999
1999-01-16,0.0,21.46,7.31,12.95,32.36,2.49,1999,1,14.150000000000002
1999-01-17,0.0,20.18,7.94,12.6,31.88,2.37,1999,1,12.239999999999998
1999-01-18,0.0,22.28,8.68,13.67,32.97,2.45,1999,1,13.600000000000001
1999-01-19,0.07,21.33,10.29,14.17,38.91,2.12,1999,1,11.04
1999-01-20,11.25,12.91,9.27,10.8,82.36,2.71,1999,1,3.6400000000000006
1999-01-21,4.04,18.02,8.69,12.25,74.15,3.75,1999,1,9.33
1999-01-22,2.04,17.51,7.83,11.64,71.18,2.49,1999,1,9.680000000000001
1999-01-23,1.05,19.32,8.17,12.71,63.43,3.58,1999,1,11.15
1999-01-24,21.7,13.98,8.01,10.33,85.46,3.72,1999,1,5.970000000000001
1999-01-25,0.01,18.03,6.2,10.69,69.82,2.57,1999,1,11.830000000000002
1999-01-26,0.03,14.62,3.47,8.94,47.02,2.08,1999,1,11.149999999999999
1999-01-27,7.4,15.82,5.51,9.8,73.01,2.59,1999,1,10.31
1999-01-28,0.05,14.37,5.56,9.29,80.87,1.92,1999,1,8.809999999999999
1999-01-29,0.0,17.3,4.91,10.44,71.03,1.73,1999,1,12.39
1999-01-30,1.75,14.53,5.52,9.38,68.25,2.12,1999,1,9.01
1999-01-31,0.36,16.96,4.03,9.48,63.58,2.52,1999,1,12.93
1999-02-01,1.61,16.9,3.93,9.76,52.72,2.62,1999,2,12.969999999999999
1999-02-02,2.81,18.11,6.57,11.15,51.85,2.62,1999,2,11.54
1999-02-03,0.0,17.76,2.69,9.36,49.19,2.72,1999,2,15.070000000000002
1999-02-04,0.0,20.66,2.9,11.41,39.03,2.33,1999,2,17.76
1999-02-05,3.39,21.29,5.27,13.15,44.36,2.74,1999,2,16.02
1999-02-06,0.0,22.38,7.82,14.73,41.06,1.82,1999,2,14.559999999999999
1999-02-07,1.16,17.2,9.3,12.1,56.5,2.65,1999,2,7.899999999999999
1999-02-08,0.12,20.6,8.43,13.89,60.0,2.52,1999,2,12.170000000000002
1999-02-09,1.17,24.79,9.27,15.67,58.78,2.26,1999,2,15.52
1999-02-10,0.0,26.63,11.96,18.14,50.81,2.44,1999,2,14.669999999999998
1999-02-11,0.97,23.1,13.59,16.83,63.09,2.12,1999,2,9.510000000000002
1999-02-12,0.26,20.69,11.53,15.19,69.49,2.58,1999,2,9.160000000000002
1999-02-13,0.0,25.27,10.38,16.5,57.51,2.52,1999,2,14.889999999999999
1999-02-14,0.0,24.38,12.84,17.28,47.59,2.21,1999,2,11.54
1999-02-15,0.44,25.22,12.23,17.75,47.27,2.28,1999,2,12.989999999999998
1999-02-16,0.4,20.89,12.96,16.41,57.9,1.85,1999,2,7.93
1999-02-17,0.29,24.11,12.16,16.78,64.25,2.91,1999,2,11.95
1999-02-18,1.29,23.09,11.01,16.21,61.85,2.83,1999,2,12.08
1999-02-19,1.86,21.14,10.53,15.35,61.87,1.61,1999,2,10.610000000000001
1999-02-20,0.0,22.35,9.11,14.3,50.03,2.51,1999,2,13.240000000000002
1999-02-21,0.0,24.62,8.31,15.95,42.53,3.32,1999,2,16.310000000000002
1999-02-22,0.0,24.86,12.0,16.58,49.31,3.32,1999,2,12.86
1999-02-23,0.17,23.91,10.97,16.75,54.27,1.99,1999,2,12.94
1999-02-24,0.3,21.83,9.27,14.71,61.63,2.02,1999,2,12.559999999999999
1999-02-25,0.0,23.06,7.3,14.19,48.58,3.23,1999,2,15.759999999999998
1999-02-26,0.0,24.18,6.54,14.17,40.57,3.52,1999,2,17.64
1999-02-27,0.0,24.94,8.64,15.47,33.34,2.51,1999,2,16.3
1999-02-28,0.0,26.54,8.05,16.59,32.63,2.68,1999,2,18.49
1999-03-01,0.0,24.44,9.07,15.44,39.02,3.94,1999,3,15.370000000000001
1999-03-02,0.0,26.48,9.96,17.39,49.7,2.77,1999,3,16.52
1999-03-03,0.0,28.21,13.03,20.01,46.5,2.67,1999,3,15.180000000000001
1999-03-04,4.06,21.08,13.2,16.77,63.65,3.64,1999,3,7.879999999999999
1999-03-05,0.67,24.82,11.74,17.96,54.9,2.11,1999,3,13.08
1999-03-06,3.01,26.37,13.41,18.52,57.33,3.29,1999,3,12.96
1999-03-07,7.35,19.55,12.54,15.57,81.26,4.08,1999,3,7.010000000000002
1999-03-08,1.67,21.15,12.2,16.14,72.16,2.41,1999,3,8.95
1999-03-09,0.12,23.86,11.97,16.69,56.31,1.93,1999,3,11.889999999999999
1999-03-10,0.0,24.81,9.51,16.33,46.48,2.35,1999,3,15.299999999999999
1999-03-11,0.0,26.1,11.65,18.29,37.1,2.01,1999,3,14.450000000000001
1999-03-12,0.06,25.64,10.63,17.39,36.11,2.96,1999,3,15.01
1999-03-13,0.0,26.75,7.07,16.5,31.72,3.25,1999,3,19.68
1999-03-14,0.0,26.02,9.22,16.58,32.85,3.07,1999,3,16.799999999999997
1999-03-15,0.02,26.37,12.55,19.1,32.8,1.93,1999,3,13.82
1999-03-16,0.17,27.92,12.1,19.63,33.38,3.51,1999,3,15.820000000000002
1999-03-17,0.85,28.0,12.45,18.67,38.16,3.14,1999,3,15.55
1999-03-18,0.0,26.73,9.75,17.73,37.52,2.49,1999,3,16.98
1999-03-19,1.0,25.97,11.04,17.59,35.41,2.69,1999,3,14.93
1999-03-20,4.0,24.31,10.0,15.67,45.53,3.47,1999,3,14.309999999999999
1999-03-21,0.0,25.69,7.0,15.99,40.48,2.87,1999,3,18.69
1999-03-22,0.0,29.5,11.92,20.1,33.27,2.62,1999,3,17.58
1999-03-23,0.16,29.06,12.54,20.62,35.54,3.28,1999,3,16.52
1999-03-24,0.47,29.49,13.95,20.46,40.94,3.16,1999,3,15.54
1999-03-25,1.34,28.84,13.35,20.29,43.16,3.04,1999,3,15.49
1999-03-26,0.31,29.1,10.77,18.88,35.64,4.2,1999,3,18.330000000000002
1999-03-27,0.0,31.42,10.22,20.3,23.78,4.19,1999,3,21.200000000000003
1999-03-28,0.0,33.34,14.1,22.99,27.23,3.77,1999,3,19.240000000000002
1999-03-29,0.0,32.25,16.16,23.49,27.88,2.92,1999,3,16.09
1999-03-30,0.0,34.54,15.46,24.46,23.82,3.48,1999,3,19.08
1999-03-31,0.0,33.01,17.7,24.09,21.75,3.92,1999,3,15.309999999999999
1999-04-01,0.0,34.09,16.5,24.3,20.97,3.69,1999,4,17.590000000000003
1999-04-02,0.0,33.15,14.59,22.87,20.57,3.53,1999,4,18.56
1999-04-03,0.0,33.64,13.07,23.14,18.53,3.05,1999,4,20.57
1999-04-04,0.0,35.22,16.71,24.94,15.91,3.78,1999,4,18.509999999999998
1999-04-05,0.0,35.97,16.38,25.82,14.9,3.45,1999,4,19.59
1999-04-06,0.0,35.02,17.62,25.81,17.0,3.41,1999,4,17.400000000000002
1999-04-07,0.0,36.84,17.25,26.83,17.62,3.26,1999,4,19.590000000000003
1999-04-08,0.0,36.4,19.71,27.11,16.86,2.72,1999,4,16.689999999999998
1999-04-09,0.02,36.01,17.66,26.31,17.16,3.34,1999,4,18.349999999999998
1999-04-10,0.03,37.82,20.2,28.87,16.4,3.27,1999,4,17.62
1999-04-11,3.17,39.2,20.15,29.33,15.03,6.53,1999,4,19.050000000000004
1999-04-12,0.01,35.38,17.59,26.32,17.43,3.13,1999,4,17.790000000000003
1999-04-13,0.01,34.64,15.89,25.16,10.98,5.1,1999,4,18.75
1999-04-14,0.33,32.95,14.16,23.16,11.9,2.99,1999,4,18.790000000000003
1999-04-15,0.0,33.85,14.57,23.83,12.18,3.03,1999,4,19.28
1999-04-16,0.0,36.8,15.55,25.85,12.35,3.36,1999,4,21.249999999999996
1999-04-17,0.0,37.48,17.42,27.28,13.17,3.83,1999,4,20.059999999999995
1999-04-18,0.0,38.3,18.22,28.12,13.36,3.28,1999,4,20.08
1999-04-19,0.0,39.04,18.73,28.71,10.72,3.15,1999,4,20.31
1999-04-20,0.41,38.15,19.91,29.8,11.13,3.17,1999,4,18.24
1999-04-21,0.02,38.13,20.06,28.84,17.79,2.77,1999,4,18.070000000000004
1999-04-22,0.0,37.64,21.91,29.06,16.42,2.6,1999,4,15.73
1999-04-23,0.0,37.68,22.11,29.17,13.86,3.29,1999,4,15.57
1999-04-24,0.0,38.96,20.16,29.37,11.24,3.46,1999,4,18.8
1999-04-25,0.0,39.84,19.23,29.25,8.73,3.63,1999,4,20.610000000000003
1999-04-26,0.0,40.27,18.94,29.89,8.25,3.62,1999,4,21.330000000000002
1999-04-27,0.0,41.26,20.03,30.65,5.78,3.22,1999,4,21.229999999999997
1999-04-28,0.0,41.52,19.85,31.21,6.77,3.05,1999,4,21.67
1999-04-29,0.0,41.83,21.45,31.85,7.76,2.95,1999,4,20.38
1999-04-30,0.0,42.83,22.69,32.69,9.16,3.21,1999,4,20.139999999999997
1999-05-01,0.09,40.98,23.2,31.91,11.11,3.16,1999,5,17.779999999999998
1999-05-02,0.05,41.82,22.68,32.58,9.28,2.38,1999,5,19.14
1999-05-03,0.04,40.93,22.21,32.16,8.96,3.74,1999,5,18.72
1999-05-04,0.04,40.28,22.41,31.32,11.33,4.99,1999,5,17.87
1999-05-05,0.28,40.14,23.49,30.86,18.23,3.64,1999,5,16.650000000000002
1999-05-06,0.0,41.83,22.64,32.3,13.27,3.84,1999,5,19.189999999999998
1999-05-07,0.0,42.18,25.72,33.38,13.24,2.4,1999,5,16.46
1999-05-08,0.0,41.44,23.84,33.13,13.18,2.39,1999,5,17.599999999999998
1999-05-09,0.0,41.19,23.62,33.07,13.2,2.65,1999,5,17.569999999999997
1999-05-10,0.05,40.55,23.68,33.09,13.58,2.44,1999,5,16.869999999999997
1999-05-11,0.12,40.57,23.15,32.3,16.04,3.01,1999,5,17.42
1999-05-12,6.42,38.54,24.84,30.98,22.85,5.33,1999,5,13.7
1999-05-13,2.99,35.5,22.11,28.71,37.46,2.38,1999,5,13.39
1999-05-14,0.0,38.74,20.67,29.79,27.56,2.55,1999,5,18.07
1999-05-15,0.0,41.92,21.56,32.37,16.88,2.97,1999,5,20.360000000000003
1999-05-16,0.04,42.66,23.86,33.25,13.65,3.45,1999,5,18.799999999999997
1999-05-17,0.0,43.06,24.3,34.04,13.43,3.3,1999,5,18.76
1999-05-18,0.02,43.07,27.29,35.39,12.56,2.05,1999,5,15.780000000000001
1999-05-19,0.0,43.97,25.67,35.78,13.15,2.69,1999,5,18.299999999999997
1999-05-20,0.0,40.24,26.81,33.66,18.86,2.57,1999,5,13.430000000000003
1999-05-21,0.1,41.59,26.0,34.22,18.62,2.25,1999,5,15.590000000000003
1999-05-22,0.5,39.68,25.87,33.15,27.29,2.74,1999,5,13.809999999999999
1999-05-23,4.18,34.64,24.18,29.28,44.7,3.33,1999,5,10.46
1999-05-24,0.14,38.78,23.79,31.11,34.51,2.62,1999,5,14.990000000000002
1999-05-25,0.01,40.39,23.88,31.99,29.66,2.64,1999,5,16.51
1999-05-26,2.71,39.78,21.97,31.23,21.15,2.9,1999,5,17.810000000000002
1999-05-27,0.0,41.39,21.25,31.91,13.15,3.65,1999,5,20.14
1999-05-28,0.0,42.96,23.43,33.41,7.68,3.13,1999,5,19.53
1999-05-29,0.0,42.65,23.7,33.46,8.75,3.65,1999,5,18.95
1999-05-30,0.0,42.78,23.37,33.16,9.88,3.65,1999,5,19.41
1999-05-31,0.3,40.32,23.67,32.62,12.38,2.48,1999,5,16.65
1999-06-01,0.03,39.06,22.22,31.27,14.55,2.72,1999,6,16.840000000000003
1999-06-02,0.0,40.22,22.75,32.05,16.72,2.69,1999,6,17.47
1999-06-03,0.21,36.52,21.12,29.46,27.04,3.9,1999,6,15.400000000000002
1999-06-04,2.68,38.3,23.14,30.64,27.78,4.63,1999,6,15.159999999999997
1999-06-05,0.0,37.83,22.14,30.64,23.96,3.16,1999,6,15.689999999999998
1999-06-06,0.0,41.82,22.93,33.29,15.68,2.41,1999,6,18.89
1999-06-07,0.0,44.52,25.56,35.46,13.89,3.2,1999,6,18.960000000000004
1999-06-08,0.02,44.25,28.15,36.12,16.89,2.86,1999,6,16.1
1999-06-09,0.0,44.98,27.88,36.94,15.93,2.66,1999,6,17.099999999999998
1999-06-10,0.13,43.2,29.57,36.56,19.25,2.41,1999,6,13.630000000000003
1999-06-11,0.0,43.48,28.13,35.84,19.64,3.95,1999,6,15.349999999999998
1999-06-12,0.0,42.33,26.94,35.26,19.69,2.9,1999,6,15.389999999999997
1999-06-13,0.0,42.72,26.18,35.23,11.58,2.24,1999,6,16.54
1999-06-14,0.01,43.71,27.1,35.45,11.42,2.63,1999,6,16.61
1999-06-15,0.0,45.27,25.75,36.47,9.5,3.05,1999,6,19.520000000000003
1999-06-16,0.0,45.65,27.04,36.96,9.29,2.36,1999,6,18.61
1999-06-17,0.0,45.24,29.21,36.96,15.8,4.36,1999,6,16.03
1999-06-18,0.2,44.47,29.85,37.17,20.69,3.17,1999,6,14.619999999999997
1999-06-19,0.35,45.37,30.28,38.01,21.47,2.51,1999,6,15.089999999999996
1999-06-20,0.58,41.59,31.22,35.79,31.85,3.38,1999,6,10.370000000000005
1999-06-21,0.28,40.87,28.83,33.97,34.8,2.26,1999,6,12.04
1999-06-22,0.05,42.33,27.96,35.56,26.67,2.57,1999,6,14.369999999999997
1999-06-23,0.0,43.55,27.93,36.02,21.4,2.83,1999,6,15.619999999999997
1999-06-24,0.0,43.54,28.16,36.48,17.37,2.88,1999,6,15.379999999999999
1999-06-25,0.23,44.62,28.49,36.39,16.08,3.1,1999,6,16.13
1999-06-26,0.0,46.58,27.25,37.55,14.09,2.97,1999,6,19.33
1999-06-27,0.03,46.51,29.15,38.35,14.75,2.59,1999,6,17.36
1999-06-28,0.01,45.01,28.93,36.99,17.19,3.73,1999,6,16.08
1999-06-29,3.89,43.36,28.69,36.17,26.41,2.67,1999,6,14.669999999999998
1999-06-30,0.0,44.1,29.08,36.84,23.26,2.28,1999,6,15.020000000000003
1999-07-01,4.77,42.51,28.35,35.41,28.17,2.44,1999,7,14.159999999999997
1999-07-02,1.17,43.5,27.88,36.2,32.04,2.42,1999,7,15.620000000000001
1999-07-03,2.84,41.22,30.42,35.53,35.3,1.88,1999,7,10.799999999999997
1999-07-04,0.02,40.45,29.43,34.39,35.64,2.0,1999,7,11.020000000000003
1999-07-05,0.0,42.18,28.82,35.5,28.5,2.55,1999,7,13.36
1999-07-06,1.88,42.52,28.06,35.87,30.07,1.97,1999,7,14.460000000000004
1999-07-07,2.91,42.56,29.41,36.11,33.32,1.49,1999,7,13.150000000000002
1999-07-08,0.0,44.64,29.46,37.47,26.42,2.22,1999,7,15.18
1999-07-09,0.0,46.13,30.76,38.42,22.37,2.35,1999,7,15.370000000000001
1999-07-10,0.0,45.57,29.96,38.26,21.64,1.98,1999,7,15.61
1999-07-11,2.59,43.55,30.79,37.5,27.13,1.87,1999,7,12.759999999999998
1999-07-12,11.64,33.55,23.91,28.74,60.32,4.52,1999,7,9.639999999999997
1999-07-13,0.0,37.41,25.18,30.92,49.25,1.96,1999,7,12.229999999999997
1999-07-14,0.0,40.43,24.55,33.14,38.27,1.9,1999,7,15.879999999999999
1999-07-15,0.0,42.42,27.38,35.04,32.61,2.11,1999,7,15.040000000000003
1999-07-16,0.0,43.41,27.73,35.74,29.9,2.4,1999,7,15.679999999999996
1999-07-17,3.09,42.54,27.94,35.43,35.0,2.09,1999,7,14.599999999999998
1999-07-18,1.39,42.52,28.64,35.65,36.01,2.73,1999,7,13.880000000000003
1999-07-19,5.07,40.53,28.97,34.8,38.82,1.49,1999,7,11.560000000000002
1999-07-20,2.93,39.02,27.61,33.02,43.93,3.21,1999,7,11.410000000000004
1999-07-21,4.4,38.48,25.71,31.55,55.26,2.94,1999,7,12.769999999999996
1999-07-22,1.34,38.23,25.72,31.94,53.46,1.54,1999,7,12.509999999999998
1999-07-23,0.0,40.97,26.79,34.21,39.41,1.78,1999,7,14.18
1999-07-24,0.59,43.38,28.04,36.1,33.21,2.12,1999,7,15.340000000000003
1999-07-25,8.05,40.75,28.92,35.01,36.35,1.77,1999,7,11.829999999999998
1999-07-26,4.19,40.3,26.03,33.44,38.91,2.58,1999,7,14.269999999999996
1999-07-27,0.0,42.91,26.35,34.99,34.92,2.09,1999,7,16.559999999999995
1999-07-28,0.11,42.77,27.6,34.96,35.59,3.34,1999,7,15.170000000000002
1999-07-29,21.06,36.83,27.86,31.58,54.9,4.09,1999,7,8.969999999999999
1999-07-30,0.13,35.16,26.11,30.23,60.42,2.49,1999,7,9.049999999999997
1999-07-31,11.33,35.86,25.94,30.74,63.92,1.58,1999,7,9.919999999999998
1999-08-01,5.02,35.82,26.16,30.56,64.42,1.78,1999,8,9.66
1999-08-02,0.0,39.02,26.53,32.73,55.31,1.86,1999,8,12.490000000000002
1999-08-03,0.02,40.12,27.98,33.83,50.54,2.17,1999,8,12.139999999999997
1999-08-04,0.0,40.58,28.02,34.26,49.86,2.09,1999,8,12.559999999999999
1999-08-05,1.95,39.87,27.56,34.1,48.66,2.09,1999,8,12.309999999999999
1999-08-06,5.08,39.92,27.77,33.67,49.41,1.83,1999,8,12.150000000000002
1999-08-07,4.8,38.9,27.73,33.2,50.16,1.86,1999,8,11.169999999999998
1999-08-08,1.08,40.42,28.15,33.8,49.03,1.63,1999,8,12.270000000000003
1999-08-09,1.04,40.52,28.37,34.44,47.88,1.35,1999,8,12.150000000000002
1999-08-10,1.31,39.01,29.27,33.7,48.29,1.36,1999,8,9.739999999999998
1999-08-11,9.15,38.31,26.26,32.3,49.47,2.02,1999,8,12.05
1999-08-12,7.16,38.3,25.57,31.53,52.72,2.97,1999,8,12.729999999999997
1999-08-13,0.4,36.38,26.23,30.53,58.42,3.62,1999,8,10.150000000000002
1999-08-14,0.0,38.0,25.09,30.91,52.36,2.11,1999,8,12.91
1999-08-15,0.0,39.71,24.71,32.3,39.44,2.59,1999,8,15.0
1999-08-16,0.1,40.64,24.36,33.22,35.78,1.73,1999,8,16.28
1999-08-17,0.0,40.84,24.94,33.37,34.32,1.63,1999,8,15.900000000000002
1999-08-18,0.0,41.15,25.05,33.21,33.07,2.29,1999,8,16.099999999999998
1999-08-19,0.0,41.26,25.65,33.33,31.53,2.64,1999,8,15.61
1999-08-20,1.38,40.88,26.33,33.43,35.72,2.63,1999,8,14.550000000000004
1999-08-21,2.34,39.58,25.69,32.31,37.72,2.56,1999,8,13.889999999999997
1999-08-22,0.48,41.23,26.2,33.06,34.16,2.72,1999,8,15.029999999999998
1999-08-23,0.16,41.97,25.36,33.51,31.21,2.3,1999,8,16.61
1999-08-24,0.0,41.86,27.07,34.4,26.29,1.9,1999,8,14.79
1999-08-25,0.0,41.39,27.15,34.18,26.98,1.97,1999,8,14.240000000000002
1999-08-26,11.3,37.64,25.73,31.48,46.61,2.32,1999,8,11.91
1999-08-27,0.98,36.32,25.97,30.72,47.74,1.97,1999,8,10.350000000000001
1999-08-28,0.48,37.59,24.38,30.95,42.32,2.02,1999,8,13.210000000000004
1999-08-29,0.06,39.0,24.76,32.04,37.96,1.98,1999,8,14.239999999999998
1999-08-30,0.0,39.07,24.92,32.34,35.04,1.89,1999,8,14.149999999999999
1999-08-31,0.01,40.46,25.29,33.16,30.85,2.11,1999,8,15.170000000000002
1999-09-01,6.24,38.78,24.3,32.06,39.56,1.91,1999,9,14.48
1999-09-02,4.14,37.35,24.41,30.92,45.41,2.02,1999,9,12.940000000000001
1999-09-03,0.47,38.43,23.43,30.89,40.74,2.39,1999,9,15.0
1999-09-04,0.0,39.45,23.94,31.4,35.92,2.23,1999,9,15.510000000000002
1999-09-05,0.17,39.18,24.47,32.32,34.99,1.86,1999,9,14.71
1999-09-06,8.01,37.69,24.64,31.11,43.87,2.07,1999,9,13.049999999999997
1999-09-07,0.0,38.4,23.28,30.57,43.05,2.53,1999,9,15.119999999999997
1999-09-08,0.0,39.22,23.83,31.53,34.49,2.05,1999,9,15.39
1999-09-09,2.26,38.31,24.53,31.6,32.84,1.78,1999,9,13.780000000000001
1999-09-10,0.16,38.25,21.98,30.28,34.2,2.43,1999,9,16.27
1999-09-11,0.0,39.19,22.54,30.92,29.67,2.5,1999,9,16.65
1999-09-12,0.0,39.22,22.95,31.45,27.24,2.03,1999,9,16.27
1999-09-13,0.0,39.34,23.63,31.64,26.89,1.95,1999,9,15.710000000000004
1999-09-14,0.0,40.16,23.38,32.16,25.07,1.66,1999,9,16.779999999999998
1999-09-15,0.0,40.05,23.72,32.11,27.15,1.93,1999,9,16.33
1999-09-16,0.0,41.16,23.91,32.58,23.92,2.31,1999,9,17.249999999999996
1999-09-17,0.07,41.23,23.68,32.61,21.16,1.98,1999,9,17.549999999999997
1999-09-18,0.0,39.31,23.23,31.85,21.98,1.75,1999,9,16.080000000000002
1999-09-19,0.1,40.89,23.99,32.45,26.79,2.26,1999,9,16.900000000000002
1999-09-20,7.79,37.74,23.39,30.47,40.19,2.46,1999,9,14.350000000000001
1999-09-21,0.0,38.29,23.72,30.77,33.98,1.92,1999,9,14.57
1999-09-22,0.0,39.43,22.46,30.68,32.88,2.19,1999,9,16.97
1999-09-23,0.02,39.86,23.42,31.45,30.67,2.31,1999,9,16.439999999999998
1999-09-24,7.62,35.61,22.97,28.83,44.9,2.14,1999,9,12.64
1999-09-25,0.7,36.27,22.13,28.63,43.86,3.0,1999,9,14.140000000000004
1999-09-26,0.0,37.45,21.89,28.89,36.63,2.62,1999,9,15.560000000000002
1999-09-27,0.0,38.88,22.95,30.01,31.26,3.03,1999,9,15.930000000000003
1999-09-28,0.02,38.5,23.01,30.38,28.89,2.76,1999,9,15.489999999999998
1999-09-29,7.14,36.79,23.68,29.58,35.03,2.18,1999,9,13.11
1999-09-30,0.5,35.15,21.55,27.33,45.73,2.48,1999,9,13.599999999999998
1999-10-01,0.0,35.75,19.54,27.47,34.37,2.15,1999,10,16.21
1999-10-02,0.0,35.68,19.65,27.34,32.54,2.21,1999,10,16.03
1999-10-03,0.0,36.24,20.49,27.87,27.89,1.88,1999,10,15.750000000000004
1999-10-04,0.0,36.11,19.4,26.96,26.95,2.75,1999,10,16.71
1999-10-05,3.42,34.77,18.39,26.41,32.55,2.42,1999,10,16.380000000000003
1999-10-06,0.0,35.09,21.24,27.21,27.25,2.4,1999,10,13.850000000000005
1999-10-07,0.0,35.87,18.89,27.19,24.87,2.45,1999,10,16.979999999999997
1999-10-08,0.0,35.1,18.26,25.78,23.48,3.85,1999,10,16.84
1999-10-09,0.0,34.86,19.37,26.28,17.9,3.17,1999,10,15.489999999999998
1999-10-10,0.0,35.1,16.83,25.77,16.41,2.88,1999,10,18.270000000000003
1999-10-11,0.0,33.85,19.97,25.66,17.68,2.35,1999,10,13.880000000000003
1999-10-12,0.0,33.94,16.65,24.24,18.03,3.05,1999,10,17.29
1999-10-13,0.0,33.72,16.57,24.2,14.67,2.72,1999,10,17.15
1999-10-14,0.0,34.5,15.67,24.4,13.64,2.82,1999,10,18.83
1999-10-15,0.0,34.16,15.68,24.53,13.58,2.75,1999,10,18.479999999999997
1999-10-16,0.0,34.31,16.85,24.73,14.33,2.78,1999,10,17.46
1999-10-17,0.0,33.78,16.24,24.29,14.5,2.88,1999,10,17.540000000000003
1999-10-18,0.0,33.28,16.96,24.11,15.83,2.52,1999,10,16.32
1999-10-19,0.0,33.2,15.79,24.01,15.55,2.53,1999,10,17.410000000000004
1999-10-20,0.0,33.93,15.92,24.89,14.12,2.22,1999,10,18.009999999999998
1999-10-21,0.0,34.11,15.99,24.33,13.83,2.95,1999,10,18.119999999999997
1999-10-22,0.0,33.83,15.53,24.6,13.83,2.57,1999,10,18.299999999999997
1999-10-23,0.0,32.34,16.07,23.48,15.63,3.25,1999,10,16.270000000000003
1999-10-24,0.0,33.44,16.08,23.61,14.88,3.29,1999,10,17.36
1999-10-25,0.0,33.82,15.77,24.35,13.69,2.39,1999,10,18.05
1999-10-26,0.0,34.3,16.71,24.27,15.38,2.8,1999,10,17.589999999999996
1999-10-27,0.0,33.85,16.28,24.19,17.06,3.45,1999,10,17.57
1999-10-28,0.0,34.11,16.09,24.68,17.12,2.46,1999,10,18.02
1999-10-29,0.0,35.0,17.24,25.0,15.91,3.46,1999,10,17.76
1999-10-30,0.0,34.08,16.33,24.6,13.86,2.71,1999,10,17.75
1999-10-31,0.0,32.91,15.51,23.5,14.24,2.76,1999,10,17.4
1999-11-01,0.0,32.82,15.67,23.6,14.41,2.48,1999,11,17.15
1999-11-02,0.0,32.7,19.23,24.6,14.23,2.78,1999,11,13.470000000000002
1999-11-03,1.52,31.16,15.81,22.84,18.75,2.7,1999,11,15.35
1999-11-04,1.78,28.59,16.15,21.2,33.83,3.2,1999,11,12.440000000000001
1999-11-05,2.9,26.5,16.48,20.79,39.73,6.86,1999,11,10.02
1999-11-06,0.15,27.64,13.91,19.64,43.55,2.88,1999,11,13.73
1999-11-07,0.06,27.5,12.77,19.0,39.52,2.3,1999,11,14.73
1999-11-08,0.0,27.57,13.28,18.75,31.36,2.57,1999,11,14.290000000000001
1999-11-09,0.0,27.91,11.61,18.53,25.76,2.87,1999,11,16.3
1999-11-10,0.0,27.13,13.85,19.08,23.35,2.46,1999,11,13.28
1999-11-11,0.0,28.26,12.03,18.56,25.29,2.96,1999,11,16.230000000000004
1999-11-12,0.23,26.01,13.26,18.13,26.07,3.21,1999,11,12.750000000000002
1999-11-13,0.43,28.1,12.4,18.8,36.65,3.16,1999,11,15.700000000000001
1999-11-14,0.19,27.78,14.18,19.29,37.59,2.93,1999,11,13.600000000000001
1999-11-15,0.0,27.66,13.4,18.86,29.77,2.41,1999,11,14.26
1999-11-16,0.0,27.88,12.03,18.53,24.83,3.16,1999,11,15.85
1999-11-17,0.0,28.21,11.94,19.26,16.85,2.08,1999,11,16.270000000000003
1999-11-18,0.0,26.86,11.87,17.82,14.0,2.7,1999,11,14.99
1999-11-19,0.0,26.44,11.1,17.14,15.95,2.87,1999,11,15.340000000000002
1999-11-20,0.0,25.95,10.43,17.23,19.27,2.86,1999,11,15.52
1999-11-21,0.0,23.49,11.31,16.37,20.31,2.38,1999,11,12.179999999999998
1999-11-22,0.04,25.53,12.18,17.95,19.35,2.43,1999,11,13.350000000000001
1999-11-23,0.15,25.21,12.14,17.07,25.49,3.14,1999,11,13.07
1999-11-24,0.04,24.81,11.72,16.7,25.58,3.39,1999,11,13.089999999999998
1999-11-25,0.0,25.32,12.07,17.02,31.4,2.97,1999,11,13.25
1999-11-26,0.0,25.1,11.11,16.23,28.84,2.72,1999,11,13.990000000000002
1999-11-27,0.0,26.19,9.86,16.04,20.85,3.7,1999,11,16.330000000000002
1999-11-28,0.0,28.48,11.84,18.24,18.11,3.15,1999,11,16.64
1999-11-29,0.0,29.74,13.41,19.44,18.57,3.11,1999,11,16.33
1999-11-30,0.0,27.5,12.58,18.36,18.32,2.72,1999,11,14.92
1999-12-01,0.0,26.13,10.98,16.91,20.21,3.0,1999,12,15.149999999999999
1999-12-02,0.0,26.17,10.17,16.26,21.55,3.85,1999,12,16.0
1999-12-03,0.0,26.58,11.3,17.11,15.28,2.48,1999,12,15.279999999999998
1999-12-04,0.0,25.44,10.53,16.04,16.64,2.73,1999,12,14.910000000000002
1999-12-05,0.0,24.37,10.05,15.51,15.74,2.66,1999,12,14.32
1999-12-06,0.0,23.71,8.4,15.14,16.68,2.39,1999,12,15.31
1999-12-07,0.0,23.43,7.54,14.13,18.78,2.89,1999,12,15.89
1999-12-08,0.0,22.3,7.27,13.57,19.01,2.86,1999,12,15.030000000000001
1999-12-09,0.0,21.8,7.41,13.36,18.99,2.71,1999,12,14.39
1999-12-10,0.0,22.93,7.05,13.33,17.78,2.98,1999,12,15.879999999999999
1999-12-11,0.0,23.77,10.18,15.64,15.15,2.23,1999,12,13.59
1999-12-12,0.0,23.04,8.41,13.97,17.57,2.84,1999,12,14.629999999999999
1999-12-13,0.0,23.99,9.76,14.87,15.51,2.5,1999,12,14.229999999999999
1999-12-14,0.0,24.2,11.43,15.83,12.59,2.02,1999,12,12.77
1999-12-15,0.0,24.33,9.8,15.16,13.65,2.79,1999,12,14.529999999999998
1999-12-16,0.0,25.04,10.69,16.13,14.03,2.3,1999,12,14.35
1999-12-17,0.0,25.37,11.07,16.74,13.59,2.11,1999,12,14.3
1999-12-18,0.0,24.44,9.83,15.47,17.04,2.41,1999,12,14.610000000000001
1999-12-19,0.0,22.67,9.38,14.69,18.7,2.23,1999,12,13.290000000000001
1999-12-20,0.0,23.01,7.39,13.42,21.21,3.33,1999,12,15.620000000000001
1999-12-21,0.0,24.53,8.07,14.78,12.69,2.56,1999,12,16.46
1999-12-22,0.0,24.48,9.74,15.09,11.38,2.47,1999,12,14.74
1999-12-23,0.0,24.41,8.66,15.32,11.73,2.53,1999,12,15.75
1999-12-24,0.0,23.76,8.55,14.82,11.69,2.31,1999,12,15.21
1999-12-25,0.0,23.49,9.51,15.48,11.48,1.88,1999,12,13.979999999999999
1999-12-26,0.0,21.5,6.57,12.78,15.0,2.42,1999,12,14.93
1999-12-27,0.0,22.76,7.15,12.54,16.66,3.21,1999,12,15.610000000000001
1999-12-28,0.0,22.52,8.23,14.61,14.11,2.19,1999,12,14.29
1999-12-29,0.0,22.09,8.01,13.29,15.89,2.32,1999,12,14.08
1999-12-30,0.0,22.03,7.82,13.55,16.5,2.34,1999,12,14.21
1999-12-31,0.0,22.9,7.9,14.18,17.27,1.95,1999,12,14.999999999999998
2000-01-01,0.0,22.54,8.12,13.54,19.03,2.5,2000,1,14.42
2000-01-02,0.0,22.49,8.52,13.91,17.78,2.18,2000,1,13.969999999999999
2000-01-03,0.0,22.32,8.42,13.78,18.58,2.14,2000,1,13.9
2000-01-04,0.0,21.8,8.34,13.76,20.15,1.8,2000,1,13.46
2000-01-05,0.0,22.04,7.37,13.08,21.68,2.24,2000,1,14.669999999999998
2000-01-06,0.0,21.08,9.01,13.44,20.17,2.48,2000,1,12.069999999999999
2000-01-07,0.0,21.79,10.38,14.23,16.66,1.92,2000,1,11.409999999999998
2000-01-08,0.0,20.66,10.61,14.87,28.98,1.55,2000,1,10.05
2000-01-09,0.19,20.85,8.66,14.11,39.42,2.69,2000,1,12.190000000000001
2000-01-10,0.04,20.44,6.97,12.96,39.85,2.75,2000,1,13.470000000000002
2000-01-11,0.86,13.59,7.79,10.32,61.46,4.91,2000,1,5.8
2000-01-12,18.67,10.83,7.84,9.29,86.62,4.7,2000,1,2.99
2000-01-13,19.11,10.87,5.83,8.63,87.41,3.15,2000,1,5.039999999999999
2000-01-14,0.02,12.65,3.84,7.41,66.33,2.35,2000,1,8.81
2000-01-15,0.0,14.6,1.44,7.33,43.04,1.98,2000,1,13.16
2000-01-16,0.0,15.21,-0.22,6.24,46.52,2.69,2000,1,15.430000000000001
2000-01-17,0.0,18.48,0.86,8.01,38.5,3.03,2000,1,17.62
2000-01-18,0.15,21.6,5.57,12.28,50.64,3.11,2000,1,16.03
2000-01-19,0.02,20.71,7.93,12.74,56.31,3.05,2000,1,12.780000000000001
2000-01-20,0.0,21.59,7.02,11.8,46.36,3.05,2000,1,14.57
2000-01-21,0.0,19.61,3.59,11.58,37.31,3.1,2000,1,16.02
2000-01-22,0.0,20.62,6.02,12.3,53.06,2.64,2000,1,14.600000000000001
2000-01-23,0.0,20.61,6.54,12.29,51.57,2.81,2000,1,14.07
2000-01-24,0.04,20.67,5.43,13.03,45.67,2.43,2000,1,15.240000000000002
2000-01-25,1.51,19.45,7.81,12.38,68.68,2.7,2000,1,11.64
2000-01-26,0.02,16.43,5.88,10.59,64.21,1.87,2000,1,10.55
2000-01-27,0.0,19.03,5.83,10.99,55.21,2.08,2000,1,13.200000000000001
2000-01-28,0.0,19.65,4.29,10.35,44.76,4.13,2000,1,15.36
2000-01-29,0.0,23.8,5.41,12.63,35.64,3.62,2000,1,18.39
2000-01-30,0.0,24.5,7.43,14.86,35.0,2.71,2000,1,17.07
2000-01-31,14.12,17.94,9.48,12.32,49.05,4.6,2000,1,8.46
2000-02-01,21.51,18.4,7.51,11.6,61.14,3.65,2000,2,10.889999999999999
2000-02-02,0.01,16.46,4.42,10.24,57.14,2.68,2000,2,12.040000000000001
2000-02-03,0.0,18.96,4.63,11.78,50.3,2.64,2000,2,14.330000000000002
2000-02-04,0.36,16.16,7.82,10.57,58.66,2.17,2000,2,8.34
2000-02-05,0.14,18.55,3.53,9.84,64.89,2.49,2000,2,15.020000000000001
2000-02-06,0.0,17.88,4.98,10.14,71.28,2.67,2000,2,12.899999999999999
2000-02-07,0.0,19.69,5.5,11.6,48.28,2.21,2000,2,14.190000000000001
2000-02-08,0.0,17.41,5.04,11.03,51.07,2.24,2000,2,12.370000000000001
2000-02-09,3.59,14.04,5.92,8.93,73.58,2.86,2000,2,8.12
2000-02-10,2.97,13.28,3.98,8.88,77.04,1.93,2000,2,9.299999999999999
2000-02-11,2.41,14.17,4.93,9.0,74.16,2.31,2000,2,9.24
2000-02-12,1.52,14.28,3.69,8.84,67.24,1.33,2000,2,10.59
2000-02-13,0.0,18.71,3.57,9.78,52.44,2.79,2000,2,15.14
2000-02-14,0.0,20.18,4.31,11.25,39.92,2.99,2000,2,15.870000000000001
2000-02-15,0.0,21.48,9.1,14.26,36.42,2.25,2000,2,12.38
2000-02-16,0.0,19.29,8.24,12.55,47.57,3.63,2000,2,11.049999999999999
2000-02-17,0.0,19.11,6.46,11.67,48.87,2.41,2000,2,12.649999999999999
2000-02-18,0.0,18.27,3.69,10.89,46.57,2.08,2000,2,14.58
2000-02-19,0.63,19.0,4.18,10.35,45.41,2.86,2000,2,14.82
2000-02-20,1.47,19.25,4.09,10.46,42.26,2.87,2000,2,15.16
2000-02-21,0.0,18.29,3.34,10.68,42.86,2.05,2000,2,14.95
2000-02-22,0.0,19.57,4.53,11.6,39.23,2.34,2000,2,15.04
2000-02-23,0.04,20.64,6.34,12.22,41.51,3.0,2000,2,14.3
2000-02-24,0.0,20.86,4.39,11.29,42.03,3.74,2000,2,16.47
2000-02-25,0.0,22.08,4.24,12.28,34.05,3.09,2000,2,17.839999999999996
2000-02-26,0.0,22.22,3.72,13.04,30.25,2.56,2000,2,18.5
2000-02-27,0.0,22.47,5.88,13.17,35.32,3.31,2000,2,16.59
2000-02-28,0.01,25.02,6.73,14.89,39.12,3.31,2000,2,18.29
2000-02-29,0.0,24.45,11.78,16.96,40.91,2.36,2000,2,12.67
2000-03-01,0.0,23.24,9.44,15.64,49.79,2.7,2000,3,13.799999999999999
2000-03-02,0.0,22.66,8.59,14.67,45.75,2.56,2000,3,14.07
2000-03-03,0.0,23.38,6.32,15.23,34.92,2.57,2000,3,17.06
2000-03-04,0.0,20.3,7.37,13.36,44.29,3.99,2000,3,12.93
2000-03-05,0.0,20.81,4.89,12.26,46.74,2.26,2000,3,15.919999999999998
2000-03-06,0.0,22.77,7.3,14.41,33.6,2.17,2000,3,15.469999999999999
2000-03-07,0.25,23.07,6.37,13.93,39.66,2.63,2000,3,16.7
2000-03-08,0.0,24.33,6.44,14.41,36.43,3.81,2000,3,17.889999999999997
2000-03-09,0.0,26.35,7.8,16.33,30.11,3.21,2000,3,18.55
2000-03-10,0.0,26.74,7.8,16.98,30.92,3.11,2000,3,18.939999999999998
2000-03-11,0.0,25.42,10.27,17.3,40.93,2.9,2000,3,15.150000000000002
2000-03-12,0.0,25.88,9.52,16.93,38.28,2.96,2000,3,16.36
2000-03-13,0.0,25.7,9.22,17.67,31.0,1.45,2000,3,16.479999999999997
2000-03-14,0.0,26.05,8.48,16.78,34.68,2.58,2000,3,17.57
2000-03-15,0.0,26.51,8.18,17.62,30.78,3.34,2000,3,18.330000000000002
2000-03-16,0.27,26.47,10.38,17.62,31.41,3.44,2000,3,16.089999999999996
2000-03-17,1.44,25.5,9.98,16.89,38.19,3.59,2000,3,15.52
2000-03-18,0.3,25.76,9.51,16.58,35.83,2.54,2000,3,16.25
2000-03-19,0.0,25.58,7.34,16.13,26.08,3.01,2000,3,18.24
2000-03-20,0.01,24.51,6.95,16.37,25.41,2.5,2000,3,17.560000000000002
2000-03-21,0.02,24.16,9.65,17.3,32.66,2.82,2000,3,14.51
2000-03-22,0.84,25.56,10.07,17.65,40.79,2.32,2000,3,15.489999999999998
2000-03-23,0.5,26.71,9.37,18.12,35.39,2.82,2000,3,17.340000000000003
2000-03-24,0.0,28.14,8.73,18.15,29.98,3.28,2000,3,19.41
2000-03-25,0.0,33.78,10.77,21.69,23.12,3.24,2000,3,23.01
2000-03-26,0.0,31.19,15.24,23.32,20.45,2.27,2000,3,15.950000000000001
2000-03-27,0.04,31.15,17.54,24.41,22.14,2.22,2000,3,13.61
2000-03-28,0.06,33.71,16.25,24.69,25.81,2.78,2000,3,17.46
2000-03-29,0.85,33.52,17.29,24.72,27.37,3.03,2000,3,16.230000000000004
2000-03-30,0.13,30.29,16.2,23.22,28.54,2.54,2000,3,14.09
2000-03-31,0.57,29.3,15.36,21.81,30.22,4.0,2000,3,13.940000000000001
2000-04-01,0.05,31.4,14.04,22.04,27.87,3.59,2000,4,17.36
2000-04-02,0.0,33.74,14.05,23.51,16.85,3.78,2000,4,19.69
2000-04-03,0.0,34.41,15.3,24.91,13.2,2.45,2000,4,19.109999999999996
2000-04-04,0.0,34.82,15.41,24.79,11.79,3.61,2000,4,19.41
2000-04-05,0.01,33.56,13.96,23.48,10.34,1.84,2000,4,19.6
2000-04-06,0.0,33.96,13.44,23.97,8.09,2.49,2000,4,20.520000000000003
2000-04-07,0.0,27.61,16.65,22.2,22.92,4.86,2000,4,10.96
2000-04-08,0.0,34.6,14.81,24.23,22.75,3.94,2000,4,19.79
2000-04-09,0.0,36.23,15.51,25.33,11.77,3.77,2000,4,20.72
2000-04-10,0.0,39.06,16.34,27.68,6.02,3.11,2000,4,22.720000000000002
2000-04-11,0.0,39.55,19.16,29.86,6.74,2.34,2000,4,20.389999999999997
2000-04-12,0.0,41.05,19.17,30.78,8.18,2.56,2000,4,21.879999999999995
2000-04-13,0.0,40.08,21.78,30.57,9.3,3.59,2000,4,18.299999999999997
2000-04-14,2.86,36.95,21.93,28.35,22.14,2.73,2000,4,15.020000000000003
2000-04-15,0.0,35.87,19.41,27.24,22.9,2.8,2000,4,16.459999999999997
2000-04-16,0.0,37.81,18.97,28.12,15.91,3.15,2000,4,18.840000000000003
2000-04-17,0.0,38.9,19.97,29.04,13.65,3.44,2000,4,18.93
2000-04-18,0.04,40.54,21.71,30.45,15.0,2.78,2000,4,18.83
2000-04-19,0.0,39.92,24.28,32.0,15.33,2.46,2000,4,15.64
2000-04-20,0.01,41.61,22.62,32.28,14.64,3.31,2000,4,18.99
2000-04-21,0.0,40.96,22.33,31.82,14.02,3.04,2000,4,18.630000000000003
2000-04-22,0.0,37.55,23.45,30.28,18.87,2.34,2000,4,14.099999999999998
2000-04-23,0.0,39.22,24.12,31.51,19.43,3.21,2000,4,15.099999999999998
2000-04-24,0.05,39.56,21.56,30.96,16.7,3.24,2000,4,18.000000000000004
2000-04-25,0.0,41.17,23.22,32.35,11.24,2.89,2000,4,17.950000000000003
2000-04-26,0.26,39.89,22.02,31.07,10.17,2.91,2000,4,17.87
2000-04-27,0.06,39.26,22.48,30.62,14.1,3.19,2000,4,16.779999999999998
2000-04-28,0.03,37.31,21.12,28.97,16.85,2.88,2000,4,16.19
2000-04-29,0.0,37.16,19.8,28.75,12.7,3.09,2000,4,17.359999999999996
2000-04-30,0.0,39.17,19.53,29.32,8.59,3.25,2000,4,19.64
2000-05-01,0.0,41.57,19.92,30.54,7.71,4.26,2000,5,21.65
2000-05-02,0.0,44.0,21.49,33.03,6.61,3.83,2000,5,22.51
2000-05-03,0.0,44.15,25.8,35.32,6.4,2.91,2000,5,18.349999999999998
2000-05-04,2.28,39.37,27.66,32.78,13.74,3.94,2000,5,11.709999999999997
2000-05-05,0.0,40.64,24.74,32.62,20.04,2.36,2000,5,15.900000000000002
2000-05-06,0.0,41.3,24.18,32.6,19.22,2.84,2000,5,17.119999999999997
2000-05-07,0.0,40.64,23.56,31.85,15.95,2.37,2000,5,17.080000000000002
2000-05-08,0.0,39.92,22.02,31.69,15.44,2.33,2000,5,17.900000000000002
2000-05-09,0.0,41.83,23.07,33.22,16.26,2.27,2000,5,18.759999999999998
2000-05-10,0.0,42.94,25.3,35.0,15.45,2.34,2000,5,17.639999999999997
2000-05-11,0.0,44.68,26.75,36.46,15.31,2.28,2000,5,17.93
2000-05-12,0.0,44.2,28.03,36.34,20.51,3.81,2000,5,16.17
2000-05-13,1.75,41.4,28.25,34.8,28.87,2.41,2000,5,13.149999999999999
2000-05-14,0.0,42.35,27.45,34.54,26.4,3.1,2000,5,14.900000000000002
2000-05-15,0.0,43.59,27.16,35.32,19.47,2.92,2000,5,16.430000000000003
2000-05-16,0.0,42.89,26.84,34.55,16.4,2.94,2000,5,16.05
2000-05-17,0.0,43.21,25.55,34.51,15.0,2.98,2000,5,17.66
2000-05-18,0.02,44.11,26.74,35.52,12.92,2.94,2000,5,17.37
2000-05-19,0.65,43.34,26.93,35.32,15.1,2.7,2000,5,16.410000000000004
2000-05-20,0.04,44.65,26.35,35.73,11.79,3.21,2000,5,18.299999999999997
2000-05-21,0.0,45.85,26.59,36.67,6.85,3.1,2000,5,19.26
2000-05-22,3.41,43.91,24.73,34.95,12.78,3.55,2000,5,19.179999999999996
2000-05-23,2.46,42.44,27.33,35.22,25.1,4.2,2000,5,15.11
2000-05-24,0.01,40.75,27.41,33.58,31.82,2.9,2000,5,13.34
2000-05-25,0.01,42.35,25.67,33.5,18.77,3.55,2000,5,16.68
2000-05-26,0.09,43.9,23.14,34.25,12.46,3.21,2000,5,20.759999999999998
2000-05-27,0.3,44.34,25.48,34.88,16.97,3.73,2000,5,18.860000000000003
2000-05-28,0.0,43.86,26.74,34.74,13.89,3.24,2000,5,17.12
2000-05-29,0.02,45.13,25.94,35.74,13.87,3.52,2000,5,19.19
2000-05-30,3.78,42.61,27.37,35.26,23.92,3.02,2000,5,15.239999999999998
2000-05-31,1.15,39.21,27.76,32.98,31.27,4.06,2000,5,11.45
2000-06-01,0.02,41.52,26.6,33.94,25.63,3.0,2000,6,14.920000000000002
2000-06-02,0.34,43.3,25.4,34.84,23.61,3.12,2000,6,17.9
2000-06-03,0.83,41.45,29.22,34.64,23.26,6.14,2000,6,12.230000000000004
2000-06-04,0.01,40.81,26.0,33.67,27.25,4.37,2000,6,14.810000000000002
2000-06-05,0.18,40.69,25.55,33.1,24.15,3.57,2000,6,15.139999999999997
2000-06-06,0.0,42.34,25.01,33.86,16.36,2.95,2000,6,17.330000000000002
2000-06-07,0.0,42.36,26.83,34.64,16.37,2.69,2000,6,15.530000000000001
2000-06-08,0.87,41.96,26.07,34.45,18.23,3.12,2000,6,15.89
2000-06-09,1.23,38.63,25.63,32.47,26.4,2.09,2000,6,13.000000000000004
2000-06-10,0.19,38.96,26.05,32.46,30.53,2.69,2000,6,12.91
2000-06-11,0.0,40.96,25.53,33.13,28.51,2.84,2000,6,15.43
2000-06-12,0.0,42.87,25.62,34.71,19.29,2.42,2000,6,17.249999999999996
2000-06-13,0.0,43.75,27.69,36.04,15.35,2.38,2000,6,16.06
2000-06-14,0.0,44.74,29.44,36.99,14.93,2.19,2000,6,15.3
2000-06-15,0.18,45.14,29.2,37.17,20.73,2.2,2000,6,15.940000000000001
2000-06-16,0.0,45.37,29.27,37.56,16.48,2.9,2000,6,16.099999999999998
2000-06-17,0.04,44.3,30.18,36.77,19.88,4.1,2000,6,14.119999999999997
2000-06-18,0.0,43.71,28.87,36.04,16.97,3.57,2000,6,14.84
2000-06-19,0.0,43.7,27.86,36.08,13.76,3.48,2000,6,15.840000000000003
2000-06-20,1.33,41.73,28.29,35.44,16.19,2.72,2000,6,13.439999999999998
2000-06-21,0.06,43.37,28.48,36.3,15.54,2.31,2000,6,14.889999999999997
2000-06-22,3.11,43.47,25.84,35.49,19.22,3.08,2000,6,17.63
2000-06-23,0.2,41.34,28.48,34.65,28.11,4.41,2000,6,12.860000000000003
2000-06-24,1.95,41.56,27.08,34.08,35.59,3.09,2000,6,14.480000000000004
2000-06-25,0.0,42.8,27.52,35.24,27.35,2.15,2000,6,15.279999999999998
2000-06-26,0.0,43.14,28.12,35.72,25.52,2.24,2000,6,15.02
2000-06-27,3.79,43.52,29.11,36.07,30.11,1.76,2000,6,14.410000000000004
2000-06-28,0.07,42.49,28.61,35.88,30.23,1.99,2000,6,13.880000000000003
2000-06-29,1.1,42.25,29.28,35.95,34.42,1.94,2000,6,12.969999999999999
2000-06-30,6.52,37.56,29.57,33.55,45.25,2.37,2000,6,7.990000000000002
2000-07-01,0.02,39.3,27.49,33.49,45.22,2.1,2000,7,11.809999999999999
2000-07-02,0.02,36.47,27.36,31.38,39.47,2.35,2000,7,9.11
2000-07-03,0.01,38.23,25.42,32.17,33.78,2.79,2000,7,12.809999999999995
2000-07-04,0.13,39.21,26.56,32.9,35.39,3.3,2000,7,12.650000000000002
2000-07-05,0.0,42.35,27.45,35.07,31.15,2.8,2000,7,14.900000000000002
2000-07-06,0.0,44.58,29.23,37.23,26.26,1.95,2000,7,15.349999999999998
2000-07-07,0.04,45.38,31.18,38.24,25.9,3.05,2000,7,14.200000000000003
2000-07-08,0.14,44.39,32.18,38.09,23.6,1.98,2000,7,12.21
2000-07-09,0.5,44.06,30.16,37.13,26.32,1.94,2000,7,13.900000000000002
2000-07-10,2.37,44.55,31.23,37.88,25.44,2.08,2000,7,13.319999999999997
2000-07-11,5.5,41.86,30.61,36.09,37.12,1.55,2000,7,11.25
2000-07-12,0.12,40.73,30.3,34.97,38.9,3.47,2000,7,10.429999999999996
2000-07-13,0.07,40.36,29.48,35.09,38.01,2.29,2000,7,10.879999999999999
2000-07-14,0.6,38.09,30.28,34.12,42.37,2.32,2000,7,7.810000000000002
2000-07-15,0.57,40.74,29.13,34.83,39.0,1.82,2000,7,11.610000000000003
2000-07-16,0.77,42.49,29.78,36.12,35.19,2.43,2000,7,12.71
2000-07-17,0.87,39.69,28.51,33.89,44.43,3.32,2000,7,11.179999999999996
2000-07-18,0.27,40.85,28.54,34.52,40.7,2.93,2000,7,12.310000000000002
2000-07-19,0.15,41.25,28.9,35.08,34.58,2.7,2000,7,12.350000000000001
2000-07-20,2.6,39.66,29.44,33.93,39.8,2.44,2000,7,10.219999999999995
2000-07-21,11.41,37.05,27.98,31.74,55.53,2.58,2000,7,9.069999999999997
2000-07-22,1.7,32.98,24.97,28.5,69.81,4.47,2000,7,8.009999999999998
2000-07-23,6.94,31.74,23.61,27.19,73.97,3.1,2000,7,8.129999999999999
2000-07-24,1.28,34.33,25.31,29.29,64.51,2.23,2000,7,9.02
2000-07-25,1.79,38.62,24.07,31.42,55.01,2.13,2000,7,14.549999999999997
2000-07-26,0.17,39.45,26.79,33.41,43.72,1.87,2000,7,12.660000000000004
2000-07-27,0.0,40.64,27.66,33.92,35.39,1.77,2000,7,12.98
2000-07-28,0.0,40.44,25.45,32.89,38.36,2.07,2000,7,14.989999999999998
2000-07-29,0.03,39.96,26.53,32.56,44.35,3.27,2000,7,13.43
2000-07-30,1.63,40.05,26.47,33.2,43.98,2.27,2000,7,13.579999999999998
2000-07-31,0.29,40.98,27.76,34.07,37.56,3.01,2000,7,13.219999999999995
2000-08-01,25.96,36.54,27.21,31.4,50.09,3.29,2000,8,9.329999999999998
2000-08-02,0.35,35.03,26.01,29.57,58.09,3.0,2000,8,9.02
2000-08-03,0.34,34.14,24.73,28.76,61.16,1.8,2000,8,9.41
2000-08-04,0.0,36.87,24.27,30.04,54.44,2.2,2000,8,12.599999999999998
2000-08-05,0.0,38.63,24.55,31.76,48.74,2.19,2000,8,14.080000000000002
2000-08-06,0.0,40.4,26.0,33.45,45.88,1.87,2000,8,14.399999999999999
2000-08-07,0.0,37.48,28.15,32.4,45.68,2.15,2000,8,9.329999999999998
2000-08-08,0.0,41.07,27.37,33.81,43.94,1.91,2000,8,13.7
2000-08-09,3.38,40.72,28.38,34.45,42.82,2.38,2000,8,12.34
2000-08-10,0.57,38.17,27.24,32.03,50.23,4.2,2000,8,10.930000000000003
2000-08-11,1.67,38.06,25.6,31.54,51.1,2.14,2000,8,12.46
2000-08-12,0.17,38.69,25.98,32.01,49.42,1.71,2000,8,12.709999999999997
2000-08-13,0.07,40.35,26.34,33.46,42.4,2.0,2000,8,14.010000000000002
2000-08-14,1.13,41.18,27.11,34.25,39.31,2.04,2000,8,14.07
2000-08-15,4.0,39.48,26.9,33.11,46.27,2.41,2000,8,12.579999999999998
2000-08-16,1.8,40.46,27.08,33.57,43.77,2.17,2000,8,13.380000000000003
2000-08-17,0.03,41.71,27.78,34.47,34.16,2.32,2000,8,13.93
2000-08-18,0.25,40.69,27.0,34.04,33.99,2.6,2000,8,13.689999999999998
2000-08-19,0.19,40.23,26.12,33.11,31.28,3.41,2000,8,14.109999999999996
2000-08-20,0.0,40.55,24.45,33.34,23.73,2.1,2000,8,16.099999999999998
2000-08-21,0.0,41.07,25.67,33.92,22.51,1.93,2000,8,15.399999999999999
2000-08-22,0.13,41.13,25.42,33.24,29.33,2.39,2000,8,15.71
2000-08-23,0.0,40.76,25.85,33.44,27.81,1.95,2000,8,14.909999999999997
2000-08-24,0.0,42.02,25.6,33.7,28.83,1.92,2000,8,16.42
2000-08-25,0.0,42.5,26.97,34.87,27.61,1.9,2000,8,15.530000000000001
2000-08-26,0.0,42.77,27.04,35.05,23.41,1.63,2000,8,15.730000000000004
2000-08-27,0.05,41.87,27.66,34.47,33.45,2.59,2000,8,14.209999999999997
2000-08-28,1.15,42.7,26.65,34.91,29.48,2.15,2000,8,16.050000000000004
2000-08-29,1.64,41.23,26.71,33.48,35.1,2.21,2000,8,14.519999999999996
2000-08-30,1.92,41.14,26.48,33.36,33.92,2.04,2000,8,14.66
2000-08-31,9.59,37.86,26.3,31.19,47.31,2.39,2000,8,11.559999999999999
2000-09-01,1.37,37.41,25.06,30.82,53.49,1.88,2000,9,12.349999999999998
2000-09-02,0.0,39.2,25.24,32.28,42.74,1.76,2000,9,13.960000000000004
2000-09-03,0.0,40.1,24.72,32.64,37.79,2.0,2000,9,15.380000000000003
2000-09-04,0.0,41.12,25.96,33.68,34.29,2.04,2000,9,15.159999999999997
2000-09-05,0.0,41.44,26.41,33.99,32.32,2.26,2000,9,15.029999999999998
2000-09-06,0.0,41.03,27.29,34.03,28.28,1.99,2000,9,13.740000000000002
2000-09-07,3.35,39.6,25.32,32.06,38.34,2.43,2000,9,14.280000000000001
2000-09-08,5.32,38.26,24.52,31.01,45.62,2.68,2000,9,13.739999999999998
2000-09-09,0.48,37.41,25.78,30.85,43.16,2.78,2000,9,11.629999999999995
2000-09-10,0.01,37.15,25.72,30.68,38.67,2.39,2000,9,11.43
2000-09-11,0.0,37.93,23.38,30.18,33.9,2.42,2000,9,14.55
2000-09-12,0.0,39.4,22.29,30.57,22.94,2.39,2000,9,17.11
2000-09-13,0.0,39.27,22.47,30.72,23.12,2.48,2000,9,16.800000000000004
2000-09-14,0.23,40.53,23.7,32.02,22.57,2.13,2000,9,16.830000000000002
2000-09-15,0.0,40.45,23.3,32.24,19.83,1.99,2000,9,17.150000000000002
2000-09-16,0.0,40.42,25.22,32.84,18.66,1.57,2000,9,15.200000000000003
2000-09-17,0.0,39.81,22.76,31.92,20.3,1.8,2000,9,17.05
2000-09-18,0.0,39.84,23.6,31.47,21.99,1.96,2000,9,16.240000000000002
2000-09-19,0.0,39.32,24.46,31.52,24.11,1.63,2000,9,14.86
2000-09-20,5.62,36.33,23.69,29.1,36.87,2.32,2000,9,12.639999999999997
2000-09-21,3.86,32.64,22.82,26.72,52.09,2.24,2000,9,9.82
2000-09-22,1.62,29.2,21.03,25.17,59.79,2.25,2000,9,8.169999999999998
2000-09-23,0.1,34.25,19.36,26.1,50.1,2.28,2000,9,14.89
2000-09-24,0.02,35.07,20.52,26.99,41.1,2.6,2000,9,14.55
2000-09-25,0.0,36.26,20.09,28.01,34.08,2.1,2000,9,16.169999999999998
2000-09-26,1.91,34.43,20.95,27.07,38.4,1.88,2000,9,13.48
2000-09-27,0.0,34.88,19.45,26.26,33.06,3.13,2000,9,15.430000000000003
2000-09-28,0.0,35.63,18.92,26.46,28.38,2.85,2000,9,16.71
2000-09-29,0.0,36.64,19.23,26.86,24.22,2.87,2000,9,17.41
2000-09-30,0.0,36.18,18.35,26.55,22.76,2.85,2000,9,17.83
2000-10-01,0.0,37.41,19.5,27.37,20.85,2.71,2000,10,17.909999999999997
2000-10-02,0.68,36.34,19.5,26.85,24.68,3.09,2000,10,16.840000000000003
2000-10-03,0.0,37.01,20.01,27.3,22.63,3.55,2000,10,16.999999999999996
2000-10-04,0.0,37.38,19.68,27.8,21.44,2.93,2000,10,17.700000000000003
2000-10-05,0.0,37.06,21.59,28.38,22.9,3.02,2000,10,15.470000000000002
2000-10-06,1.28,35.86,21.33,28.16,25.85,2.25,2000,10,14.530000000000001
2000-10-07,0.34,35.6,20.9,27.61,26.14,2.57,2000,10,14.700000000000003
2000-10-08,0.55,35.81,20.61,27.22,29.45,2.44,2000,10,15.200000000000003
2000-10-09,0.0,35.7,20.64,26.89,24.33,2.56,2000,10,15.060000000000002
2000-10-10,0.0,35.94,19.21,27.2,19.3,2.76,2000,10,16.729999999999997
2000-10-11,0.0,35.12,19.0,26.1,19.39,2.77,2000,10,16.119999999999997
2000-10-12,0.0,34.83,17.52,25.04,19.03,3.12,2000,10,17.31
2000-10-13,0.0,34.16,17.03,24.48,18.39,3.16,2000,10,17.129999999999995
2000-10-14,0.0,34.04,16.27,24.16,17.73,3.28,2000,10,17.77
2000-10-15,0.0,35.53,16.57,25.26,15.55,3.25,2000,10,18.96
2000-10-16,0.0,36.89,18.28,26.41,14.72,3.37,2000,10,18.61
2000-10-17,0.0,37.24,19.01,26.92,14.67,3.32,2000,10,18.23
2000-10-18,0.0,37.52,18.7,26.98,15.94,3.2,2000,10,18.820000000000004
2000-10-19,0.0,36.38,18.48,26.29,15.9,2.89,2000,10,17.900000000000002
2000-10-20,0.0,35.58,19.01,26.2,15.06,3.22,2000,10,16.569999999999997
2000-10-21,0.0,36.09,17.43,26.22,12.99,3.08,2000,10,18.660000000000004
2000-10-22,0.0,34.51,17.39,24.82,13.8,3.52,2000,10,17.119999999999997
2000-10-23,0.0,33.81,17.42,25.22,15.14,2.33,2000,10,16.39
2000-10-24,0.0,34.12,16.96,24.67,15.83,2.48,2000,10,17.159999999999997
2000-10-25,0.0,33.42,16.21,24.22,14.6,3.54,2000,10,17.21
2000-10-26,0.0,34.36,15.6,24.04,12.7,2.52,2000,10,18.759999999999998
2000-10-27,0.0,36.2,15.77,24.47,9.82,3.44,2000,10,20.430000000000003
2000-10-28,0.0,35.09,17.28,25.29,5.22,1.77,2000,10,17.810000000000002
2000-10-29,0.0,32.52,15.35,22.69,8.05,2.89,2000,10,17.17
2000-10-30,0.0,31.81,14.64,22.55,10.22,2.46,2000,10,17.169999999999998
2000-10-31,0.0,32.36,15.78,22.16,11.54,2.42,2000,10,16.58
2000-11-01,0.0,30.56,14.09,20.69,14.01,2.82,2000,11,16.47
2000-11-02,0.0,30.27,14.93,21.7,14.8,2.06,2000,11,15.34
2000-11-03,0.0,30.94,15.43,22.23,14.82,2.58,2000,11,15.510000000000002
2000-11-04,0.0,30.23,16.12,22.32,15.45,2.18,2000,11,14.11
2000-11-05,0.0,30.33,15.12,21.77,17.92,2.37,2000,11,15.209999999999999
2000-11-06,0.0,30.47,14.83,22.27,18.81,2.19,2000,11,15.639999999999999
2000-11-07,0.0,29.48,15.74,21.77,19.75,2.53,2000,11,13.74
2000-11-08,0.01,29.09,14.94,21.16,21.61,3.5,2000,11,14.15
2000-11-09,0.0,29.28,14.55,20.76,24.24,3.1,2000,11,14.73
2000-11-10,0.0,27.74,14.85,20.18,20.93,2.9,2000,11,12.889999999999999
2000-11-11,0.0,27.92,16.25,20.94,16.03,1.56,2000,11,11.670000000000002
2000-11-12,0.0,28.63,14.18,19.96,20.17,3.01,2000,11,14.45
2000-11-13,0.1,26.08,11.87,17.67,30.03,3.55,2000,11,14.209999999999999
2000-11-14,0.0,26.93,10.15,17.06,23.88,3.26,2000,11,16.78
2000-11-15,0.0,28.48,12.46,19.45,9.42,2.57,2000,11,16.02
2000-11-16,0.0,28.18,13.0,19.61,10.6,2.39,2000,11,15.18
2000-11-17,0.0,25.09,11.08,16.51,13.31,3.7,2000,11,14.01
2000-11-18,0.0,25.68,10.33,16.7,16.2,2.6,2000,11,15.35
2000-11-19,0.0,27.84,9.77,16.69,12.45,2.6,2000,11,18.07
2000-11-20,0.0,25.85,11.22,17.82,6.08,2.37,2000,11,14.63
2000-11-21,0.0,24.58,11.57,16.99,12.25,3.49,2000,11,13.009999999999998
2000-11-22,0.0,25.23,12.76,18.62,22.58,2.73,2000,11,12.47
2000-11-23,1.44,23.28,13.13,17.05,41.11,2.34,2000,11,10.15
2000-11-24,0.01,24.09,10.41,15.74,45.64,2.93,2000,11,13.68
2000-11-25,0.0,24.52,10.46,15.74,30.43,3.03,2000,11,14.059999999999999
2000-11-26,0.0,24.5,9.2,16.62,20.89,1.76,2000,11,15.3
2000-11-27,0.0,24.02,10.79,16.56,18.92,2.26,2000,11,13.23
2000-11-28,0.0,24.29,7.96,14.42,26.33,3.05,2000,11,16.33
2000-11-29,0.0,22.65,9.16,14.21,18.26,2.47,2000,11,13.489999999999998
2000-11-30,0.0,21.57,6.82,12.63,15.53,3.45,2000,11,14.75
2000-12-01,0.0,24.23,4.22,11.92,7.05,3.37,2000,12,20.01
2000-12-02,0.0,24.97,6.08,14.43,5.61,3.09,2000,12,18.89
2000-12-03,0.0,23.48,9.49,15.21,10.51,2.83,2000,12,13.99
2000-12-04,0.0,23.97,8.2,14.67,14.18,2.65,2000,12,15.77
2000-12-05,0.0,24.96,8.26,15.24,16.28,2.61,2000,12,16.700000000000003
2000-12-06,0.0,24.31,8.22,14.61,16.09,2.75,2000,12,16.089999999999996
2000-12-07,0.25,22.54,7.89,13.58,20.21,3.18,2000,12,14.649999999999999
2000-12-08,0.0,23.29,7.71,14.1,35.34,3.03,2000,12,15.579999999999998
2000-12-09,0.0,23.45,8.84,14.41,26.64,2.86,2000,12,14.61
2000-12-10,0.0,21.27,8.08,13.97,18.68,2.2,2000,12,13.19
2000-12-11,0.0,23.45,5.57,12.68,18.65,3.33,2000,12,17.88
2000-12-12,0.0,23.79,8.15,14.48,10.37,2.74,2000,12,15.639999999999999
2000-12-13,0.0,23.43,10.75,15.14,15.84,2.48,2000,12,12.68
2000-12-14,0.01,24.05,9.51,15.31,35.58,2.4,2000,12,14.540000000000001
2000-12-15,6.8,23.17,11.46,15.62,42.28,2.11,2000,12,11.71
2000-12-16,5.71,19.31,10.58,14.11,57.97,3.06,2000,12,8.729999999999999
2000-12-17,6.03,16.59,10.38,12.85,81.48,2.84,2000,12,6.209999999999999
2000-12-18,0.0,20.81,7.63,12.54,62.53,2.74,2000,12,13.18
2000-12-19,0.0,22.92,4.47,11.62,39.51,3.3,2000,12,18.450000000000003
2000-12-20,0.0,23.57,6.87,12.88,34.66,3.19,2000,12,16.7
2000-12-21,0.0,24.04,8.81,14.34,34.06,2.86,2000,12,15.229999999999999
2000-12-22,0.0,22.85,10.64,14.93,33.71,2.12,2000,12,12.21
2000-12-23,0.0,23.37,11.82,15.98,32.05,1.5,2000,12,11.55
2000-12-24,0.0,22.45,10.31,14.33,41.61,2.03,2000,12,12.139999999999999
2000-12-25,0.0,22.5,10.99,14.97,42.05,1.83,2000,12,11.51
2000-12-26,0.0,23.1,8.61,14.11,41.04,2.34,2000,12,14.490000000000002
2000-12-27,0.0,21.29,8.96,14.04,40.62,2.23,2000,12,12.329999999999998
2000-12-28,0.3,14.87,7.66,11.22,61.88,2.8,2000,12,7.209999999999999
2000-12-29,0.0,22.0,6.78,12.48,52.97,2.66,2000,12,15.219999999999999
2000-12-30,0.01,22.55,7.1,13.46,40.37,2.43,2000,12,15.450000000000001
2000-12-31,0.78,18.14,8.15,11.15,52.45,2.54,2000,12,9.99
2001-01-01,0.25,18.26,6.79,11.06,59.99,1.71,2001,1,11.470000000000002
2001-01-02,0.0,17.55,4.73,10.32,69.17,2.03,2001,1,12.82
2001-01-03,0.0,17.32,6.71,10.38,59.0,2.46,2001,1,10.61
2001-01-04,0.0,19.11,6.21,10.69,49.3,2.56,2001,1,12.899999999999999
2001-01-05,0.0,19.55,5.16,10.97,37.58,2.41,2001,1,14.39
2001-01-06,0.0,18.21,6.39,11.09,35.21,2.2,2001,1,11.82
2001-01-07,0.0,16.8,5.06,9.24,40.7,2.07,2001,1,11.740000000000002
2001-01-08,0.0,17.93,4.25,8.87,37.64,2.53,2001,1,13.68
2001-01-09,0.0,19.72,4.68,10.26,29.53,2.72,2001,1,15.04
2001-01-10,0.0,20.34,6.76,11.2,27.03,2.58,2001,1,13.58
2001-01-11,0.0,21.02,6.53,11.61,25.06,2.46,2001,1,14.489999999999998
2001-01-12,0.0,20.78,7.01,12.54,26.68,1.86,2001,1,13.770000000000001
2001-01-13,0.0,20.65,6.21,11.15,26.41,2.89,2001,1,14.439999999999998
2001-01-14,0.0,22.3,6.3,12.06,21.06,2.6,2001,1,16.0
2001-01-15,0.0,21.07,6.96,12.45,21.23,2.18,2001,1,14.11
2001-01-16,0.0,21.33,7.0,12.6,22.54,1.94,2001,1,14.329999999999998
2001-01-17,0.0,16.29,6.73,10.95,26.24,2.25,2001,1,9.559999999999999
2001-01-18,0.0,21.08,6.06,12.46,25.62,2.16,2001,1,15.02
2001-01-19,0.0,21.08,7.6,13.01,22.84,2.54,2001,1,13.479999999999999
2001-01-20,0.0,21.62,6.58,12.58,23.29,2.51,2001,1,15.040000000000001
2001-01-21,0.04,17.58,6.97,11.23,29.04,2.63,2001,1,10.61
2001-01-22,0.78,15.24,4.69,9.34,48.65,3.26,2001,1,10.55
2001-01-23,0.0,17.01,3.49,8.58,45.72,3.01,2001,1,13.520000000000001
2001-01-24,0.0,18.9,0.99,8.67,24.22,3.82,2001,1,17.91
2001-01-25,0.0,21.25,4.37,11.71,17.93,2.76,2001,1,16.88
2001-01-26,0.0,22.64,5.3,12.04,19.4,2.85,2001,1,17.34
2001-01-27,0.0,23.92,6.64,13.13,17.85,2.83,2001,1,17.28
2001-01-28,0.0,24.81,7.61,14.66,15.86,2.42,2001,1,17.2
2001-01-29,0.0,21.69,5.6,12.87,19.52,4.34,2001,1,16.090000000000003
2001-01-30,0.0,22.05,8.09,13.93,22.65,5.61,2001,1,13.96
2001-01-31,0.0,19.72,4.82,10.88,25.88,3.1,2001,1,14.899999999999999
2001-02-01,0.0,19.7,3.79,10.42,19.58,3.23,2001,2,15.91
2001-02-02,0.0,22.28,5.31,11.79,15.9,2.9,2001,2,16.970000000000002
2001-02-03,0.0,22.81,6.51,13.44,13.89,1.93,2001,2,16.299999999999997
2001-02-04,0.0,20.64,4.76,11.15,16.36,3.65,2001,2,15.88
2001-02-05,0.0,21.91,4.27,12.75,15.93,2.57,2001,2,17.64
2001-02-06,0.0,22.5,7.22,13.7,15.3,2.36,2001,2,15.280000000000001
2001-02-07,0.0,22.72,7.24,13.16,17.65,3.19,2001,2,15.479999999999999
2001-02-08,0.0,24.86,5.6,13.88,20.99,3.86,2001,2,19.259999999999998
2001-02-09,0.0,26.2,9.63,16.12,14.06,2.47,2001,2,16.57
2001-02-10,0.0,24.51,8.15,15.01,11.41,2.78,2001,2,16.36
2001-02-11,0.0,22.73,5.6,13.27,12.39,3.18,2001,2,17.130000000000003
2001-02-12,0.0,23.95,6.91,13.87,13.89,2.51,2001,2,17.04
2001-02-13,0.01,24.24,6.43,14.61,13.97,2.7,2001,2,17.81
2001-02-14,0.52,24.75,11.16,16.21,36.72,3.25,2001,2,13.59
2001-02-15,0.0,27.23,9.32,17.23,31.71,2.64,2001,2,17.91
2001-02-16,0.02,23.37,12.17,16.48,29.45,1.93,2001,2,11.200000000000001
2001-02-17,0.0,25.14,10.81,17.47,31.37,2.07,2001,2,14.33
2001-02-18,0.01,26.35,10.26,17.06,32.05,2.54,2001,2,16.090000000000003
2001-02-19,0.0,27.08,10.72,18.05,23.5,2.79,2001,2,16.36
2001-02-20,0.4,19.97,10.84,14.83,39.19,3.77,2001,2,9.129999999999999
2001-02-21,0.05,24.76,8.99,16.15,35.41,2.94,2001,2,15.770000000000001
2001-02-22,0.43,24.14,11.42,17.83,26.6,1.92,2001,2,12.72
2001-02-23,0.68,25.03,12.06,16.19,47.71,4.29,2001,2,12.97
2001-02-24,1.29,25.22,11.91,17.55,37.05,2.31,2001,2,13.309999999999999
2001-02-25,0.32,23.97,9.07,16.44,25.32,3.41,2001,2,14.899999999999999
2001-02-26,0.02,24.44,6.14,14.66,21.21,2.61,2001,2,18.3
2001-02-27,0.0,24.35,7.64,15.94,14.38,1.99,2001,2,16.71
2001-02-28,0.06,24.89,7.51,15.53,17.7,2.42,2001,2,17.380000000000003
2001-03-01,0.29,25.67,6.77,15.21,18.47,3.73,2001,3,18.900000000000002
2001-03-02,0.0,27.26,8.2,16.45,13.38,3.73,2001,3,19.060000000000002
2001-03-03,0.0,26.68,11.77,18.16,12.31,2.06,2001,3,14.91
2001-03-04,0.0,27.84,8.56,17.32,13.18,2.96,2001,3,19.28
2001-03-05,0.0,29.24,10.21,19.68,11.6,2.52,2001,3,19.029999999999998
2001-03-06,0.0,28.99,10.9,19.89,12.05,2.53,2001,3,18.089999999999996
2001-03-07,0.0,29.08,12.2,20.0,14.24,2.5,2001,3,16.88
2001-03-08,0.0,29.8,12.81,20.11,15.36,3.08,2001,3,16.990000000000002
2001-03-09,0.0,30.48,12.82,21.43,13.47,2.43,2001,3,17.66
2001-03-10,0.0,30.6,13.32,21.98,12.86,2.64,2001,3,17.28
2001-03-11,0.0,31.61,12.46,22.34,13.24,2.41,2001,3,19.15
2001-03-12,1.71,29.21,15.3,21.36,17.38,3.62,2001,3,13.91
2001-03-13,0.33,28.22,15.23,20.59,22.63,5.03,2001,3,12.989999999999998
2001-03-14,0.0,27.5,12.43,19.29,24.46,2.33,2001,3,15.07
2001-03-15,0.07,28.86,10.89,19.05,19.44,2.74,2001,3,17.97
2001-03-16,0.0,28.74,10.55,19.15,18.0,3.57,2001,3,18.189999999999998
2001-03-17,0.0,30.24,11.34,20.41,17.64,3.17,2001,3,18.9
2001-03-18,0.0,32.28,12.08,22.52,15.48,3.0,2001,3,20.200000000000003
2001-03-19,2.27,22.54,14.92,18.18,50.42,4.3,2001,3,7.619999999999999
2001-03-20,0.34,29.33,12.58,21.07,40.08,2.12,2001,3,16.75
2001-03-21,0.03,29.89,12.52,21.47,32.89,2.57,2001,3,17.37
2001-03-22,0.25,29.42,14.09,21.8,31.41,1.77,2001,3,15.330000000000002
2001-03-23,0.0,30.1,12.99,21.68,21.93,2.6,2001,3,17.11
2001-03-24,0.0,30.2,13.67,22.01,17.4,3.04,2001,3,16.53
2001-03-25,0.0,31.72,15.67,23.41,16.82,2.18,2001,3,16.049999999999997
2001-03-26,0.0,33.5,16.05,24.98,16.34,2.24,2001,3,17.45
2001-03-27,0.0,34.65,16.7,25.55,18.36,3.42,2001,3,17.95
2001-03-28,1.32,27.1,17.54,22.09,41.45,6.94,2001,3,9.560000000000002
2001-03-29,2.98,28.88,16.88,22.1,32.6,4.45,2001,3,12.0
2001-03-30,0.0,28.25,14.35,20.82,30.2,2.7,2001,3,13.9
2001-03-31,0.02,28.01,15.03,22.02,27.25,0.92,2001,3,12.980000000000002
2001-04-01,0.43,30.71,13.82,22.49,27.53,2.68,2001,4,16.89
2001-04-02,0.0,32.28,14.59,23.76,21.43,2.34,2001,4,17.69
2001-04-03,0.89,32.33,14.66,23.29,26.09,3.33,2001,4,17.669999999999998
2001-04-04,0.22,32.72,14.5,23.29,24.67,3.04,2001,4,18.22
2001-04-05,0.0,35.96,15.08,24.99,13.53,3.32,2001,4,20.880000000000003
2001-04-06,0.0,35.23,16.14,25.85,12.54,2.21,2001,4,19.089999999999996
2001-04-07,0.0,36.91,16.67,26.72,12.97,3.36,2001,4,20.239999999999995
2001-04-08,0.0,38.88,17.53,28.5,12.12,3.17,2001,4,21.35
2001-04-09,0.03,37.52,19.75,28.71,12.11,3.71,2001,4,17.770000000000003
2001-04-10,0.41,38.33,20.1,29.12,15.67,3.96,2001,4,18.229999999999997
2001-04-11,0.34,33.75,21.44,26.95,18.87,2.96,2001,4,12.309999999999999
2001-04-12,0.23,36.97,19.06,27.23,20.31,3.8,2001,4,17.91
2001-04-13,5.2,30.43,19.08,24.85,35.0,2.28,2001,4,11.350000000000001
2001-04-14,1.62,29.4,18.58,23.66,45.52,2.36,2001,4,10.82
2001-04-15,10.18,31.79,16.71,23.99,47.11,2.22,2001,4,15.079999999999998
2001-04-16,4.0,30.21,17.5,23.95,47.73,1.82,2001,4,12.71
2001-04-17,1.23,26.89,17.38,21.95,54.22,2.03,2001,4,9.510000000000002
2001-04-18,0.64,24.21,14.94,19.75,66.24,1.5,2001,4,9.270000000000001
2001-04-19,6.53,25.47,15.06,18.94,68.22,3.03,2001,4,10.409999999999998
2001-04-20,0.01,28.08,12.19,20.26,55.63,2.79,2001,4,15.889999999999999
2001-04-21,0.0,32.33,14.08,23.55,39.77,3.15,2001,4,18.25
2001-04-22,0.0,35.63,16.29,25.94,30.97,2.48,2001,4,19.340000000000003
2001-04-23,0.0,36.37,17.44,27.09,29.24,3.14,2001,4,18.929999999999996
2001-04-24,0.0,29.92,18.17,23.92,38.6,3.39,2001,4,11.75
2001-04-25,0.0,36.85,17.34,27.22,35.87,3.19,2001,4,19.51
2001-04-26,0.04,38.34,20.85,29.32,28.85,3.33,2001,4,17.490000000000002
2001-04-27,0.26,38.88,20.53,29.63,26.83,3.15,2001,4,18.35
2001-04-28,0.03,38.39,23.59,30.23,23.93,3.49,2001,4,14.8
2001-04-29,0.06,40.63,20.33,30.59,19.8,3.04,2001,4,20.300000000000004
2001-04-30,0.0,42.07,21.03,32.39,15.1,2.86,2001,4,21.04
2001-05-01,2.43,40.06,26.04,31.79,24.33,3.15,2001,5,14.020000000000003
2001-05-02,5.3,38.34,22.2,29.98,35.62,3.3,2001,5,16.140000000000004
2001-05-03,0.01,39.61,21.25,30.83,24.86,3.02,2001,5,18.36
2001-05-04,0.0,42.02,20.38,32.25,18.42,2.88,2001,5,21.640000000000004
2001-05-05,0.0,43.13,23.52,33.52,16.08,3.06,2001,5,19.610000000000003
2001-05-06,12.21,40.62,22.92,31.94,31.69,3.12,2001,5,17.699999999999996
2001-05-07,0.0,40.39,23.15,31.65,30.05,3.84,2001,5,17.240000000000002
2001-05-08,1.78,39.72,25.16,32.21,29.99,2.75,2001,5,14.559999999999999
2001-05-09,0.04,41.7,23.45,32.48,27.11,3.32,2001,5,18.250000000000004
2001-05-10,0.0,44.5,23.13,34.07,18.25,4.23,2001,5,21.37
2001-05-11,0.0,46.77,26.77,36.21,13.01,3.16,2001,5,20.000000000000004
2001-05-12,0.0,45.16,24.82,35.99,12.17,3.27,2001,5,20.339999999999996
2001-05-13,0.0,45.61,27.05,36.14,12.47,2.66,2001,5,18.56
2001-05-14,1.53,44.16,26.54,35.49,16.13,3.51,2001,5,17.619999999999997
2001-05-15,0.8,41.71,27.28,33.87,19.66,3.88,2001,5,14.43
2001-05-16,0.01,40.43,23.67,32.62,20.46,2.53,2001,5,16.759999999999998
2001-05-17,0.05,41.31,24.19,32.91,18.72,3.04,2001,5,17.12
2001-05-18,0.0,40.52,24.88,32.54,21.8,3.04,2001,5,15.640000000000004
2001-05-19,0.42,40.03,23.98,32.56,23.95,3.15,2001,5,16.05
2001-05-20,0.8,35.05,25.73,30.06,40.18,3.55,2001,5,9.319999999999997
2001-05-21,0.12,37.97,24.31,31.36,37.75,2.67,2001,5,13.66
2001-05-22,0.0,39.46,25.55,32.3,31.9,2.47,2001,5,13.91
2001-05-23,0.0,42.02,24.91,34.22,25.29,2.55,2001,5,17.110000000000003
2001-05-24,0.0,43.29,26.16,35.38,10.94,2.49,2001,5,17.13
2001-05-25,0.0,43.81,25.07,35.02,8.36,2.65,2001,5,18.740000000000002
2001-05-26,2.64,43.81,24.8,35.19,11.14,2.82,2001,5,19.01
2001-05-27,0.0,44.28,24.37,35.34,10.91,2.82,2001,5,19.91
2001-05-28,0.0,42.77,26.1,34.86,15.81,2.72,2001,5,16.67
2001-05-29,7.81,37.45,26.81,32.26,31.87,3.74,2001,5,10.640000000000004
2001-05-30,0.0,40.08,23.97,32.47,33.71,2.2,2001,5,16.11
2001-05-31,0.0,42.14,25.59,34.13,26.95,2.4,2001,5,16.55
2001-06-01,0.0,43.21,27.59,35.4,24.19,3.62,2001,6,15.620000000000001
2001-06-02,0.0,44.14,28.1,36.34,24.33,2.7,2001,6,16.04
2001-06-03,3.36,41.0,28.21,34.45,32.03,3.69,2001,6,12.79
2001-06-04,1.47,41.71,27.71,34.54,31.22,3.15,2001,6,14.0
2001-06-05,3.52,35.27,27.29,31.03,44.04,3.98,2001,6,7.980000000000004
2001-06-06,0.1,37.41,24.71,31.26,41.91,2.0,2001,6,12.699999999999996
2001-06-07,5.86,39.35,25.22,32.33,40.38,2.13,2001,6,14.130000000000003
2001-06-08,0.0,38.68,25.31,32.25,42.2,2.17,2001,6,13.370000000000001
2001-06-09,0.05,39.49,24.95,32.82,34.14,2.24,2001,6,14.540000000000003
2001-06-10,9.69,39.08,24.04,32.1,41.42,2.03,2001,6,15.04
2001-06-11,0.01,40.87,24.38,33.06,37.14,2.03,2001,6,16.49
2001-06-12,0.07,40.91,26.04,33.8,36.64,2.6,2001,6,14.869999999999997
2001-06-13,12.16,38.32,27.03,32.46,46.74,2.97,2001,6,11.29
2001-06-14,6.8,37.25,26.14,31.36,54.53,3.22,2001,6,11.11
2001-06-15,6.69,34.36,25.42,29.93,61.43,2.53,2001,6,8.939999999999998
2001-06-16,3.81,35.39,25.62,30.36,59.05,2.79,2001,6,9.77
2001-06-17,15.32,33.02,23.63,27.95,70.93,4.53,2001,6,9.390000000000004
2001-06-18,0.0,36.81,24.34,30.24,52.05,2.06,2001,6,12.470000000000002
2001-06-19,0.0,39.08,23.65,31.78,42.34,2.48,2001,6,15.43
2001-06-20,0.05,41.12,24.11,33.59,37.61,1.93,2001,6,17.009999999999998
2001-06-21,0.76,41.33,25.82,33.85,40.26,2.27,2001,6,15.509999999999998
2001-06-22,2.64,39.75,25.49,32.62,44.86,3.27,2001,6,14.260000000000002
2001-06-23,3.57,34.91,25.38,30.02,52.33,2.77,2001,6,9.529999999999998
2001-06-24,1.74,36.78,23.64,30.18,47.71,1.62,2001,6,13.14
2001-06-25,0.66,38.87,24.35,31.88,43.86,1.84,2001,6,14.519999999999996
2001-06-26,12.4,37.9,24.86,31.53,48.83,2.21,2001,6,13.04
2001-06-27,0.0,40.03,25.27,33.27,42.44,2.18,2001,6,14.760000000000002
2001-06-28,0.0,41.66,27.33,34.29,40.32,1.8,2001,6,14.329999999999998
2001-06-29,0.01,41.95,27.37,34.46,43.38,1.66,2001,6,14.580000000000002
2001-06-30,4.56,40.27,27.6,34.11,47.52,1.83,2001,6,12.670000000000002
2001-07-01,10.28,37.12,27.84,32.34,59.24,2.08,2001,7,9.279999999999998
2001-07-02,16.63,36.56,26.9,31.45,64.75,1.88,2001,7,9.660000000000004
2001-07-03,2.7,37.12,26.32,31.34,63.41,2.8,2001,7,10.799999999999997
2001-07-04,0.09,36.72,26.32,30.62,61.97,1.81,2001,7,10.399999999999999
2001-07-05,0.0,39.49,25.07,32.35,48.06,1.61,2001,7,14.420000000000002
2001-07-06,0.04,41.0,26.09,33.95,47.3,2.24,2001,7,14.91
2001-07-07,4.1,40.26,28.48,34.36,51.56,1.68,2001,7,11.779999999999998
2001-07-08,5.78,38.3,27.33,32.54,58.53,2.95,2001,7,10.969999999999999
2001-07-09,0.04,36.0,26.09,30.0,63.41,3.46,2001,7,9.91
2001-07-10,0.52,39.95,26.38,33.02,53.2,2.19,2001,7,13.570000000000004
2001-07-11,3.1,39.45,27.29,32.87,56.77,3.0,2001,7,12.160000000000004
2001-07-12,3.16,35.87,25.75,30.1,67.97,4.45,2001,7,10.119999999999997
2001-07-13,2.25,35.03,25.55,29.85,66.19,3.03,2001,7,9.48
2001-07-14,1.84,39.06,25.79,31.98,60.67,2.48,2001,7,13.270000000000003
2001-07-15,1.97,39.05,26.84,32.52,56.28,2.99,2001,7,12.209999999999997
2001-07-16,2.88,36.69,26.66,31.13,60.03,4.34,2001,7,10.029999999999998
2001-07-17,0.43,35.71,24.78,30.08,54.61,3.9,2001,7,10.93
2001-07-18,0.03,37.65,24.31,30.66,49.59,2.56,2001,7,13.34
2001-07-19,0.0,41.66,25.34,33.75,37.68,2.48,2001,7,16.319999999999997
2001-07-20,0.14,40.53,26.71,33.53,41.09,3.74,2001,7,13.82
2001-07-21,1.58,41.17,28.9,34.98,43.82,3.06,2001,7,12.270000000000003
2001-07-22,0.74,35.89,29.32,32.31,53.66,3.21,2001,7,6.57
2001-07-23,7.64,37.67,27.22,31.78,60.26,4.31,2001,7,10.450000000000003
2001-07-24,8.79,35.6,26.08,30.36,69.72,3.2,2001,7,9.520000000000003
2001-07-25,6.41,33.48,26.0,29.56,71.35,1.58,2001,7,7.479999999999997
2001-07-26,1.13,36.94,25.91,31.16,60.67,1.99,2001,7,11.029999999999998
2001-07-27,2.63,38.23,26.24,32.02,59.82,1.97,2001,7,11.989999999999998
2001-07-28,21.43,35.5,27.07,31.06,63.48,1.91,2001,7,8.43
2001-07-29,14.4,33.95,25.78,29.06,73.82,3.8,2001,7,8.170000000000002
2001-07-30,5.01,34.74,24.89,28.94,68.77,1.91,2001,7,9.850000000000001
2001-07-31,0.53,36.9,23.23,29.98,54.11,1.9,2001,7,13.669999999999998
2001-08-01,0.0,39.0,22.97,30.88,46.76,2.35,2001,8,16.03
2001-08-02,0.0,37.85,23.36,30.29,53.08,2.65,2001,8,14.490000000000002
2001-08-03,2.23,37.63,24.96,30.89,58.06,3.65,2001,8,12.670000000000002
2001-08-04,5.45,36.06,25.75,30.48,62.77,2.48,2001,8,10.310000000000002
2001-08-05,0.06,37.09,24.78,30.75,60.65,1.89,2001,8,12.310000000000002
2001-08-06,6.87,36.19,25.71,30.78,63.62,1.93,2001,8,10.479999999999997
2001-08-07,9.5,35.43,25.8,30.15,68.15,1.69,2001,8,9.629999999999999
2001-08-08,2.41,35.68,25.1,30.07,67.77,1.9,2001,8,10.579999999999998
2001-08-09,0.6,36.23,24.9,30.31,64.91,2.04,2001,8,11.329999999999998
2001-08-10,0.01,36.14,25.35,30.46,62.39,2.63,2001,8,10.79
2001-08-11,0.0,36.75,25.19,30.49,63.94,2.32,2001,8,11.559999999999999
2001-08-12,0.0,38.68,25.22,31.75,58.64,1.94,2001,8,13.46
2001-08-13,1.53,39.52,26.85,32.92,53.58,1.91,2001,8,12.670000000000002
2001-08-14,2.61,36.48,26.9,30.98,63.94,2.94,2001,8,9.579999999999998
2001-08-15,5.47,33.79,26.28,29.56,68.34,3.47,2001,8,7.509999999999998
2001-08-16,0.04,38.03,24.84,31.07,60.65,1.91,2001,8,13.190000000000001
2001-08-17,0.0,38.99,25.31,32.28,47.73,1.54,2001,8,13.680000000000003
2001-08-18,0.0,39.59,25.6,32.37,44.04,1.92,2001,8,13.990000000000002
2001-08-19,4.25,38.89,25.27,31.74,50.99,2.53,2001,8,13.620000000000001
2001-08-20,6.13,38.78,25.34,31.85,56.51,1.98,2001,8,13.440000000000001
2001-08-21,0.3,39.21,25.13,32.07,52.47,2.0,2001,8,14.080000000000002
2001-08-22,1.89,38.4,25.63,31.81,49.38,2.02,2001,8,12.77
2001-08-23,4.7,37.3,24.59,30.78,53.72,2.71,2001,8,12.709999999999997
2001-08-24,0.02,36.72,25.06,30.88,50.17,1.74,2001,8,11.66
2001-08-25,0.0,37.88,24.85,31.6,47.65,1.63,2001,8,13.030000000000001
2001-08-26,0.0,38.8,24.81,31.49,48.33,2.06,2001,8,13.989999999999998
2001-08-27,0.0,38.79,24.58,31.33,46.63,2.52,2001,8,14.21
2001-08-28,0.0,40.78,24.61,32.09,39.64,2.31,2001,8,16.17
2001-08-29,1.84,38.8,24.46,31.13,40.56,3.17,2001,8,14.339999999999996
2001-08-30,5.53,37.3,23.82,30.84,49.45,2.1,2001,8,13.479999999999997
2001-08-31,1.07,38.37,24.52,31.5,49.2,1.89,2001,8,13.849999999999998
2001-09-01,0.0,38.79,25.5,31.67,42.49,2.59,2001,9,13.29
2001-09-02,1.05,38.93,23.89,31.73,39.22,2.18,2001,9,15.04
2001-09-03,4.0,37.9,25.27,31.24,46.11,2.14,2001,9,12.629999999999999
2001-09-04,0.81,37.3,24.0,30.45,46.51,2.34,2001,9,13.299999999999997
2001-09-05,0.04,36.57,24.35,30.54,43.79,1.77,2001,9,12.219999999999999
2001-09-06,0.0,37.35,23.96,30.46,42.84,2.09,2001,9,13.39
2001-09-07,6.95,37.11,24.42,30.54,45.19,2.15,2001,9,12.689999999999998
2001-09-08,5.62,36.18,23.92,30.15,48.67,1.86,2001,9,12.259999999999998
2001-09-09,0.0,37.75,24.12,30.43,41.99,1.55,2001,9,13.629999999999999
2001-09-10,0.52,36.74,21.95,28.89,45.0,2.44,2001,9,14.790000000000003
2001-09-11,0.54,36.9,21.9,29.25,42.7,2.11,2001,9,15.0
2001-09-12,6.69,34.8,24.02,28.44,52.22,2.25,2001,9,10.779999999999998
2001-09-13,0.27,34.32,21.79,27.94,53.56,1.94,2001,9,12.530000000000001
2001-09-14,5.34,29.72,22.3,25.08,68.49,2.35,2001,9,7.419999999999998
2001-09-15,0.0,32.52,20.74,25.76,54.95,2.46,2001,9,11.780000000000005
2001-09-16,0.0,34.99,19.44,27.1,42.26,1.82,2001,9,15.55
2001-09-17,0.0,35.93,20.03,28.07,37.97,2.21,2001,9,15.899999999999999
2001-09-18,0.0,36.05,20.42,28.17,37.12,2.64,2001,9,15.629999999999995
2001-09-19,0.0,36.24,20.35,27.65,35.7,3.27,2001,9,15.89
2001-09-20,0.18,35.84,20.82,27.61,33.16,4.35,2001,9,15.020000000000003
2001-09-21,0.0,36.72,20.69,28.05,32.08,2.81,2001,9,16.029999999999998
2001-09-22,0.0,37.54,21.58,28.94,26.76,2.31,2001,9,15.96
2001-09-23,0.0,37.01,21.63,28.6,23.51,2.26,2001,9,15.379999999999999
2001-09-24,0.0,37.69,20.64,29.16,20.27,2.45,2001,9,17.049999999999997
2001-09-25,0.0,37.46,22.6,29.56,18.27,1.67,2001,9,14.86
2001-09-26,0.13,37.59,19.37,27.85,21.17,2.79,2001,9,18.220000000000002
2001-09-27,0.0,38.7,19.44,28.59,16.68,3.07,2001,9,19.26
2001-09-28,0.0,38.0,20.04,28.96,16.08,2.52,2001,9,17.96
2001-09-29,0.0,38.0,20.25,29.19,16.63,2.0,2001,9,17.75
2001-09-30,0.0,38.1,20.32,28.8,17.05,2.39,2001,9,17.78
2001-10-01,0.0,38.05,21.5,28.76,18.29,2.78,2001,10,16.549999999999997
2001-10-02,0.1,36.88,21.71,28.65,22.24,2.53,2001,10,15.170000000000002
2001-10-03,0.08,36.34,20.88,28.39,24.09,2.11,2001,10,15.460000000000004
2001-10-04,4.17,35.17,21.19,27.71,27.02,1.74,2001,10,13.98
2001-10-05,0.0,35.63,19.7,26.61,26.83,3.02,2001,10,15.930000000000003
2001-10-06,0.0,35.64,17.96,26.51,23.84,2.52,2001,10,17.68
2001-10-07,0.0,36.47,18.75,27.28,20.29,2.37,2001,10,17.72
2001-10-08,0.0,37.01,19.01,27.44,20.3,2.43,2001,10,17.999999999999996
2001-10-09,0.0,36.61,20.57,27.79,17.66,2.36,2001,10,16.04
2001-10-10,0.0,34.38,18.39,26.03,18.46,3.08,2001,10,15.990000000000002
2001-10-11,0.0,32.94,17.6,25.15,19.7,3.44,2001,10,15.339999999999996
2001-10-12,8.6,32.3,15.92,23.77,33.89,2.14,2001,10,16.379999999999995
2001-10-13,0.03,32.86,15.82,23.29,31.19,2.54,2001,10,17.04
2001-10-14,0.0,31.76,14.4,22.54,27.06,2.46,2001,10,17.36
2001-10-15,0.0,32.93,15.33,23.46,22.94,2.29,2001,10,17.6
2001-10-16,0.0,32.49,14.63,22.75,21.78,2.92,2001,10,17.86
2001-10-17,0.0,33.4,14.8,23.58,18.36,2.48,2001,10,18.599999999999998
2001-10-18,0.0,33.08,14.84,23.82,17.2,2.36,2001,10,18.24
2001-10-19,0.0,33.37,16.28,24.16,18.72,2.57,2001,10,17.089999999999996
2001-10-20,0.0,34.27,17.37,25.39,18.69,2.44,2001,10,16.900000000000002
2001-10-21,0.0,33.91,17.24,24.89,19.35,2.42,2001,10,16.669999999999998
2001-10-22,0.0,33.2,17.07,24.32,20.34,2.62,2001,10,16.130000000000003
2001-10-23,0.0,34.13,17.29,24.38,20.56,2.91,2001,10,16.840000000000003
2001-10-24,0.0,35.25,16.84,25.36,19.06,2.73,2001,10,18.41
2001-10-25,0.0,34.41,17.34,24.79,18.66,3.05,2001,10,17.069999999999997
2001-10-26,0.0,35.39,16.79,25.4,14.0,2.66,2001,10,18.6
2001-10-27,0.0,34.87,15.75,24.6,13.29,2.76,2001,10,19.119999999999997
2001-10-28,0.0,33.35,16.6,24.35,14.65,2.72,2001,10,16.75
2001-10-29,0.0,31.76,16.32,23.46,18.83,2.47,2001,10,15.440000000000001
2001-10-30,0.04,32.15,16.23,22.96,22.81,3.06,2001,10,15.919999999999998
2001-10-31,0.05,32.42,16.33,23.29,24.93,2.91,2001,10,16.090000000000003
2001-11-01,1.64,30.29,17.34,23.01,28.67,3.13,2001,11,12.95
2001-11-02,1.27,30.77,17.71,22.92,29.44,4.74,2001,11,13.059999999999999
2001-11-03,2.47,28.41,15.33,21.16,35.5,3.09,2001,11,13.08
2001-11-04,0.0,28.14,12.8,19.75,35.47,2.16,2001,11,15.34
2001-11-05,0.1,28.03,13.8,20.48,30.5,2.1,2001,11,14.23
2001-11-06,0.0,27.09,12.27,19.21,31.57,2.52,2001,11,14.82
2001-11-07,0.01,26.83,11.7,17.74,29.09,3.34,2001,11,15.129999999999999
2001-11-08,0.28,27.71,10.49,17.87,28.12,3.19,2001,11,17.22
2001-11-09,0.0,28.45,10.69,18.56,21.85,2.7,2001,11,17.759999999999998
2001-11-10,0.0,27.87,12.23,20.04,19.94,1.74,2001,11,15.64
2001-11-11,0.0,27.68,13.01,19.19,23.78,2.12,2001,11,14.67
2001-11-12,0.0,29.16,11.42,18.65,24.01,3.8,2001,11,17.740000000000002
2001-11-13,2.86,31.01,11.54,19.5,27.3,3.65,2001,11,19.470000000000002
2001-11-14,0.0,31.27,13.63,21.32,22.18,2.29,2001,11,17.64
2001-11-15,0.0,29.55,12.38,20.44,23.0,2.29,2001,11,17.17
2001-11-16,0.0,29.1,13.15,19.39,26.27,2.54,2001,11,15.950000000000001
2001-11-17,0.0,29.18,12.35,18.9,26.09,3.3,2001,11,16.83
2001-11-18,0.0,29.57,13.49,19.6,20.06,2.92,2001,11,16.08
2001-11-19,0.0,29.15,15.23,20.7,18.05,1.68,2001,11,13.919999999999998
2001-11-20,0.0,27.55,11.36,18.34,22.73,2.47,2001,11,16.19
2001-11-21,0.0,27.76,12.29,18.31,24.78,3.08,2001,11,15.470000000000002
2001-11-22,0.0,28.15,12.11,18.33,22.96,2.87,2001,11,16.04
2001-11-23,0.0,28.1,11.8,18.21,21.8,3.15,2001,11,16.3
2001-11-24,0.0,28.03,11.39,18.62,18.41,2.03,2001,11,16.64
2001-11-25,0.0,26.1,9.99,16.55,22.31,2.65,2001,11,16.11
2001-11-26,0.0,24.65,11.01,16.39,22.26,2.48,2001,11,13.639999999999999
2001-11-27,0.0,24.31,8.83,15.82,23.06,2.53,2001,11,15.479999999999999
2001-11-28,0.0,22.67,11.53,15.96,22.3,1.85,2001,11,11.140000000000002
2001-11-29,0.0,24.11,10.68,15.98,23.09,2.28,2001,11,13.43
2001-11-30,0.0,24.85,8.91,15.36,24.75,3.06,2001,11,15.940000000000001
2001-12-01,0.0,24.77,12.6,16.71,22.77,2.36,2001,12,12.17
2001-12-02,0.0,24.8,11.25,16.4,22.78,2.33,2001,12,13.55
2001-12-03,0.0,22.9,12.34,15.71,28.07,2.95,2001,12,10.559999999999999
2001-12-04,0.01,25.19,10.23,16.03,34.55,2.81,2001,12,14.96
2001-12-05,0.02,25.01,9.47,15.8,32.13,2.6,2001,12,15.540000000000001
2001-12-06,0.0,25.42,12.24,16.96,20.86,2.3,2001,12,13.180000000000001
2001-12-07,0.0,26.1,13.28,18.03,19.41,2.26,2001,12,12.820000000000002
2001-12-08,0.0,24.56,10.85,16.21,22.8,2.79,2001,12,13.709999999999999
2001-12-09,0.0,24.84,8.5,16.1,17.01,2.45,2001,12,16.34
2001-12-10,0.0,21.79,8.05,14.02,20.1,3.36,2001,12,13.739999999999998
2001-12-11,0.1,22.45,8.99,14.64,26.12,2.74,2001,12,13.459999999999999
2001-12-12,0.11,23.07,8.27,14.07,29.69,2.61,2001,12,14.8
2001-12-13,0.12,23.71,11.1,15.54,26.8,2.78,2001,12,12.610000000000001
2001-12-14,0.39,19.99,11.19,14.17,54.16,3.19,2001,12,8.799999999999999
2001-12-15,0.0,18.58,8.47,13.1,65.58,2.52,2001,12,10.109999999999998
2001-12-16,0.04,20.53,8.12,13.1,55.46,2.44,2001,12,12.410000000000002
2001-12-17,0.03,16.15,10.42,12.94,42.47,2.28,2001,12,5.729999999999999
2001-12-18,0.48,14.03,6.8,10.32,66.1,2.77,2001,12,7.2299999999999995
2001-12-19,0.0,21.92,6.71,12.2,54.87,2.44,2001,12,15.21
2001-12-20,0.0,21.88,6.18,11.96,26.99,3.28,2001,12,15.7
2001-12-21,0.0,23.17,9.08,14.13,12.91,2.01,2001,12,14.090000000000002
2001-12-22,0.0,22.93,10.13,15.1,12.78,1.67,2001,12,12.799999999999999
2001-12-23,0.0,22.73,10.35,15.18,12.92,1.42,2001,12,12.38
2001-12-24,0.0,23.43,9.27,15.15,15.88,1.92,2001,12,14.16
2001-12-25,0.0,24.48,9.87,15.38,19.45,2.2,2001,12,14.610000000000001
2001-12-26,0.0,22.59,9.57,14.19,23.2,2.42,2001,12,13.02
2001-12-27,0.0,22.83,9.3,14.11,24.13,2.09,2001,12,13.529999999999998
2001-12-28,0.0,22.67,9.0,13.89,21.89,2.51,2001,12,13.670000000000002
2001-12-29,0.0,21.73,8.47,13.44,22.25,2.41,2001,12,13.26
2001-12-30,0.0,22.03,8.25,13.34,23.44,2.09,2001,12,13.780000000000001
2001-12-31,0.0,22.29,7.6,13.51,22.61,2.17,2001,12,14.69
2002-01-01,0.0,22.34,10.04,14.54,19.97,1.71,2002,1,12.3
2002-01-02,0.0,22.26,9.35,13.97,21.09,2.33,2002,1,12.910000000000002
2002-01-03,0.0,22.14,9.16,14.21,21.27,2.11,2002,1,12.98
2002-01-04,0.0,21.35,9.49,14.16,21.53,1.66,2002,1,11.860000000000001
2002-01-05,0.0,22.2,9.78,14.06,20.83,2.04,2002,1,12.42
2002-01-06,0.0,22.16,9.94,14.51,19.64,1.54,2002,1,12.22
2002-01-07,0.0,22.51,8.56,13.83,21.37,2.49,2002,1,13.950000000000001
2002-01-08,0.0,22.51,8.37,14.04,18.53,2.36,2002,1,14.140000000000002
2002-01-09,0.0,20.26,9.51,13.81,17.06,1.86,2002,1,10.750000000000002
2002-01-10,0.0,23.67,11.32,15.77,14.72,1.68,2002,1,12.350000000000001
2002-01-11,0.0,22.98,9.5,14.32,21.17,3.21,2002,1,13.48
2002-01-12,0.0,24.4,11.49,16.94,27.83,2.39,2002,1,12.909999999999998
2002-01-13,0.46,23.53,11.54,17.03,36.51,5.18,2002,1,11.990000000000002
2002-01-14,2.76,17.33,11.36,13.71,53.5,5.75,2002,1,5.969999999999999
2002-01-15,0.12,20.47,7.37,13.15,47.44,2.38,2002,1,13.099999999999998
2002-01-16,5.43,15.29,6.29,10.55,79.49,3.1,2002,1,9.0
2002-01-17,0.24,17.65,4.23,10.03,51.41,2.21,2002,1,13.419999999999998
2002-01-18,0.26,18.68,5.7,11.39,47.94,1.7,2002,1,12.98
2002-01-19,0.04,19.51,5.17,11.5,37.27,2.02,2002,1,14.340000000000002
2002-01-20,0.08,18.91,4.76,10.6,57.95,2.21,2002,1,14.15
2002-01-21,0.0,19.85,6.56,12.35,43.05,2.01,2002,1,13.290000000000003
2002-01-22,0.0,19.86,6.66,11.98,31.6,1.83,2002,1,13.2
2002-01-23,0.0,19.02,6.73,12.17,30.88,1.89,2002,1,12.29
2002-01-24,0.0,19.9,6.43,12.22,30.2,2.01,2002,1,13.469999999999999
2002-01-25,0.0,18.56,5.21,10.53,37.26,2.57,2002,1,13.349999999999998
2002-01-26,0.0,18.49,4.28,10.58,37.29,1.98,2002,1,14.209999999999997
2002-01-27,0.0,19.51,5.37,11.13,30.69,2.47,2002,1,14.14
2002-01-28,0.0,19.46,4.46,10.66,24.11,2.49,2002,1,15.0
2002-01-29,0.0,20.12,5.14,11.13,20.26,2.31,2002,1,14.98
2002-01-30,0.0,20.39,5.73,11.82,17.54,2.41,2002,1,14.66
2002-01-31,0.0,21.01,7.02,12.86,17.21,1.91,2002,1,13.990000000000002
2002-02-01,0.03,20.56,5.02,12.05,21.81,2.43,2002,2,15.54
2002-02-02,0.2,18.86,6.21,11.66,29.28,2.82,2002,2,12.649999999999999
2002-02-03,0.0,20.95,3.27,10.83,28.43,3.6,2002,2,17.68
2002-02-04,0.0,21.49,5.73,12.37,15.77,1.9,2002,2,15.759999999999998
2002-02-05,0.0,21.11,4.28,12.38,16.88,3.22,2002,2,16.83
2002-02-06,0.12,19.49,5.21,11.74,25.09,3.68,2002,2,14.279999999999998
2002-02-07,1.69,17.65,4.43,10.72,33.44,4.4,2002,2,13.219999999999999
2002-02-08,0.01,16.79,3.59,8.88,29.3,2.06,2002,2,13.2
2002-02-09,0.0,17.52,3.74,10.01,25.43,1.5,2002,2,13.78
2002-02-10,0.0,21.77,1.76,10.9,24.22,2.64,2002,2,20.009999999999998
2002-02-11,0.0,24.36,6.67,13.98,23.05,2.63,2002,2,17.689999999999998
2002-02-12,0.0,19.04,3.75,11.14,48.97,2.2,2002,2,15.29
2002-02-13,0.08,21.59,5.13,12.3,28.75,3.69,2002,2,16.46
2002-02-14,0.0,25.33,8.43,16.1,18.14,2.07,2002,2,16.9
2002-02-15,0.1,26.59,10.95,17.34,19.8,2.46,2002,2,15.64
2002-02-16,0.06,25.34,11.72,18.18,30.17,1.72,2002,2,13.62
2002-02-17,0.16,24.75,10.29,17.28,33.95,2.91,2002,2,14.46
2002-02-18,0.0,25.65,8.97,16.28,31.99,2.68,2002,2,16.68
2002-02-19,0.0,26.62,10.09,17.41,26.13,3.1,2002,2,16.53
2002-02-20,0.0,26.76,12.8,18.81,21.55,2.15,2002,2,13.96
2002-02-21,10.08,23.77,11.76,17.7,31.75,1.92,2002,2,12.01
2002-02-22,17.0,19.8,11.06,13.56,68.68,4.28,2002,2,8.74
2002-02-23,0.48,21.17,9.64,14.65,71.11,2.69,2002,2,11.530000000000001
2002-02-24,0.01,22.54,8.42,14.55,55.46,2.3,2002,2,14.12
2002-02-25,0.02,22.71,7.95,14.8,42.36,2.03,2002,2,14.760000000000002
2002-02-26,0.69,18.92,8.24,12.52,53.23,3.06,2002,2,10.680000000000001
2002-02-27,0.0,24.85,7.42,15.09,45.06,2.75,2002,2,17.43
2002-02-28,0.01,24.41,9.36,15.83,47.28,2.24,2002,2,15.05
2002-03-01,0.18,13.12,10.51,11.97,75.87,4.05,2002,3,2.6099999999999994
2002-03-02,0.23,18.17,9.24,13.09,67.85,1.64,2002,3,8.930000000000001
2002-03-03,0.0,23.01,7.97,14.43,55.93,2.84,2002,3,15.040000000000003
2002-03-04,0.0,25.29,7.53,15.77,41.37,3.37,2002,3,17.759999999999998
2002-03-05,0.0,27.41,8.97,17.14,34.69,3.02,2002,3,18.439999999999998
2002-03-06,0.0,28.3,10.31,18.61,30.32,2.25,2002,3,17.990000000000002
2002-03-07,0.0,25.76,13.74,18.31,34.71,2.49,2002,3,12.020000000000001
2002-03-08,0.1,26.65,12.64,18.56,37.1,3.23,2002,3,14.009999999999998
2002-03-09,9.16,23.4,11.54,16.2,56.86,2.78,2002,3,11.86
2002-03-10,0.61,24.85,10.23,16.63,52.68,2.27,2002,3,14.620000000000001
2002-03-11,0.12,26.21,8.76,16.43,44.85,2.9,2002,3,17.450000000000003
2002-03-12,0.0,27.53,12.48,18.43,39.28,2.67,2002,3,15.05
2002-03-13,0.0,28.88,12.45,19.49,35.65,2.92,2002,3,16.43
2002-03-14,0.0,29.2,12.03,19.36,37.1,2.92,2002,3,17.17
2002-03-15,0.0,29.87,11.95,20.25,36.04,2.98,2002,3,17.92
2002-03-16,0.0,31.74,12.7,21.91,33.77,3.05,2002,3,19.04
2002-03-17,0.0,33.18,13.61,22.55,32.69,3.21,2002,3,19.57
2002-03-18,3.52,33.63,13.99,23.04,35.73,3.26,2002,3,19.64
2002-03-19,0.0,34.7,16.99,24.75,33.48,2.83,2002,3,17.710000000000004
2002-03-20,1.16,29.98,17.56,23.37,34.41,2.95,2002,3,12.420000000000002
2002-03-21,9.3,30.47,16.84,21.91,50.81,3.28,2002,3,13.629999999999999
2002-03-22,0.68,28.98,14.6,20.94,49.41,3.14,2002,3,14.38
2002-03-23,0.13,31.91,15.21,23.6,41.75,2.38,2002,3,16.7
2002-03-24,8.96,29.8,13.72,20.64,48.07,4.94,2002,3,16.08
2002-03-25,0.05,27.99,12.22,19.21,48.77,2.82,2002,3,15.769999999999998
2002-03-26,0.0,29.52,11.97,20.06,42.6,2.58,2002,3,17.549999999999997
2002-03-27,0.0,32.03,12.67,21.66,36.96,2.95,2002,3,19.36
2002-03-28,0.0,33.1,14.53,22.98,32.99,3.18,2002,3,18.57
2002-03-29,0.02,33.25,13.98,23.12,33.41,3.21,2002,3,19.27
2002-03-30,0.11,35.24,15.73,23.89,32.65,3.81,2002,3,19.51
2002-03-31,0.09,33.9,17.21,24.68,32.91,3.2,2002,3,16.689999999999998
2002-04-01,0.01,32.0,16.61,23.24,42.05,3.6,2002,4,15.39
2002-04-02,0.0,32.44,13.96,22.48,31.27,2.8,2002,4,18.479999999999997
2002-04-03,0.0,33.21,14.53,23.15,22.33,3.47,2002,4,18.68
2002-04-04,0.03,32.55,16.56,24.57,17.22,2.34,2002,4,15.989999999999998
2002-04-05,0.61,29.38,18.54,23.04,24.93,4.47,2002,4,10.84
2002-04-06,6.36,28.31,16.9,22.22,39.77,4.16,2002,4,11.41
2002-04-07,1.12,30.29,15.12,21.57,48.39,3.16,2002,4,15.17
2002-04-08,0.0,31.62,15.32,22.82,39.87,3.01,2002,4,16.3
2002-04-09,0.15,33.38,15.45,23.95,35.24,2.76,2002,4,17.930000000000003
2002-04-10,0.0,34.59,16.78,25.38,27.62,3.16,2002,4,17.810000000000002
2002-04-11,0.0,37.09,16.84,26.82,21.63,3.36,2002,4,20.250000000000004
2002-04-12,0.0,37.52,17.12,27.14,19.8,3.56,2002,4,20.400000000000002
2002-04-13,0.0,37.9,21.63,29.27,18.64,2.79,2002,4,16.27
2002-04-14,0.0,37.68,24.24,29.9,17.81,2.02,2002,4,13.440000000000001
2002-04-15,0.98,37.35,22.69,29.27,21.43,3.62,2002,4,14.66
2002-04-16,0.2,36.12,20.14,27.65,26.25,2.92,2002,4,15.979999999999997
2002-04-17,0.05,37.19,20.88,28.1,23.24,3.05,2002,4,16.31
2002-04-18,0.0,37.85,19.04,28.08,20.24,3.69,2002,4,18.810000000000002
2002-04-19,0.0,39.79,22.23,30.11,16.17,3.3,2002,4,17.56
2002-04-20,0.0,41.27,20.68,30.97,15.35,3.33,2002,4,20.590000000000003
2002-04-21,0.0,41.08,22.65,31.53,16.67,3.42,2002,4,18.43
2002-04-22,0.27,41.41,22.35,31.73,16.98,2.86,2002,4,19.059999999999995
2002-04-23,1.09,34.94,22.79,28.64,26.27,3.58,2002,4,12.149999999999999
2002-04-24,2.93,36.17,19.09,27.93,32.55,4.06,2002,4,17.080000000000002
2002-04-25,3.71,34.02,19.49,26.52,35.12,2.99,2002,4,14.530000000000005
2002-04-26,0.56,33.77,15.76,24.97,32.05,2.77,2002,4,18.010000000000005
2002-04-27,0.02,36.19,18.09,26.92,22.91,3.36,2002,4,18.099999999999998
2002-04-28,0.04,34.13,16.78,25.34,17.37,4.58,2002,4,17.35
2002-04-29,0.06,34.79,15.83,25.68,14.5,3.03,2002,4,18.96
2002-04-30,0.06,36.91,19.27,27.31,16.27,4.26,2002,4,17.639999999999997
2002-05-01,0.02,35.27,19.25,27.31,25.79,3.28,2002,5,16.020000000000003
2002-05-02,0.03,39.44,21.59,29.94,21.78,4.23,2002,5,17.849999999999998
2002-05-03,0.0,38.24,21.33,30.0,19.41,3.57,2002,5,16.910000000000004
2002-05-04,0.0,40.53,22.51,31.4,19.39,3.85,2002,5,18.02
2002-05-05,0.03,41.84,23.95,32.61,16.4,3.06,2002,5,17.890000000000004
2002-05-06,0.2,42.77,23.86,33.17,14.57,3.38,2002,5,18.910000000000004
2002-05-07,0.08,42.22,23.73,32.78,13.93,3.41,2002,5,18.49
2002-05-08,0.08,42.47,23.9,33.23,13.75,3.37,2002,5,18.57
2002-05-09,0.0,43.74,24.82,33.96,11.6,3.5,2002,5,18.92
2002-05-10,0.02,43.43,24.31,33.84,11.23,4.33,2002,5,19.12
2002-05-11,0.0,45.3,24.15,34.72,8.85,3.5,2002,5,21.15
2002-05-12,0.0,45.69,24.74,36.14,5.68,2.26,2002,5,20.95
2002-05-13,0.15,44.8,25.45,35.59,8.41,4.61,2002,5,19.349999999999998
2002-05-14,0.0,44.96,28.43,36.77,14.93,5.45,2002,5,16.53
2002-05-15,6.1,41.55,27.88,34.44,27.39,3.21,2002,5,13.669999999999998
2002-05-16,0.0,41.95,24.88,33.58,22.96,3.79,2002,5,17.070000000000004
2002-05-17,0.0,43.11,24.74,33.59,14.65,4.11,2002,5,18.37
2002-05-18,0.0,42.13,24.21,32.58,10.1,3.65,2002,5,17.92
2002-05-19,0.0,41.48,24.07,31.98,8.34,3.44,2002,5,17.409999999999997
2002-05-20,0.0,40.85,21.18,31.56,6.5,3.09,2002,5,19.67
2002-05-21,0.0,41.46,24.86,33.26,5.98,2.24,2002,5,16.6
2002-05-22,0.0,44.07,24.83,34.98,6.4,2.4,2002,5,19.240000000000002
2002-05-23,0.0,42.92,28.11,35.22,13.3,4.63,2002,5,14.810000000000002
2002-05-24,0.0,44.45,25.55,35.46,10.7,3.03,2002,5,18.900000000000002
2002-05-25,0.0,44.29,26.0,36.26,7.28,2.4,2002,5,18.29
2002-05-26,0.0,44.11,25.3,35.54,6.0,2.41,2002,5,18.81
2002-05-27,0.0,43.23,24.94,34.94,7.56,2.26,2002,5,18.289999999999996
2002-05-28,1.31,40.49,26.48,33.42,17.89,3.76,2002,5,14.010000000000002
2002-05-29,1.66,38.24,26.43,31.78,33.23,2.39,2002,5,11.810000000000002
2002-05-30,0.0,39.03,23.56,31.64,26.46,2.69,2002,5,15.470000000000002
2002-05-31,0.06,41.48,25.71,33.76,20.41,2.18,2002,5,15.769999999999996
2002-06-01,0.85,41.29,25.21,33.73,16.98,2.28,2002,6,16.08
2002-06-02,0.0,41.42,25.17,33.98,17.07,2.21,2002,6,16.25
2002-06-03,2.82,41.33,27.23,34.28,19.17,1.76,2002,6,14.099999999999998
2002-06-04,0.0,42.43,26.54,34.83,18.52,1.94,2002,6,15.89
2002-06-05,0.0,44.06,26.2,36.09,16.38,2.3,2002,6,17.860000000000003
2002-06-06,0.64,43.91,27.78,36.11,15.48,2.41,2002,6,16.129999999999995
2002-06-07,0.0,45.56,26.67,36.39,9.33,3.01,2002,6,18.89
2002-06-08,0.0,47.02,28.28,38.11,10.03,2.44,2002,6,18.740000000000002
2002-06-09,0.0,46.76,27.68,37.79,13.97,4.19,2002,6,19.08
2002-06-10,0.53,44.57,29.37,36.98,18.83,3.03,2002,6,15.2
2002-06-11,0.0,44.93,28.66,36.68,14.59,2.53,2002,6,16.27
2002-06-12,0.03,43.69,27.06,36.08,11.9,2.23,2002,6,16.63
2002-06-13,0.0,43.75,26.44,35.94,11.36,2.35,2002,6,17.31
2002-06-14,5.01,42.56,26.5,34.57,17.77,2.78,2002,6,16.060000000000002
2002-06-15,1.67,43.39,25.91,35.48,17.98,2.43,2002,6,17.48
2002-06-16,5.09,41.44,27.35,34.16,22.4,3.58,2002,6,14.089999999999996
2002-06-17,28.92,35.33,25.54,29.95,50.98,3.86,2002,6,9.79
2002-06-18,0.44,38.03,23.44,31.26,39.68,2.6,2002,6,14.59
2002-06-19,9.29,35.61,26.26,30.87,46.1,1.94,2002,6,9.349999999999998
2002-06-20,0.0,38.11,24.5,31.49,47.73,2.31,2002,6,13.61
2002-06-21,0.0,39.92,24.65,32.69,40.24,2.6,2002,6,15.270000000000003
2002-06-22,0.0,43.53,24.55,34.85,34.09,2.28,2002,6,18.98
2002-06-23,0.16,44.32,27.13,35.71,32.57,3.74,2002,6,17.19
2002-06-24,15.01,40.33,28.05,33.48,44.0,3.08,2002,6,12.279999999999998
2002-06-25,2.08,39.75,26.73,33.1,43.58,2.27,2002,6,13.02
2002-06-26,0.17,39.58,26.68,33.42,39.26,1.67,2002,6,12.899999999999999
2002-06-27,0.1,40.38,25.46,33.7,38.51,1.66,2002,6,14.920000000000002
2002-06-28,0.71,40.51,26.4,34.0,37.83,2.16,2002,6,14.11
2002-06-29,0.16,41.67,26.1,33.93,40.08,2.35,2002,6,15.57
2002-06-30,0.0,43.02,26.63,35.4,32.39,2.47,2002,6,16.390000000000004
2002-07-01,0.0,44.6,27.54,36.37,23.6,2.52,2002,7,17.060000000000002
2002-07-02,0.0,45.58,28.01,37.19,17.97,2.4,2002,7,17.569999999999997
2002-07-03,0.0,46.1,27.31,37.0,17.51,2.59,2002,7,18.790000000000003
2002-07-04,0.0,44.71,28.57,37.21,21.09,1.86,2002,7,16.14
2002-07-05,0.14,43.16,28.84,36.02,20.46,2.13,2002,7,14.319999999999997
2002-07-06,2.78,41.6,27.28,34.63,30.7,2.34,2002,7,14.32
2002-07-07,4.31,40.16,27.52,33.94,29.1,2.53,2002,7,12.639999999999997
2002-07-08,0.15,41.19,25.5,34.21,29.42,1.79,2002,7,15.689999999999998
2002-07-09,0.0,42.34,27.01,34.72,25.32,2.64,2002,7,15.330000000000002
2002-07-10,2.16,41.48,27.23,34.19,27.43,2.31,2002,7,14.249999999999996
2002-07-11,0.01,42.21,26.32,34.67,22.2,2.55,2002,7,15.89
2002-07-12,0.0,42.77,26.22,35.16,18.13,2.08,2002,7,16.550000000000004
2002-07-13,0.06,43.97,27.43,35.9,17.28,2.24,2002,7,16.54
2002-07-14,0.0,44.19,27.13,36.29,16.75,2.2,2002,7,17.06
2002-07-15,0.07,43.68,29.27,36.85,17.78,1.76,2002,7,14.41
2002-07-16,0.0,44.39,29.71,37.41,17.4,1.61,2002,7,14.68
2002-07-17,0.06,44.57,29.6,37.63,17.92,2.18,2002,7,14.969999999999999
2002-07-18,2.63,43.34,29.66,36.56,21.08,2.08,2002,7,13.680000000000003
2002-07-19,0.02,43.48,29.08,36.77,20.39,1.86,2002,7,14.399999999999999
2002-07-20,5.39,44.36,29.48,36.82,23.41,1.86,2002,7,14.879999999999999
2002-07-21,2.38,42.54,28.44,34.99,28.76,2.19,2002,7,14.099999999999998
2002-07-22,1.46,40.28,27.11,33.92,32.36,1.51,2002,7,13.170000000000002
2002-07-23,6.13,39.49,26.35,32.88,40.34,2.01,2002,7,13.14
2002-07-24,0.04,41.03,26.19,33.88,36.47,1.77,2002,7,14.84
2002-07-25,18.7,39.84,28.04,33.77,42.48,1.5,2002,7,11.800000000000004
2002-07-26,1.62,39.27,26.41,32.93,43.5,1.76,2002,7,12.860000000000003
2002-07-27,0.08,39.67,25.63,33.11,41.13,2.01,2002,7,14.040000000000003
2002-07-28,4.77,38.81,27.2,32.97,45.29,1.83,2002,7,11.610000000000003
2002-07-29,0.49,40.55,26.41,33.23,42.02,2.14,2002,7,14.139999999999997
2002-07-30,5.66,38.6,25.38,32.67,40.31,2.06,2002,7,13.220000000000002
2002-07-31,0.0,40.12,25.92,33.3,37.83,1.94,2002,7,14.199999999999996
2002-08-01,0.01,40.32,25.87,33.52,35.33,1.61,2002,8,14.45
2002-08-02,0.0,41.07,25.36,33.9,32.16,1.56,2002,8,15.71
2002-08-03,0.08,42.71,25.73,34.48,30.88,2.11,2002,8,16.98
2002-08-04,1.44,39.87,26.69,32.99,36.32,3.53,2002,8,13.179999999999996
2002-08-05,1.03,40.06,26.75,33.35,38.04,1.73,2002,8,13.310000000000002
2002-08-06,0.15,41.29,27.24,34.53,35.71,1.73,2002,8,14.05
2002-08-07,0.71,41.27,29.48,35.41,34.28,1.39,2002,8,11.790000000000003
2002-08-08,0.4,42.43,29.08,35.87,31.03,1.59,2002,8,13.350000000000001
2002-08-09,1.33,41.78,29.05,35.18,31.49,1.68,2002,8,12.73
2002-08-10,0.01,42.19,29.07,35.8,33.01,1.76,2002,8,13.119999999999997
2002-08-11,0.15,43.25,29.97,36.51,29.45,2.16,2002,8,13.280000000000001
2002-08-12,2.97,42.33,29.9,35.68,34.33,3.05,2002,8,12.43
2002-08-13,12.74,34.54,26.63,30.69,63.87,3.76,2002,8,7.91
2002-08-14,10.45,34.5,23.41,28.83,63.8,3.42,2002,8,11.09
2002-08-15,0.81,34.0,24.47,28.82,63.87,2.57,2002,8,9.530000000000001
2002-08-16,0.06,38.48,23.71,31.37,45.42,2.21,2002,8,14.769999999999996
2002-08-17,0.0,39.16,24.36,31.94,43.04,1.92,2002,8,14.799999999999997
2002-08-18,0.57,39.84,26.59,32.95,41.94,1.63,2002,8,13.250000000000004
2002-08-19,0.99,40.3,26.34,33.51,36.9,1.45,2002,8,13.959999999999997
2002-08-20,0.57,41.27,26.34,33.26,38.25,1.8,2002,8,14.930000000000003
2002-08-21,0.67,39.88,26.12,32.57,37.38,2.88,2002,8,13.760000000000002
2002-08-22,4.68,36.65,25.91,30.6,50.83,3.04,2002,8,10.739999999999998
2002-08-23,0.83,37.55,25.51,31.39,50.8,1.51,2002,8,12.039999999999996
2002-08-24,0.27,38.41,25.95,31.78,51.06,1.86,2002,8,12.459999999999997
2002-08-25,9.43,35.3,26.45,30.53,60.39,1.82,2002,8,8.849999999999998
2002-08-26,8.47,34.91,25.89,29.84,66.03,1.74,2002,8,9.019999999999996
2002-08-27,5.05,35.82,24.85,30.34,62.81,1.75,2002,8,10.969999999999999
2002-08-28,1.66,38.14,25.99,31.77,54.16,2.05,2002,8,12.150000000000002
2002-08-29,7.79,36.08,25.76,30.71,59.85,1.85,2002,8,10.319999999999997
2002-08-30,20.99,32.83,24.95,28.52,71.2,2.0,2002,8,7.879999999999999
2002-08-31,1.95,34.82,25.54,30.14,61.37,1.5,2002,8,9.280000000000001
2002-09-01,15.45,34.79,24.17,29.45,63.09,1.62,2002,9,10.619999999999997
2002-09-02,19.26,31.88,23.58,27.71,68.68,1.35,2002,9,8.3
2002-09-03,1.39,32.03,22.54,27.07,66.21,2.17,2002,9,9.490000000000002
2002-09-04,1.54,31.19,22.39,26.6,66.5,2.42,2002,9,8.8
2002-09-05,0.14,33.51,20.08,27.2,49.35,1.5,2002,9,13.43
2002-09-06,0.0,34.27,19.36,27.2,46.0,1.96,2002,9,14.910000000000004
2002-09-07,0.0,35.24,20.85,28.47,46.04,2.14,2002,9,14.39
2002-09-08,0.73,34.51,21.83,28.19,51.3,1.76,2002,9,12.68
2002-09-09,0.17,34.52,21.43,28.14,51.33,1.58,2002,9,13.090000000000003
2002-09-10,0.18,35.0,22.91,28.71,47.73,1.78,2002,9,12.09
2002-09-11,0.0,34.74,22.06,28.52,46.45,1.61,2002,9,12.680000000000003
2002-09-12,0.0,35.95,21.23,28.64,41.56,1.97,2002,9,14.720000000000002
2002-09-13,0.35,35.13,20.36,27.17,52.06,2.52,2002,9,14.770000000000003
2002-09-14,3.32,32.26,21.27,26.25,69.98,2.35,2002,9,10.989999999999998
2002-09-15,0.01,34.43,21.81,27.54,61.87,1.76,2002,9,12.620000000000001
2002-09-16,2.95,34.37,22.07,27.82,60.35,2.09,2002,9,12.299999999999997
2002-09-17,3.42,33.05,21.86,26.69,60.66,2.32,2002,9,11.189999999999998
2002-09-18,0.5,32.55,20.74,26.44,59.45,1.71,2002,9,11.809999999999999
2002-09-19,0.08,33.46,21.69,27.33,49.74,1.71,2002,9,11.77
2002-09-20,0.0,34.65,20.99,27.51,48.68,1.98,2002,9,13.66
2002-09-21,0.0,36.13,20.37,28.44,40.81,2.03,2002,9,15.760000000000002
2002-09-22,0.0,36.23,19.37,27.36,41.5,2.09,2002,9,16.859999999999996
2002-09-23,0.0,35.54,19.75,27.37,39.12,2.05,2002,9,15.79
2002-09-24,0.02,34.96,20.09,26.86,41.09,2.05,2002,9,14.870000000000001
2002-09-25,1.86,34.07,19.0,26.77,38.6,1.88,2002,9,15.07
2002-09-26,0.0,34.72,19.07,26.67,37.99,2.59,2002,9,15.649999999999999
2002-09-27,0.0,34.26,18.59,26.37,36.87,2.31,2002,9,15.669999999999998
2002-09-28,0.0,35.2,18.93,27.1,35.32,1.96,2002,9,16.270000000000003
2002-09-29,0.0,35.52,19.87,27.37,32.32,2.04,2002,9,15.650000000000002
2002-09-30,0.0,35.41,19.97,27.51,28.85,1.92,2002,9,15.439999999999998
2002-10-01,0.0,36.31,20.74,27.73,25.48,2.23,2002,10,15.570000000000004
2002-10-02,0.0,36.67,19.03,27.85,23.0,2.14,2002,10,17.64
2002-10-03,0.0,37.02,19.3,28.1,22.31,1.91,2002,10,17.720000000000002
2002-10-04,0.0,37.16,21.79,28.25,21.76,1.96,2002,10,15.369999999999997
2002-10-05,0.0,37.01,19.27,27.57,22.66,2.23,2002,10,17.74
2002-10-06,0.0,36.42,19.54,26.91,23.63,2.36,2002,10,16.880000000000003
2002-10-07,0.0,36.27,18.49,26.86,23.44,2.29,2002,10,17.780000000000005
2002-10-08,0.0,35.73,19.8,27.47,23.79,1.81,2002,10,15.929999999999996
2002-10-09,1.74,35.1,19.76,26.69,28.6,2.13,2002,10,15.34
2002-10-10,0.0,33.5,19.04,25.73,30.49,2.37,2002,10,14.46
2002-10-11,0.0,32.11,18.74,24.82,31.58,2.02,2002,10,13.370000000000001
2002-10-12,0.0,31.96,18.76,24.31,34.4,2.26,2002,10,13.2
2002-10-13,12.64,29.12,17.09,22.63,52.89,2.01,2002,10,12.030000000000001
2002-10-14,1.12,30.05,16.93,22.77,55.2,2.07,2002,10,13.120000000000001
2002-10-15,0.0,31.16,17.12,23.64,50.71,1.85,2002,10,14.04
2002-10-16,0.0,31.34,17.39,24.35,47.75,1.85,2002,10,13.95
2002-10-17,0.15,31.97,17.61,24.63,46.14,1.95,2002,10,14.36
2002-10-18,0.0,31.65,17.4,24.19,42.1,2.23,2002,10,14.25
2002-10-19,0.0,32.64,17.81,24.51,36.25,1.88,2002,10,14.830000000000002
2002-10-20,0.02,32.45,15.88,23.79,34.96,2.1,2002,10,16.57
2002-10-21,1.22,31.5,15.66,22.49,38.2,2.52,2002,10,15.84
2002-10-22,0.3,29.74,17.0,22.28,38.95,2.04,2002,10,12.739999999999998
2002-10-23,0.0,30.33,16.11,22.87,36.82,1.8,2002,10,14.219999999999999
2002-10-24,0.0,29.6,14.49,21.69,37.23,2.12,2002,10,15.110000000000001
2002-10-25,0.0,31.05,15.48,22.47,31.85,2.68,2002,10,15.57
2002-10-26,0.0,31.46,14.77,22.35,28.14,2.69,2002,10,16.69
2002-10-27,0.0,30.75,14.87,22.59,26.85,2.36,2002,10,15.88
2002-10-28,0.0,31.63,16.43,22.93,26.13,2.4,2002,10,15.2
2002-10-29,0.0,30.97,15.35,22.95,27.17,2.2,2002,10,15.62
2002-10-30,0.0,30.87,16.11,23.3,28.86,1.78,2002,10,14.760000000000002
2002-10-31,0.0,30.38,16.04,22.52,30.4,2.31,2002,10,14.34
2002-11-01,0.0,30.63,15.95,22.14,30.64,2.64,2002,11,14.68
2002-11-02,0.0,30.78,14.43,22.0,26.65,2.56,2002,11,16.35
2002-11-03,0.0,30.15,14.33,21.99,23.32,2.14,2002,11,15.819999999999999
2002-11-04,0.0,26.37,14.36,20.5,24.87,1.88,2002,11,12.010000000000002
2002-11-05,0.0,29.43,16.36,21.71,26.64,2.69,2002,11,13.07
2002-11-06,0.0,28.82,16.0,21.71,34.72,2.39,2002,11,12.82
2002-11-07,0.2,25.05,15.48,19.0,51.49,2.39,2002,11,9.57
2002-11-08,0.0,27.35,15.32,20.24,39.68,1.92,2002,11,12.030000000000001
2002-11-09,0.0,27.88,13.41,20.15,35.4,2.29,2002,11,14.469999999999999
2002-11-10,0.01,21.91,15.2,17.78,45.66,2.67,2002,11,6.710000000000001
2002-11-11,0.21,26.72,14.26,19.28,35.47,1.99,2002,11,12.459999999999999
2002-11-12,0.0,22.96,13.41,17.23,41.47,2.5,2002,11,9.55
2002-11-13,0.0,25.57,12.38,17.9,41.15,2.39,2002,11,13.19
2002-11-14,0.0,26.88,13.26,18.58,32.23,3.08,2002,11,13.62
2002-11-15,0.0,27.73,14.19,19.76,23.89,2.27,2002,11,13.540000000000001
2002-11-16,0.0,28.24,13.37,19.64,24.39,3.02,2002,11,14.87
2002-11-17,0.0,28.17,14.09,20.02,26.4,2.93,2002,11,14.080000000000002
2002-11-18,0.0,28.97,13.02,19.79,24.12,2.67,2002,11,15.95
2002-11-19,0.0,26.81,12.46,18.26,25.09,3.38,2002,11,14.349999999999998
2002-11-20,0.0,27.98,12.2,18.64,15.03,2.69,2002,11,15.780000000000001
2002-11-21,0.0,27.42,12.17,18.27,12.71,2.41,2002,11,15.250000000000002
2002-11-22,0.0,27.4,11.29,17.78,14.14,2.95,2002,11,16.11
2002-11-23,0.0,27.91,12.54,18.51,13.74,2.32,2002,11,15.370000000000001
2002-11-24,0.0,27.39,13.25,18.49,14.44,2.29,2002,11,14.14
2002-11-25,0.0,26.99,11.05,17.79,12.16,2.31,2002,11,15.939999999999998
2002-11-26,0.0,26.95,11.21,18.37,12.29,1.91,2002,11,15.739999999999998
2002-11-27,0.0,25.89,10.82,17.23,14.03,2.14,2002,11,15.07
2002-11-28,8.64,23.72,9.41,15.68,30.62,2.19,2002,11,14.309999999999999
2002-11-29,0.0,23.68,10.53,15.83,28.25,2.08,2002,11,13.15
2002-11-30,0.0,24.03,11.24,16.34,29.23,2.61,2002,11,12.790000000000001
2002-12-01,0.0,24.04,9.55,14.9,34.05,2.79,2002,12,14.489999999999998
2002-12-02,0.0,23.11,11.39,15.99,28.42,2.16,2002,12,11.719999999999999
2002-12-03,0.0,21.66,9.6,14.66,31.34,2.17,2002,12,12.06
2002-12-04,0.01,20.81,8.24,13.35,33.37,3.24,2002,12,12.569999999999999
2002-12-05,0.02,19.55,7.77,11.92,39.97,2.61,2002,12,11.780000000000001
2002-12-06,0.0,19.99,6.41,11.45,32.42,2.61,2002,12,13.579999999999998
2002-12-07,0.0,22.16,7.12,13.18,28.07,2.14,2002,12,15.04
2002-12-08,0.0,21.95,7.67,12.96,23.03,2.46,2002,12,14.28
2002-12-09,0.0,23.92,6.66,13.63,17.23,3.0,2002,12,17.26
2002-12-10,0.0,24.79,12.51,17.08,13.85,1.59,2002,12,12.28
2002-12-11,0.0,22.64,11.56,16.04,16.64,2.1,2002,12,11.08
2002-12-12,0.0,19.22,10.09,13.06,29.74,2.17,2002,12,9.129999999999999
2002-12-13,0.01,22.23,11.53,15.34,43.04,2.89,2002,12,10.700000000000001
2002-12-14,0.1,22.21,11.53,15.66,52.23,3.42,2002,12,10.680000000000001
2002-12-15,0.0,24.66,12.27,17.25,51.15,2.65,2002,12,12.39
2002-12-16,0.0,24.55,13.64,18.43,39.05,1.99,2002,12,10.91
2002-12-17,0.0,24.32,10.54,16.1,39.61,2.64,2002,12,13.780000000000001
2002-12-18,0.02,23.58,10.75,16.02,35.08,2.2,2002,12,12.829999999999998
2002-12-19,0.78,21.09,11.01,15.29,45.15,2.82,2002,12,10.08
2002-12-20,2.8,19.32,8.92,13.16,56.18,2.48,2002,12,10.4
2002-12-21,0.0,22.43,7.54,13.24,48.79,3.02,2002,12,14.89
2002-12-22,0.0,22.91,9.83,14.87,30.94,2.31,2002,12,13.08
2002-12-23,1.79,19.17,9.69,13.15,41.73,2.56,2002,12,9.480000000000002
2002-12-24,8.11,15.37,8.94,11.59,68.87,1.83,2002,12,6.43
2002-12-25,0.0,17.99,6.96,11.31,69.75,2.19,2002,12,11.029999999999998
2002-12-26,0.2,17.41,8.03,11.63,58.24,1.62,2002,12,9.38
2002-12-27,0.0,18.83,6.21,10.71,56.07,2.66,2002,12,12.619999999999997
2002-12-28,0.0,18.72,6.24,10.7,44.76,2.76,2002,12,12.479999999999999
2002-12-29,0.0,19.06,5.85,11.21,36.24,1.82,2002,12,13.209999999999999
2002-12-30,0.0,16.96,5.3,10.26,42.74,2.24,2002,12,11.66
2002-12-31,0.0,19.9,4.81,10.47,39.46,3.57,2002,12,15.09
2003-01-01,0.0,19.4,6.01,11.58,32.49,1.75,2003,1,13.389999999999999
2003-01-02,0.0,17.8,5.39,10.01,36.59,2.31,2003,1,12.41
2003-01-03,0.0,16.46,4.19,8.89,40.96,3.61,2003,1,12.27
2003-01-04,0.0,19.48,6.41,10.92,34.54,2.96,2003,1,13.07
2003-01-05,0.0,20.89,8.02,12.86,27.89,1.68,2003,1,12.870000000000001
2003-01-06,0.0,18.86,7.12,12.18,30.0,1.42,2003,1,11.739999999999998
2003-01-07,0.0,18.76,6.06,10.36,36.48,2.82,2003,1,12.700000000000003
2003-01-08,0.0,18.15,5.18,10.09,31.91,2.22,2003,1,12.969999999999999
2003-01-09,0.0,17.88,6.16,10.1,32.2,2.15,2003,1,11.719999999999999
2003-01-10,0.0,19.25,5.15,10.08,34.87,2.91,2003,1,14.1
2003-01-11,0.0,20.21,7.16,11.96,25.97,1.91,2003,1,13.05
2003-01-12,0.0,18.95,5.27,11.62,30.69,2.13,2003,1,13.68
2003-01-13,0.0,21.03,5.02,10.94,30.68,3.32,2003,1,16.01
2003-01-14,0.0,22.06,8.95,13.34,22.45,2.37,2003,1,13.11
2003-01-15,0.0,21.57,9.67,14.43,22.53,1.64,2003,1,11.9
2003-01-16,0.0,21.25,9.48,13.88,27.63,2.55,2003,1,11.77
2003-01-17,0.0,23.0,10.03,15.01,25.68,2.02,2003,1,12.97
2003-01-18,0.0,19.36,10.53,14.67,23.8,1.33,2003,1,8.83
2003-01-19,0.0,22.61,9.24,14.21,20.46,1.96,2003,1,13.37
2003-01-20,0.0,22.51,9.17,13.85,19.19,2.13,2003,1,13.340000000000002
2003-01-21,0.0,18.72,9.27,12.63,22.2,2.37,2003,1,9.45
2003-01-22,0.0,23.05,10.24,14.88,19.49,2.39,2003,1,12.81
2003-01-23,0.0,23.2,8.9,14.53,28.69,2.51,2003,1,14.299999999999999
2003-01-24,0.0,22.81,6.96,13.75,28.13,2.81,2003,1,15.849999999999998
2003-01-25,0.0,22.03,10.15,15.16,23.53,2.56,2003,1,11.88
2003-01-26,0.01,23.65,8.18,13.89,34.87,3.59,2003,1,15.469999999999999
2003-01-27,1.87,19.43,9.32,13.1,59.05,2.27,2003,1,10.11
2003-01-28,9.46,17.71,7.94,11.82,74.55,3.19,2003,1,9.77
2003-01-29,0.25,17.8,7.01,11.45,72.3,2.22,2003,1,10.790000000000001
2003-01-30,0.47,13.97,6.72,10.26,79.25,2.28,2003,1,7.250000000000001
2003-01-31,1.06,16.91,5.23,9.95,71.76,2.27,2003,1,11.68
2003-02-01,1.77,17.74,6.04,10.93,57.79,2.05,2003,2,11.7
2003-02-02,0.14,17.62,5.14,10.17,63.57,2.16,2003,2,12.48
2003-02-03,0.12,21.82,4.58,11.73,42.46,2.44,2003,2,17.240000000000002
2003-02-04,0.0,22.6,7.99,13.76,34.81,2.19,2003,2,14.610000000000001
2003-02-05,0.0,23.29,6.69,14.34,31.72,2.34,2003,2,16.599999999999998
2003-02-06,0.05,21.35,11.18,14.98,36.54,2.35,2003,2,10.170000000000002
2003-02-07,0.45,19.75,9.05,13.71,46.07,2.43,2003,2,10.7
2003-02-08,0.0,20.02,6.51,11.88,45.22,2.5,2003,2,13.51
2003-02-09,0.0,21.01,6.11,12.57,36.39,2.1,2003,2,14.900000000000002
2003-02-10,0.0,22.33,6.09,13.51,34.05,2.16,2003,2,16.24
2003-02-11,0.0,22.51,8.16,14.13,34.51,2.0,2003,2,14.350000000000001
2003-02-12,0.0,20.2,7.79,12.73,37.88,2.66,2003,2,12.41
2003-02-13,0.0,22.67,9.1,14.98,35.01,2.54,2003,2,13.570000000000002
2003-02-14,0.0,23.66,7.12,14.98,36.18,2.62,2003,2,16.54
2003-02-15,1.42,23.23,10.34,16.04,35.29,2.43,2003,2,12.89
2003-02-16,6.42,13.45,10.08,11.72,72.1,5.06,2003,2,3.369999999999999
2003-02-17,25.63,13.97,9.84,11.71,86.68,8.19,2003,2,4.130000000000001
2003-02-18,32.54,11.53,8.26,10.36,93.43,4.35,2003,2,3.2699999999999996
2003-02-19,20.83,12.35,7.99,10.0,92.71,3.52,2003,2,4.359999999999999
2003-02-20,0.07,16.04,6.2,10.19,69.44,2.87,2003,2,9.84
2003-02-21,0.0,19.44,3.93,11.61,52.59,2.98,2003,2,15.510000000000002
2003-02-22,0.0,22.03,6.62,13.61,53.3,3.12,2003,2,15.41
2003-02-23,1.9,19.1,10.69,14.33,71.44,2.51,2003,2,8.410000000000002
2003-02-24,0.11,21.29,10.76,15.46,68.1,2.33,2003,2,10.53
2003-02-25,0.02,22.57,10.61,15.53,62.26,2.62,2003,2,11.96
2003-02-26,0.05,24.28,9.19,16.49,53.21,2.4,2003,2,15.090000000000002
2003-02-27,3.07,23.14,11.7,16.85,66.55,3.15,2003,2,11.440000000000001
2003-02-28,1.91,22.15,12.66,16.97,78.26,2.13,2003,2,9.489999999999998
2003-03-01,16.09,22.06,12.98,15.83,82.71,3.72,2003,3,9.079999999999998
2003-03-02,10.61,18.48,7.12,13.32,74.93,2.93,2003,3,11.36
2003-03-03,0.95,16.26,6.13,10.23,44.22,3.02,2003,3,10.130000000000003
2003-03-04,0.19,16.92,4.21,9.59,42.67,3.08,2003,3,12.71
2003-03-05,0.0,20.26,2.0,11.1,40.19,3.63,2003,3,18.26
2003-03-06,0.0,22.49,4.39,13.21,42.65,3.11,2003,3,18.099999999999998
2003-03-07,0.0,22.98,5.21,13.33,44.56,3.83,2003,3,17.77
2003-03-08,0.0,22.32,5.48,13.73,41.46,3.4,2003,3,16.84
2003-03-09,0.15,22.54,10.84,14.99,49.74,3.11,2003,3,11.7
2003-03-10,2.57,23.39,9.97,15.36,55.21,3.25,2003,3,13.42
2003-03-11,0.51,24.65,8.29,16.59,47.58,2.04,2003,3,16.36
2003-03-12,0.0,25.44,10.61,17.78,44.1,1.81,2003,3,14.830000000000002
2003-03-13,0.0,24.77,11.88,17.99,48.71,2.24,2003,3,12.889999999999999
2003-03-14,0.05,23.89,13.37,17.64,57.54,3.23,2003,3,10.520000000000001
2003-03-15,1.07,25.61,12.63,18.41,54.83,3.25,2003,3,12.979999999999999
2003-03-16,0.01,25.91,10.92,18.44,46.46,2.7,2003,3,14.99
2003-03-17,0.39,25.72,10.25,17.18,51.31,2.59,2003,3,15.469999999999999
2003-03-18,0.03,25.9,9.8,17.97,48.27,2.11,2003,3,16.099999999999998
2003-03-19,0.0,25.23,11.67,17.77,51.56,3.59,2003,3,13.56
2003-03-20,0.0,28.19,11.44,18.98,48.63,3.59,2003,3,16.75
2003-03-21,0.0,30.55,13.3,21.43,39.85,3.26,2003,3,17.25
2003-03-22,0.02,27.54,15.47,20.37,48.99,2.89,2003,3,12.069999999999999
2003-03-23,0.25,27.29,14.79,20.06,57.46,2.66,2003,3,12.5
2003-03-24,0.05,29.64,15.54,22.66,50.45,1.41,2003,3,14.100000000000001
2003-03-25,0.03,29.56,15.75,22.25,52.6,2.09,2003,3,13.809999999999999
2003-03-26,0.0,30.42,13.65,21.26,46.66,3.07,2003,3,16.770000000000003
2003-03-27,0.05,29.36,13.32,20.24,45.1,2.83,2003,3,16.04
2003-03-28,11.98,21.42,14.81,17.64,65.6,3.31,2003,3,6.610000000000001
2003-03-29,1.76,27.31,12.41,19.44,62.61,2.27,2003,3,14.899999999999999
2003-03-30,0.12,28.13,13.8,20.25,54.77,2.44,2003,3,14.329999999999998
2003-03-31,0.11,28.98,13.53,20.79,52.76,2.98,2003,3,15.450000000000001
2003-04-01,0.0,30.5,15.15,22.39,45.6,3.04,2003,4,15.35
2003-04-02,1.35,30.2,14.53,21.52,44.28,3.76,2003,4,15.67
2003-04-03,0.22,29.95,14.51,21.51,46.08,2.79,2003,4,15.44
2003-04-04,0.84,26.66,14.1,19.12,42.72,3.87,2003,4,12.56
2003-04-05,0.04,29.03,11.13,19.88,42.01,2.3,2003,4,17.9
2003-04-06,0.0,30.39,13.41,21.2,41.2,3.41,2003,4,16.98
2003-04-07,0.0,33.72,14.7,23.3,38.69,3.32,2003,4,19.02
2003-04-08,0.0,35.49,16.47,25.54,33.91,3.06,2003,4,19.020000000000003
2003-04-09,0.0,36.1,17.49,26.85,33.33,2.33,2003,4,18.610000000000003
2003-04-10,0.0,35.97,17.89,26.8,37.32,2.67,2003,4,18.08
2003-04-11,0.0,36.32,20.71,27.9,36.96,2.17,2003,4,15.61
2003-04-12,0.0,36.75,19.11,27.68,37.04,2.93,2003,4,17.64
2003-04-13,0.05,37.2,19.22,28.26,36.74,2.28,2003,4,17.980000000000004
2003-04-14,2.58,34.08,21.8,26.79,44.1,2.64,2003,4,12.279999999999998
2003-04-15,1.94,30.18,17.45,22.35,59.67,3.25,2003,4,12.73
2003-04-16,0.61,29.87,16.14,22.82,60.44,1.99,2003,4,13.73
2003-04-17,0.0,34.93,16.5,25.27,41.08,3.19,2003,4,18.43
2003-04-18,2.1,32.66,19.05,24.67,42.84,3.0,2003,4,13.609999999999996
2003-04-19,9.69,21.36,14.67,17.85,67.7,3.89,2003,4,6.6899999999999995
2003-04-20,0.0,29.34,14.25,21.35,47.04,2.62,2003,4,15.09
2003-04-21,0.01,31.45,13.44,22.34,38.99,3.27,2003,4,18.009999999999998
2003-04-22,0.0,35.93,16.04,26.21,34.36,3.27,2003,4,19.89
2003-04-23,0.0,38.23,19.62,28.68,34.35,3.16,2003,4,18.609999999999996
2003-04-24,0.2,38.18,22.57,29.56,30.29,4.06,2003,4,15.61
2003-04-25,1.3,37.58,20.62,28.57,32.58,3.01,2003,4,16.959999999999997
2003-04-26,1.07,34.3,19.39,25.2,36.27,5.03,2003,4,14.909999999999997
2003-04-27,0.13,32.92,19.1,25.45,41.35,2.74,2003,4,13.82
2003-04-28,0.03,36.52,19.02,27.56,35.16,2.63,2003,4,17.500000000000004
2003-04-29,0.0,38.03,19.55,28.87,31.06,2.38,2003,4,18.48
2003-04-30,4.01,37.99,20.61,29.49,32.38,2.72,2003,4,17.380000000000003
2003-05-01,4.67,37.5,21.2,28.82,40.04,5.27,2003,5,16.3
2003-05-02,0.39,36.12,16.11,26.91,31.37,5.78,2003,5,20.009999999999998
2003-05-03,0.88,30.93,13.9,22.87,27.88,2.24,2003,5,17.03
2003-05-04,1.17,31.82,14.91,23.51,28.48,2.34,2003,5,16.91
2003-05-05,0.0,30.86,14.68,23.57,21.0,2.44,2003,5,16.18
2003-05-06,0.0,34.42,15.14,25.08,20.17,3.35,2003,5,19.28
2003-05-07,0.0,36.22,16.55,26.71,20.92,3.29,2003,5,19.669999999999998
2003-05-08,0.0,37.85,19.14,28.57,16.63,3.1,2003,5,18.71
2003-05-09,0.0,38.61,19.07,29.13,16.42,3.15,2003,5,19.54
2003-05-10,0.01,38.75,21.11,29.74,17.29,2.19,2003,5,17.64
2003-05-11,0.0,38.42,21.39,30.06,17.51,2.34,2003,5,17.03
2003-05-12,0.69,39.12,22.53,30.51,17.59,4.02,2003,5,16.589999999999996
2003-05-13,0.13,37.97,20.4,29.25,20.74,2.41,2003,5,17.57
2003-05-14,0.02,38.5,20.9,30.35,16.93,2.58,2003,5,17.6
2003-05-15,0.27,38.45,23.39,30.23,16.16,3.14,2003,5,15.060000000000002
2003-05-16,0.0,39.66,20.8,30.42,15.1,3.52,2003,5,18.859999999999996
2003-05-17,0.0,40.75,21.91,32.07,13.25,3.36,2003,5,18.84
2003-05-18,0.0,41.53,24.99,32.91,10.27,2.79,2003,5,16.540000000000003
2003-05-19,0.02,41.31,24.35,33.39,10.72,2.22,2003,5,16.96
2003-05-20,0.15,41.53,26.64,33.54,14.32,2.88,2003,5,14.89
2003-05-21,0.01,39.38,26.82,32.54,17.08,3.77,2003,5,12.560000000000002
2003-05-22,1.48,41.23,25.7,33.18,21.73,3.57,2003,5,15.529999999999998
2003-05-23,0.03,39.79,26.58,33.04,21.16,2.75,2003,5,13.21
2003-05-24,2.83,38.03,25.23,31.77,25.51,2.18,2003,5,12.8
2003-05-25,5.08,36.29,23.42,29.98,30.44,1.61,2003,5,12.869999999999997
2003-05-26,0.11,35.99,23.32,29.17,34.34,4.14,2003,5,12.670000000000002
2003-05-27,0.04,39.57,22.67,31.1,23.34,3.86,2003,5,16.9
2003-05-28,0.01,38.45,20.24,29.69,17.74,2.86,2003,5,18.210000000000004
2003-05-29,0.0,37.87,21.87,30.18,17.89,2.6,2003,5,15.999999999999996
2003-05-30,0.0,40.98,22.24,31.9,16.87,4.17,2003,5,18.74
2003-05-31,0.0,42.56,23.87,33.54,15.91,3.4,2003,5,18.69
2003-06-01,0.0,42.66,25.98,34.83,17.06,3.42,2003,6,16.679999999999996
2003-06-02,0.0,44.21,27.27,35.48,14.22,2.65,2003,6,16.94
2003-06-03,0.01,45.68,26.59,37.15,14.16,2.55,2003,6,19.09
2003-06-04,0.01,45.64,29.69,36.88,11.43,3.36,2003,6,15.95
2003-06-05,0.0,45.01,26.15,36.17,9.54,3.15,2003,6,18.86
2003-06-06,0.0,46.51,26.34,37.08,7.11,3.21,2003,6,20.169999999999998
2003-06-07,0.0,46.7,29.02,38.31,6.19,2.51,2003,6,17.680000000000003
2003-06-08,1.05,46.02,29.01,38.25,12.82,4.83,2003,6,17.01
2003-06-09,23.07,43.07,25.89,35.39,29.81,5.79,2003,6,17.18
2003-06-10,0.52,40.37,25.09,32.68,38.57,2.38,2003,6,15.279999999999998
2003-06-11,0.21,40.01,24.13,32.72,33.31,2.42,2003,6,15.879999999999999
2003-06-12,7.7,38.98,25.09,31.67,39.84,2.77,2003,6,13.889999999999997
2003-06-13,0.0,40.36,23.31,32.5,31.36,2.92,2003,6,17.05
2003-06-14,0.0,42.09,23.8,33.58,28.14,2.45,2003,6,18.290000000000003
2003-06-15,0.01,43.08,24.83,34.43,25.53,2.44,2003,6,18.25
2003-06-16,0.0,43.68,24.62,35.46,20.07,2.45,2003,6,19.06
2003-06-17,0.21,43.22,26.69,35.88,20.43,2.34,2003,6,16.529999999999998
2003-06-18,3.09,40.82,27.72,34.46,25.6,2.02,2003,6,13.100000000000001
2003-06-19,0.0,39.69,27.27,33.86,28.16,1.98,2003,6,12.419999999999998
2003-06-20,0.01,41.36,27.17,34.84,27.82,2.2,2003,6,14.189999999999998
2003-06-21,4.65,41.05,26.94,34.15,31.72,2.19,2003,6,14.109999999999996
2003-06-22,0.61,39.61,26.98,33.67,32.17,3.19,2003,6,12.629999999999999
2003-06-23,0.0,42.07,28.14,35.11,30.44,2.36,2003,6,13.93
2003-06-24,0.0,42.0,27.7,35.35,25.01,2.43,2003,6,14.3
2003-06-25,0.18,42.69,28.42,36.08,24.6,1.46,2003,6,14.269999999999996
2003-06-26,0.06,41.48,28.36,35.58,31.96,2.23,2003,6,13.119999999999997
2003-06-27,9.94,39.93,29.3,34.97,37.48,1.2,2003,6,10.629999999999999
2003-06-28,0.87,38.78,28.3,32.81,47.59,2.05,2003,6,10.48
2003-06-29,0.64,39.03,26.57,33.07,46.9,1.71,2003,6,12.46
2003-06-30,0.12,40.43,27.63,34.09,40.89,1.7,2003,6,12.8
2003-07-01,18.44,40.08,27.04,33.66,46.11,1.75,2003,7,13.04
2003-07-02,0.0,40.66,26.36,34.22,39.58,1.71,2003,7,14.299999999999997
2003-07-03,0.06,41.31,26.14,34.26,42.3,2.19,2003,7,15.170000000000002
2003-07-04,0.03,41.18,27.05,34.19,42.69,2.3,2003,7,14.129999999999999
2003-07-05,27.29,36.22,26.86,31.42,54.98,2.61,2003,7,9.36
2003-07-06,1.29,36.45,25.82,30.81,62.52,1.35,2003,7,10.630000000000003
2003-07-07,3.92,35.41,25.9,30.79,61.38,1.81,2003,7,9.509999999999998
2003-07-08,5.08,36.7,26.75,31.79,56.0,1.95,2003,7,9.950000000000003
2003-07-09,16.44,34.77,26.09,30.45,62.25,1.32,2003,7,8.680000000000003
2003-07-10,3.96,34.28,25.54,29.41,62.03,1.68,2003,7,8.740000000000002
2003-07-11,0.42,37.59,24.73,30.91,55.71,2.35,2003,7,12.860000000000003
2003-07-12,4.52,36.37,26.05,31.17,55.4,1.63,2003,7,10.319999999999997
2003-07-13,13.98,33.93,25.63,29.78,62.79,2.29,2003,7,8.3
2003-07-14,0.07,37.27,24.95,31.55,50.23,1.76,2003,7,12.320000000000004
2003-07-15,0.56,38.55,24.68,31.84,51.53,2.01,2003,7,13.869999999999997
2003-07-16,23.37,34.39,26.16,30.08,67.81,2.04,2003,7,8.23
2003-07-17,2.5,34.78,25.52,29.85,69.62,2.63,2003,7,9.260000000000002
2003-07-18,0.0,36.9,25.75,31.27,61.75,1.7,2003,7,11.149999999999999
2003-07-19,0.02,36.49,25.87,31.57,63.82,1.74,2003,7,10.620000000000001
2003-07-20,8.08,37.24,27.66,32.84,62.09,1.76,2003,7,9.580000000000002
2003-07-21,24.01,35.56,26.84,31.59,67.04,2.05,2003,7,8.720000000000002
2003-07-22,1.29,34.49,24.74,29.43,72.25,2.5,2003,7,9.750000000000004
2003-07-23,1.52,35.45,26.11,30.96,66.39,1.82,2003,7,9.340000000000003
2003-07-24,4.89,35.01,26.71,30.72,68.21,1.95,2003,7,8.299999999999997
2003-07-25,2.58,36.48,27.02,31.4,66.85,1.62,2003,7,9.459999999999997
2003-07-26,5.3,35.98,26.61,31.0,68.56,1.98,2003,7,9.369999999999997
2003-07-27,13.16,35.16,26.24,30.63,70.95,1.72,2003,7,8.919999999999998
2003-07-28,14.49,31.13,26.44,28.53,75.01,3.39,2003,7,4.689999999999998
2003-07-29,2.21,33.06,25.21,28.29,75.83,2.93,2003,7,7.850000000000001
2003-07-30,0.58,34.81,25.05,30.14,66.76,1.43,2003,7,9.760000000000002
2003-07-31,9.01,36.9,26.44,31.6,66.54,1.76,2003,7,10.459999999999997
2003-08-01,15.03,33.93,26.1,30.0,71.92,1.59,2003,8,7.829999999999998
2003-08-02,9.06,32.92,25.34,28.87,75.87,2.0,2003,8,7.580000000000002
2003-08-03,11.79,31.45,24.74,27.79,81.79,2.98,2003,8,6.710000000000001
2003-08-04,6.84,29.9,24.05,26.53,83.13,3.53,2003,8,5.849999999999998
2003-08-05,0.31,32.82,23.43,28.0,72.83,1.68,2003,8,9.39
2003-08-06,0.0,35.23,24.24,29.7,65.03,1.57,2003,8,10.989999999999998
2003-08-07,3.07,34.33,24.62,29.97,67.56,1.71,2003,8,9.709999999999997
2003-08-08,15.58,34.68,25.85,30.17,70.26,1.95,2003,8,8.829999999999998
2003-08-09,10.4,34.38,26.21,30.44,69.73,1.46,2003,8,8.170000000000002
2003-08-10,3.78,34.74,26.28,30.12,65.72,2.06,2003,8,8.46
2003-08-11,0.27,35.33,24.92,30.27,58.95,1.78,2003,8,10.409999999999997
2003-08-12,0.1,34.97,24.74,30.25,59.3,1.47,2003,8,10.23
2003-08-13,0.17,35.29,25.5,30.49,55.82,1.42,2003,8,9.79
2003-08-14,0.01,36.11,24.44,30.56,54.69,1.63,2003,8,11.669999999999998
2003-08-15,0.44,35.28,23.8,29.43,59.87,2.07,2003,8,11.48
2003-08-16,0.25,36.45,24.39,30.36,61.95,1.81,2003,8,12.060000000000002
2003-08-17,3.19,35.65,25.54,30.43,66.06,1.83,2003,8,10.11
2003-08-18,7.81,35.88,26.18,30.54,66.56,2.07,2003,8,9.700000000000003
2003-08-19,20.2,32.08,24.66,27.75,75.27,3.11,2003,8,7.419999999999998
2003-08-20,19.67,31.51,23.75,27.4,74.02,2.65,2003,8,7.760000000000002
2003-08-21,11.54,31.32,22.88,26.78,70.63,2.05,2003,8,8.440000000000001
2003-08-22,0.05,32.18,22.83,28.05,61.74,1.59,2003,8,9.350000000000001
2003-08-23,0.0,35.08,23.11,28.95,59.25,1.85,2003,8,11.969999999999999
2003-08-24,0.0,34.87,23.28,28.92,62.93,1.83,2003,8,11.589999999999996
2003-08-25,0.41,34.91,24.26,29.42,64.72,1.75,2003,8,10.649999999999995
2003-08-26,0.47,34.71,24.84,29.36,68.7,1.77,2003,8,9.870000000000001
2003-08-27,1.14,34.31,24.85,28.98,71.12,2.01,2003,8,9.46
2003-08-28,0.1,34.93,24.13,28.95,68.48,1.8,2003,8,10.8
2003-08-29,10.41,34.38,24.42,28.92,70.14,1.66,2003,8,9.96
2003-08-30,2.63,33.35,24.68,29.01,69.56,1.68,2003,8,8.670000000000002
2003-08-31,0.16,34.92,24.18,29.75,61.57,1.69,2003,8,10.740000000000002
2003-09-01,0.09,35.69,25.12,30.4,60.25,1.57,2003,9,10.569999999999997
2003-09-02,0.43,36.16,25.15,30.12,63.66,1.95,2003,9,11.009999999999998
2003-09-03,13.29,33.88,25.13,29.15,69.83,2.29,2003,9,8.750000000000004
2003-09-04,18.05,31.96,24.29,27.52,74.92,3.37,2003,9,7.670000000000002
2003-09-05,1.15,31.58,23.44,27.17,71.4,1.71,2003,9,8.139999999999997
2003-09-06,1.19,31.71,22.56,27.14,65.92,1.79,2003,9,9.150000000000002
2003-09-07,1.02,33.41,22.66,27.92,56.64,1.49,2003,9,10.749999999999996
2003-09-08,3.39,32.46,22.42,27.67,58.4,1.48,2003,9,10.04
2003-09-09,0.34,33.8,22.37,28.0,57.2,1.81,2003,9,11.429999999999996
2003-09-10,0.01,34.52,21.44,27.86,57.74,2.04,2003,9,13.080000000000002
2003-09-11,0.2,35.42,23.14,28.92,54.85,1.62,2003,9,12.280000000000001
2003-09-12,3.03,35.19,22.61,28.81,58.59,1.97,2003,9,12.579999999999998
2003-09-13,1.03,34.75,23.5,28.78,62.99,1.72,2003,9,11.25
2003-09-14,0.54,32.4,23.79,27.43,67.06,1.68,2003,9,8.61
2003-09-15,0.69,34.14,24.1,28.81,61.43,2.02,2003,9,10.04
2003-09-16,0.0,34.91,23.88,28.8,58.31,1.96,2003,9,11.029999999999998
2003-09-17,0.0,35.71,23.63,29.18,54.27,1.93,2003,9,12.080000000000002
2003-09-18,0.0,36.17,22.95,29.05,53.55,2.01,2003,9,13.220000000000002
2003-09-19,0.0,35.99,23.14,29.59,52.11,1.82,2003,9,12.850000000000001
2003-09-20,0.0,36.9,23.12,29.72,54.72,1.82,2003,9,13.779999999999998
2003-09-21,0.0,36.65,23.58,29.86,52.99,1.87,2003,9,13.07
2003-09-22,0.0,37.2,23.46,29.93,53.51,2.03,2003,9,13.740000000000002
2003-09-23,20.36,34.64,22.93,27.92,62.55,2.43,2003,9,11.71
2003-09-24,45.59,28.14,21.73,24.68,78.94,3.2,2003,9,6.41
2003-09-25,5.82,28.88,21.03,24.52,75.79,2.63,2003,9,7.849999999999998
2003-09-26,0.01,28.32,19.73,24.12,64.18,1.38,2003,9,8.59
2003-09-27,0.19,28.41,19.58,23.81,63.89,1.43,2003,9,8.830000000000002
2003-09-28,14.01,28.59,17.05,21.93,66.73,3.01,2003,9,11.54
2003-09-29,0.0,29.42,16.21,22.79,55.96,2.08,2003,9,13.21
2003-09-30,0.0,29.56,16.96,23.09,43.03,1.93,2003,9,12.599999999999998
2003-10-01,0.0,30.21,15.51,22.69,43.52,2.38,2003,10,14.700000000000001
2003-10-02,0.0,31.1,16.31,23.51,42.85,2.19,2003,10,14.790000000000003
2003-10-03,0.0,31.88,17.72,24.87,38.8,2.05,2003,10,14.16
2003-10-04,0.0,33.11,18.18,25.29,37.48,2.5,2003,10,14.93
2003-10-05,0.0,32.38,17.1,23.99,43.46,2.38,2003,10,15.280000000000001
2003-10-06,0.0,30.56,16.85,23.2,49.22,2.71,2003,10,13.709999999999997
2003-10-07,0.12,29.83,17.23,23.38,53.46,2.25,2003,10,12.599999999999998
2003-10-08,7.06,30.03,18.71,23.19,53.95,2.17,2003,10,11.32
2003-10-09,0.46,29.42,16.96,22.27,53.49,2.7,2003,10,12.46
2003-10-10,1.5,29.53,14.78,21.55,50.85,2.87,2003,10,14.750000000000002
2003-10-11,0.0,29.68,16.27,22.27,43.59,2.32,2003,10,13.41
2003-10-12,0.0,29.58,13.82,20.86,43.94,2.9,2003,10,15.759999999999998
2003-10-13,0.0,29.92,13.7,21.1,41.19,2.61,2003,10,16.220000000000002
2003-10-14,0.0,30.03,14.36,21.89,38.6,2.39,2003,10,15.670000000000002
2003-10-15,0.0,30.81,14.63,22.26,38.78,2.07,2003,10,16.18
2003-10-16,0.0,30.9,14.58,22.13,40.2,2.34,2003,10,16.32
2003-10-17,0.0,30.41,15.07,22.04,40.8,2.35,2003,10,15.34
2003-10-18,0.0,31.37,14.91,22.74,39.73,2.2,2003,10,16.46
2003-10-19,0.0,31.29,16.22,23.46,38.55,1.87,2003,10,15.07
2003-10-20,0.0,30.95,15.5,22.9,40.66,2.22,2003,10,15.45
2003-10-21,0.0,32.1,15.19,23.41,34.31,2.73,2003,10,16.910000000000004
2003-10-22,0.0,31.33,14.0,22.11,36.24,2.58,2003,10,17.33
2003-10-23,0.0,30.63,14.98,21.69,37.69,2.42,2003,10,15.649999999999999
2003-10-24,0.0,30.71,14.04,21.43,41.04,2.41,2003,10,16.67
2003-10-25,0.0,29.5,14.62,21.3,43.45,2.24,2003,10,14.88
2003-10-26,0.0,28.96,14.55,21.12,44.68,1.97,2003,10,14.41
2003-10-27,0.0,29.16,14.78,21.09,46.41,2.04,2003,10,14.38
2003-10-28,0.0,29.35,15.87,21.2,46.04,2.54,2003,10,13.480000000000002
2003-10-29,0.0,29.94,15.62,21.81,38.9,2.17,2003,10,14.320000000000002
2003-10-30,0.0,29.48,15.68,21.36,38.18,2.25,2003,10,13.8
2003-10-31,0.0,29.59,15.32,21.55,33.77,1.99,2003,10,14.27
2003-11-01,0.0,29.15,13.29,20.31,36.61,2.23,2003,11,15.86
2003-11-02,0.0,28.82,13.08,20.2,37.21,2.25,2003,11,15.74
2003-11-03,0.0,28.93,14.5,20.71,36.45,2.47,2003,11,14.43
2003-11-04,0.0,28.3,14.38,19.36,43.18,2.62,2003,11,13.92
2003-11-05,0.55,26.49,13.21,18.46,46.9,3.24,2003,11,13.279999999999998
2003-11-06,0.0,25.79,14.17,18.95,44.71,2.07,2003,11,11.62
2003-11-07,0.0,26.06,12.7,17.75,48.89,2.74,2003,11,13.36
2003-11-08,0.01,24.4,12.89,17.18,41.37,3.95,2003,11,11.509999999999998
2003-11-09,0.42,26.04,11.75,17.05,44.79,2.67,2003,11,14.29
2003-11-10,0.0,27.48,11.12,17.63,36.97,3.23,2003,11,16.36
2003-11-11,0.0,27.78,12.96,18.98,28.65,2.03,2003,11,14.82
2003-11-12,0.0,25.28,13.5,17.38,35.02,2.09,2003,11,11.780000000000001
2003-11-13,0.0,25.97,13.85,18.31,33.79,1.78,2003,11,12.12
2003-11-14,0.0,20.41,11.32,15.42,45.66,3.0,2003,11,9.09
2003-11-15,0.26,20.62,10.68,14.58,53.01,2.53,2003,11,9.940000000000001
2003-11-16,1.57,19.84,10.68,14.9,58.04,2.59,2003,11,9.16
2003-11-17,0.57,19.07,10.26,13.75,67.63,2.36,2003,11,8.81
2003-11-18,0.01,20.99,7.21,12.78,56.64,2.44,2003,11,13.779999999999998
2003-11-19,0.0,22.78,9.15,14.43,46.04,2.19,2003,11,13.63
2003-11-20,0.0,24.11,9.52,14.62,40.64,2.76,2003,11,14.59
2003-11-21,0.0,24.09,10.36,15.65,25.91,1.93,2003,11,13.73
2003-11-22,0.0,23.78,9.24,14.97,25.74,1.92,2003,11,14.540000000000001
2003-11-23,0.0,23.62,9.85,15.56,23.04,1.92,2003,11,13.770000000000001
2003-11-24,0.0,23.97,8.72,14.26,25.52,3.1,2003,11,15.249999999999998
2003-11-25,0.0,25.62,7.86,14.52,21.87,3.12,2003,11,17.76
2003-11-26,0.0,25.73,11.02,16.79,16.54,1.98,2003,11,14.71
2003-11-27,0.0,24.39,9.22,14.85,19.32,2.5,2003,11,15.17
2003-11-28,0.0,23.77,7.89,14.04,18.89,2.28,2003,11,15.879999999999999
2003-11-29,0.0,23.18,8.87,13.68,19.16,2.5,2003,11,14.31
2003-11-30,0.0,23.03,9.13,15.04,18.84,2.14,2003,11,13.9
2003-12-01,0.0,23.34,10.55,15.54,19.24,2.1,2003,12,12.79
2003-12-02,0.0,25.07,11.89,17.07,21.76,2.0,2003,12,13.18
2003-12-03,0.0,24.33,10.62,15.68,28.58,2.67,2003,12,13.709999999999999
2003-12-04,0.0,24.09,9.71,15.97,32.37,2.34,2003,12,14.379999999999999
2003-12-05,0.0,24.81,10.49,15.96,31.76,2.39,2003,12,14.319999999999999
2003-12-06,0.0,24.8,10.03,15.52,29.24,3.72,2003,12,14.770000000000001
2003-12-07,0.0,26.49,11.53,17.1,22.23,2.91,2003,12,14.959999999999999
2003-12-08,0.32,25.85,11.49,17.77,27.55,2.48,2003,12,14.360000000000001
2003-12-09,0.86,22.74,10.78,15.64,49.62,2.25,2003,12,11.959999999999999
2003-12-10,0.01,23.46,10.67,15.41,44.99,2.55,2003,12,12.790000000000001
2003-12-11,0.05,23.18,10.08,15.51,35.84,2.25,2003,12,13.1
2003-12-12,2.7,20.94,10.14,14.64,51.8,2.56,2003,12,10.8
2003-12-13,22.8,17.74,11.41,14.08,76.22,3.7,2003,12,6.329999999999998
2003-12-14,5.77,18.19,9.53,13.22,76.75,1.96,2003,12,8.660000000000002
2003-12-15,0.7,18.74,7.77,12.45,68.17,2.01,2003,12,10.969999999999999
2003-12-16,0.01,18.16,7.32,11.77,57.39,1.65,2003,12,10.84
2003-12-17,0.0,19.04,5.61,11.21,49.5,2.46,2003,12,13.43
2003-12-18,0.0,20.34,7.36,13.03,45.06,1.84,2003,12,12.98
2003-12-19,0.0,20.29,8.99,12.8,46.21,2.36,2003,12,11.299999999999999
2003-12-20,0.0,20.31,7.07,12.55,43.27,2.21,2003,12,13.239999999999998
2003-12-21,0.0,20.3,6.27,12.37,41.97,2.07,2003,12,14.030000000000001
2003-12-22,0.13,19.8,8.25,12.62,45.02,2.42,2003,12,11.55
2003-12-23,0.13,16.53,6.77,10.85,64.04,1.96,2003,12,9.760000000000002
2003-12-24,0.0,17.88,5.35,10.05,59.5,2.98,2003,12,12.53
2003-12-25,0.0,17.34,6.75,11.35,46.95,1.51,2003,12,10.59
2003-12-26,0.0,16.12,5.26,10.07,49.77,2.04,2003,12,10.860000000000001
2003-12-27,0.03,17.03,5.58,10.33,52.84,1.96,2003,12,11.450000000000001
2003-12-28,0.14,17.87,3.55,8.71,51.71,3.42,2003,12,14.32
2003-12-29,0.0,20.01,5.49,11.76,36.72,2.23,2003,12,14.520000000000001
2003-12-30,0.0,18.8,8.56,12.26,48.8,2.65,2003,12,10.24
2003-12-31,0.06,17.19,7.08,11.68,60.52,1.93,2003,12,10.110000000000001
2004-01-01,1.58,16.82,7.2,10.62,68.79,2.79,2004,1,9.620000000000001
2004-01-02,0.0,16.39,6.99,10.04,56.44,2.19,2004,1,9.4
2004-01-03,0.0,15.94,5.16,9.31,52.34,1.8,2004,1,10.78
2004-01-04,0.01,16.87,3.8,8.83,50.45,2.39,2004,1,13.07
2004-01-05,0.08,10.91,5.25,8.06,65.17,2.68,2004,1,5.66
2004-01-06,0.0,15.62,3.03,8.29,69.42,2.71,2004,1,12.59
2004-01-07,0.0,18.57,6.29,11.01,46.99,2.49,2004,1,12.280000000000001
2004-01-08,0.01,16.6,7.77,10.9,54.62,2.64,2004,1,8.830000000000002
2004-01-09,0.0,19.87,6.54,11.88,58.01,3.26,2004,1,13.330000000000002
2004-01-10,0.0,21.06,9.57,13.91,42.23,1.76,2004,1,11.489999999999998
2004-01-11,0.0,22.38,9.18,14.39,42.46,2.57,2004,1,13.2
2004-01-12,0.01,21.55,11.14,15.02,44.89,2.08,2004,1,10.41
2004-01-13,0.03,22.7,9.1,14.75,52.69,2.75,2004,1,13.6
2004-01-14,0.0,22.76,8.66,14.28,50.99,2.82,2004,1,14.100000000000001
2004-01-15,0.0,24.76,10.82,16.79,43.02,2.49,2004,1,13.940000000000001
2004-01-16,0.0,23.58,12.33,16.08,50.6,3.51,2004,1,11.249999999999998
2004-01-17,2.92,15.99,10.77,12.84,73.13,3.04,2004,1,5.220000000000001
2004-01-18,0.0,19.28,6.82,11.53,64.19,2.75,2004,1,12.46
2004-01-19,0.0,17.29,6.1,10.77,44.7,2.13,2004,1,11.19
2004-01-20,0.0,17.72,7.31,11.55,45.41,2.01,2004,1,10.41
2004-01-21,11.67,11.7,7.14,9.65,81.0,4.22,2004,1,4.56
2004-01-22,21.22,12.35,7.11,9.03,84.76,3.76,2004,1,5.239999999999999
2004-01-23,15.89,11.58,5.92,8.83,87.18,2.53,2004,1,5.66
2004-01-24,0.05,16.38,4.88,9.02,67.29,1.99,2004,1,11.5
2004-01-25,0.0,15.82,5.44,9.74,54.07,2.11,2004,1,10.379999999999999
2004-01-26,0.0,17.97,6.68,11.08,45.71,2.19,2004,1,11.29
2004-01-27,0.0,18.15,4.25,10.21,48.72,2.44,2004,1,13.899999999999999
2004-01-28,0.02,14.13,5.46,9.18,55.84,1.84,2004,1,8.670000000000002
2004-01-29,1.6,8.96,6.17,7.75,77.68,2.55,2004,1,2.790000000000001
2004-01-30,9.57,8.51,4.91,6.75,88.43,3.13,2004,1,3.5999999999999996
2004-01-31,0.86,13.14,3.8,7.75,78.83,1.88,2004,1,9.34
2004-02-01,0.0,15.82,3.27,8.26,60.14,2.31,2004,2,12.55
2004-02-02,0.0,17.94,2.4,8.67,48.98,3.16,2004,2,15.540000000000001
2004-02-03,0.0,19.21,1.81,10.27,38.23,2.77,2004,2,17.400000000000002
2004-02-04,0.0,19.79,7.48,12.69,33.4,1.98,2004,2,12.309999999999999
2004-02-05,0.0,19.38,5.54,11.58,41.16,2.8,2004,2,13.84
2004-02-06,0.0,20.66,4.89,11.33,42.01,3.42,2004,2,15.77
2004-02-07,0.0,21.35,3.63,12.14,35.91,2.83,2004,2,17.720000000000002
2004-02-08,0.46,19.52,8.56,12.58,46.28,2.61,2004,2,10.959999999999999
2004-02-09,6.84,16.47,7.37,10.83,78.81,4.05,2004,2,9.099999999999998
2004-02-10,0.01,20.36,7.45,12.16,63.79,2.18,2004,2,12.91
2004-02-11,0.01,23.78,5.71,13.34,46.66,3.47,2004,2,18.07
2004-02-12,0.0,24.43,5.47,14.51,39.95,2.56,2004,2,18.96
2004-02-13,0.0,22.84,9.77,15.14,39.14,1.77,2004,2,13.07
2004-02-14,0.0,22.39,7.42,13.45,46.22,3.05,2004,2,14.97
2004-02-15,0.0,25.81,6.91,15.05,42.99,3.65,2004,2,18.9
2004-02-16,0.0,25.69,8.06,16.19,41.09,2.72,2004,2,17.630000000000003
2004-02-17,3.37,22.75,10.7,15.78,52.37,3.31,2004,2,12.05
2004-02-18,0.45,24.3,10.12,16.53,55.23,2.93,2004,2,14.180000000000001
2004-02-19,3.29,23.67,8.48,14.88,52.32,2.73,2004,2,15.190000000000001
2004-02-20,0.0,23.39,9.51,15.19,42.01,2.72,2004,2,13.88
2004-02-21,0.05,22.94,10.33,15.39,46.56,2.39,2004,2,12.610000000000001
2004-02-22,0.0,24.82,8.87,15.31,51.17,3.84,2004,2,15.950000000000001
2004-02-23,0.0,27.01,8.82,16.49,39.77,3.62,2004,2,18.19
2004-02-24,0.0,28.88,10.44,18.32,33.59,2.91,2004,2,18.439999999999998
2004-02-25,0.0,28.83,11.54,19.68,34.05,2.59,2004,2,17.29
2004-02-26,0.0,27.71,12.04,19.06,40.66,3.34,2004,2,15.670000000000002
2004-02-27,2.23,26.43,13.06,18.37,48.72,2.89,2004,2,13.37
2004-02-28,0.83,26.61,10.7,18.29,45.35,2.47,2004,2,15.91
2004-02-29,0.39,25.28,12.4,17.74,42.1,2.33,2004,2,12.88
2004-03-01,0.0,25.55,8.48,16.01,41.61,3.19,2004,3,17.07
2004-03-02,0.0,26.88,8.75,17.24,35.33,3.26,2004,3,18.13
2004-03-03,0.0,28.31,9.48,18.67,32.66,3.03,2004,3,18.83
2004-03-04,0.0,27.88,10.36,19.0,33.97,2.54,2004,3,17.52
2004-03-05,0.0,28.29,12.4,19.13,37.52,3.03,2004,3,15.889999999999999
2004-03-06,0.0,30.89,10.81,19.46,34.17,3.52,2004,3,20.08
2004-03-07,0.0,33.28,11.52,22.36,29.72,3.07,2004,3,21.76
2004-03-08,0.0,32.4,15.93,22.96,35.09,3.37,2004,3,16.47
2004-03-09,0.0,27.15,14.39,20.86,38.87,2.8,2004,3,12.759999999999998
2004-03-10,0.02,28.1,14.26,20.55,47.74,2.49,2004,3,13.840000000000002
2004-03-11,0.03,29.32,14.75,21.69,47.71,2.47,2004,3,14.57
2004-03-12,0.06,30.0,14.46,22.25,44.29,2.41,2004,3,15.54
2004-03-13,0.0,32.03,15.11,23.49,38.42,2.72,2004,3,16.92
2004-03-14,0.01,33.0,16.05,23.74,38.33,2.83,2004,3,16.95
2004-03-15,0.0,33.68,16.55,24.78,36.16,2.93,2004,3,17.13
2004-03-16,0.0,34.86,17.09,25.32,33.14,2.78,2004,3,17.77
2004-03-17,0.0,34.67,17.6,26.35,29.66,2.34,2004,3,17.07
2004-03-18,0.0,34.79,19.87,26.17,29.83,2.68,2004,3,14.919999999999998
2004-03-19,0.0,33.36,18.2,24.93,25.35,2.14,2004,3,15.16
2004-03-20,0.0,34.73,16.11,25.66,19.62,2.44,2004,3,18.619999999999997
2004-03-21,0.11,34.79,18.61,26.18,23.28,3.12,2004,3,16.18
2004-03-22,0.11,28.73,16.5,22.54,27.44,4.46,2004,3,12.23
2004-03-23,0.06,29.72,12.93,20.84,20.14,4.91,2004,3,16.79
2004-03-24,0.04,30.45,13.27,21.69,18.56,2.34,2004,3,17.18
2004-03-25,0.02,30.71,14.64,22.88,15.82,1.42,2004,3,16.07
2004-03-26,0.07,31.66,15.57,23.39,18.44,1.98,2004,3,16.09
2004-03-27,0.0,33.18,14.17,24.49,17.91,2.1,2004,3,19.009999999999998
2004-03-28,0.0,33.82,14.92,24.6,16.27,2.98,2004,3,18.9
2004-03-29,0.0,34.95,15.82,25.92,12.39,2.81,2004,3,19.130000000000003
2004-03-30,0.0,35.76,17.83,26.86,10.52,2.15,2004,3,17.93
2004-03-31,0.0,35.58,16.22,26.5,13.19,2.55,2004,3,19.36
2004-04-01,0.0,32.32,18.7,25.78,16.28,2.23,2004,4,13.620000000000001
2004-04-02,0.0,35.48,18.51,27.78,17.51,1.85,2004,4,16.969999999999995
2004-04-03,0.08,35.77,20.51,28.02,22.43,2.76,2004,4,15.260000000000002
2004-04-04,0.0,36.88,19.16,27.89,23.1,3.68,2004,4,17.720000000000002
2004-04-05,0.0,38.58,20.62,29.81,16.61,2.26,2004,4,17.959999999999997
2004-04-06,0.0,38.38,19.88,29.58,14.72,2.76,2004,4,18.500000000000004
2004-04-07,1.07,35.92,23.51,29.55,17.95,3.91,2004,4,12.41
2004-04-08,2.66,37.21,21.95,29.03,21.71,3.59,2004,4,15.260000000000002
2004-04-09,0.49,36.1,20.33,27.93,21.8,3.1,2004,4,15.770000000000003
2004-04-10,0.01,36.57,20.08,28.1,21.55,2.68,2004,4,16.490000000000002
2004-04-11,0.0,36.44,21.83,28.5,18.67,2.19,2004,4,14.61
2004-04-12,0.02,37.77,20.1,28.64,17.24,3.12,2004,4,17.67
2004-04-13,0.0,36.72,21.35,28.87,16.61,3.21,2004,4,15.369999999999997
2004-04-14,0.0,37.66,18.31,27.81,10.34,3.18,2004,4,19.349999999999998
2004-04-15,0.0,38.56,19.71,29.2,8.26,2.49,2004,4,18.85
2004-04-16,0.35,37.56,21.62,29.58,13.47,4.58,2004,4,15.940000000000001
2004-04-17,0.52,36.16,20.44,28.15,31.12,3.11,2004,4,15.719999999999995
2004-04-18,0.01,37.27,21.68,29.83,21.9,2.3,2004,4,15.590000000000003
2004-04-19,0.0,39.8,23.2,31.03,16.89,2.59,2004,4,16.599999999999998
2004-04-20,0.42,35.48,23.83,28.95,19.25,2.3,2004,4,11.649999999999999
2004-04-21,0.64,35.6,22.31,27.99,25.14,2.35,2004,4,13.290000000000003
2004-04-22,6.12,31.99,21.35,26.51,35.98,2.47,2004,4,10.639999999999997
2004-04-23,2.48,32.61,20.81,26.43,35.23,2.41,2004,4,11.8
2004-04-24,0.0,34.92,17.34,26.26,28.33,2.58,2004,4,17.580000000000002
2004-04-25,0.0,35.96,18.38,27.72,27.3,1.98,2004,4,17.580000000000002
2004-04-26,0.12,36.79,20.89,29.21,27.9,2.46,2004,4,15.899999999999999
2004-04-27,3.55,37.31,22.46,29.6,30.6,3.37,2004,4,14.850000000000001
2004-04-28,8.32,34.93,21.01,27.89,38.83,2.93,2004,4,13.919999999999998
2004-04-29,6.64,31.15,18.64,24.77,45.8,4.84,2004,4,12.509999999999998
2004-04-30,5.99,25.46,16.22,20.09,65.56,2.97,2004,4,9.240000000000002
2004-05-01,0.67,26.24,16.02,20.43,56.62,1.74,2004,5,10.219999999999999
2004-05-02,0.03,29.62,13.28,22.02,41.62,2.61,2004,5,16.340000000000003
2004-05-03,0.0,33.49,14.79,24.9,34.2,2.89,2004,5,18.700000000000003
2004-05-04,0.0,35.34,16.79,26.69,28.49,2.72,2004,5,18.550000000000004
2004-05-05,0.0,37.52,17.23,28.23,24.56,2.94,2004,5,20.290000000000003
2004-05-06,0.0,39.88,20.02,30.53,21.94,2.54,2004,5,19.860000000000003
2004-05-07,0.36,39.08,22.79,31.04,22.53,3.95,2004,5,16.29
2004-05-08,1.8,36.88,23.94,29.72,28.1,4.37,2004,5,12.940000000000001
2004-05-09,0.0,38.52,22.9,30.34,26.0,2.79,2004,5,15.620000000000005
2004-05-10,0.0,40.86,21.69,31.45,21.19,2.95,2004,5,19.169999999999998
2004-05-11,0.0,41.86,23.46,33.15,16.44,2.31,2004,5,18.4
2004-05-12,0.0,42.65,25.63,33.41,13.95,2.94,2004,5,17.02
2004-05-13,0.0,42.85,23.62,33.35,12.29,3.45,2004,5,19.23
2004-05-14,0.0,44.17,23.82,35.28,10.99,2.6,2004,5,20.35
2004-05-15,0.0,43.89,27.55,36.08,14.03,2.28,2004,5,16.34
2004-05-16,0.05,43.15,29.71,36.12,18.02,2.33,2004,5,13.439999999999998
2004-05-17,0.59,42.88,28.52,35.35,20.16,3.12,2004,5,14.360000000000003
2004-05-18,0.01,43.59,28.41,35.99,15.45,3.42,2004,5,15.180000000000003
2004-05-19,0.0,44.17,25.23,35.94,8.88,2.52,2004,5,18.94
2004-05-20,0.0,43.23,26.34,34.9,9.41,3.55,2004,5,16.889999999999997
2004-05-21,0.0,44.41,25.03,35.61,6.77,2.78,2004,5,19.379999999999995
2004-05-22,0.0,44.4,26.3,36.23,6.67,2.87,2004,5,18.099999999999998
2004-05-23,0.02,41.45,26.45,34.0,14.38,3.05,2004,5,15.000000000000004
2004-05-24,0.01,37.0,23.82,30.86,26.18,2.51,2004,5,13.18
2004-05-25,0.0,39.25,24.41,32.77,26.97,2.45,2004,5,14.84
2004-05-26,0.09,39.79,28.46,33.99,22.32,2.61,2004,5,11.329999999999998
2004-05-27,1.78,37.66,26.52,31.54,25.25,2.21,2004,5,11.139999999999997
2004-05-28,0.06,38.66,25.24,31.58,21.89,2.52,2004,5,13.419999999999998
2004-05-29,0.0,40.68,22.57,32.65,16.82,3.27,2004,5,18.11
2004-05-30,0.0,43.1,26.68,35.19,15.35,2.15,2004,5,16.42
2004-05-31,0.66,40.86,27.75,34.31,15.47,2.25,2004,5,13.11
2004-06-01,0.18,40.26,26.47,33.47,15.7,3.09,2004,6,13.79
2004-06-02,0.46,41.69,26.4,34.03,17.88,2.62,2004,6,15.29
2004-06-03,0.03,42.07,24.92,34.42,15.36,2.61,2004,6,17.15
2004-06-04,0.0,44.07,25.8,35.87,12.75,2.39,2004,6,18.27
2004-06-05,0.0,43.83,29.14,36.44,9.88,2.1,2004,6,14.689999999999998
2004-06-06,0.04,42.1,25.92,34.7,13.66,2.94,2004,6,16.18
2004-06-07,3.08,40.25,27.9,33.69,21.2,2.26,2004,6,12.350000000000001
2004-06-08,5.65,37.58,25.02,32.08,30.11,1.98,2004,6,12.559999999999999
2004-06-09,0.18,37.93,25.16,32.03,33.86,1.93,2004,6,12.77
2004-06-10,0.0,38.87,24.63,32.67,28.38,2.18,2004,6,14.239999999999998
2004-06-11,0.0,40.22,26.02,34.13,27.69,1.51,2004,6,14.2
2004-06-12,0.0,41.7,27.39,34.86,27.87,2.83,2004,6,14.310000000000002
2004-06-13,0.0,42.48,29.3,36.49,23.87,1.3,2004,6,13.179999999999996
2004-06-14,0.0,42.86,28.35,36.28,23.25,2.03,2004,6,14.509999999999998
2004-06-15,0.0,40.62,29.6,35.39,31.74,2.73,2004,6,11.019999999999996
2004-06-16,0.0,43.29,30.13,36.79,26.18,2.53,2004,6,13.16
2004-06-17,0.78,43.17,29.67,37.48,23.45,1.51,2004,6,13.5
2004-06-18,4.44,42.59,30.69,36.48,30.43,2.19,2004,6,11.900000000000002
2004-06-19,2.05,41.22,28.43,34.47,39.43,2.59,2004,6,12.79
2004-06-20,0.12,43.39,28.46,35.59,32.96,3.03,2004,6,14.93
2004-06-21,5.97,39.89,27.45,33.78,36.17,2.53,2004,6,12.440000000000001
2004-06-22,0.11,40.38,28.93,34.23,35.73,1.95,2004,6,11.450000000000003
2004-06-23,0.91,40.29,27.07,33.91,30.84,2.46,2004,6,13.219999999999999
2004-06-24,1.02,39.29,27.25,33.4,33.43,2.5,2004,6,12.04
2004-06-25,1.25,40.12,26.48,33.49,34.57,2.2,2004,6,13.639999999999997
2004-06-26,1.32,39.51,26.92,33.39,34.35,1.75,2004,6,12.589999999999996
2004-06-27,2.78,38.57,26.14,32.58,36.24,2.09,2004,6,12.43
2004-06-28,0.12,40.3,26.58,33.83,35.93,2.19,2004,6,13.719999999999999
2004-06-29,0.0,42.76,30.14,36.38,27.28,1.61,2004,6,12.619999999999997
2004-06-30,0.01,44.26,30.76,37.09,22.19,1.75,2004,6,13.499999999999996
2004-07-01,0.19,44.48,28.83,37.48,24.43,1.91,2004,7,15.649999999999999
2004-07-02,1.0,44.16,32.16,38.2,23.48,2.0,2004,7,12.0
2004-07-03,0.0,44.1,30.96,37.5,21.45,2.24,2004,7,13.14
2004-07-04,1.45,43.16,29.97,36.74,21.76,2.05,2004,7,13.189999999999998
2004-07-05,28.01,39.29,27.78,33.9,45.22,1.75,2004,7,11.509999999999998
2004-07-06,4.24,40.7,29.32,34.56,47.2,1.88,2004,7,11.380000000000003
2004-07-07,0.08,40.97,27.76,34.38,45.65,1.67,2004,7,13.209999999999997
2004-07-08,0.29,42.14,28.56,35.28,41.08,2.25,2004,7,13.580000000000002
2004-07-09,10.23,35.36,26.81,30.61,56.48,2.54,2004,7,8.55
2004-07-10,0.49,38.36,25.22,32.08,47.13,2.21,2004,7,13.14
2004-07-11,0.13,39.47,26.13,33.2,40.07,1.68,2004,7,13.34
2004-07-12,6.12,39.48,27.79,33.69,44.43,1.79,2004,7,11.689999999999998
2004-07-13,0.61,39.63,29.27,34.01,43.28,1.75,2004,7,10.360000000000003
2004-07-14,10.12,38.49,28.5,33.19,47.05,1.86,2004,7,9.990000000000002
2004-07-15,0.07,39.54,27.46,33.62,47.65,1.5,2004,7,12.079999999999998
2004-07-16,5.43,37.67,27.32,32.68,49.37,1.93,2004,7,10.350000000000001
2004-07-17,0.44,39.74,25.65,33.03,43.19,1.81,2004,7,14.090000000000003
2004-07-18,1.41,37.27,25.13,31.12,41.99,3.06,2004,7,12.140000000000004
2004-07-19,0.02,39.64,26.4,32.83,40.22,2.11,2004,7,13.240000000000002
2004-07-20,2.94,38.77,26.95,33.14,41.9,1.74,2004,7,11.820000000000004
2004-07-21,1.77,39.39,25.86,32.83,42.27,1.91,2004,7,13.530000000000001
2004-07-22,0.01,39.51,25.3,32.8,40.39,2.14,2004,7,14.209999999999997
2004-07-23,0.03,38.8,27.39,32.85,40.73,2.67,2004,7,11.409999999999997
2004-07-24,0.0,40.91,27.55,34.32,36.82,1.64,2004,7,13.359999999999996
2004-07-25,0.0,41.34,26.79,34.17,37.33,2.22,2004,7,14.550000000000004
2004-07-26,0.0,41.62,27.64,34.96,34.38,2.03,2004,7,13.979999999999997
2004-07-27,0.0,42.75,29.35,36.17,30.87,2.36,2004,7,13.399999999999999
2004-07-28,0.0,42.33,30.41,36.49,28.99,1.44,2004,7,11.919999999999998
2004-07-29,9.1,39.71,27.56,33.58,45.45,3.16,2004,7,12.150000000000002
2004-07-30,7.46,36.04,26.6,30.65,64.97,2.22,2004,7,9.439999999999998
2004-07-31,5.09,35.24,25.34,29.76,62.36,2.47,2004,7,9.900000000000002
2004-08-01,0.85,34.65,24.9,29.8,58.52,2.56,2004,8,9.75
2004-08-02,1.19,35.7,25.46,30.34,56.49,1.64,2004,8,10.240000000000002
2004-08-03,3.11,35.7,24.53,30.02,60.36,1.62,2004,8,11.170000000000002
2004-08-04,0.0,38.64,25.37,31.79,50.2,1.82,2004,8,13.27
2004-08-05,0.0,40.43,25.48,32.84,49.64,1.93,2004,8,14.95
2004-08-06,6.9,38.51,25.18,30.98,60.16,3.54,2004,8,13.329999999999998
2004-08-07,12.52,35.71,24.74,29.93,69.14,3.12,2004,8,10.970000000000002
2004-08-08,3.57,37.41,26.06,31.16,63.38,2.01,2004,8,11.349999999999998
2004-08-09,2.22,36.17,25.43,30.25,62.53,1.73,2004,8,10.740000000000002
2004-08-10,0.35,36.9,25.3,30.85,57.14,1.89,2004,8,11.599999999999998
2004-08-11,0.95,36.43,24.99,30.89,55.92,1.45,2004,8,11.440000000000001
2004-08-12,0.0,38.09,25.76,31.33,50.06,1.99,2004,8,12.330000000000002
2004-08-13,0.33,39.76,25.22,32.22,50.88,2.35,2004,8,14.54
2004-08-14,0.89,40.15,26.07,32.76,52.68,2.52,2004,8,14.079999999999998
2004-08-15,1.99,38.69,27.03,32.71,54.32,2.0,2004,8,11.659999999999997
2004-08-16,1.47,40.59,27.83,33.61,49.81,2.3,2004,8,12.760000000000005
2004-08-17,5.75,37.07,26.33,31.23,62.09,2.92,2004,8,10.740000000000002
2004-08-18,6.2,34.98,24.58,29.33,69.07,2.85,2004,8,10.399999999999999
2004-08-19,3.63,36.21,25.17,30.25,61.28,2.39,2004,8,11.04
2004-08-20,1.12,36.3,25.22,30.23,58.5,3.34,2004,8,11.079999999999998
2004-08-21,0.56,37.6,24.72,31.14,55.24,1.95,2004,8,12.880000000000003
2004-08-22,0.01,36.48,25.61,31.03,53.06,1.98,2004,8,10.869999999999997
2004-08-23,0.8,37.96,25.58,31.43,53.36,2.28,2004,8,12.380000000000003
2004-08-24,4.71,36.46,25.29,30.8,57.11,2.41,2004,8,11.170000000000002
2004-08-25,53.96,32.46,24.67,28.31,73.39,2.11,2004,8,7.789999999999999
2004-08-26,0.88,34.36,24.31,29.34,67.02,1.78,2004,8,10.05
2004-08-27,0.12,36.11,24.6,30.11,58.78,1.59,2004,8,11.509999999999998
2004-08-28,0.0,37.59,23.63,30.78,50.0,1.69,2004,8,13.960000000000004
2004-08-29,0.0,37.68,23.19,30.5,51.04,2.3,2004,8,14.489999999999998
2004-08-30,0.51,37.72,24.06,31.06,50.64,1.76,2004,8,13.66
2004-08-31,0.64,37.54,23.54,30.91,45.81,1.98,2004,8,14.0
2004-09-01,0.02,36.91,22.9,29.41,47.18,2.76,2004,9,14.009999999999998
2004-09-02,2.29,36.26,22.96,29.12,49.23,2.32,2004,9,13.299999999999997
2004-09-03,0.0,38.09,22.47,30.52,39.33,2.1,2004,9,15.620000000000005
2004-09-04,0.0,38.44,22.57,30.39,39.64,2.3,2004,9,15.869999999999997
2004-09-05,0.0,38.51,23.17,30.79,40.02,1.83,2004,9,15.339999999999996
2004-09-06,0.0,38.45,22.93,31.11,37.58,1.79,2004,9,15.520000000000003
2004-09-07,0.0,39.66,23.37,31.49,34.93,1.96,2004,9,16.289999999999996
2004-09-08,0.0,39.56,25.31,31.26,35.01,2.01,2004,9,14.250000000000004
2004-09-09,0.0,39.35,23.44,30.72,36.7,2.01,2004,9,15.91
2004-09-10,0.0,37.87,22.56,30.01,40.28,2.51,2004,9,15.309999999999999
2004-09-11,0.0,37.79,23.11,29.93,42.19,2.3,2004,9,14.68
2004-09-12,0.0,37.78,23.67,30.45,44.58,2.09,2004,9,14.11
2004-09-13,0.0,38.39,25.12,31.62,47.41,1.97,2004,9,13.27
2004-09-14,0.25,38.87,26.73,32.44,42.5,1.48,2004,9,12.139999999999997
2004-09-15,3.72,36.5,25.85,30.54,47.7,2.62,2004,9,10.649999999999999
2004-09-16,6.54,32.85,24.71,28.5,59.03,2.67,2004,9,8.14
2004-09-17,0.36,32.65,23.21,28.11,58.79,1.62,2004,9,9.439999999999998
2004-09-18,0.0,35.2,22.41,28.72,52.22,1.82,2004,9,12.790000000000003
2004-09-19,0.0,36.07,23.01,29.53,48.33,1.53,2004,9,13.059999999999999
2004-09-20,0.0,36.48,23.38,29.74,43.92,1.7,2004,9,13.099999999999998
2004-09-21,2.8,34.13,23.36,28.32,51.01,2.38,2004,9,10.770000000000003
2004-09-22,1.08,34.07,22.3,27.54,49.29,2.29,2004,9,11.77
2004-09-23,0.02,35.34,21.54,27.77,36.6,2.45,2004,9,13.800000000000004
2004-09-24,0.0,35.87,22.55,28.42,30.14,1.95,2004,9,13.319999999999997
2004-09-25,0.0,36.22,20.59,28.24,29.57,1.97,2004,9,15.629999999999999
2004-09-26,0.0,36.64,22.18,28.47,29.11,2.76,2004,9,14.46
2004-09-27,0.0,37.48,23.67,30.13,24.05,1.84,2004,9,13.809999999999995
2004-09-28,0.0,37.66,25.38,30.34,22.06,1.52,2004,9,12.279999999999998
2004-09-29,0.0,37.23,21.58,29.01,25.76,2.29,2004,9,15.649999999999999
2004-09-30,0.0,37.38,22.52,29.39,26.73,1.94,2004,9,14.860000000000003
2004-10-01,0.0,33.83,24.56,28.56,29.87,1.83,2004,10,9.27
2004-10-02,3.66,25.08,20.66,23.49,59.03,2.37,2004,10,4.419999999999998
2004-10-03,0.0,33.62,19.31,25.79,45.12,2.1,2004,10,14.309999999999999
2004-10-04,0.0,34.18,18.34,25.49,30.45,2.88,2004,10,15.84
2004-10-05,0.0,34.64,18.57,26.33,26.06,2.27,2004,10,16.07
2004-10-06,0.0,35.19,20.58,27.79,24.94,1.57,2004,10,14.61
2004-10-07,0.0,35.31,21.16,27.99,22.26,1.53,2004,10,14.150000000000002
2004-10-08,0.0,33.7,17.85,25.52,26.42,3.56,2004,10,15.850000000000001
2004-10-09,0.84,32.64,20.58,25.82,30.1,6.73,2004,10,12.060000000000002
2004-10-10,6.31,28.28,18.72,23.0,58.56,6.02,2004,10,9.560000000000002
2004-10-11,6.7,26.29,15.61,19.89,63.89,2.58,2004,10,10.68
2004-10-12,0.23,27.41,15.57,20.82,49.31,1.86,2004,10,11.84
2004-10-13,0.01,24.12,14.48,18.82,51.71,2.18,2004,10,9.64
2004-10-14,0.0,28.58,13.61,20.43,42.32,2.79,2004,10,14.969999999999999
2004-10-15,0.0,30.31,15.33,22.03,34.25,2.08,2004,10,14.979999999999999
2004-10-16,0.0,30.16,15.38,22.64,32.32,2.03,2004,10,14.78
2004-10-17,0.0,29.84,16.35,22.79,35.2,1.99,2004,10,13.489999999999998
2004-10-18,0.0,30.25,17.02,23.14,37.3,1.77,2004,10,13.23
2004-10-19,3.52,29.17,15.66,21.42,49.69,2.47,2004,10,13.510000000000002
2004-10-20,0.14,28.89,16.04,21.68,47.72,2.31,2004,10,12.850000000000001
2004-10-21,1.06,28.79,15.98,21.06,48.78,3.28,2004,10,12.809999999999999
2004-10-22,0.0,30.66,14.81,21.65,35.47,2.64,2004,10,15.85
2004-10-23,0.0,30.59,14.43,21.95,28.17,2.35,2004,10,16.16
2004-10-24,0.0,30.32,14.79,21.58,28.22,2.08,2004,10,15.530000000000001
2004-10-25,0.0,29.21,14.1,20.9,29.44,2.56,2004,10,15.110000000000001
2004-10-26,34.35,24.28,15.5,19.04,49.01,2.97,2004,10,8.780000000000001
2004-10-27,0.0,25.64,13.22,18.71,52.97,2.34,2004,10,12.42
2004-10-28,0.1,26.31,13.24,18.53,53.11,2.41,2004,10,13.069999999999999
2004-10-29,0.0,26.33,11.1,17.49,48.05,2.43,2004,10,15.229999999999999
2004-10-30,0.0,25.83,11.94,17.88,42.43,2.18,2004,10,13.889999999999999
2004-10-31,0.0,26.11,12.96,18.37,40.2,1.91,2004,10,13.149999999999999
2004-11-01,0.0,26.38,12.09,18.04,42.99,2.37,2004,11,14.29
2004-11-02,0.0,27.4,12.77,18.65,40.84,2.68,2004,11,14.629999999999999
2004-11-03,0.0,26.87,12.69,18.34,38.96,2.79,2004,11,14.180000000000001
2004-11-04,0.0,27.67,11.7,18.71,36.01,2.89,2004,11,15.970000000000002
2004-11-05,0.0,27.48,12.03,19.03,37.37,2.41,2004,11,15.450000000000001
2004-11-06,0.0,27.25,11.76,18.27,39.79,2.65,2004,11,15.49
2004-11-07,0.0,27.72,12.56,18.86,35.84,2.49,2004,11,15.159999999999998
2004-11-08,0.0,27.2,12.12,18.34,36.21,2.71,2004,11,15.08
2004-11-09,0.0,27.28,12.39,18.38,35.24,2.57,2004,11,14.89
2004-11-10,0.0,26.95,11.77,18.64,34.03,2.1,2004,11,15.18
2004-11-11,0.0,26.41,12.97,18.62,34.27,2.05,2004,11,13.44
2004-11-12,0.0,23.53,12.35,17.31,37.69,2.11,2004,11,11.180000000000001
2004-11-13,0.0,26.73,12.19,17.91,37.26,2.17,2004,11,14.540000000000001
2004-11-14,0.0,28.11,11.59,18.33,36.38,3.31,2004,11,16.52
2004-11-15,0.0,28.15,11.19,18.83,28.79,2.61,2004,11,16.96
2004-11-16,0.0,28.45,12.44,19.23,26.91,2.73,2004,11,16.009999999999998
2004-11-17,0.0,28.84,12.67,19.24,28.44,2.75,2004,11,16.17
2004-11-18,0.0,27.79,14.06,19.23,30.11,3.01,2004,11,13.729999999999999
2004-11-19,0.0,28.67,13.48,19.48,30.65,2.89,2004,11,15.190000000000001
2004-11-20,0.0,28.27,15.02,20.39,27.05,2.13,2004,11,13.25
2004-11-21,0.0,28.05,14.55,20.35,28.49,2.29,2004,11,13.5
2004-11-22,0.0,26.97,15.34,20.53,33.7,2.38,2004,11,11.629999999999999
2004-11-23,0.0,26.84,13.54,18.55,41.28,3.12,2004,11,13.3
2004-11-24,0.0,26.41,12.99,18.78,32.83,2.03,2004,11,13.42
2004-11-25,0.0,24.03,13.91,18.27,36.1,1.88,2004,11,10.120000000000001
2004-11-26,0.0,23.78,13.37,17.46,39.29,2.19,2004,11,10.410000000000002
2004-11-27,0.0,24.84,11.69,16.77,40.45,2.93,2004,11,13.15
2004-11-28,0.0,24.72,11.12,16.88,35.35,2.49,2004,11,13.6
2004-11-29,10.32,16.59,11.18,14.86,54.48,1.76,2004,11,5.41
2004-11-30,0.09,17.87,10.15,13.64,79.35,2.38,2004,11,7.720000000000001
2004-12-01,0.0,21.06,10.25,14.66,58.82,1.73,2004,12,10.809999999999999
2004-12-02,0.0,21.43,8.59,13.65,52.97,2.5,2004,12,12.84
2004-12-03,0.0,21.62,8.97,14.69,41.48,1.73,2004,12,12.65
2004-12-04,0.0,21.83,9.78,14.42,49.5,3.42,2004,12,12.049999999999999
2004-12-05,0.0,22.88,8.76,13.98,46.52,3.42,2004,12,14.12
2004-12-06,0.0,24.29,10.8,15.91,34.78,2.59,2004,12,13.489999999999998
2004-12-07,0.0,24.55,10.95,15.95,29.53,2.28,2004,12,13.600000000000001
2004-12-08,0.0,23.39,10.11,15.14,27.75,2.11,2004,12,13.280000000000001
2004-12-09,0.0,25.0,9.84,15.28,29.29,3.03,2004,12,15.16
2004-12-10,0.0,25.89,11.9,16.88,25.76,2.28,2004,12,13.99
2004-12-11,0.02,25.84,13.25,17.74,27.38,2.42,2004,12,12.59
2004-12-12,0.0,25.5,12.58,17.11,32.94,2.53,2004,12,12.92
2004-12-13,0.0,25.66,11.99,16.63,32.28,3.11,2004,12,13.67
2004-12-14,0.0,26.04,11.95,17.48,31.96,3.04,2004,12,14.09
2004-12-15,0.0,26.93,12.82,18.22,32.65,2.92,2004,12,14.11
2004-12-16,0.0,26.81,12.55,17.57,31.61,3.11,2004,12,14.259999999999998
2004-12-17,0.0,25.39,14.65,18.38,25.44,2.14,2004,12,10.74
2004-12-18,0.0,23.82,10.34,15.93,28.31,2.66,2004,12,13.48
2004-12-19,14.89,14.47,8.51,11.61,55.86,2.98,2004,12,5.960000000000001
2004-12-20,0.0,17.14,7.4,11.85,63.72,1.67,2004,12,9.74
2004-12-21,0.0,18.3,7.74,11.71,54.99,1.75,2004,12,10.56
2004-12-22,0.03,17.57,6.79,11.68,57.43,2.28,2004,12,10.780000000000001
2004-12-23,0.0,18.13,5.99,11.34,61.8,2.13,2004,12,12.139999999999999
2004-12-24,0.0,17.67,6.13,10.42,57.83,2.57,2004,12,11.540000000000003
2004-12-25,0.0,17.24,3.78,9.11,49.94,3.36,2004,12,13.459999999999999
2004-12-26,0.0,18.97,2.24,8.6,38.62,4.51,2004,12,16.729999999999997
2004-12-27,0.02,17.37,6.63,11.61,30.98,1.96,2004,12,10.740000000000002
2004-12-28,0.48,21.0,8.61,13.38,52.93,2.43,2004,12,12.39
2004-12-29,0.0,20.01,10.74,14.34,50.72,2.0,2004,12,9.270000000000001
2004-12-30,1.0,21.65,10.77,14.45,51.3,1.96,2004,12,10.879999999999999
2004-12-31,2.09,17.47,8.44,12.48,73.31,4.1,2004,12,9.03
2005-01-01,1.02,13.38,7.68,10.48,74.03,4.54,2005,1,5.700000000000001
2005-01-02,0.69,16.09,6.41,10.6,64.24,1.71,2005,1,9.68
2005-01-03,0.28,17.09,5.35,9.84,67.57,2.15,2005,1,11.74
2005-01-04,0.0,15.97,5.92,9.84,54.31,2.04,2005,1,10.05
2005-01-05,0.0,17.0,5.92,10.92,41.95,1.48,2005,1,11.08
2005-01-06,0.0,19.23,7.02,11.58,41.48,1.98,2005,1,12.21
2005-01-07,0.0,20.89,6.84,11.99,42.06,2.28,2005,1,14.05
2005-01-08,0.0,20.3,9.29,13.16,37.47,2.46,2005,1,11.010000000000002
2005-01-09,0.0,19.82,7.23,12.14,45.59,2.41,2005,1,12.59
2005-01-10,0.0,19.48,6.0,10.89,43.54,2.9,2005,1,13.48
2005-01-11,0.0,18.2,2.07,9.18,35.51,2.6,2005,1,16.13
2005-01-12,0.0,18.56,6.85,11.27,30.63,2.04,2005,1,11.709999999999999
2005-01-13,0.35,18.57,6.97,11.31,46.78,2.89,2005,1,11.600000000000001
2005-01-14,0.05,18.81,6.18,10.9,53.41,2.51,2005,1,12.629999999999999
2005-01-15,0.0,19.17,6.84,11.55,47.1,1.94,2005,1,12.330000000000002
2005-01-16,0.0,18.87,5.23,10.77,42.69,2.52,2005,1,13.64
2005-01-17,0.0,16.8,4.58,9.92,36.84,1.86,2005,1,12.22
2005-01-18,0.0,17.67,4.88,9.64,38.85,2.63,2005,1,12.790000000000003
2005-01-19,0.0,17.88,4.7,9.28,37.31,2.94,2005,1,13.18
2005-01-20,0.0,18.66,3.93,10.32,30.43,2.25,2005,1,14.73
2005-01-21,6.51,12.95,3.88,8.04,58.7,2.9,2005,1,9.07
2005-01-22,21.54,5.95,2.19,3.82,90.2,3.07,2005,1,3.7600000000000002
2005-01-23,0.04,12.06,0.88,6.24,72.15,1.82,2005,1,11.18
2005-01-24,1.38,10.54,4.16,7.41,73.6,1.35,2005,1,6.379999999999999
2005-01-25,0.0,16.89,3.3,8.8,65.86,2.18,2005,1,13.59
2005-01-26,0.06,18.69,6.39,11.03,54.51,2.35,2005,1,12.3
2005-01-27,10.95,9.75,3.5,6.43,79.21,3.48,2005,1,6.25
2005-01-28,0.08,13.42,2.45,6.97,72.1,2.05,2005,1,10.969999999999999
2005-01-29,0.0,17.23,1.45,8.01,53.49,2.31,2005,1,15.780000000000001
2005-01-30,0.01,18.22,1.47,9.67,44.46,2.26,2005,1,16.75
2005-01-31,0.0,18.63,3.66,9.51,54.29,2.86,2005,1,14.969999999999999
2005-02-01,0.0,18.69,5.17,10.61,45.91,2.08,2005,2,13.520000000000001
2005-02-02,0.01,19.06,6.03,11.48,46.62,2.52,2005,2,13.029999999999998
2005-02-03,1.18,14.15,6.88,9.63,71.02,2.56,2005,2,7.2700000000000005
2005-02-04,2.32,17.2,5.94,10.09,66.6,3.78,2005,2,11.259999999999998
2005-02-05,2.62,13.89,5.64,9.21,80.32,2.88,2005,2,8.25
2005-02-06,10.28,10.44,5.91,8.08,87.46,3.21,2005,2,4.529999999999999
2005-02-07,23.57,10.41,5.71,8.5,91.55,3.55,2005,2,4.7
2005-02-08,0.93,13.15,6.82,9.77,84.07,2.0,2005,2,6.33
2005-02-09,21.27,11.92,6.92,9.83,88.94,2.99,2005,2,5.0
2005-02-10,15.22,15.2,6.27,9.81,80.83,3.9,2005,2,8.93
2005-02-11,25.11,14.21,8.25,10.99,89.02,4.75,2005,2,5.960000000000001
2005-02-12,6.78,17.49,11.72,14.03,80.47,2.02,2005,2,5.769999999999998
2005-02-13,0.05,17.76,8.25,12.52,78.31,1.86,2005,2,9.510000000000002
2005-02-14,0.05,17.5,7.72,12.11,62.83,1.82,2005,2,9.780000000000001
2005-02-15,4.93,14.2,8.53,11.2,75.46,2.2,2005,2,5.67
2005-02-16,0.18,14.59,4.9,9.17,79.57,3.79,2005,2,9.69
2005-02-17,7.6,16.03,3.35,9.63,61.72,2.34,2005,2,12.680000000000001
2005-02-18,11.18,12.85,3.92,8.01,65.31,2.01,2005,2,8.93
2005-02-19,7.43,13.38,4.81,8.2,72.52,2.51,2005,2,8.57
2005-02-20,1.53,14.36,3.44,8.54,66.88,1.63,2005,2,10.92
2005-02-21,0.0,16.34,5.17,9.73,65.87,2.55,2005,2,11.17
2005-02-22,0.0,20.45,4.06,11.99,55.32,2.68,2005,2,16.39
2005-02-23,0.0,18.29,8.13,12.51,58.7,1.73,2005,2,10.159999999999998
2005-02-24,0.09,19.08,7.78,13.11,62.21,2.23,2005,2,11.299999999999997
2005-02-25,0.0,20.77,6.49,12.86,62.63,3.05,2005,2,14.28
2005-02-26,0.0,21.88,6.27,13.66,56.55,2.99,2005,2,15.61
2005-02-27,0.14,20.28,11.43,14.51,55.33,2.09,2005,2,8.850000000000001
2005-02-28,0.02,21.08,9.98,15.43,60.17,1.59,2005,2,11.099999999999998
2005-03-01,0.41,21.78,10.23,15.12,68.82,1.91,2005,3,11.55
2005-03-02,0.3,20.78,10.18,15.31,67.21,1.91,2005,3,10.600000000000001
2005-03-03,0.66,23.46,11.0,16.86,66.0,2.33,2005,3,12.46
2005-03-04,0.44,25.35,12.38,18.33,62.95,2.93,2005,3,12.97
2005-03-05,1.68,21.54,12.98,17.09,74.58,2.36,2005,3,8.559999999999999
2005-03-06,0.02,24.16,11.07,17.69,60.71,1.62,2005,3,13.09
2005-03-07,0.0,23.16,13.09,17.11,65.05,2.59,2005,3,10.07
2005-03-08,0.0,24.14,12.61,17.75,62.14,1.77,2005,3,11.530000000000001
2005-03-09,0.35,24.18,11.73,16.34,66.17,2.81,2005,3,12.45
2005-03-10,0.96,17.95,10.86,14.07,82.25,2.36,2005,3,7.09
2005-03-11,0.0,24.22,9.46,16.23,65.72,3.02,2005,3,14.759999999999998
2005-03-12,0.0,25.44,11.98,18.44,54.51,2.45,2005,3,13.46
2005-03-13,0.0,27.72,14.76,20.27,53.85,2.03,2005,3,12.959999999999999
2005-03-14,0.0,27.53,14.22,20.47,61.01,1.96,2005,3,13.31
2005-03-15,2.6,28.07,15.73,21.27,62.86,2.76,2005,3,12.34
2005-03-16,37.35,26.95,16.39,21.08,67.11,2.51,2005,3,10.559999999999999
2005-03-17,4.76,26.27,16.03,20.33,69.56,3.24,2005,3,10.239999999999998
2005-03-18,18.69,18.19,14.27,16.27,87.38,2.36,2005,3,3.9200000000000017
2005-03-19,15.05,23.68,13.89,19.02,70.54,1.77,2005,3,9.79
2005-03-20,0.26,23.13,15.2,18.83,67.5,1.48,2005,3,7.93
2005-03-21,63.13,17.32,12.83,15.2,87.57,3.19,2005,3,4.49
2005-03-22,3.85,19.7,12.61,16.14,76.52,1.76,2005,3,7.09
2005-03-23,0.76,21.55,11.36,16.1,70.36,2.02,2005,3,10.190000000000001
2005-03-24,0.0,22.95,11.89,17.38,64.12,2.16,2005,3,11.059999999999999
2005-03-25,0.05,20.88,12.3,15.51,71.5,2.27,2005,3,8.579999999999998
2005-03-26,4.3,23.87,11.11,17.37,69.86,2.92,2005,3,12.760000000000002
2005-03-27,4.22,22.49,12.96,17.14,73.07,2.87,2005,3,9.529999999999998
2005-03-28,0.0,24.14,10.77,17.28,66.97,2.79,2005,3,13.370000000000001
2005-03-29,0.0,24.76,12.06,17.97,56.92,2.95,2005,3,12.700000000000001
2005-03-30,0.12,24.81,12.67,18.36,51.2,2.91,2005,3,12.139999999999999
2005-03-31,0.0,25.96,10.79,18.68,49.54,2.82,2005,3,15.170000000000002
2005-04-01,0.0,27.58,12.4,20.17,44.37,2.93,2005,4,15.179999999999998
2005-04-02,0.0,28.02,14.08,21.07,44.47,2.63,2005,4,13.94
2005-04-03,0.0,28.58,13.35,21.26,46.77,2.87,2005,4,15.229999999999999
2005-04-04,0.0,29.32,15.28,21.54,50.8,2.71,2005,4,14.040000000000001
2005-04-05,0.49,29.18,14.84,21.84,55.37,3.73,2005,4,14.34
2005-04-06,0.14,27.61,15.04,21.28,55.71,5.43,2005,4,12.57
2005-04-07,0.41,27.69,12.13,19.91,52.28,5.51,2005,4,15.56
2005-04-08,0.07,23.07,8.11,15.89,46.37,3.18,2005,4,14.96
2005-04-09,0.0,23.19,11.16,16.53,41.78,2.21,2005,4,12.030000000000001
2005-04-10,0.0,23.74,9.07,16.2,48.9,2.91,2005,4,14.669999999999998
2005-04-11,0.0,24.99,9.55,17.35,46.25,2.74,2005,4,15.439999999999998
2005-04-12,0.0,25.35,11.0,18.73,44.56,2.74,2005,4,14.350000000000001
2005-04-13,0.5,28.57,13.57,21.26,48.7,2.51,2005,4,15.0
2005-04-14,0.46,28.65,14.91,21.91,51.63,2.83,2005,4,13.739999999999998
2005-04-15,0.0,29.63,15.28,21.99,49.42,2.68,2005,4,14.35
2005-04-16,0.0,31.08,13.56,22.09,46.55,2.94,2005,4,17.519999999999996
2005-04-17,0.0,31.83,16.6,23.96,39.35,2.89,2005,4,15.229999999999997
2005-04-18,0.0,33.64,16.11,24.06,38.36,3.51,2005,4,17.53
2005-04-19,0.0,33.44,18.06,25.29,31.41,2.45,2005,4,15.379999999999999
2005-04-20,0.0,34.27,17.78,25.88,39.92,2.03,2005,4,16.490000000000002
2005-04-21,0.0,32.28,18.0,24.86,48.11,3.16,2005,4,14.280000000000001
2005-04-22,0.23,34.35,19.28,26.24,51.05,3.06,2005,4,15.07
2005-04-23,0.34,34.26,18.74,26.82,47.17,2.48,2005,4,15.52
2005-04-24,4.61,30.25,20.04,24.36,56.07,2.39,2005,4,10.21
2005-04-25,8.82,28.77,17.9,22.97,59.55,1.92,2005,4,10.870000000000001
2005-04-26,1.91,28.8,17.67,22.45,60.38,2.33,2005,4,11.129999999999999
2005-04-27,1.01,28.36,16.24,22.06,52.94,2.55,2005,4,12.120000000000001
2005-04-28,0.01,31.01,16.78,23.49,46.71,2.75,2005,4,14.23
2005-04-29,0.0,32.87,16.16,25.02,43.26,2.39,2005,4,16.709999999999997
2005-04-30,0.12,33.46,18.41,26.04,46.04,2.44,2005,4,15.05
2005-05-01,4.16,31.73,18.82,25.29,54.55,2.58,2005,5,12.91
2005-05-02,1.82,30.34,20.05,24.57,58.17,1.95,2005,5,10.29
2005-05-03,3.3,25.01,18.93,21.86,71.47,1.65,2005,5,6.080000000000002
2005-05-04,0.08,29.1,17.76,23.57,60.35,1.84,2005,5,11.34
2005-05-05,0.59,30.89,18.8,25.01,54.15,2.04,2005,5,12.09
2005-05-06,0.54,34.2,19.17,26.73,51.09,2.35,2005,5,15.030000000000001
2005-05-07,0.33,35.39,19.8,26.57,49.65,3.07,2005,5,15.59
2005-05-08,5.75,33.64,19.51,26.15,53.55,2.92,2005,5,14.129999999999999
2005-05-09,1.42,31.69,18.96,24.89,48.72,3.39,2005,5,12.73
2005-05-10,0.0,33.73,17.79,26.21,36.78,1.8,2005,5,15.939999999999998
2005-05-11,0.0,35.07,19.32,27.29,31.94,2.46,2005,5,15.75
2005-05-12,0.0,35.42,21.17,28.35,27.25,2.46,2005,5,14.25
2005-05-13,0.07,35.46,18.95,27.28,35.99,3.23,2005,5,16.51
2005-05-14,0.43,35.71,19.35,27.27,34.27,2.81,2005,5,16.36
2005-05-15,0.0,36.67,17.47,27.69,31.12,3.11,2005,5,19.200000000000003
2005-05-16,0.04,35.65,20.35,27.85,33.91,3.48,2005,5,15.299999999999997
2005-05-17,0.06,37.02,19.91,28.58,35.77,2.79,2005,5,17.110000000000003
2005-05-18,0.02,36.96,21.62,29.41,33.62,2.48,2005,5,15.34
2005-05-19,1.85,36.28,20.88,28.63,32.94,3.26,2005,5,15.400000000000002
2005-05-20,0.32,35.28,19.86,27.47,31.23,3.76,2005,5,15.420000000000002
2005-05-21,0.18,32.88,18.47,26.22,30.03,2.92,2005,5,14.410000000000004
2005-05-22,0.08,34.31,20.61,26.85,34.61,3.41,2005,5,13.700000000000003
2005-05-23,0.01,35.04,20.15,27.43,36.25,2.95,2005,5,14.89
2005-05-24,0.08,36.87,18.58,27.82,28.34,2.8,2005,5,18.29
2005-05-25,0.01,36.84,20.35,28.61,25.48,2.65,2005,5,16.490000000000002
2005-05-26,3.88,35.58,20.55,27.67,31.07,3.24,2005,5,15.029999999999998
2005-05-27,0.0,36.31,19.97,28.32,29.52,2.51,2005,5,16.340000000000003
2005-05-28,0.0,37.04,21.1,29.33,27.31,3.81,2005,5,15.939999999999998
2005-05-29,4.55,37.64,22.24,29.47,30.94,3.57,2005,5,15.400000000000002
2005-05-30,0.67,34.4,22.2,28.23,40.5,2.26,2005,5,12.2
2005-05-31,0.04,36.15,21.15,28.93,32.65,3.28,2005,5,15.0
2005-06-01,0.0,38.25,21.51,30.49,24.58,2.94,2005,6,16.74
2005-06-02,0.0,40.09,22.88,32.1,20.21,2.95,2005,6,17.210000000000004
2005-06-03,0.0,41.29,24.51,33.84,17.49,2.9,2005,6,16.779999999999998
2005-06-04,0.0,43.7,25.9,35.77,14.65,2.61,2005,6,17.800000000000004
2005-06-05,0.0,43.98,29.74,36.55,12.21,2.09,2005,6,14.239999999999998
2005-06-06,0.01,41.85,26.57,35.08,14.58,2.79,2005,6,15.280000000000001
2005-06-07,0.03,41.49,27.29,34.58,16.97,2.71,2005,6,14.200000000000003
2005-06-08,0.0,41.06,25.3,33.89,18.86,2.11,2005,6,15.760000000000002
2005-06-09,0.0,42.24,26.55,34.73,15.73,2.15,2005,6,15.690000000000001
2005-06-10,4.45,39.35,24.4,31.88,22.33,2.34,2005,6,14.950000000000003
2005-06-11,0.01,39.82,24.13,32.7,21.81,2.05,2005,6,15.690000000000001
2005-06-12,0.04,40.17,25.98,33.43,19.06,2.14,2005,6,14.190000000000001
2005-06-13,1.14,36.89,24.93,31.71,22.68,2.7,2005,6,11.96
2005-06-14,0.0,40.59,26.12,33.44,21.21,2.59,2005,6,14.470000000000002
2005-06-15,0.0,41.44,26.9,34.8,20.16,2.14,2005,6,14.54
2005-06-16,0.0,43.41,29.21,36.48,17.55,2.42,2005,6,14.199999999999996
2005-06-17,0.0,42.66,29.15,36.16,18.0,2.01,2005,6,13.509999999999998
2005-06-18,0.03,43.07,29.32,36.35,18.96,2.44,2005,6,13.75
2005-06-19,0.18,43.54,29.27,36.22,18.25,2.87,2005,6,14.27
2005-06-20,0.01,44.55,27.9,36.97,15.99,2.76,2005,6,16.65
2005-06-21,0.01,46.07,28.74,38.1,14.78,2.32,2005,6,17.330000000000002
2005-06-22,0.08,45.78,30.19,38.48,13.38,2.71,2005,6,15.59
2005-06-23,0.0,47.26,30.56,39.63,12.61,2.34,2005,6,16.7
2005-06-24,0.0,46.17,29.98,39.14,11.93,1.97,2005,6,16.19
2005-06-25,0.0,44.84,29.22,37.92,15.18,2.55,2005,6,15.620000000000005
2005-06-26,0.2,45.27,31.52,38.6,21.39,3.02,2005,6,13.750000000000004
2005-06-27,0.46,43.19,31.06,37.56,26.59,2.57,2005,6,12.129999999999999
2005-06-28,0.07,43.79,31.19,37.58,26.11,2.39,2005,6,12.599999999999998
2005-06-29,0.6,41.43,31.04,35.92,37.09,3.42,2005,6,10.39
2005-06-30,1.37,43.17,29.84,36.69,35.69,2.73,2005,6,13.330000000000002
2005-07-01,21.94,36.33,29.66,32.69,53.66,2.68,2005,7,6.669999999999998
2005-07-02,3.08,33.14,24.8,28.73,62.42,4.18,2005,7,8.34
2005-07-03,1.43,38.18,24.75,31.93,45.92,2.2,2005,7,13.43
2005-07-04,0.96,38.48,25.73,32.47,47.48,1.95,2005,7,12.749999999999996
2005-07-05,0.05,37.59,25.09,31.59,49.5,2.41,2005,7,12.500000000000004
2005-07-06,0.04,35.66,25.65,30.5,54.11,2.05,2005,7,10.009999999999998
2005-07-07,1.5,36.84,24.45,30.22,56.1,2.47,2005,7,12.390000000000004
2005-07-08,0.45,38.15,25.05,31.47,55.27,1.94,2005,7,13.099999999999998
2005-07-09,0.05,41.44,27.13,34.45,46.51,1.91,2005,7,14.309999999999999
2005-07-10,0.0,42.15,28.08,35.66,41.56,2.26,2005,7,14.07
2005-07-11,5.73,40.91,29.77,34.92,47.6,2.78,2005,7,11.139999999999997
2005-07-12,26.15,33.39,26.48,29.73,73.14,3.97,2005,7,6.91
2005-07-13,4.71,35.1,25.13,30.14,67.21,2.77,2005,7,9.970000000000002
2005-07-14,2.61,35.94,25.52,30.93,61.06,2.63,2005,7,10.419999999999998
2005-07-15,1.8,37.07,25.65,31.33,62.05,2.37,2005,7,11.420000000000002
2005-07-16,8.54,36.11,26.04,31.17,56.55,1.84,2005,7,10.07
2005-07-17,57.48,32.99,24.74,29.45,63.61,1.62,2005,7,8.250000000000004
2005-07-18,4.28,33.8,24.52,29.66,68.17,1.88,2005,7,9.279999999999998
2005-07-19,0.67,35.44,25.12,30.63,66.47,1.29,2005,7,10.319999999999997
2005-07-20,0.46,36.36,26.76,32.11,60.08,1.6,2005,7,9.599999999999998
2005-07-21,7.57,36.15,28.31,32.07,58.74,1.42,2005,7,7.84
2005-07-22,3.8,36.69,26.41,31.96,57.11,1.49,2005,7,10.279999999999998
2005-07-23,6.59,36.78,27.2,32.45,53.05,1.57,2005,7,9.580000000000002
2005-07-24,0.49,36.84,25.45,31.32,58.02,2.15,2005,7,11.390000000000004
2005-07-25,0.0,37.32,26.0,31.94,57.82,1.83,2005,7,11.32
2005-07-26,0.0,38.78,28.0,33.13,50.1,1.65,2005,7,10.780000000000001
2005-07-27,1.56,35.85,26.75,31.77,57.13,1.69,2005,7,9.100000000000001
2005-07-28,0.73,37.39,26.53,32.07,53.12,1.37,2005,7,10.86
2005-07-29,2.31,36.91,26.8,32.1,51.08,1.28,2005,7,10.109999999999996
2005-07-30,1.45,37.76,27.31,32.29,54.07,2.11,2005,7,10.45
2005-07-31,0.0,38.9,26.31,32.63,51.93,1.6,2005,7,12.59
2005-08-01,0.01,38.37,26.83,33.08,53.41,1.38,2005,8,11.54
2005-08-02,0.07,39.12,27.42,33.31,50.08,1.98,2005,8,11.699999999999996
2005-08-03,0.7,39.67,27.59,33.48,50.83,1.47,2005,8,12.080000000000002
2005-08-04,12.14,37.06,27.81,32.38,59.88,1.45,2005,8,9.250000000000004
2005-08-05,19.65,37.09,27.51,32.29,62.14,1.85,2005,8,9.580000000000002
2005-08-06,45.76,32.48,26.35,29.57,70.67,2.14,2005,8,6.1299999999999955
2005-08-07,8.59,33.07,24.56,28.71,69.56,1.83,2005,8,8.510000000000002
2005-08-08,2.89,30.72,23.53,27.13,72.53,1.68,2005,8,7.189999999999998
2005-08-09,0.0,33.02,22.36,28.24,65.2,1.94,2005,8,10.660000000000004
2005-08-10,0.0,35.09,23.32,29.34,62.71,1.91,2005,8,11.770000000000003
2005-08-11,4.63,35.55,24.47,30.34,61.54,2.09,2005,8,11.079999999999998
2005-08-12,3.55,36.54,25.13,31.18,58.82,1.86,2005,8,11.41
2005-08-13,1.16,36.64,25.58,31.21,58.52,2.0,2005,8,11.060000000000002
2005-08-14,0.0,37.48,25.03,31.68,54.85,1.89,2005,8,12.449999999999996
2005-08-15,0.0,38.15,27.12,32.34,51.88,2.0,2005,8,11.029999999999998
2005-08-16,12.76,35.63,26.0,31.34,58.3,1.96,2005,8,9.630000000000003
2005-08-17,8.84,34.19,26.95,30.85,61.73,1.5,2005,8,7.239999999999998
2005-08-18,4.64,35.37,25.22,30.35,62.36,1.9,2005,8,10.149999999999999
2005-08-19,0.24,36.13,25.17,30.49,57.76,1.66,2005,8,10.96
2005-08-20,7.73,34.94,26.58,30.52,58.1,1.4,2005,8,8.36
2005-08-21,8.14,34.67,24.32,29.56,61.76,1.84,2005,8,10.350000000000001
2005-08-22,4.98,36.39,24.53,30.49,58.31,2.13,2005,8,11.86
2005-08-23,4.98,36.62,24.42,30.45,56.85,2.21,2005,8,12.199999999999996
2005-08-24,0.0,36.55,24.58,30.42,54.59,2.33,2005,8,11.969999999999999
2005-08-25,2.87,35.64,24.1,30.17,56.57,1.62,2005,8,11.54
2005-08-26,0.08,35.94,24.14,30.03,56.67,1.89,2005,8,11.799999999999997
2005-08-27,20.93,32.82,24.1,28.33,64.18,2.17,2005,8,8.719999999999999
2005-08-28,0.21,34.34,22.64,28.6,56.09,1.65,2005,8,11.700000000000003
2005-08-29,0.13,34.13,21.15,28.11,55.32,1.88,2005,8,12.980000000000004
2005-08-30,0.0,35.3,23.36,29.68,54.52,1.66,2005,8,11.939999999999998
2005-08-31,0.0,36.52,24.66,30.33,50.53,1.83,2005,8,11.860000000000003
2005-09-01,0.0,37.44,23.7,30.51,49.88,2.03,2005,9,13.739999999999998
2005-09-02,0.21,37.38,23.72,30.96,48.09,1.69,2005,9,13.660000000000004
2005-09-03,0.01,37.13,24.45,31.11,46.09,1.69,2005,9,12.680000000000003
2005-09-04,0.0,36.9,24.18,30.65,49.17,2.0,2005,9,12.719999999999999
2005-09-05,0.39,37.44,25.63,31.14,51.92,1.4,2005,9,11.809999999999999
2005-09-06,7.62,35.65,25.77,30.69,60.9,1.51,2005,9,9.879999999999999
2005-09-07,6.76,34.65,26.01,30.11,66.25,1.71,2005,9,8.639999999999997
2005-09-08,2.92,33.25,25.91,29.68,65.99,1.16,2005,9,7.34
2005-09-09,0.98,35.0,24.96,29.49,63.24,2.01,2005,9,10.04
2005-09-10,2.35,32.62,23.47,27.86,69.63,1.62,2005,9,9.149999999999999
2005-09-11,5.38,31.5,23.0,27.23,67.12,1.68,2005,9,8.5
2005-09-12,0.38,33.56,22.9,28.23,58.75,1.44,2005,9,10.660000000000004
2005-09-13,1.28,33.6,22.82,27.34,61.88,1.89,2005,9,10.780000000000001
2005-09-14,0.27,34.19,21.5,27.64,60.21,2.02,2005,9,12.689999999999998
2005-09-15,0.04,34.3,22.36,27.7,59.61,1.99,2005,9,11.939999999999998
2005-09-16,0.0,35.51,22.08,28.94,54.98,2.33,2005,9,13.43
2005-09-17,4.74,35.16,24.03,29.31,56.34,1.89,2005,9,11.129999999999995
2005-09-18,17.95,30.23,23.15,26.65,71.19,1.84,2005,9,7.080000000000002
2005-09-19,0.0,34.15,21.39,27.69,59.14,1.65,2005,9,12.759999999999998
2005-09-20,0.0,36.44,21.84,29.24,47.02,1.76,2005,9,14.599999999999998
2005-09-21,0.0,36.53,22.32,29.45,45.6,1.74,2005,9,14.21
2005-09-22,0.01,35.58,22.37,28.9,49.98,1.87,2005,9,13.209999999999997
2005-09-23,0.37,34.64,24.34,29.2,47.96,1.24,2005,9,10.3
2005-09-24,0.6,35.11,21.77,28.49,49.78,1.95,2005,9,13.34
2005-09-25,0.0,35.09,22.59,28.53,45.09,2.53,2005,9,12.500000000000004
2005-09-26,0.0,34.07,22.89,28.01,43.03,1.55,2005,9,11.18
2005-09-27,0.02,34.42,20.64,27.07,43.19,1.93,2005,9,13.780000000000001
2005-09-28,0.0,34.74,20.42,27.51,42.85,1.94,2005,9,14.32
2005-09-29,0.0,35.06,20.91,28.15,37.79,1.69,2005,9,14.150000000000002
2005-09-30,0.0,35.3,19.57,27.39,36.94,2.16,2005,9,15.729999999999997
2005-10-01,0.0,34.78,18.63,26.62,36.62,2.44,2005,10,16.150000000000002
2005-10-02,0.0,35.21,19.35,26.91,37.33,1.97,2005,10,15.86
2005-10-03,0.0,34.92,18.97,26.85,40.4,1.86,2005,10,15.950000000000003
2005-10-04,0.7,33.08,20.58,26.36,45.4,2.0,2005,10,12.5
2005-10-05,0.06,34.2,19.34,26.33,44.45,2.56,2005,10,14.860000000000003
2005-10-06,0.0,34.62,20.32,26.85,40.34,2.63,2005,10,14.299999999999997
2005-10-07,0.0,35.54,19.98,26.94,38.31,2.52,2005,10,15.559999999999999
2005-10-08,0.0,34.68,19.06,26.07,41.27,2.55,2005,10,15.620000000000001
2005-10-09,6.5,33.34,19.25,25.77,46.83,2.26,2005,10,14.090000000000003
2005-10-10,0.0,33.41,18.18,25.3,42.87,2.49,2005,10,15.229999999999997
2005-10-11,0.03,33.06,17.98,25.02,40.98,2.24,2005,10,15.080000000000002
2005-10-12,5.33,30.77,18.61,23.86,44.26,2.57,2005,10,12.16
2005-10-13,0.0,31.29,16.66,23.52,44.9,2.3,2005,10,14.629999999999999
2005-10-14,0.0,31.65,16.36,23.95,42.33,2.08,2005,10,15.29
2005-10-15,1.17,30.34,17.13,23.22,48.44,2.4,2005,10,13.21
2005-10-16,21.73,28.1,17.04,21.44,56.9,2.87,2005,10,11.060000000000002
2005-10-17,0.03,30.14,15.27,21.54,46.13,2.9,2005,10,14.870000000000001
2005-10-18,0.0,30.47,14.55,21.16,37.65,2.72,2005,10,15.919999999999998
2005-10-19,0.0,30.26,13.32,21.18,35.61,2.36,2005,10,16.94
2005-10-20,0.0,29.76,12.91,20.81,34.87,2.29,2005,10,16.85
2005-10-21,0.0,29.64,13.39,20.44,35.55,2.7,2005,10,16.25
2005-10-22,0.0,30.44,14.78,21.98,31.15,2.11,2005,10,15.660000000000002
2005-10-23,0.0,30.76,15.05,22.09,33.96,2.0,2005,10,15.71
2005-10-24,0.0,30.13,14.0,20.65,42.18,2.54,2005,10,16.13
2005-10-25,0.0,28.17,14.7,20.52,45.06,2.95,2005,10,13.470000000000002
2005-10-26,0.08,29.44,14.52,20.71,47.12,2.79,2005,10,14.920000000000002
2005-10-27,0.0,29.33,13.71,20.66,36.93,2.7,2005,10,15.619999999999997
2005-10-28,0.0,29.53,12.94,20.66,32.65,2.22,2005,10,16.590000000000003
2005-10-29,0.0,29.51,12.37,20.66,31.3,2.53,2005,10,17.14
2005-10-30,0.0,30.61,15.33,22.1,25.13,2.34,2005,10,15.28
2005-10-31,0.0,28.18,12.32,19.86,27.95,2.22,2005,10,15.86
2005-11-01,0.0,27.08,12.9,19.16,29.28,1.97,2005,11,14.179999999999998
2005-11-02,0.0,27.05,12.7,19.25,29.92,1.94,2005,11,14.350000000000001
2005-11-03,0.05,28.17,13.61,19.51,35.64,2.65,2005,11,14.560000000000002
2005-11-04,0.0,27.12,11.79,18.58,31.35,2.47,2005,11,15.330000000000002
2005-11-05,0.0,26.65,11.06,17.89,28.81,2.53,2005,11,15.589999999999998
2005-11-06,0.0,26.61,11.12,17.68,27.08,2.33,2005,11,15.49
2005-11-07,0.0,26.96,12.14,18.21,23.19,2.43,2005,11,14.82
2005-11-08,0.0,27.46,11.69,18.33,29.75,2.5,2005,11,15.770000000000001
2005-11-09,0.0,26.97,12.7,18.95,27.75,2.23,2005,11,14.27
2005-11-10,0.06,25.63,10.74,16.97,34.93,3.76,2005,11,14.889999999999999
2005-11-11,0.96,22.98,12.54,16.58,51.96,2.27,2005,11,10.440000000000001
2005-11-12,0.09,27.11,12.44,18.15,42.62,3.32,2005,11,14.67
2005-11-13,0.0,26.63,11.48,17.5,32.59,3.66,2005,11,15.149999999999999
2005-11-14,0.0,26.35,11.49,17.34,24.68,3.08,2005,11,14.860000000000001
2005-11-15,0.0,25.62,11.59,16.7,24.08,2.84,2005,11,14.030000000000001
2005-11-16,0.0,24.97,9.94,16.08,19.39,3.12,2005,11,15.03
2005-11-17,0.0,25.98,8.17,15.02,16.73,4.12,2005,11,17.810000000000002
2005-11-18,0.0,26.93,7.12,16.03,11.48,3.04,2005,11,19.81
2005-11-19,0.0,25.72,9.15,16.35,11.74,2.56,2005,11,16.57
2005-11-20,0.0,28.0,12.04,18.18,11.59,2.52,2005,11,15.96
2005-11-21,0.0,27.5,12.55,18.96,15.32,2.02,2005,11,14.95
2005-11-22,0.0,26.81,13.29,18.52,22.74,2.46,2005,11,13.52
2005-11-23,0.0,26.61,11.79,17.99,27.68,2.53,2005,11,14.82
2005-11-24,0.0,26.66,10.97,17.65,23.81,2.59,2005,11,15.69
2005-11-25,0.0,24.16,9.35,16.49,21.27,2.23,2005,11,14.81
2005-11-26,0.01,22.63,8.82,15.58,27.13,2.53,2005,11,13.809999999999999
2005-11-27,4.77,16.3,8.15,11.78,50.14,2.79,2005,11,8.15
2005-11-28,0.13,21.46,7.35,12.6,47.05,2.52,2005,11,14.110000000000001
2005-11-29,0.34,20.63,8.0,12.26,41.63,2.74,2005,11,12.629999999999999
2005-11-30,0.03,21.28,7.87,12.91,33.08,2.21,2005,11,13.41
2005-12-01,0.0,21.17,8.0,12.59,31.96,2.04,2005,12,13.170000000000002
2005-12-02,0.0,21.62,5.54,12.11,29.6,2.74,2005,12,16.080000000000002
2005-12-03,0.0,21.93,9.04,13.39,25.88,2.29,2005,12,12.89
2005-12-04,0.0,21.95,6.87,12.89,26.24,2.97,2005,12,15.079999999999998
2005-12-05,0.0,21.59,7.22,13.25,25.63,2.87,2005,12,14.370000000000001
2005-12-06,0.0,24.39,9.51,15.48,22.68,2.21,2005,12,14.88
2005-12-07,0.0,24.85,9.21,15.68,23.21,2.83,2005,12,15.64
2005-12-08,0.0,24.51,9.97,16.14,22.33,2.12,2005,12,14.540000000000001
2005-12-09,0.0,22.57,10.02,14.44,23.3,2.41,2005,12,12.55
2005-12-10,0.0,23.48,6.53,12.86,17.18,3.37,2005,12,16.95
2005-12-11,0.0,22.6,5.64,12.53,11.51,2.73,2005,12,16.96
2005-12-12,0.0,21.87,7.1,12.85,13.06,1.98,2005,12,14.770000000000001
2005-12-13,0.0,20.42,7.74,11.85,16.02,2.2,2005,12,12.680000000000001
2005-12-14,0.0,21.91,8.24,13.09,13.4,1.8,2005,12,13.67
2005-12-15,0.0,21.29,8.0,12.6,12.38,2.14,2005,12,13.29
2005-12-16,0.0,22.64,7.11,12.79,12.68,2.64,2005,12,15.530000000000001
2005-12-17,0.0,24.18,5.81,13.55,12.83,2.68,2005,12,18.37
2005-12-18,0.0,23.32,6.32,13.34,14.38,2.49,2005,12,17.0
2005-12-19,0.0,21.8,6.22,12.88,15.74,2.73,2005,12,15.580000000000002
2005-12-20,0.0,20.58,8.0,13.29,17.19,1.92,2005,12,12.579999999999998
2005-12-21,0.0,20.54,8.82,13.87,19.17,1.65,2005,12,11.719999999999999
2005-12-22,0.0,20.32,7.96,12.09,30.77,2.5,2005,12,12.36
2005-12-23,0.0,21.56,6.74,12.44,31.74,2.66,2005,12,14.819999999999999
2005-12-24,0.0,20.52,5.62,11.26,23.9,2.55,2005,12,14.899999999999999
2005-12-25,0.0,21.18,6.86,12.79,14.75,2.73,2005,12,14.32
2005-12-26,0.02,22.16,9.86,14.75,11.69,1.48,2005,12,12.3
2005-12-27,0.9,19.63,8.8,13.56,21.5,1.66,2005,12,10.829999999999998
2005-12-28,0.01,20.26,9.1,12.9,30.73,1.78,2005,12,11.160000000000002
2005-12-29,0.0,21.92,8.35,13.63,29.33,2.3,2005,12,13.570000000000002
2005-12-30,0.0,19.37,5.68,11.52,31.19,3.05,2005,12,13.690000000000001
2005-12-31,0.0,18.48,5.21,11.17,27.5,2.25,2005,12,13.27
2006-01-01,8.71,11.09,6.71,9.08,60.52,3.38,2006,1,4.38
2006-01-02,8.77,12.92,4.15,8.13,84.49,3.83,2006,1,8.77
2006-01-03,0.19,11.23,2.84,6.3,77.11,2.19,2006,1,8.39
2006-01-04,0.0,15.65,2.1,7.03,51.41,2.71,2006,1,13.55
2006-01-05,0.01,15.96,0.95,7.15,52.51,2.51,2006,1,15.010000000000002
2006-01-06,0.0,16.48,0.27,7.16,44.51,2.61,2006,1,16.21
2006-01-07,0.0,19.93,1.17,9.23,37.64,2.44,2006,1,18.759999999999998
2006-01-08,0.0,19.94,2.57,9.54,34.83,2.58,2006,1,17.37
2006-01-09,0.0,16.44,5.97,10.54,36.72,1.96,2006,1,10.470000000000002
2006-01-10,0.0,19.43,8.29,12.35,32.71,1.78,2006,1,11.14
2006-01-11,0.0,21.36,4.18,11.18,39.54,2.93,2006,1,17.18
2006-01-12,0.0,20.49,3.55,10.99,38.99,2.95,2006,1,16.939999999999998
2006-01-13,0.0,19.01,6.05,10.93,42.3,2.9,2006,1,12.96
2006-01-14,0.25,21.4,5.44,11.95,47.55,2.95,2006,1,15.959999999999997
2006-01-15,10.86,14.93,8.66,11.01,70.87,3.84,2006,1,6.27
2006-01-16,4.05,18.12,8.93,12.48,75.73,5.36,2006,1,9.190000000000001
2006-01-17,14.78,12.32,7.15,10.18,93.85,4.44,2006,1,5.17
2006-01-18,0.03,17.1,4.36,9.38,65.37,2.93,2006,1,12.740000000000002
2006-01-19,0.0,15.68,2.43,8.08,49.32,2.82,2006,1,13.25
2006-01-20,0.0,16.05,4.15,9.03,47.73,2.71,2006,1,11.9
2006-01-21,0.0,16.96,3.62,8.52,51.09,2.8,2006,1,13.34
2006-01-22,0.0,16.26,5.97,9.63,44.56,2.29,2006,1,10.290000000000003
2006-01-23,0.0,17.54,3.84,9.51,46.66,2.99,2006,1,13.7
2006-01-24,0.0,17.87,1.5,8.18,42.86,3.49,2006,1,16.37
2006-01-25,0.0,18.67,3.09,9.39,38.49,2.97,2006,1,15.580000000000002
2006-01-26,0.0,18.68,2.53,9.18,41.75,2.71,2006,1,16.15
2006-01-27,0.0,20.36,7.08,12.39,40.43,2.21,2006,1,13.28
2006-01-28,0.62,17.48,9.02,12.58,59.9,2.42,2006,1,8.46
2006-01-29,0.0,20.07,8.95,12.84,57.16,1.97,2006,1,11.120000000000001
2006-01-30,0.0,24.19,10.4,16.44,44.4,1.85,2006,1,13.790000000000001
2006-01-31,0.0,21.6,10.64,15.67,42.41,2.03,2006,1,10.96
2006-02-01,0.0,23.01,10.11,15.12,45.88,2.18,2006,2,12.900000000000002
2006-02-02,0.0,24.58,8.47,14.93,45.54,3.36,2006,2,16.11
2006-02-03,0.0,25.34,9.13,15.59,42.87,4.02,2006,2,16.21
2006-02-04,0.0,27.92,7.1,15.61,36.3,3.87,2006,2,20.82
2006-02-05,0.0,26.66,7.83,16.13,37.85,2.75,2006,2,18.83
2006-02-06,0.0,23.09,13.22,16.84,37.22,1.89,2006,2,9.87
2006-02-07,0.0,25.89,10.96,17.25,36.25,2.04,2006,2,14.93
2006-02-08,0.0,25.73,8.51,15.89,42.25,2.73,2006,2,17.22
2006-02-09,0.0,25.98,8.53,16.15,40.65,3.12,2006,2,17.450000000000003
2006-02-10,0.0,26.52,9.77,16.95,37.54,3.01,2006,2,16.75
2006-02-11,0.0,26.7,13.24,18.29,37.3,2.65,2006,2,13.459999999999999
2006-02-12,0.01,26.66,11.4,18.6,42.8,2.47,2006,2,15.26
2006-02-13,0.22,26.46,11.88,18.38,49.43,2.77,2006,2,14.58
2006-02-14,9.84,26.32,13.83,18.8,60.2,2.13,2006,2,12.49
2006-02-15,2.97,23.69,12.02,16.93,64.53,2.5,2006,2,11.670000000000002
2006-02-16,0.08,26.06,9.92,16.95,52.35,2.86,2006,2,16.14
2006-02-17,0.36,27.16,11.59,17.98,51.11,2.92,2006,2,15.57
2006-02-18,0.59,26.28,12.97,18.69,59.65,2.45,2006,2,13.31
2006-02-19,8.18,21.4,13.72,16.35,66.88,2.1,2006,2,7.679999999999998
2006-02-20,0.0,26.45,12.75,17.89,54.65,2.72,2006,2,13.7
2006-02-21,0.01,24.95,12.75,18.11,44.04,2.0,2006,2,12.2
2006-02-22,0.0,25.46,12.01,17.14,50.28,2.99,2006,2,13.450000000000001
2006-02-23,0.13,25.04,10.64,17.19,50.93,2.46,2006,2,14.399999999999999
2006-02-24,0.27,24.88,11.37,17.33,52.43,2.09,2006,2,13.51
2006-02-25,8.61,22.17,12.79,16.49,66.87,2.01,2006,2,9.380000000000003
2006-02-26,3.05,22.82,9.99,15.74,67.21,2.57,2006,2,12.83
2006-02-27,0.0,24.76,9.76,15.87,52.03,3.38,2006,2,15.000000000000002
2006-02-28,0.0,26.53,9.46,16.52,41.38,3.94,2006,2,17.07
2006-03-01,0.0,27.31,9.07,17.56,34.52,2.7,2006,3,18.24
2006-03-02,0.0,27.58,9.47,18.35,35.6,2.29,2006,3,18.11
2006-03-03,0.0,27.62,11.75,18.73,39.38,2.65,2006,3,15.870000000000001
2006-03-04,0.05,26.83,11.37,17.57,45.06,2.77,2006,3,15.459999999999999
2006-03-05,0.09,26.11,12.42,17.98,48.26,2.71,2006,3,13.69
2006-03-06,0.36,23.85,12.7,17.46,50.86,2.16,2006,3,11.150000000000002
2006-03-07,0.67,25.06,11.39,16.94,54.84,3.56,2006,3,13.669999999999998
2006-03-08,7.12,21.74,10.59,13.98,67.8,3.88,2006,3,11.149999999999999
2006-03-09,0.01,26.9,12.34,18.66,52.99,2.75,2006,3,14.559999999999999
2006-03-10,0.0,28.9,12.96,19.77,49.03,2.65,2006,3,15.939999999999998
2006-03-11,0.0,26.93,11.49,18.36,59.4,2.39,2006,3,15.44
2006-03-12,0.0,25.99,11.02,17.73,52.23,2.45,2006,3,14.969999999999999
2006-03-13,6.08,24.86,12.84,17.16,61.72,2.7,2006,3,12.02
2006-03-14,6.37,18.76,11.96,15.37,82.45,1.63,2006,3,6.800000000000001
2006-03-15,4.46,18.24,10.32,14.18,78.65,2.01,2006,3,7.919999999999998
2006-03-16,0.06,22.33,9.36,15.43,62.2,2.28,2006,3,12.969999999999999
2006-03-17,0.0,24.72,8.77,15.9,48.18,3.25,2006,3,15.95
2006-03-18,0.84,27.24,10.15,17.93,42.94,3.27,2006,3,17.089999999999996
2006-03-19,8.42,23.65,13.36,17.18,60.52,3.17,2006,3,10.29
2006-03-20,4.95,18.37,11.45,14.52,79.62,2.31,2006,3,6.920000000000002
2006-03-21,0.0,25.07,9.65,16.49,58.53,3.12,2006,3,15.42
2006-03-22,0.0,27.13,10.43,18.47,46.1,3.64,2006,3,16.7
2006-03-23,0.03,28.29,11.84,19.56,43.92,3.08,2006,3,16.45
2006-03-24,0.89,22.14,12.79,16.98,60.3,3.1,2006,3,9.350000000000001
2006-03-25,0.13,25.81,12.11,18.98,54.04,2.21,2006,3,13.7
2006-03-26,1.38,23.77,15.69,19.2,54.71,1.3,2006,3,8.08
2006-03-27,1.88,23.4,12.7,17.64,59.37,2.26,2006,3,10.7
2006-03-28,0.13,27.29,12.24,19.07,50.46,1.91,2006,3,15.049999999999999
2006-03-29,0.0,29.16,12.21,20.56,44.75,3.48,2006,3,16.95
2006-03-30,0.01,30.27,14.37,22.25,42.14,2.54,2006,3,15.9
2006-03-31,0.38,29.61,18.01,23.31,43.63,2.52,2006,3,11.599999999999998
2006-04-01,3.31,30.63,14.84,22.06,47.4,3.53,2006,4,15.79
2006-04-02,0.0,30.39,14.04,21.34,43.65,3.18,2006,4,16.35
2006-04-03,0.0,31.89,15.14,22.47,34.88,2.94,2006,4,16.75
2006-04-04,0.0,32.4,14.39,23.17,35.92,3.55,2006,4,18.009999999999998
2006-04-05,0.0,33.22,14.92,23.7,37.62,3.99,2006,4,18.299999999999997
2006-04-06,0.0,34.92,16.8,24.82,33.19,3.79,2006,4,18.12
2006-04-07,0.0,34.79,15.94,24.47,32.6,3.15,2006,4,18.85
2006-04-08,1.19,33.1,19.26,25.43,36.32,2.4,2006,4,13.84
2006-04-09,16.64,26.72,13.46,18.62,61.8,5.06,2006,4,13.259999999999998
2006-04-10,0.0,26.54,10.87,18.67,42.05,3.39,2006,4,15.67
2006-04-11,0.0,27.97,12.04,19.11,29.92,2.49,2006,4,15.93
2006-04-12,0.02,28.49,11.9,19.45,31.8,2.94,2006,4,16.589999999999996
2006-04-13,2.99,29.87,9.83,20.08,32.81,2.73,2006,4,20.04
2006-04-14,0.0,30.27,13.92,21.51,31.32,3.98,2006,4,16.35
2006-04-15,0.0,31.12,15.92,22.3,35.77,3.74,2006,4,15.200000000000001
2006-04-16,0.0,31.66,15.02,22.97,34.76,2.58,2006,4,16.64
2006-04-17,0.0,30.86,14.53,22.09,35.81,3.3,2006,4,16.33
2006-04-18,0.0,33.05,16.32,23.82,31.85,2.96,2006,4,16.729999999999997
2006-04-19,0.0,33.2,14.37,23.69,33.5,2.91,2006,4,18.830000000000005
2006-04-20,0.0,32.88,16.2,24.74,32.86,2.99,2006,4,16.680000000000003
2006-04-21,0.27,33.84,17.81,25.26,34.52,3.42,2006,4,16.030000000000005
2006-04-22,0.24,35.29,17.54,26.17,32.77,2.93,2006,4,17.75
2006-04-23,0.0,36.88,19.53,27.81,26.13,3.27,2006,4,17.35
2006-04-24,0.0,37.92,18.7,28.73,23.25,3.25,2006,4,19.220000000000002
2006-04-25,0.0,40.18,21.23,30.46,19.66,3.14,2006,4,18.95
2006-04-26,0.0,40.44,20.38,30.34,18.14,3.09,2006,4,20.06
2006-04-27,0.0,42.08,20.48,31.34,17.03,2.84,2006,4,21.599999999999998
2006-04-28,0.0,42.24,22.99,33.16,13.8,2.41,2006,4,19.250000000000004
2006-04-29,0.0,41.07,24.85,32.03,16.44,3.18,2006,4,16.22
2006-04-30,0.0,36.29,24.27,30.08,18.61,2.08,2006,4,12.02
2006-05-01,0.01,38.2,21.99,29.88,20.31,3.29,2006,5,16.210000000000004
2006-05-02,0.13,37.9,23.14,30.2,22.75,2.68,2006,5,14.759999999999998
2006-05-03,1.15,38.18,21.18,30.01,22.57,3.22,2006,5,17.0
2006-05-04,0.0,40.71,21.57,31.79,16.16,3.03,2006,5,19.14
2006-05-05,0.0,43.11,24.93,34.11,14.71,3.08,2006,5,18.18
2006-05-06,0.0,43.35,24.38,34.71,14.41,2.73,2006,5,18.970000000000002
2006-05-07,0.0,43.07,27.95,35.16,12.99,2.71,2006,5,15.120000000000001
2006-05-08,0.0,43.19,25.75,34.91,15.28,3.61,2006,5,17.439999999999998
2006-05-09,0.54,37.25,26.53,30.81,26.43,3.04,2006,5,10.719999999999999
2006-05-10,0.0,42.04,23.99,33.5,20.52,2.9,2006,5,18.05
2006-05-11,0.0,43.25,25.09,34.93,10.08,1.92,2006,5,18.16
2006-05-12,0.0,44.36,25.23,34.97,9.52,2.79,2006,5,19.13
2006-05-13,0.0,45.5,24.81,35.43,7.81,3.16,2006,5,20.69
2006-05-14,0.0,43.77,27.45,35.74,11.01,3.41,2006,5,16.320000000000004
2006-05-15,0.0,43.71,27.24,36.14,13.05,2.46,2006,5,16.470000000000002
2006-05-16,0.17,43.01,28.67,35.71,17.55,2.85,2006,5,14.339999999999996
2006-05-17,11.58,36.56,27.5,31.76,38.3,3.08,2006,5,9.060000000000002
2006-05-18,0.08,38.72,24.87,32.04,42.42,2.16,2006,5,13.849999999999998
2006-05-19,15.45,37.24,25.71,31.84,42.95,1.31,2006,5,11.530000000000001
2006-05-20,9.44,37.43,25.01,31.66,44.45,1.82,2006,5,12.419999999999998
2006-05-21,0.69,37.61,25.15,31.88,41.77,1.59,2006,5,12.46
2006-05-22,1.32,39.09,26.6,32.64,39.51,1.96,2006,5,12.490000000000002
2006-05-23,0.53,37.96,25.96,31.84,40.33,1.87,2006,5,12.0
2006-05-24,0.01,39.16,24.85,32.86,38.81,1.76,2006,5,14.309999999999995
2006-05-25,2.92,41.29,25.71,33.82,37.54,2.22,2006,5,15.579999999999998
2006-05-26,0.0,41.09,26.34,34.01,33.85,1.78,2006,5,14.750000000000004
2006-05-27,0.0,42.29,25.95,34.95,28.64,2.11,2006,5,16.34
2006-05-28,0.0,42.14,26.25,35.21,22.22,2.72,2006,5,15.89
2006-05-29,0.01,42.06,27.18,35.44,19.23,2.02,2006,5,14.880000000000003
2006-05-30,0.0,42.34,28.63,35.72,14.9,1.74,2006,5,13.710000000000004
2006-05-31,0.06,42.18,26.19,35.0,16.51,2.42,2006,5,15.989999999999998
2006-06-01,0.07,40.81,28.14,34.1,19.71,2.47,2006,6,12.670000000000002
2006-06-02,0.02,42.5,25.58,34.56,15.44,2.55,2006,6,16.92
2006-06-03,0.66,39.58,26.31,33.5,22.2,2.2,2006,6,13.27
2006-06-04,3.77,36.44,27.25,31.57,33.7,2.01,2006,6,9.189999999999998
2006-06-05,0.09,37.97,26.31,31.91,31.15,2.06,2006,6,11.66
2006-06-06,0.1,39.38,25.92,32.71,24.91,2.17,2006,6,13.46
2006-06-07,0.22,40.91,25.85,33.56,21.57,2.37,2006,6,15.059999999999995
2006-06-08,0.27,40.51,24.05,33.06,21.91,3.03,2006,6,16.459999999999997
2006-06-09,0.0,42.3,27.33,34.83,14.01,2.45,2006,6,14.969999999999999
2006-06-10,0.0,42.84,28.88,36.3,11.23,1.79,2006,6,13.960000000000004
2006-06-11,0.01,42.75,28.81,35.64,12.97,2.5,2006,6,13.940000000000001
2006-06-12,0.11,39.98,27.86,33.57,14.98,4.57,2006,6,12.119999999999997
2006-06-13,0.0,40.7,24.37,33.8,15.86,2.61,2006,6,16.330000000000002
2006-06-14,0.0,39.88,26.39,33.87,18.62,1.91,2006,6,13.490000000000002
2006-06-15,3.53,40.31,27.37,33.76,27.45,2.31,2006,6,12.940000000000001
2006-06-16,14.22,34.62,21.97,29.34,44.04,3.53,2006,6,12.649999999999999
2006-06-17,0.0,36.04,21.71,28.93,48.5,2.02,2006,6,14.329999999999998
2006-06-18,0.23,35.83,23.48,29.68,45.6,2.03,2006,6,12.349999999999998
2006-06-19,2.04,36.19,22.39,29.67,43.42,1.66,2006,6,13.799999999999997
2006-06-20,0.0,37.99,23.37,31.65,35.1,1.53,2006,6,14.620000000000001
2006-06-21,0.0,39.62,24.99,33.16,33.21,1.76,2006,6,14.629999999999999
2006-06-22,0.01,42.13,28.31,35.16,26.97,2.08,2006,6,13.820000000000004
2006-06-23,0.03,42.9,27.76,35.63,25.4,2.09,2006,6,15.139999999999997
2006-06-24,0.01,43.59,28.77,37.04,21.62,1.93,2006,6,14.820000000000004
2006-06-25,1.1,41.56,28.91,35.17,34.27,3.21,2006,6,12.650000000000002
2006-06-26,4.6,40.34,28.38,34.19,44.56,3.12,2006,6,11.960000000000004
2006-06-27,9.49,37.09,27.92,32.38,54.31,2.34,2006,6,9.170000000000002
2006-06-28,5.22,36.3,25.85,31.06,58.26,1.85,2006,6,10.449999999999996
2006-06-29,5.68,36.86,26.12,31.29,57.87,2.02,2006,6,10.739999999999998
2006-06-30,0.46,34.91,26.0,30.04,58.23,2.01,2006,6,8.909999999999997
2006-07-01,0.0,39.88,26.07,33.13,47.81,1.93,2006,7,13.810000000000002
2006-07-02,0.04,41.75,27.82,35.19,42.77,1.93,2006,7,13.93
2006-07-03,12.3,39.37,27.73,33.52,51.47,2.47,2006,7,11.639999999999997
2006-07-04,28.56,38.65,28.6,33.76,49.62,1.96,2006,7,10.049999999999997
2006-07-05,0.5,40.02,26.66,33.66,50.28,1.87,2006,7,13.360000000000003
2006-07-06,0.18,39.63,28.7,34.34,52.67,1.9,2006,7,10.930000000000003
2006-07-07,0.0,39.92,29.22,34.8,51.92,1.72,2006,7,10.700000000000003
2006-07-08,3.61,41.96,29.84,36.24,50.12,1.57,2006,7,12.120000000000001
2006-07-09,37.7,38.27,30.35,34.05,61.78,2.03,2006,7,7.920000000000002
2006-07-10,10.38,35.63,27.91,32.07,65.34,1.54,2006,7,7.720000000000002
2006-07-11,23.74,35.28,26.41,30.86,68.69,1.89,2006,7,8.870000000000001
2006-07-12,38.28,32.19,26.21,28.97,78.24,2.83,2006,7,5.979999999999997
2006-07-13,79.89,30.45,24.93,27.09,85.56,4.27,2006,7,5.52
2006-07-14,1.32,32.19,23.83,27.47,69.72,1.84,2006,7,8.36
2006-07-15,0.0,33.16,22.22,28.41,56.27,1.99,2006,7,10.939999999999998
2006-07-16,0.0,34.43,23.92,30.13,51.89,1.6,2006,7,10.509999999999998
2006-07-17,0.0,34.99,23.79,30.61,51.96,1.49,2006,7,11.200000000000003
2006-07-18,0.02,35.56,24.35,30.7,60.04,2.07,2006,7,11.21
2006-07-19,5.22,34.06,25.54,30.21,65.75,1.87,2006,7,8.520000000000003
2006-07-20,13.44,33.07,25.18,29.31,74.52,2.06,2006,7,7.890000000000001
2006-07-21,0.61,33.65,24.99,29.68,72.43,1.4,2006,7,8.66
2006-07-22,2.94,33.81,25.66,30.23,68.84,1.76,2006,7,8.150000000000002
2006-07-23,7.56,33.23,26.8,29.99,72.11,2.32,2006,7,6.429999999999996
2006-07-24,60.39,32.29,25.44,28.57,84.54,2.58,2006,7,6.849999999999998
2006-07-25,31.83,32.73,25.82,29.5,79.19,1.41,2006,7,6.909999999999997
2006-07-26,24.79,31.62,25.61,28.47,85.05,2.45,2006,7,6.010000000000002
2006-07-27,20.89,30.7,24.14,27.02,85.22,3.17,2006,7,6.559999999999999
2006-07-28,1.58,30.82,23.48,27.34,81.93,2.2,2006,7,7.34
2006-07-29,1.4,31.3,24.54,27.84,79.44,2.07,2006,7,6.760000000000002
2006-07-30,0.54,33.54,24.2,28.91,72.03,1.65,2006,7,9.34
2006-07-31,0.89,33.28,25.12,29.67,70.34,1.89,2006,7,8.16
2006-08-01,15.64,32.29,25.0,28.69,80.03,2.42,2006,8,7.289999999999999
2006-08-02,64.99,27.07,24.15,25.78,88.19,3.28,2006,8,2.9200000000000017
2006-08-03,29.54,30.43,23.73,26.84,85.86,2.02,2006,8,6.699999999999999
2006-08-04,71.18,29.24,23.71,26.12,90.92,3.82,2006,8,5.529999999999998
2006-08-05,6.72,30.24,22.62,26.11,86.48,3.24,2006,8,7.619999999999997
2006-08-06,1.71,29.7,22.73,25.95,85.87,2.6,2006,8,6.969999999999999
2006-08-07,4.36,29.73,22.87,26.52,80.31,2.05,2006,8,6.859999999999999
2006-08-08,2.88,30.1,22.77,26.28,80.43,1.72,2006,8,7.330000000000002
2006-08-09,0.0,30.37,22.65,26.26,77.88,1.93,2006,8,7.720000000000002
2006-08-10,0.17,32.61,22.39,28.27,70.34,1.77,2006,8,10.219999999999999
2006-08-11,15.29,31.95,24.26,28.11,81.12,1.85,2006,8,7.689999999999998
2006-08-12,1.02,33.61,24.88,29.62,74.38,1.48,2006,8,8.73
2006-08-13,1.23,32.74,25.89,29.57,74.78,0.91,2006,8,6.850000000000001
2006-08-14,4.87,30.59,25.52,28.29,78.67,1.31,2006,8,5.07
2006-08-15,10.32,30.77,22.68,26.51,77.58,2.68,2006,8,8.09
2006-08-16,0.16,32.12,22.35,27.59,73.67,2.0,2006,8,9.769999999999996
2006-08-17,0.76,33.23,23.45,28.88,68.31,1.49,2006,8,9.779999999999998
2006-08-18,0.01,33.9,24.83,29.85,68.62,1.72,2006,8,9.07
2006-08-19,1.38,33.71,25.78,30.06,69.58,1.49,2006,8,7.93
2006-08-20,15.07,30.15,24.91,27.15,86.43,1.95,2006,8,5.239999999999998
2006-08-21,5.43,31.08,23.82,27.76,78.88,1.33,2006,8,7.259999999999998
2006-08-22,6.53,31.21,24.13,28.06,79.91,1.72,2006,8,7.080000000000002
2006-08-23,9.47,31.31,24.67,28.38,79.38,1.72,2006,8,6.639999999999997
2006-08-24,2.08,32.15,24.56,28.77,77.21,1.73,2006,8,7.59
2006-08-25,0.17,32.7,24.76,28.95,74.4,1.79,2006,8,7.940000000000001
2006-08-26,0.46,33.08,25.14,29.24,74.68,2.22,2006,8,7.939999999999998
2006-08-27,10.6,32.31,24.9,28.33,78.04,2.15,2006,8,7.410000000000004
2006-08-28,6.9,29.26,22.65,26.23,77.06,1.45,2006,8,6.610000000000003
2006-08-29,2.85,29.42,21.41,26.05,76.8,1.56,2006,8,8.010000000000002
2006-08-30,0.48,29.1,22.83,26.12,75.83,1.35,2006,8,6.270000000000003
2006-08-31,0.1,30.9,22.05,26.12,74.08,1.51,2006,8,8.849999999999998
2006-09-01,0.57,30.51,22.0,25.76,77.52,1.54,2006,9,8.510000000000002
2006-09-02,7.12,28.37,20.39,24.13,80.74,2.05,2006,9,7.98
2006-09-03,2.34,28.71,20.65,24.34,75.57,1.75,2006,9,8.060000000000002
2006-09-04,0.0,30.6,19.2,25.2,70.81,2.1,2006,9,11.400000000000002
2006-09-05,0.0,30.71,20.87,26.31,64.29,1.5,2006,9,9.84
2006-09-06,0.0,32.09,22.26,27.59,62.53,1.3,2006,9,9.830000000000002
2006-09-07,0.0,32.22,23.87,27.94,64.44,1.01,2006,9,8.349999999999998
2006-09-08,0.0,31.59,23.44,27.44,70.43,1.46,2006,9,8.149999999999999
2006-09-09,0.0,31.56,23.25,27.69,74.45,1.56,2006,9,8.309999999999999
2006-09-10,0.16,32.22,23.14,27.82,74.93,1.55,2006,9,9.079999999999998
2006-09-11,0.26,30.93,23.91,27.54,72.53,1.46,2006,9,7.02
2006-09-12,2.08,31.81,22.38,27.22,71.47,1.72,2006,9,9.43
2006-09-13,0.11,30.7,22.56,26.58,72.52,1.56,2006,9,8.14
2006-09-14,6.51,29.75,22.63,26.05,75.91,1.46,2006,9,7.120000000000001
2006-09-15,8.84,29.62,22.5,26.05,78.26,1.69,2006,9,7.120000000000001
2006-09-16,0.64,30.21,21.94,26.02,75.65,1.68,2006,9,8.27
2006-09-17,0.0,31.72,22.76,27.34,66.18,1.65,2006,9,8.959999999999997
2006-09-18,0.0,30.99,21.6,26.57,71.46,1.6,2006,9,9.389999999999997
2006-09-19,0.12,30.8,22.31,26.52,73.99,1.68,2006,9,8.490000000000002
2006-09-20,1.21,30.81,22.08,26.46,69.07,1.94,2006,9,8.73
2006-09-21,1.7,30.85,21.1,26.41,62.27,1.57,2006,9,9.75
2006-09-22,3.19,29.93,19.93,25.04,66.81,1.89,2006,9,10.0
2006-09-23,0.0,30.14,19.54,25.2,57.6,1.62,2006,9,10.600000000000001
2006-09-24,0.0,30.26,19.24,25.38,52.5,1.57,2006,9,11.020000000000003
2006-09-25,0.0,31.45,19.71,25.6,52.49,1.79,2006,9,11.739999999999998
2006-09-26,1.48,30.17,18.22,24.72,57.13,1.84,2006,9,11.950000000000003
2006-09-27,0.0,31.06,18.16,24.62,52.43,2.38,2006,9,12.899999999999999
2006-09-28,0.0,31.6,18.39,24.87,51.32,2.11,2006,9,13.21
2006-09-29,0.0,31.68,18.73,25.1,55.63,2.07,2006,9,12.95
2006-09-30,0.0,32.44,20.31,25.79,54.84,1.88,2006,9,12.129999999999999
2006-10-01,0.0,32.39,20.49,26.08,52.12,1.94,2006,10,11.900000000000002
2006-10-02,0.0,32.52,19.56,26.0,49.83,2.16,2006,10,12.960000000000004
2006-10-03,0.0,33.66,19.41,26.15,47.86,2.45,2006,10,14.249999999999996
2006-10-04,0.0,33.53,19.61,26.59,41.16,2.08,2006,10,13.920000000000002
2006-10-05,0.0,34.54,19.52,26.6,36.36,2.24,2006,10,15.02
2006-10-06,0.0,34.24,20.1,26.36,36.45,2.12,2006,10,14.14
2006-10-07,0.0,33.66,18.72,25.94,38.68,2.33,2006,10,14.939999999999998
2006-10-08,0.0,32.72,19.28,25.25,47.03,2.1,2006,10,13.439999999999998
2006-10-09,0.0,32.76,19.36,25.45,54.99,2.19,2006,10,13.399999999999999
2006-10-10,0.08,32.31,21.04,25.79,55.97,2.08,2006,10,11.270000000000003
2006-10-11,0.0,32.31,20.41,25.45,55.49,2.24,2006,10,11.900000000000002
2006-10-12,0.02,32.76,19.38,25.01,55.47,2.46,2006,10,13.379999999999999
2006-10-13,5.59,30.83,19.36,24.06,60.69,2.38,2006,10,11.469999999999999
2006-10-14,1.28,28.85,18.72,23.46,56.59,1.51,2006,10,10.130000000000003
2006-10-15,4.11,29.49,18.17,22.87,57.33,2.42,2006,10,11.319999999999997
2006-10-16,0.01,30.66,17.04,23.37,49.49,2.56,2006,10,13.620000000000001
2006-10-17,0.0,31.12,17.3,23.87,48.06,2.19,2006,10,13.82
2006-10-18,0.0,30.89,18.08,24.5,50.58,1.9,2006,10,12.810000000000002
2006-10-19,0.03,30.53,19.79,24.24,56.63,1.45,2006,10,10.740000000000002
2006-10-20,10.25,22.52,14.93,19.26,74.7,2.22,2006,10,7.59
2006-10-21,0.06,27.66,14.43,20.26,60.37,1.62,2006,10,13.23
2006-10-22,0.0,27.44,15.22,21.05,58.04,1.47,2006,10,12.22
2006-10-23,0.0,27.96,16.55,21.72,56.42,1.51,2006,10,11.41
2006-10-24,0.01,26.44,16.7,20.92,63.19,2.03,2006,10,9.740000000000002
2006-10-25,0.02,27.32,17.0,21.35,65.09,2.39,2006,10,10.32
2006-10-26,0.57,26.89,17.26,21.29,63.21,1.83,2006,10,9.629999999999999
2006-10-27,0.33,28.26,15.3,20.67,58.99,2.12,2006,10,12.96
2006-10-28,0.0,28.37,15.18,21.25,52.22,2.13,2006,10,13.190000000000001
2006-10-29,0.0,28.57,15.28,21.18,51.1,2.26,2006,10,13.290000000000001
2006-10-30,0.0,28.66,16.29,21.52,49.0,1.71,2006,10,12.370000000000001
2006-10-31,0.0,28.77,15.88,21.72,49.25,1.71,2006,10,12.889999999999999
2006-11-01,0.0,28.06,15.83,21.26,53.87,1.76,2006,11,12.229999999999999
2006-11-02,0.0,28.62,15.51,21.39,50.66,1.81,2006,11,13.110000000000001
2006-11-03,0.0,28.42,15.7,20.99,51.7,1.98,2006,11,12.720000000000002
2006-11-04,0.0,28.45,15.9,21.43,49.13,1.94,2006,11,12.549999999999999
2006-11-05,0.0,28.52,16.1,21.43,47.28,1.85,2006,11,12.419999999999998
2006-11-06,0.0,28.48,15.51,20.44,52.34,2.06,2006,11,12.97
2006-11-07,0.0,27.22,15.16,20.58,53.08,1.86,2006,11,12.059999999999999
2006-11-08,0.0,28.23,14.45,20.7,53.08,1.76,2006,11,13.780000000000001
2006-11-09,0.01,27.73,15.38,20.81,50.55,1.59,2006,11,12.35
2006-11-10,0.38,26.11,16.01,20.15,55.97,1.53,2006,11,10.099999999999998
2006-11-11,4.05,27.05,17.21,20.83,61.45,1.85,2006,11,9.84
2006-11-12,9.58,22.38,14.58,18.0,78.13,1.92,2006,11,7.799999999999999
2006-11-13,0.47,24.71,13.66,17.79,62.22,2.09,2006,11,11.05
2006-11-14,0.07,26.6,12.1,18.45,46.74,2.36,2006,11,14.500000000000002
2006-11-15,0.17,24.46,12.78,16.98,50.61,2.7,2006,11,11.680000000000001
2006-11-16,0.47,22.82,11.14,16.48,54.06,1.67,2006,11,11.68
2006-11-17,6.25,18.0,12.43,14.71,75.15,1.92,2006,11,5.57
2006-11-18,0.05,21.21,11.81,15.5,73.75,1.37,2006,11,9.4
2006-11-19,0.36,22.63,10.5,15.46,65.76,2.74,2006,11,12.129999999999999
2006-11-20,0.0,24.56,12.37,16.71,51.63,2.53,2006,11,12.19
2006-11-21,0.6,22.35,11.12,15.43,55.55,2.6,2006,11,11.230000000000002
2006-11-22,0.01,21.59,11.43,15.71,60.95,1.5,2006,11,10.16
2006-11-23,0.43,21.73,9.35,13.94,53.41,3.1,2006,11,12.38
2006-11-24,0.0,21.45,9.06,13.32,41.61,2.83,2006,11,12.389999999999999
2006-11-25,0.0,21.33,7.81,12.81,40.32,2.46,2006,11,13.52
2006-11-26,0.0,21.44,8.35,13.39,38.8,2.18,2006,11,13.090000000000002
2006-11-27,0.0,17.69,6.7,12.34,45.55,2.03,2006,11,10.990000000000002
2006-11-28,0.0,20.03,5.68,11.32,53.26,2.78,2006,11,14.350000000000001
2006-11-29,0.02,20.4,8.02,12.41,50.38,2.44,2006,11,12.379999999999999
2006-11-30,0.0,20.5,7.4,11.95,46.73,3.0,2006,11,13.1
2006-12-01,0.0,20.1,7.69,12.21,44.31,2.54,2006,12,12.41
2006-12-02,0.01,17.85,7.83,12.36,43.55,2.19,2006,12,10.020000000000001
2006-12-03,7.74,15.46,9.35,11.19,68.92,2.7,2006,12,6.110000000000001
2006-12-04,42.79,14.82,8.53,11.16,89.74,3.67,2006,12,6.290000000000001
2006-12-05,24.08,14.67,10.24,12.18,93.61,4.31,2006,12,4.43
2006-12-06,1.78,16.78,8.11,12.51,80.25,1.33,2006,12,8.670000000000002
2006-12-07,0.05,18.05,6.78,12.26,70.83,2.03,2006,12,11.27
2006-12-08,0.0,20.58,6.89,12.34,61.58,2.61,2006,12,13.689999999999998
2006-12-09,0.0,20.16,5.03,11.63,47.92,2.84,2006,12,15.129999999999999
2006-12-10,1.91,18.67,8.79,12.77,54.48,1.95,2006,12,9.880000000000003
2006-12-11,0.03,17.3,6.12,10.25,68.08,2.76,2006,12,11.18
2006-12-12,0.06,18.09,4.9,9.5,55.02,2.52,2006,12,13.19
2006-12-13,0.0,18.55,6.82,11.13,44.33,2.28,2006,12,11.73
2006-12-14,0.0,20.16,6.01,11.06,47.32,2.95,2006,12,14.15
2006-12-15,0.0,20.39,6.19,12.64,39.65,1.94,2006,12,14.2
2006-12-16,0.0,20.42,8.14,12.57,47.32,2.99,2006,12,12.280000000000001
2006-12-17,0.0,22.74,6.05,12.39,48.13,3.68,2006,12,16.689999999999998
2006-12-18,0.0,21.79,5.32,12.17,42.72,3.38,2006,12,16.47
2006-12-19,0.0,20.76,6.06,11.67,45.65,3.1,2006,12,14.700000000000003
2006-12-20,0.0,18.28,7.82,11.87,52.28,2.29,2006,12,10.46
2006-12-21,1.45,16.82,6.95,10.71,64.35,1.99,2006,12,9.870000000000001
2006-12-22,0.01,20.11,6.12,11.05,59.73,2.81,2006,12,13.989999999999998
2006-12-23,0.0,19.53,4.84,11.27,46.95,2.45,2006,12,14.690000000000001
2006-12-24,0.0,17.78,5.64,11.24,47.94,2.16,2006,12,12.14
2006-12-25,0.59,15.22,6.5,10.11,60.37,2.46,2006,12,8.72
2006-12-26,6.52,14.98,5.9,9.77,78.76,2.23,2006,12,9.08
2006-12-27,0.3,17.81,4.9,9.46,68.5,3.64,2006,12,12.909999999999998
2006-12-28,0.0,18.79,3.29,10.05,47.82,2.66,2006,12,15.5
2006-12-29,0.0,18.44,8.41,12.06,44.8,1.51,2006,12,10.030000000000001
2006-12-30,0.0,17.78,7.04,11.64,42.84,1.37,2006,12,10.740000000000002
2006-12-31,0.0,15.49,5.92,9.62,58.72,2.55,2006,12,9.57
2007-01-01,0.0,16.92,6.26,10.11,59.92,2.25,2007,1,10.660000000000002
2007-01-02,0.0,16.79,5.03,9.59,52.03,2.3,2007,1,11.759999999999998
2007-01-03,0.0,16.02,4.8,9.18,44.82,1.96,2007,1,11.219999999999999
2007-01-04,0.0,15.3,4.76,8.81,38.78,1.59,2007,1,10.540000000000001
2007-01-05,0.0,16.01,3.52,8.49,42.45,2.0,2007,1,12.490000000000002
2007-01-06,0.0,16.26,3.85,7.92,43.55,2.1,2007,1,12.410000000000002
2007-01-07,0.0,16.6,1.46,7.31,41.62,2.76,2007,1,15.14
2007-01-08,0.0,16.6,3.58,8.53,39.99,2.23,2007,1,13.020000000000001
2007-01-09,0.0,16.89,5.06,9.73,39.22,1.87,2007,1,11.830000000000002
2007-01-10,0.0,16.82,5.53,9.45,49.05,2.31,2007,1,11.29
2007-01-11,0.0,18.18,3.07,9.9,42.67,2.11,2007,1,15.11
2007-01-12,0.0,16.52,4.99,9.1,46.18,2.37,2007,1,11.53
2007-01-13,0.0,16.1,2.92,8.05,44.8,2.99,2007,1,13.180000000000001
2007-01-14,0.0,15.55,2.99,8.34,41.21,2.25,2007,1,12.56
2007-01-15,0.0,17.35,6.22,10.17,39.38,2.41,2007,1,11.130000000000003
2007-01-16,0.0,18.83,5.54,10.41,44.46,2.63,2007,1,13.29
2007-01-17,0.0,18.13,3.7,9.0,53.98,2.91,2007,1,14.43
2007-01-18,0.74,13.51,5.53,8.6,59.31,3.51,2007,1,7.9799999999999995
2007-01-19,0.0,17.76,3.96,9.14,68.45,3.24,2007,1,13.8
2007-01-20,0.0,18.47,3.1,9.92,49.24,2.28,2007,1,15.37
2007-01-21,0.0,19.14,4.33,9.49,44.56,3.49,2007,1,14.81
2007-01-22,0.0,21.87,2.16,10.17,39.47,3.13,2007,1,19.71
2007-01-23,0.0,21.26,6.52,13.03,31.88,1.77,2007,1,14.740000000000002
2007-01-24,0.0,20.91,8.67,13.08,36.75,2.1,2007,1,12.24
2007-01-25,0.0,24.21,7.44,14.78,40.4,2.57,2007,1,16.77
2007-01-26,0.01,21.57,10.5,14.94,52.31,2.38,2007,1,11.07
2007-01-27,0.01,23.74,10.03,16.02,55.33,2.61,2007,1,13.709999999999999
2007-01-28,0.02,24.2,9.94,15.79,48.4,2.75,2007,1,14.26
2007-01-29,0.01,24.84,8.18,15.35,46.52,2.72,2007,1,16.66
2007-01-30,0.0,25.09,10.51,16.32,44.36,2.3,2007,1,14.58
2007-01-31,0.0,24.13,8.55,15.03,45.97,3.39,2007,1,15.579999999999998
2007-02-01,0.0,25.29,8.73,15.81,37.42,2.92,2007,2,16.56
2007-02-02,0.0,24.23,12.14,16.57,39.53,1.64,2007,2,12.09
2007-02-03,0.19,21.43,11.58,14.88,49.56,2.27,2007,2,9.85
2007-02-04,0.0,21.85,9.2,14.27,60.73,2.98,2007,2,12.650000000000002
2007-02-05,0.01,19.98,9.63,14.63,57.07,2.02,2007,2,10.35
2007-02-06,0.08,21.3,10.36,15.28,61.45,1.97,2007,2,10.940000000000001
2007-02-07,0.0,22.55,9.5,14.85,58.82,2.75,2007,2,13.05
2007-02-08,0.0,22.59,8.6,15.4,52.51,2.2,2007,2,13.99
2007-02-09,2.53,18.49,11.52,13.78,69.28,2.66,2007,2,6.969999999999999
2007-02-10,30.77,16.98,10.65,12.42,80.5,6.1,2007,2,6.33
2007-02-11,25.39,12.1,9.53,10.61,86.57,7.3,2007,2,2.5700000000000003
2007-02-12,18.77,13.07,7.98,10.41,87.9,2.68,2007,2,5.09
2007-02-13,6.77,14.65,8.19,10.89,81.16,1.82,2007,2,6.460000000000001
2007-02-14,1.4,16.45,6.38,11.61,72.41,1.79,2007,2,10.07
2007-02-15,1.58,15.52,6.87,11.16,76.91,1.34,2007,2,8.649999999999999
2007-02-16,0.02,16.6,7.32,11.71,68.77,1.76,2007,2,9.280000000000001
2007-02-17,0.01,17.58,7.63,11.77,64.11,1.7,2007,2,9.95
2007-02-18,2.1,12.09,5.89,8.77,76.93,2.6,2007,2,6.2
2007-02-19,0.0,17.6,5.14,10.47,70.25,2.45,2007,2,12.46
2007-02-20,0.41,16.65,7.32,11.69,63.1,2.68,2007,2,9.329999999999998
2007-02-21,7.45,15.18,7.92,11.41,83.65,2.88,2007,2,7.26
2007-02-22,0.0,20.21,6.13,12.05,72.44,3.03,2007,2,14.080000000000002
2007-02-23,0.0,22.29,5.36,13.31,51.15,2.69,2007,2,16.93
2007-02-24,0.0,21.89,8.41,14.79,50.32,2.16,2007,2,13.48
2007-02-25,0.02,21.45,11.32,15.38,54.2,1.72,2007,2,10.129999999999999
2007-02-26,6.76,20.32,8.34,13.56,65.93,2.29,2007,2,11.98
2007-02-27,10.36,13.07,7.06,10.4,90.62,3.82,2007,2,6.010000000000001
2007-02-28,1.37,17.84,6.54,11.94,72.31,2.1,2007,2,11.3
2007-03-01,0.92,19.12,6.97,12.2,73.88,2.32,2007,3,12.150000000000002
2007-03-02,0.04,19.59,6.58,12.6,61.62,2.83,2007,3,13.01
2007-03-03,0.46,18.39,9.21,13.05,63.51,1.84,2007,3,9.18
2007-03-04,11.7,19.26,7.62,12.71,71.57,2.78,2007,3,11.64
2007-03-05,0.0,20.72,6.59,12.5,64.05,3.45,2007,3,14.129999999999999
2007-03-06,0.0,22.08,7.97,14.04,52.06,3.15,2007,3,14.11
2007-03-07,0.0,22.96,8.38,14.71,51.61,3.03,2007,3,14.58
2007-03-08,0.0,23.52,10.34,16.17,47.03,2.02,2007,3,13.18
2007-03-09,4.21,21.25,10.27,14.74,60.83,3.01,2007,3,10.98
2007-03-10,0.04,19.57,8.48,14.14,66.79,2.71,2007,3,11.09
2007-03-11,23.83,17.36,11.05,13.22,79.64,2.3,2007,3,6.309999999999999
2007-03-12,21.86,13.71,8.72,11.04,88.98,2.53,2007,3,4.99
2007-03-13,1.71,17.19,6.68,11.68,79.49,2.43,2007,3,10.510000000000002
2007-03-14,0.71,17.3,7.38,11.89,68.0,2.15,2007,3,9.920000000000002
2007-03-15,0.0,19.7,5.05,11.96,61.04,3.19,2007,3,14.649999999999999
2007-03-16,0.0,21.09,7.42,13.49,60.78,3.31,2007,3,13.67
2007-03-17,0.04,25.32,9.87,17.28,54.76,2.34,2007,3,15.450000000000001
2007-03-18,0.53,25.16,13.27,18.72,64.58,2.5,2007,3,11.89
2007-03-19,10.51,23.48,15.28,18.72,71.93,3.8,2007,3,8.200000000000001
2007-03-20,60.31,19.39,12.8,16.12,87.81,2.43,2007,3,6.59
2007-03-21,12.77,20.43,11.89,15.62,79.65,2.26,2007,3,8.54
2007-03-22,0.0,23.61,11.05,16.37,60.64,2.07,2007,3,12.559999999999999
2007-03-23,0.0,25.44,11.22,17.49,54.51,3.14,2007,3,14.22
2007-03-24,0.0,24.65,12.64,18.01,51.85,2.55,2007,3,12.009999999999998
2007-03-25,0.0,24.84,11.03,17.15,58.66,3.48,2007,3,13.81
2007-03-26,0.0,26.4,11.7,18.82,57.97,3.25,2007,3,14.7
2007-03-27,0.0,28.02,14.5,20.92,51.69,3.0,2007,3,13.52
2007-03-28,0.0,29.01,14.07,21.74,54.78,2.43,2007,3,14.940000000000001
2007-03-29,0.0,30.37,16.07,23.44,55.91,2.1,2007,3,14.3
2007-03-30,0.0,29.05,17.58,23.4,64.36,2.14,2007,3,11.470000000000002
2007-03-31,0.02,30.0,18.45,23.35,67.93,3.46,2007,3,11.55
2007-04-01,14.74,22.77,14.67,18.62,73.42,4.04,2007,4,8.1
2007-04-02,0.0,26.11,12.84,18.96,59.16,3.22,2007,4,13.27
2007-04-03,0.0,27.58,14.6,20.19,51.42,3.05,2007,4,12.979999999999999
2007-04-04,0.0,29.08,17.11,22.44,49.42,2.08,2007,4,11.969999999999999
2007-04-05,0.0,28.68,17.38,22.87,54.01,2.53,2007,4,11.3
2007-04-06,0.0,28.83,15.86,21.97,58.87,2.7,2007,4,12.969999999999999
2007-04-07,0.0,29.47,17.37,23.23,53.4,2.41,2007,4,12.099999999999998
2007-04-08,0.0,29.62,17.57,23.11,53.09,2.26,2007,4,12.05
2007-04-09,0.0,30.61,17.04,23.38,50.05,3.02,2007,4,13.57
2007-04-10,0.0,32.24,15.79,24.08,46.37,3.12,2007,4,16.450000000000003
2007-04-11,0.0,33.64,19.56,26.12,39.71,2.7,2007,4,14.080000000000002
2007-04-12,0.0,33.76,18.4,26.05,44.43,2.65,2007,4,15.36
2007-04-13,0.0,34.4,17.57,26.36,48.03,2.44,2007,4,16.83
2007-04-14,0.0,35.42,19.06,27.12,50.66,2.49,2007,4,16.360000000000003
2007-04-15,0.0,36.22,19.61,27.95,48.65,2.31,2007,4,16.61
2007-04-16,0.0,36.46,20.25,28.84,46.28,2.1,2007,4,16.21
2007-04-17,0.01,36.32,23.68,29.57,44.93,1.9,2007,4,12.64
2007-04-18,0.0,34.12,22.16,27.87,46.84,2.83,2007,4,11.959999999999997
2007-04-19,1.14,32.98,20.08,26.52,52.22,2.63,2007,4,12.899999999999999
2007-04-20,0.01,33.91,18.94,26.52,47.83,3.03,2007,4,14.969999999999995
2007-04-21,0.0,35.57,18.71,27.42,41.12,2.65,2007,4,16.86
2007-04-22,0.0,36.23,19.43,28.02,39.52,2.57,2007,4,16.799999999999997
2007-04-23,2.19,34.57,21.2,27.27,38.94,3.34,2007,4,13.370000000000001
2007-04-24,0.0,35.52,18.12,27.17,37.21,2.97,2007,4,17.400000000000002
2007-04-25,0.0,35.91,21.49,28.11,34.31,2.64,2007,4,14.419999999999998
2007-04-26,0.0,38.29,18.29,28.12,33.85,2.84,2007,4,20.0
2007-04-27,0.0,38.24,20.32,29.64,29.48,2.45,2007,4,17.92
2007-04-28,0.0,38.03,19.42,29.08,32.6,2.65,2007,4,18.61
2007-04-29,0.0,38.4,20.83,29.97,32.4,2.39,2007,4,17.57
2007-04-30,0.0,39.09,21.55,30.02,37.68,2.75,2007,4,17.540000000000003
2007-05-01,0.0,39.55,21.67,30.71,39.26,2.38,2007,5,17.879999999999995
2007-05-02,0.0,39.52,22.93,31.42,39.45,2.09,2007,5,16.590000000000003
2007-05-03,0.86,37.47,22.99,30.47,41.92,2.16,2007,5,14.48
2007-05-04,2.72,37.34,22.94,29.61,46.7,2.77,2007,5,14.400000000000002
2007-05-05,0.0,37.47,22.6,29.82,42.4,2.92,2007,5,14.869999999999997
2007-05-06,0.0,38.56,21.78,30.53,36.69,2.6,2007,5,16.78
2007-05-07,0.06,38.71,22.24,31.1,34.73,2.26,2007,5,16.470000000000002
2007-05-08,2.25,37.02,22.61,29.63,40.7,2.46,2007,5,14.410000000000004
2007-05-09,0.0,37.45,21.89,29.7,35.43,2.75,2007,5,15.560000000000002
2007-05-10,0.16,39.04,22.11,30.21,30.59,3.03,2007,5,16.93
2007-05-11,0.29,38.11,20.95,30.14,29.27,2.5,2007,5,17.16
2007-05-12,0.0,39.27,21.76,31.01,25.77,2.03,2007,5,17.51
2007-05-13,0.0,39.07,21.94,31.4,24.18,2.14,2007,5,17.13
2007-05-14,0.0,40.72,23.62,32.63,25.25,2.36,2007,5,17.099999999999998
2007-05-15,0.01,42.78,25.55,34.82,24.27,2.15,2007,5,17.23
2007-05-16,17.94,39.92,27.17,33.69,39.67,2.41,2007,5,12.75
2007-05-17,0.17,38.95,24.1,31.8,40.29,2.49,2007,5,14.850000000000001
2007-05-18,0.03,39.58,24.12,32.26,37.27,3.19,2007,5,15.459999999999997
2007-05-19,21.72,37.39,25.58,31.16,45.72,2.16,2007,5,11.810000000000002
2007-05-20,2.43,37.31,25.4,30.88,35.96,2.62,2007,5,11.910000000000004
2007-05-21,0.45,37.05,22.65,29.66,34.13,2.7,2007,5,14.399999999999999
2007-05-22,0.0,36.5,22.83,29.88,30.92,1.96,2007,5,13.670000000000002
2007-05-23,0.18,37.17,21.41,29.52,37.4,2.39,2007,5,15.760000000000002
2007-05-24,0.12,36.45,21.97,29.44,34.94,2.43,2007,5,14.480000000000004
2007-05-25,0.28,33.51,20.41,26.78,38.86,2.76,2007,5,13.099999999999998
2007-05-26,0.08,33.01,20.42,26.15,40.59,2.99,2007,5,12.589999999999996
2007-05-27,0.05,33.17,20.77,26.53,40.72,2.35,2007,5,12.400000000000002
2007-05-28,0.58,34.54,19.0,27.4,39.59,2.48,2007,5,15.54
2007-05-29,0.01,36.03,22.05,29.36,35.31,1.81,2007,5,13.98
2007-05-30,0.02,37.15,21.71,29.86,34.22,2.9,2007,5,15.439999999999998
2007-05-31,0.88,38.7,24.17,31.1,31.24,2.58,2007,5,14.530000000000001
2007-06-01,0.0,40.82,23.63,32.57,24.45,2.84,2007,6,17.19
2007-06-02,0.21,41.44,25.44,33.65,23.55,2.64,2007,6,15.999999999999996
2007-06-03,0.45,40.1,24.75,32.62,25.01,2.84,2007,6,15.350000000000001
2007-06-04,0.02,39.68,24.82,32.27,24.53,2.48,2007,6,14.86
2007-06-05,0.03,40.25,24.84,32.81,23.65,3.0,2007,6,15.41
2007-06-06,5.0,40.86,24.59,33.44,29.79,2.2,2007,6,16.27
2007-06-07,0.0,42.63,26.52,35.02,23.1,3.69,2007,6,16.110000000000003
2007-06-08,0.0,45.95,27.46,37.25,16.78,2.84,2007,6,18.490000000000002
2007-06-09,0.0,47.3,29.93,38.94,11.03,2.64,2007,6,17.369999999999997
2007-06-10,0.0,48.22,30.8,39.84,7.4,2.19,2007,6,17.419999999999998
2007-06-11,0.0,47.29,29.31,39.58,8.79,1.64,2007,6,17.98
2007-06-12,0.0,46.01,30.16,38.75,19.6,3.1,2007,6,15.849999999999998
2007-06-13,0.1,45.04,31.9,38.68,19.72,2.52,2007,6,13.14
2007-06-14,3.13,44.26,31.46,38.28,23.32,3.01,2007,6,12.799999999999997
2007-06-15,7.71,38.12,28.17,33.52,42.42,3.82,2007,6,9.949999999999996
2007-06-16,7.85,35.16,25.78,30.59,55.74,2.17,2007,6,9.379999999999995
2007-06-17,12.76,34.53,25.05,29.88,54.69,1.77,2007,6,9.48
2007-06-18,0.07,36.92,23.23,30.97,42.99,1.87,2007,6,13.690000000000001
2007-06-19,1.82,37.74,24.06,31.67,44.08,1.81,2007,6,13.680000000000003
2007-06-20,0.52,38.71,24.64,31.99,42.99,1.79,2007,6,14.07
2007-06-21,0.0,38.66,24.52,32.24,43.56,1.96,2007,6,14.139999999999997
2007-06-22,0.01,38.96,25.87,33.17,44.46,1.7,2007,6,13.09
2007-06-23,7.96,37.95,27.31,32.9,46.26,1.52,2007,6,10.640000000000004
2007-06-24,0.01,39.05,26.53,32.98,50.75,1.76,2007,6,12.519999999999996
2007-06-25,0.71,40.42,28.02,34.67,46.96,1.72,2007,6,12.400000000000002
2007-06-26,1.11,39.37,28.87,34.11,45.67,1.36,2007,6,10.499999999999996
2007-06-27,0.14,40.19,28.62,34.32,43.19,2.51,2007,6,11.569999999999997
2007-06-28,15.31,39.35,29.31,33.69,48.53,1.76,2007,6,10.040000000000003
2007-06-29,44.27,29.56,25.57,27.87,80.16,2.77,2007,6,3.9899999999999984
2007-06-30,0.85,35.79,24.76,30.31,63.98,1.75,2007,6,11.029999999999998
2007-07-01,1.37,38.21,25.82,32.46,56.57,1.83,2007,7,12.39
2007-07-02,9.57,36.1,26.93,32.02,56.65,1.27,2007,7,9.170000000000002
2007-07-03,14.86,35.41,27.0,31.66,51.84,1.35,2007,7,8.409999999999997
2007-07-04,0.35,36.92,26.39,31.7,54.69,2.0,2007,7,10.530000000000001
2007-07-05,2.28,37.84,26.07,32.48,55.94,2.03,2007,7,11.770000000000003
2007-07-06,36.09,35.45,27.4,31.91,62.2,1.46,2007,7,8.050000000000004
2007-07-07,2.2,34.51,26.86,29.81,71.18,2.35,2007,7,7.649999999999999
2007-07-08,25.79,31.69,24.63,28.29,67.54,2.26,2007,7,7.060000000000002
2007-07-09,0.08,34.59,23.98,29.96,58.66,2.04,2007,7,10.610000000000003
2007-07-10,0.0,35.96,24.88,31.18,58.75,1.6,2007,7,11.080000000000002
2007-07-11,0.05,37.43,26.29,32.49,59.45,1.96,2007,7,11.14
2007-07-12,2.53,37.61,27.18,32.93,60.42,1.98,2007,7,10.43
2007-07-13,4.6,36.48,28.45,32.4,57.4,1.53,2007,7,8.029999999999998
2007-07-14,10.45,34.93,25.63,30.71,59.66,1.87,2007,7,9.3
2007-07-15,17.24,31.46,25.24,28.02,71.67,1.79,2007,7,6.220000000000002
2007-07-16,1.0,34.79,23.6,29.93,58.79,1.43,2007,7,11.189999999999998
2007-07-17,0.6,34.92,24.38,30.26,59.02,1.75,2007,7,10.540000000000003
2007-07-18,0.01,36.72,24.9,31.43,58.43,1.7,2007,7,11.82
2007-07-19,0.72,36.45,26.62,32.39,58.56,1.29,2007,7,9.830000000000002
2007-07-20,8.34,35.89,27.71,32.1,62.35,1.34,2007,7,8.18
2007-07-21,36.62,33.3,26.91,30.34,68.5,1.76,2007,7,6.389999999999997
2007-07-22,13.19,32.8,26.47,29.7,68.34,1.15,2007,7,6.329999999999998
2007-07-23,2.16,33.48,25.75,29.96,65.36,1.27,2007,7,7.729999999999997
2007-07-24,5.42,33.79,25.45,29.91,64.82,1.4,2007,7,8.34
2007-07-25,5.11,34.16,25.73,30.5,63.99,1.65,2007,7,8.429999999999996
2007-07-26,18.86,35.45,25.61,30.88,66.27,1.99,2007,7,9.840000000000003
2007-07-27,6.16,34.32,26.41,30.21,64.77,2.15,2007,7,7.91
2007-07-28,3.17,33.83,24.5,29.83,62.94,1.59,2007,7,9.329999999999998
2007-07-29,17.21,34.67,24.63,30.11,64.99,1.51,2007,7,10.040000000000003
2007-07-30,39.3,33.18,25.97,29.73,69.81,1.31,2007,7,7.210000000000001
2007-07-31,9.36,32.91,25.68,29.89,73.21,1.49,2007,7,7.229999999999997
2007-08-01,10.82,33.17,26.19,29.9,74.32,1.41,2007,8,6.98
2007-08-02,17.81,32.42,25.12,28.73,77.32,2.02,2007,8,7.300000000000001
2007-08-03,6.13,31.65,24.51,28.28,73.85,1.88,2007,8,7.139999999999997
2007-08-04,0.0,31.71,24.09,28.14,74.45,1.58,2007,8,7.620000000000001
2007-08-05,1.91,32.34,24.46,28.73,73.43,1.19,2007,8,7.880000000000003
2007-08-06,0.71,32.57,24.96,28.45,75.44,1.53,2007,8,7.609999999999999
2007-08-07,0.1,33.15,24.35,29.09,70.22,1.86,2007,8,8.799999999999997
2007-08-08,0.06,34.09,25.26,30.0,71.79,1.69,2007,8,8.830000000000002
2007-08-09,0.29,32.89,25.82,29.51,74.94,1.45,2007,8,7.07
2007-08-10,0.0,33.21,25.24,29.7,74.46,1.58,2007,8,7.970000000000002
2007-08-11,0.0,34.84,26.26,30.69,70.72,1.93,2007,8,8.580000000000002
2007-08-12,10.15,35.66,26.94,31.23,70.33,2.48,2007,8,8.719999999999995
2007-08-13,60.79,33.31,26.72,30.13,75.6,1.77,2007,8,6.590000000000003
2007-08-14,58.52,32.66,26.18,29.35,76.7,1.48,2007,8,6.479999999999997
2007-08-15,1.48,32.54,24.95,28.78,73.49,1.65,2007,8,7.59
2007-08-16,0.32,32.01,24.65,28.4,73.32,2.08,2007,8,7.359999999999999
2007-08-17,0.01,32.54,24.1,28.42,74.89,1.86,2007,8,8.439999999999998
2007-08-18,0.0,32.97,23.63,28.74,69.68,1.97,2007,8,9.34
2007-08-19,0.24,33.28,24.1,28.79,67.65,2.21,2007,8,9.18
2007-08-20,46.46,30.6,23.52,26.9,78.5,2.18,2007,8,7.080000000000002
2007-08-21,0.24,30.99,24.19,27.57,78.48,1.48,2007,8,6.799999999999997
2007-08-22,0.02,30.2,24.06,27.31,78.14,1.48,2007,8,6.140000000000001
2007-08-23,3.47,31.85,24.31,28.1,75.44,1.24,2007,8,7.540000000000003
2007-08-24,8.63,31.53,24.24,27.89,80.37,1.78,2007,8,7.290000000000003
2007-08-25,7.97,31.76,24.28,28.21,79.35,1.7,2007,8,7.48
2007-08-26,10.09,32.55,24.51,28.48,75.37,1.93,2007,8,8.039999999999996
2007-08-27,2.72,32.48,23.7,28.11,74.96,1.87,2007,8,8.779999999999998
2007-08-28,4.19,32.45,23.75,28.14,72.89,1.99,2007,8,8.700000000000003
2007-08-29,0.0,32.5,23.53,28.02,72.75,1.78,2007,8,8.969999999999999
2007-08-30,0.0,31.9,23.63,28.14,72.64,1.7,2007,8,8.27
2007-08-31,0.33,33.44,24.1,29.13,70.45,1.59,2007,8,9.339999999999996
2007-09-01,8.42,32.11,23.78,27.97,76.32,1.99,2007,9,8.329999999999998
2007-09-02,1.81,32.19,24.1,28.42,74.28,1.5,2007,9,8.089999999999996
2007-09-03,22.34,32.38,24.86,28.91,71.35,2.05,2007,9,7.520000000000003
2007-09-04,0.01,33.35,24.58,29.09,69.39,2.04,2007,9,8.770000000000003
2007-09-05,4.16,33.91,23.63,28.65,65.81,1.7,2007,9,10.279999999999998
2007-09-06,6.67,31.18,22.62,27.18,67.96,1.71,2007,9,8.559999999999999
2007-09-07,0.16,30.41,22.3,26.36,71.26,1.66,2007,9,8.11
2007-09-08,0.02,29.7,21.81,25.89,75.14,1.9,2007,9,7.890000000000001
2007-09-09,0.29,30.09,21.51,25.77,70.77,1.91,2007,9,8.579999999999998
2007-09-10,0.07,30.79,21.36,26.14,68.98,1.92,2007,9,9.43
2007-09-11,0.92,30.74,22.02,26.44,67.22,1.58,2007,9,8.719999999999999
2007-09-12,0.09,31.52,21.79,26.51,68.56,1.72,2007,9,9.73
2007-09-13,0.02,32.04,22.17,27.17,68.89,1.84,2007,9,9.869999999999997
2007-09-14,4.65,31.51,22.1,27.06,68.06,1.5,2007,9,9.41
2007-09-15,0.94,32.0,22.39,27.52,67.21,1.65,2007,9,9.61
2007-09-16,0.37,31.96,23.08,27.94,66.7,1.48,2007,9,8.880000000000003
2007-09-17,6.42,31.79,23.74,27.53,71.3,1.96,2007,9,8.05
2007-09-18,2.12,31.6,23.31,27.32,72.79,1.9,2007,9,8.290000000000003
2007-09-19,8.76,31.61,23.08,27.55,72.34,1.59,2007,9,8.530000000000001
2007-09-20,22.53,31.1,23.46,27.1,71.94,1.88,2007,9,7.640000000000001
2007-09-21,14.65,31.58,21.86,26.82,67.52,1.9,2007,9,9.719999999999999
2007-09-22,11.3,29.88,20.97,24.98,72.64,2.24,2007,9,8.91
2007-09-23,0.18,28.89,19.76,24.51,70.08,1.8,2007,9,9.129999999999999
2007-09-24,0.0,31.12,20.18,25.6,59.45,2.13,2007,9,10.940000000000001
2007-09-25,0.0,30.13,18.91,24.67,56.47,2.15,2007,9,11.219999999999999
2007-09-26,0.0,30.81,18.67,25.04,53.45,1.81,2007,9,12.139999999999997
2007-09-27,0.0,30.15,18.86,24.75,59.59,2.05,2007,9,11.29
2007-09-28,0.0,28.82,19.01,23.74,63.09,1.93,2007,9,9.809999999999999
2007-09-29,0.0,29.54,18.73,23.49,53.61,2.0,2007,9,10.809999999999999
2007-09-30,0.0,29.35,17.28,23.18,50.39,2.44,2007,9,12.07
2007-10-01,0.0,30.47,17.1,23.59,44.43,2.31,2007,10,13.369999999999997
2007-10-02,0.0,30.51,16.05,23.81,43.89,2.2,2007,10,14.46
2007-10-03,0.0,30.52,17.55,24.02,43.86,1.91,2007,10,12.969999999999999
2007-10-04,0.0,30.29,17.61,23.86,44.89,1.8,2007,10,12.68
2007-10-05,0.0,29.97,16.42,22.88,47.03,2.32,2007,10,13.549999999999997
2007-10-06,0.0,29.26,16.86,22.68,45.59,2.07,2007,10,12.400000000000002
2007-10-07,0.0,29.24,17.28,22.49,42.87,2.55,2007,10,11.959999999999997
2007-10-08,0.0,29.54,16.96,22.63,38.77,2.09,2007,10,12.579999999999998
2007-10-09,0.0,29.89,17.26,22.51,37.85,2.37,2007,10,12.629999999999999
2007-10-10,0.0,29.84,14.51,22.09,37.99,2.13,2007,10,15.33
2007-10-11,0.0,29.57,14.63,21.81,39.91,2.29,2007,10,14.94
2007-10-12,0.0,30.09,14.08,21.83,40.26,2.46,2007,10,16.009999999999998
2007-10-13,0.0,30.83,15.46,22.68,37.45,2.27,2007,10,15.369999999999997
2007-10-14,0.0,30.57,14.19,22.11,39.94,2.28,2007,10,16.380000000000003
2007-10-15,0.0,30.33,15.25,22.2,44.25,2.09,2007,10,15.079999999999998
2007-10-16,0.0,30.29,15.63,22.29,45.34,2.42,2007,10,14.659999999999998
2007-10-17,0.0,29.9,15.31,21.73,42.82,2.27,2007,10,14.589999999999998
2007-10-18,0.0,28.82,14.76,20.8,43.8,2.66,2007,10,14.06
2007-10-19,0.0,29.1,15.71,21.83,42.76,2.13,2007,10,13.39
2007-10-20,0.0,29.27,16.15,21.98,43.11,2.29,2007,10,13.120000000000001
2007-10-21,0.13,29.59,15.15,21.18,49.02,2.71,2007,10,14.44
2007-10-22,0.0,29.67,14.57,21.1,45.69,2.65,2007,10,15.100000000000001
2007-10-23,0.0,28.97,15.06,21.36,41.19,2.63,2007,10,13.909999999999998
2007-10-24,0.0,29.07,13.1,20.82,43.13,2.37,2007,10,15.97
2007-10-25,0.0,28.98,15.33,21.51,44.99,2.21,2007,10,13.65
2007-10-26,0.0,29.63,14.93,21.42,46.82,2.62,2007,10,14.7
2007-10-27,0.0,30.31,14.47,21.54,45.36,3.04,2007,10,15.839999999999998
2007-10-28,0.0,30.38,16.08,22.17,36.11,2.54,2007,10,14.3
2007-10-29,0.0,29.76,14.53,20.8,36.76,2.56,2007,10,15.230000000000002
2007-10-30,0.0,29.25,12.37,20.03,35.61,2.9,2007,10,16.880000000000003
2007-10-31,0.0,29.96,12.79,20.73,32.65,2.9,2007,10,17.17
2007-11-01,0.0,30.24,14.61,21.46,30.66,2.47,2007,11,15.629999999999999
2007-11-02,0.0,29.8,14.51,20.87,32.07,2.21,2007,11,15.290000000000001
2007-11-03,0.0,27.37,14.18,19.88,35.53,2.0,2007,11,13.190000000000001
2007-11-04,0.0,28.52,15.41,20.66,37.07,2.41,2007,11,13.11
2007-11-05,0.0,30.0,15.02,20.89,34.91,3.17,2007,11,14.98
2007-11-06,0.0,30.03,15.47,21.07,34.85,2.21,2007,11,14.56
2007-11-07,0.0,28.19,12.97,20.01,39.31,2.43,2007,11,15.22
2007-11-08,0.0,27.99,13.26,19.53,42.38,2.71,2007,11,14.729999999999999
2007-11-09,0.0,25.5,12.02,17.98,46.58,2.29,2007,11,13.48
2007-11-10,0.0,25.86,12.1,18.1,46.73,2.15,2007,11,13.76
2007-11-11,0.0,25.91,11.89,17.87,48.28,2.57,2007,11,14.02
2007-11-12,0.0,24.7,11.43,17.5,47.67,2.24,2007,11,13.27
2007-11-13,0.0,25.26,13.35,18.46,48.34,2.14,2007,11,11.910000000000002
2007-11-14,0.0,24.89,13.15,18.18,50.73,1.99,2007,11,11.74
2007-11-15,0.0,24.65,12.2,17.62,48.68,1.98,2007,11,12.45
2007-11-16,0.0,26.89,11.97,18.44,44.76,2.79,2007,11,14.92
2007-11-17,0.0,25.33,11.71,18.05,36.81,2.24,2007,11,13.619999999999997
2007-11-18,0.0,26.07,10.74,17.36,31.72,2.23,2007,11,15.33
2007-11-19,0.0,23.82,10.64,16.14,36.3,2.1,2007,11,13.18
2007-11-20,0.0,24.64,10.46,16.11,35.88,2.8,2007,11,14.18
2007-11-21,0.0,26.84,11.7,17.67,31.65,2.9,2007,11,15.14
2007-11-22,0.0,25.72,10.87,17.27,31.61,2.58,2007,11,14.85
2007-11-23,0.0,25.97,11.59,17.58,31.92,2.63,2007,11,14.379999999999999
2007-11-24,0.0,25.93,12.57,17.69,32.03,2.49,2007,11,13.36
2007-11-25,0.0,26.43,12.26,17.89,28.67,2.51,2007,11,14.17
2007-11-26,0.0,26.78,14.24,18.83,25.03,2.04,2007,11,12.540000000000001
2007-11-27,0.0,25.5,12.45,17.47,25.55,1.97,2007,11,13.05
2007-11-28,0.0,23.42,11.03,16.25,29.48,1.87,2007,11,12.390000000000002
2007-11-29,0.0,21.36,10.97,15.27,38.2,2.46,2007,11,10.389999999999999
2007-11-30,12.9,21.18,9.46,14.31,59.48,2.27,2007,11,11.719999999999999
2007-12-01,1.69,18.92,9.86,12.5,60.16,2.73,2007,12,9.060000000000002
2007-12-02,0.01,21.25,9.14,14.38,48.54,2.23,2007,12,12.11
2007-12-03,0.0,20.44,8.17,12.69,50.35,2.8,2007,12,12.270000000000001
2007-12-04,0.0,21.68,9.33,14.17,41.31,1.75,2007,12,12.35
2007-12-05,0.0,20.76,9.35,13.49,37.46,2.11,2007,12,11.410000000000002
2007-12-06,0.0,21.55,10.5,14.45,36.74,1.68,2007,12,11.05
2007-12-07,0.0,20.99,9.25,14.33,36.92,1.61,2007,12,11.739999999999998
2007-12-08,0.0,20.68,8.93,12.88,43.47,2.54,2007,12,11.75
2007-12-09,0.54,15.07,7.72,11.03,61.58,1.57,2007,12,7.3500000000000005
2007-12-10,0.0,15.88,5.19,10.43,72.23,1.98,2007,12,10.690000000000001
2007-12-11,0.01,14.78,5.78,9.94,74.1,2.02,2007,12,9.0
2007-12-12,0.14,16.75,5.73,10.01,62.36,2.25,2007,12,11.02
2007-12-13,1.46,14.96,6.1,10.02,65.93,1.78,2007,12,8.860000000000001
2007-12-14,0.0,16.99,4.44,9.0,58.64,3.26,2007,12,12.549999999999997
2007-12-15,0.0,18.91,4.12,9.68,42.46,2.76,2007,12,14.79
2007-12-16,0.0,18.8,6.8,11.03,32.5,2.29,2007,12,12.0
2007-12-17,0.0,20.3,5.51,10.93,35.4,2.93,2007,12,14.790000000000001
2007-12-18,0.0,15.73,9.59,11.82,35.75,1.33,2007,12,6.140000000000001
2007-12-19,0.0,18.49,7.81,12.27,34.52,1.59,2007,12,10.68
2007-12-20,0.07,21.27,6.79,12.24,41.79,3.02,2007,12,14.48
2007-12-21,0.1,20.23,8.47,12.56,59.35,2.89,2007,12,11.76
2007-12-22,0.0,23.29,7.15,12.89,49.8,3.46,2007,12,16.14
2007-12-23,0.0,22.81,9.28,14.74,30.9,2.33,2007,12,13.53
2007-12-24,0.0,21.99,10.41,14.17,42.35,2.38,2007,12,11.579999999999998
2007-12-25,0.0,20.47,6.8,11.89,40.92,3.41,2007,12,13.669999999999998
2007-12-26,0.0,20.3,8.03,12.34,31.8,2.36,2007,12,12.270000000000001
2007-12-27,0.0,19.98,6.23,11.16,30.02,2.29,2007,12,13.75
2007-12-28,0.0,18.85,5.13,11.2,26.03,1.87,2007,12,13.720000000000002
2007-12-29,0.0,19.27,4.22,10.28,28.36,2.3,2007,12,15.05
2007-12-30,0.0,18.75,4.95,9.65,26.76,2.88,2007,12,13.8
2007-12-31,0.0,20.12,6.6,11.36,18.16,2.15,2007,12,13.520000000000001
2008-01-01,0.0,18.92,6.19,10.78,17.12,2.23,2008,1,12.73
2008-01-02,0.0,18.27,5.47,9.67,18.98,2.14,2008,1,12.8
2008-01-03,0.0,18.49,3.09,9.07,21.36,2.48,2008,1,15.399999999999999
2008-01-04,0.03,17.0,7.08,11.2,28.41,2.49,2008,1,9.92
2008-01-05,6.95,14.82,8.13,10.65,54.53,2.06,2008,1,6.6899999999999995
2008-01-06,0.81,16.98,7.2,11.09,61.5,2.56,2008,1,9.780000000000001
2008-01-07,5.83,18.17,7.17,11.41,66.59,2.95,2008,1,11.000000000000002
2008-01-08,16.42,12.27,8.13,9.89,88.87,3.2,2008,1,4.139999999999999
2008-01-09,11.45,12.93,9.03,10.34,93.56,3.25,2008,1,3.9000000000000004
2008-01-10,11.73,14.17,5.37,9.63,84.44,2.51,2008,1,8.8
2008-01-11,0.01,14.55,3.67,7.68,67.48,2.73,2008,1,10.88
2008-01-12,0.0,16.98,3.42,8.41,44.88,2.25,2008,1,13.56
2008-01-13,0.0,17.54,2.68,8.73,47.11,2.92,2008,1,14.86
2008-01-14,0.0,17.84,5.52,9.74,47.68,3.15,2008,1,12.32
2008-01-15,0.0,20.09,6.21,12.16,47.88,2.86,2008,1,13.879999999999999
2008-01-16,2.92,13.83,9.54,11.04,77.21,2.79,2008,1,4.290000000000001
2008-01-17,19.56,13.19,8.12,10.65,91.9,2.53,2008,1,5.07
2008-01-18,2.34,15.35,4.87,9.21,73.15,2.21,2008,1,10.48
2008-01-19,0.0,15.31,4.56,8.46,45.98,2.36,2008,1,10.75
2008-01-20,0.0,14.97,0.91,6.52,45.42,2.93,2008,1,14.06
2008-01-21,0.0,13.88,-0.74,6.13,42.2,2.68,2008,1,14.620000000000001
2008-01-22,0.0,14.16,3.69,7.84,38.45,2.04,2008,1,10.47
2008-01-23,0.0,13.28,1.71,6.23,41.27,2.8,2008,1,11.57
2008-01-24,0.0,12.64,1.94,5.88,40.36,2.0,2008,1,10.700000000000001
2008-01-25,0.0,11.8,-2.21,4.83,43.92,2.18,2008,1,14.010000000000002
2008-01-26,0.0,13.0,0.95,5.22,42.67,2.24,2008,1,12.05
2008-01-27,0.0,14.22,-2.03,5.74,46.46,2.58,2008,1,16.25
2008-01-28,0.0,16.7,4.9,9.64,40.21,1.75,2008,1,11.799999999999999
2008-01-29,0.0,15.74,2.71,8.04,47.81,2.72,2008,1,13.030000000000001
2008-01-30,0.0,16.65,2.22,8.51,45.53,2.9,2008,1,14.429999999999998
2008-01-31,0.0,17.55,-0.28,7.14,39.41,3.36,2008,1,17.830000000000002
2008-02-01,0.0,17.06,-0.13,7.84,37.37,2.75,2008,2,17.189999999999998
2008-02-02,1.15,15.35,3.76,7.84,51.29,2.28,2008,2,11.59
2008-02-03,2.31,11.37,2.78,6.44,74.99,1.99,2008,2,8.59
2008-02-04,5.26,13.81,3.83,8.01,69.87,2.15,2008,2,9.98
2008-02-05,0.59,11.67,4.03,7.21,86.17,2.12,2008,2,7.64
2008-02-06,3.31,13.07,2.56,7.55,69.95,1.65,2008,2,10.51
2008-02-07,6.01,11.11,2.63,6.85,78.42,3.01,2008,2,8.48
2008-02-08,0.67,11.79,3.22,7.47,73.2,1.39,2008,2,8.569999999999999
2008-02-09,0.0,15.58,1.25,7.3,57.73,3.4,2008,2,14.33
2008-02-10,0.0,17.23,3.8,9.16,36.03,2.64,2008,2,13.43
2008-02-11,0.0,16.81,1.65,8.2,35.06,2.67,2008,2,15.159999999999998
2008-02-12,0.0,17.47,0.46,7.83,41.58,3.65,2008,2,17.009999999999998
2008-02-13,0.0,20.24,0.02,9.46,38.18,3.35,2008,2,20.22
2008-02-14,0.0,17.44,5.23,10.86,40.11,2.54,2008,2,12.21
2008-02-15,0.0,21.25,5.1,11.87,43.83,2.88,2008,2,16.15
2008-02-16,0.0,23.12,6.27,14.08,47.28,2.65,2008,2,16.85
2008-02-17,0.0,23.09,9.81,15.09,46.39,3.23,2008,2,13.28
2008-02-18,0.0,24.75,7.23,13.97,40.98,3.4,2008,2,17.52
2008-02-19,0.0,26.1,4.68,13.75,34.88,3.7,2008,2,21.42
2008-02-20,0.0,25.34,5.78,14.56,33.32,3.28,2008,2,19.56
2008-02-21,0.0,22.37,9.45,15.22,37.55,4.53,2008,2,12.920000000000002
2008-02-22,0.29,22.69,9.62,15.96,40.75,3.76,2008,2,13.070000000000002
2008-02-23,0.07,23.0,10.34,15.55,49.5,2.17,2008,2,12.66
2008-02-24,0.13,23.01,10.28,15.19,53.91,2.06,2008,2,12.730000000000002
2008-02-25,0.0,22.62,8.67,14.35,44.67,3.64,2008,2,13.950000000000001
2008-02-26,0.0,24.58,7.09,14.47,36.65,4.27,2008,2,17.49
2008-02-27,0.0,27.88,7.56,16.3,35.67,4.02,2008,2,20.32
2008-02-28,0.0,28.78,9.21,17.92,36.94,3.57,2008,2,19.57
2008-02-29,0.0,29.23,13.23,21.09,34.48,2.05,2008,2,16.0
2008-03-01,0.0,28.53,13.58,20.82,38.53,2.44,2008,3,14.950000000000001
2008-03-02,0.0,28.21,14.82,21.2,34.5,1.62,2008,3,13.39
2008-03-03,0.93,26.66,12.38,18.81,43.62,2.52,2008,3,14.28
2008-03-04,0.74,27.02,12.72,18.92,47.56,3.06,2008,3,14.299999999999999
2008-03-05,0.0,28.59,12.14,19.5,48.55,2.9,2008,3,16.45
2008-03-06,0.39,27.65,13.31,19.17,48.86,2.88,2008,3,14.339999999999998
2008-03-07,0.02,28.25,13.38,19.68,44.68,2.59,2008,3,14.87
2008-03-08,0.42,28.21,11.32,19.16,43.83,2.43,2008,3,16.89
2008-03-09,0.0,28.39,13.4,20.75,39.05,2.07,2008,3,14.99
2008-03-10,0.0,27.82,12.84,19.48,46.42,2.69,2008,3,14.98
2008-03-11,0.02,27.93,12.45,19.48,42.92,3.38,2008,3,15.48
2008-03-12,0.0,29.06,12.52,19.99,40.31,2.71,2008,3,16.54
2008-03-13,0.0,29.13,13.23,20.46,37.94,2.6,2008,3,15.899999999999999
2008-03-14,0.0,29.38,13.29,20.62,39.37,2.59,2008,3,16.09
2008-03-15,0.0,29.83,13.27,21.3,39.49,3.27,2008,3,16.56
2008-03-16,0.0,32.56,14.25,23.3,33.77,2.42,2008,3,18.310000000000002
2008-03-17,0.0,31.88,14.81,23.27,32.32,3.86,2008,3,17.07
2008-03-18,0.0,31.93,14.67,22.41,31.51,3.06,2008,3,17.259999999999998
2008-03-19,0.0,31.04,14.42,21.71,29.92,2.84,2008,3,16.619999999999997
2008-03-20,0.02,30.65,12.86,21.3,32.25,2.91,2008,3,17.79
2008-03-21,0.0,29.9,13.37,20.37,33.93,3.21,2008,3,16.53
2008-03-22,0.0,30.25,13.98,21.51,35.73,2.83,2008,3,16.27
2008-03-23,0.0,31.91,14.07,22.64,31.55,3.3,2008,3,17.84
2008-03-24,0.0,33.24,16.36,24.01,24.3,3.03,2008,3,16.880000000000003
2008-03-25,0.0,33.45,14.72,24.11,22.43,2.64,2008,3,18.730000000000004
2008-03-26,0.0,33.15,16.42,23.9,24.79,2.66,2008,3,16.729999999999997
2008-03-27,0.0,31.58,16.93,23.9,27.77,3.34,2008,3,14.649999999999999
2008-03-28,0.0,33.04,16.12,24.67,24.8,2.56,2008,3,16.919999999999998
2008-03-29,0.0,34.5,19.52,26.12,18.1,2.14,2008,3,14.98
2008-03-30,0.02,33.95,16.04,24.75,16.97,2.91,2008,3,17.910000000000004
2008-03-31,7.51,30.91,15.95,23.23,34.79,2.18,2008,3,14.96
2008-04-01,0.57,31.44,14.74,23.19,36.95,2.02,2008,4,16.700000000000003
2008-04-02,9.73,28.24,15.28,21.85,43.93,2.27,2008,4,12.959999999999999
2008-04-03,0.1,22.65,15.84,18.72,61.15,2.72,2008,4,6.809999999999999
2008-04-04,1.25,23.93,13.22,18.75,61.33,2.56,2008,4,10.709999999999999
2008-04-05,81.08,16.8,14.13,15.58,88.38,4.91,2008,4,2.67
2008-04-06,1.25,21.79,11.36,16.66,74.92,2.27,2008,4,10.43
2008-04-07,6.01,23.39,12.83,18.14,70.49,1.84,2008,4,10.56
2008-04-08,2.15,25.37,13.91,19.56,65.63,2.56,2008,4,11.46
2008-04-09,2.3,28.41,14.45,20.47,59.11,3.06,2008,4,13.96
2008-04-10,1.71,27.38,14.9,21.14,65.6,2.81,2008,4,12.479999999999999
2008-04-11,2.54,28.01,16.14,21.94,64.94,2.3,2008,4,11.870000000000001
2008-04-12,0.03,29.38,18.26,23.85,52.11,1.48,2008,4,11.119999999999997
2008-04-13,0.0,30.53,14.62,22.53,51.4,3.35,2008,4,15.910000000000002
2008-04-14,1.93,30.68,16.73,23.41,50.99,2.68,2008,4,13.95
2008-04-15,12.74,23.67,14.6,19.24,67.79,2.64,2008,4,9.070000000000002
2008-04-16,2.38,26.0,13.9,19.33,58.91,2.42,2008,4,12.1
2008-04-17,0.17,28.98,12.32,20.63,47.86,3.44,2008,4,16.66
2008-04-18,0.0,30.71,14.62,22.78,44.53,2.84,2008,4,16.090000000000003
2008-04-19,0.05,31.8,15.25,23.11,47.8,3.26,2008,4,16.55
2008-04-20,0.0,32.97,16.25,24.29,48.25,3.32,2008,4,16.72
2008-04-21,0.0,33.19,18.25,25.61,46.83,3.48,2008,4,14.939999999999998
2008-04-22,0.0,34.43,18.12,25.66,46.79,3.14,2008,4,16.31
2008-04-23,0.0,33.68,19.58,25.95,45.85,2.96,2008,4,14.100000000000001
2008-04-24,0.0,34.93,19.09,26.56,41.03,3.36,2008,4,15.84
2008-04-25,0.0,35.33,20.04,27.24,37.02,2.72,2008,4,15.29
2008-04-26,0.07,35.41,19.25,27.11,34.93,2.76,2008,4,16.159999999999997
2008-04-27,0.0,35.62,17.66,27.08,33.36,3.59,2008,4,17.959999999999997
2008-04-28,0.0,36.97,21.46,29.06,28.02,2.45,2008,4,15.509999999999998
2008-04-29,0.0,37.62,19.26,28.35,31.75,2.84,2008,4,18.359999999999996
2008-04-30,0.05,37.98,19.03,28.67,31.69,3.16,2008,4,18.949999999999996
2008-05-01,0.0,38.01,20.8,29.36,32.21,2.7,2008,5,17.209999999999997
2008-05-02,0.0,39.34,21.88,30.79,27.94,2.57,2008,5,17.460000000000004
2008-05-03,0.0,40.19,22.62,31.07,28.06,2.7,2008,5,17.569999999999997
2008-05-04,0.12,40.15,22.47,30.6,31.42,2.91,2008,5,17.68
2008-05-05,0.0,37.79,24.04,30.58,31.91,2.97,2008,5,13.75
2008-05-06,0.22,36.5,23.99,29.43,23.79,2.23,2008,5,12.510000000000002
2008-05-07,0.0,37.35,20.29,28.76,26.49,2.46,2008,5,17.060000000000002
2008-05-08,0.0,37.0,20.42,29.4,28.66,1.86,2008,5,16.58
2008-05-09,0.1,36.52,23.04,29.12,33.84,2.31,2008,5,13.480000000000004
2008-05-10,0.48,34.83,21.73,28.44,36.73,2.53,2008,5,13.099999999999998
2008-05-11,0.3,37.03,21.68,29.35,33.56,2.93,2008,5,15.350000000000001
2008-05-12,0.01,38.85,22.56,30.43,26.61,2.62,2008,5,16.290000000000003
2008-05-13,0.52,38.13,22.13,31.02,26.75,2.11,2008,5,16.000000000000004
2008-05-14,0.99,38.75,24.47,31.1,27.93,2.55,2008,5,14.280000000000001
2008-05-15,1.46,40.13,22.61,31.55,26.72,2.96,2008,5,17.520000000000003
2008-05-16,2.33,39.13,24.1,31.76,30.01,2.72,2008,5,15.030000000000001
2008-05-17,0.0,41.09,23.75,32.83,23.36,3.12,2008,5,17.340000000000003
2008-05-18,0.0,41.3,23.72,33.23,21.4,2.9,2008,5,17.58
2008-05-19,0.01,41.1,24.76,33.34,21.27,3.45,2008,5,16.34
2008-05-20,0.02,39.46,24.27,32.38,26.59,2.55,2008,5,15.190000000000001
2008-05-21,0.0,41.22,24.5,32.86,18.91,2.3,2008,5,16.72
2008-05-22,0.75,37.79,25.31,31.08,32.18,3.16,2008,5,12.48
2008-05-23,1.62,35.31,25.0,29.97,45.31,2.48,2008,5,10.310000000000002
2008-05-24,0.37,32.77,25.33,27.86,52.08,2.45,2008,5,7.440000000000005
2008-05-25,10.12,32.49,23.43,28.13,52.59,1.76,2008,5,9.060000000000002
2008-05-26,0.01,36.16,21.1,28.75,45.47,2.26,2008,5,15.059999999999995
2008-05-27,0.27,36.56,21.17,28.78,38.38,2.59,2008,5,15.39
2008-05-28,0.1,37.26,23.18,30.68,29.95,2.58,2008,5,14.079999999999998
2008-05-29,0.0,39.58,23.9,32.08,26.87,2.3,2008,5,15.68
2008-05-30,0.0,40.57,24.79,33.18,25.62,2.15,2008,5,15.780000000000001
2008-05-31,0.36,42.02,27.31,35.05,22.02,2.39,2008,5,14.710000000000004
2008-06-01,0.11,42.28,26.65,35.17,23.21,2.17,2008,6,15.630000000000003
2008-06-02,5.92,37.62,26.01,31.63,42.49,2.89,2008,6,11.609999999999996
2008-06-03,3.83,37.71,24.32,31.22,45.97,2.18,2008,6,13.39
2008-06-04,0.01,39.73,26.17,33.55,35.77,1.74,2008,6,13.559999999999995
2008-06-05,0.0,41.27,26.26,34.58,32.46,1.9,2008,6,15.010000000000002
2008-06-06,0.28,42.18,27.12,34.99,31.88,2.86,2008,6,15.059999999999999
2008-06-07,2.03,41.96,27.55,35.28,32.44,2.31,2008,6,14.41
2008-06-08,4.3,40.81,27.65,34.17,34.95,2.2,2008,6,13.160000000000004
2008-06-09,26.34,36.05,26.91,30.86,57.2,2.94,2008,6,9.139999999999997
2008-06-10,1.83,36.88,25.65,31.54,57.96,1.49,2008,6,11.230000000000004
2008-06-11,0.02,38.53,26.1,32.49,54.06,1.74,2008,6,12.43
2008-06-12,2.74,38.17,27.69,33.03,52.5,1.33,2008,6,10.48
2008-06-13,0.12,38.43,28.56,33.68,49.34,1.48,2008,6,9.870000000000001
2008-06-14,10.45,38.63,28.22,33.52,54.96,1.77,2008,6,10.410000000000004
2008-06-15,14.41,37.77,28.46,32.98,58.29,1.71,2008,6,9.310000000000002
2008-06-16,10.96,35.43,26.07,30.9,63.59,2.0,2008,6,9.36
2008-06-17,0.91,38.02,27.76,32.84,49.85,1.93,2008,6,10.260000000000002
2008-06-18,0.78,39.13,26.31,32.99,52.18,2.0,2008,6,12.820000000000004
2008-06-19,12.48,37.08,27.03,31.82,57.82,1.64,2008,6,10.049999999999997
2008-06-20,10.21,36.67,26.95,31.92,52.41,1.37,2008,6,9.720000000000002
2008-06-21,3.58,36.96,26.68,32.54,47.48,1.25,2008,6,10.280000000000001
2008-06-22,8.83,36.6,25.76,31.57,53.02,1.28,2008,6,10.84
2008-06-23,0.58,37.92,25.1,32.62,50.32,1.69,2008,6,12.82
2008-06-24,3.7,39.69,28.45,34.45,44.08,2.15,2008,6,11.239999999999998
2008-06-25,0.37,40.43,26.03,33.84,47.23,1.81,2008,6,14.399999999999999
2008-06-26,20.35,39.03,26.76,33.42,55.55,1.85,2008,6,12.27
2008-06-27,7.54,39.06,28.9,33.88,53.0,1.85,2008,6,10.160000000000004
2008-06-28,36.62,34.2,26.93,30.73,59.28,1.59,2008,6,7.270000000000003
2008-06-29,3.46,33.59,25.31,29.49,64.76,2.05,2008,6,8.280000000000005
2008-06-30,0.19,32.97,24.46,28.91,66.7,1.9,2008,6,8.509999999999998
2008-07-01,0.0,34.46,24.64,30.44,59.17,1.31,2008,7,9.82
2008-07-02,0.0,37.82,26.0,32.5,56.45,2.04,2008,7,11.82
2008-07-03,0.25,39.02,28.36,33.89,54.66,1.69,2008,7,10.660000000000004
2008-07-04,7.33,39.25,27.84,33.34,57.06,1.93,2008,7,11.41
2008-07-05,38.6,35.53,27.52,31.59,66.33,1.91,2008,7,8.010000000000002
2008-07-06,47.99,32.64,26.08,29.1,80.06,3.04,2008,7,6.560000000000002
2008-07-07,20.48,32.29,24.99,28.63,78.83,2.11,2008,7,7.300000000000001
2008-07-08,22.95,31.82,25.53,28.82,77.21,2.04,2008,7,6.289999999999999
2008-07-09,1.66,31.96,25.4,28.71,76.1,2.54,2008,7,6.560000000000002
2008-07-10,0.19,32.87,24.74,29.03,74.01,1.77,2008,7,8.129999999999999
2008-07-11,9.93,32.95,25.66,29.73,73.73,1.87,2008,7,7.290000000000003
2008-07-12,29.48,31.91,25.47,28.65,75.94,1.51,2008,7,6.440000000000001
2008-07-13,0.1,32.28,24.41,28.46,72.38,1.47,2008,7,7.870000000000001
2008-07-14,3.26,32.33,23.74,28.68,71.48,1.35,2008,7,8.59
2008-07-15,0.0,33.84,25.69,30.1,66.82,1.4,2008,7,8.150000000000002
2008-07-16,3.89,34.62,25.1,30.15,67.54,1.57,2008,7,9.519999999999996
2008-07-17,9.29,35.18,25.99,30.72,67.22,1.84,2008,7,9.190000000000001
2008-07-18,15.47,34.22,26.54,30.5,69.61,1.82,2008,7,7.68
2008-07-19,5.8,33.56,25.87,30.01,70.95,1.78,2008,7,7.690000000000001
2008-07-20,6.43,32.79,25.54,28.9,76.77,3.11,2008,7,7.25
2008-07-21,22.76,31.51,25.11,28.31,75.68,2.04,2008,7,6.400000000000002
2008-07-22,5.22,33.14,23.95,28.98,69.24,1.65,2008,7,9.190000000000001
2008-07-23,0.0,33.55,24.23,29.44,65.89,1.67,2008,7,9.319999999999997
2008-07-24,0.0,34.99,25.29,30.23,63.01,1.74,2008,7,9.700000000000003
2008-07-25,1.2,34.66,24.21,30.05,64.77,1.87,2008,7,10.449999999999996
2008-07-26,6.53,33.15,24.38,28.68,72.71,2.28,2008,7,8.77
2008-07-27,0.16,34.39,25.02,30.34,63.99,1.23,2008,7,9.370000000000001
2008-07-28,4.88,33.06,24.97,29.37,73.02,1.85,2008,7,8.090000000000003
2008-07-29,4.84,34.32,25.22,30.41,69.62,1.63,2008,7,9.100000000000001
2008-07-30,0.81,33.86,26.89,30.72,70.13,1.6,2008,7,6.969999999999999
2008-07-31,4.24,34.17,25.82,29.8,76.12,2.64,2008,7,8.350000000000001
2008-08-01,3.05,31.42,24.16,27.42,83.73,3.41,2008,8,7.260000000000002
2008-08-02,11.62,31.43,24.7,28.01,80.98,1.52,2008,8,6.73
2008-08-03,32.69,31.29,25.66,28.3,80.02,1.37,2008,8,5.629999999999999
2008-08-04,15.38,31.59,25.35,28.54,77.28,1.64,2008,8,6.239999999999998
2008-08-05,2.7,30.61,24.42,27.21,82.52,2.78,2008,8,6.189999999999998
2008-08-06,0.0,31.94,23.25,27.97,76.11,1.29,2008,8,8.690000000000001
2008-08-07,0.19,32.95,23.89,28.84,74.14,1.63,2008,8,9.060000000000002
2008-08-08,10.29,34.23,25.29,29.74,74.19,1.85,2008,8,8.939999999999998
2008-08-09,17.94,31.64,24.98,28.19,83.32,2.29,2008,8,6.66
2008-08-10,2.49,32.91,25.43,29.32,77.06,1.43,2008,8,7.479999999999997
2008-08-11,7.75,31.97,25.31,28.83,78.57,1.73,2008,8,6.66
2008-08-12,10.84,31.46,24.41,27.82,81.29,1.89,2008,8,7.050000000000001
2008-08-13,5.25,31.27,23.66,27.17,80.64,1.65,2008,8,7.609999999999999
2008-08-14,7.95,32.17,21.92,27.07,78.41,1.71,2008,8,10.25
2008-08-15,6.92,30.77,23.58,26.8,83.57,2.47,2008,8,7.190000000000001
2008-08-16,3.18,31.78,22.85,27.74,72.61,1.39,2008,8,8.93
2008-08-17,3.68,31.42,23.24,27.7,69.71,1.41,2008,8,8.180000000000003
2008-08-18,0.0,31.41,23.49,27.66,72.67,1.91,2008,8,7.920000000000002
2008-08-19,0.0,33.18,23.72,28.65,69.0,1.87,2008,8,9.46
2008-08-20,0.16,33.42,23.4,28.96,66.3,1.61,2008,8,10.020000000000003
2008-08-21,8.17,32.37,23.96,28.27,71.1,1.97,2008,8,8.409999999999997
2008-08-22,0.63,32.44,23.54,28.09,71.32,1.92,2008,8,8.899999999999999
2008-08-23,0.34,32.06,23.74,28.01,72.69,1.72,2008,8,8.320000000000004
2008-08-24,0.29,32.55,23.98,28.4,72.85,1.81,2008,8,8.569999999999997
2008-08-25,0.0,33.64,24.41,29.31,69.01,1.82,2008,8,9.23
2008-08-26,0.03,34.38,24.49,29.74,66.26,1.9,2008,8,9.890000000000004
2008-08-27,0.04,34.73,24.08,29.45,63.95,2.04,2008,8,10.649999999999999
2008-08-28,0.0,34.85,23.8,29.37,62.24,2.18,2008,8,11.05
2008-08-29,0.09,34.74,23.95,29.41,61.05,1.57,2008,8,10.790000000000003
2008-08-30,1.28,34.42,24.11,29.05,62.69,1.42,2008,8,10.310000000000002
2008-08-31,4.82,30.94,22.3,26.77,72.48,1.7,2008,8,8.64
2008-09-01,0.01,31.61,22.27,27.19,67.03,1.32,2008,9,9.34
2008-09-02,0.0,33.25,22.48,28.07,63.78,1.68,2008,9,10.77
2008-09-03,0.05,33.89,23.66,29.01,61.28,1.69,2008,9,10.23
2008-09-04,1.47,33.49,23.18,28.53,66.41,1.72,2008,9,10.310000000000002
2008-09-05,10.27,32.53,22.52,27.52,67.57,2.3,2008,9,10.010000000000002
2008-09-06,37.58,28.92,21.63,25.16,72.55,1.29,2008,9,7.290000000000003
2008-09-07,2.34,27.92,19.63,23.75,68.49,1.33,2008,9,8.290000000000003
2008-09-08,0.0,30.61,18.77,25.23,58.57,1.51,2008,9,11.84
2008-09-09,0.0,31.29,20.21,25.91,55.65,2.0,2008,9,11.079999999999998
2008-09-10,0.0,33.55,21.37,27.4,50.35,1.66,2008,9,12.179999999999996
2008-09-11,0.0,33.89,21.43,27.62,49.05,1.95,2008,9,12.46
2008-09-12,0.0,34.02,20.43,27.52,51.22,2.2,2008,9,13.590000000000003
2008-09-13,0.0,34.0,20.54,27.39,54.62,2.27,2008,9,13.46
2008-09-14,0.0,33.46,20.78,27.27,55.35,2.1,2008,9,12.68
2008-09-15,0.0,33.53,21.37,27.7,57.34,2.06,2008,9,12.16
2008-09-16,5.26,33.3,23.28,28.11,59.76,1.83,2008,9,10.019999999999996
2008-09-17,1.42,31.85,22.85,27.03,64.61,1.89,2008,9,9.0
2008-09-18,0.42,32.3,22.65,27.16,59.0,1.52,2008,9,9.649999999999999
2008-09-19,0.86,31.82,21.47,26.62,59.64,1.69,2008,9,10.350000000000001
2008-09-20,0.0,32.45,21.55,26.76,56.15,1.65,2008,9,10.900000000000002
2008-09-21,7.82,31.15,21.06,25.91,62.16,1.82,2008,9,10.09
2008-09-22,0.0,30.43,20.59,25.6,57.91,1.26,2008,9,9.84
2008-09-23,0.23,30.27,19.77,24.67,57.73,1.84,2008,9,10.5
2008-09-24,0.0,31.34,18.32,24.58,54.26,2.56,2008,9,13.02
2008-09-25,0.0,32.06,19.88,25.64,49.79,2.31,2008,9,12.180000000000003
2008-09-26,0.0,34.58,20.15,27.1,45.73,2.25,2008,9,14.43
2008-09-27,0.0,33.89,19.94,26.71,44.77,2.24,2008,9,13.95
2008-09-28,0.0,34.18,20.05,27.09,47.16,2.47,2008,9,14.129999999999999
2008-09-29,0.0,36.02,20.53,27.95,45.14,2.74,2008,9,15.490000000000002
2008-09-30,0.0,35.45,20.87,27.43,51.04,2.09,2008,9,14.580000000000002
2008-10-01,0.0,35.11,22.37,28.07,50.39,2.24,2008,10,12.739999999999998
2008-10-02,0.0,34.52,21.62,27.44,52.62,1.95,2008,10,12.900000000000002
2008-10-03,0.0,34.84,22.0,28.45,53.32,1.65,2008,10,12.840000000000003
2008-10-04,0.0,35.13,23.36,28.82,51.24,1.73,2008,10,11.770000000000003
2008-10-05,0.0,34.81,22.53,28.47,52.13,1.83,2008,10,12.280000000000001
2008-10-06,5.24,32.69,22.77,27.22,59.74,1.34,2008,10,9.919999999999998
2008-10-07,4.57,31.67,20.93,25.37,62.34,1.95,2008,10,10.740000000000002
2008-10-08,0.28,31.74,19.57,24.76,56.13,2.25,2008,10,12.169999999999998
2008-10-09,0.01,32.06,18.6,24.8,50.83,2.11,2008,10,13.46
2008-10-10,0.0,32.4,18.09,24.71,47.68,2.8,2008,10,14.309999999999999
2008-10-11,0.0,33.45,17.87,25.31,42.69,2.7,2008,10,15.580000000000002
2008-10-12,0.0,34.03,18.7,25.76,41.47,2.54,2008,10,15.330000000000002
2008-10-13,0.0,33.7,19.01,25.74,39.61,2.52,2008,10,14.690000000000001
2008-10-14,0.13,32.5,18.47,24.71,42.41,2.21,2008,10,14.030000000000001
2008-10-15,16.89,27.74,17.92,22.63,54.05,2.06,2008,10,9.819999999999997
2008-10-16,0.29,29.14,16.05,21.45,56.67,2.49,2008,10,13.09
2008-10-17,0.0,29.71,15.76,21.94,47.76,2.79,2008,10,13.950000000000001
2008-10-18,0.0,30.17,15.57,22.33,42.34,2.0,2008,10,14.600000000000001
2008-10-19,0.0,29.82,16.35,22.35,43.06,2.03,2008,10,13.469999999999999
2008-10-20,0.0,30.06,17.39,22.84,42.9,2.17,2008,10,12.669999999999998
2008-10-21,0.0,30.29,16.24,22.54,43.45,2.64,2008,10,14.05
2008-10-22,0.0,30.65,16.38,23.08,43.79,2.57,2008,10,14.27
2008-10-23,0.0,31.01,15.84,22.62,44.34,2.53,2008,10,15.170000000000002
2008-10-24,0.0,30.06,15.94,22.57,39.43,2.0,2008,10,14.12
2008-10-25,0.0,29.54,16.48,21.94,43.88,1.78,2008,10,13.059999999999999
2008-10-26,0.0,29.88,14.95,21.47,41.38,2.75,2008,10,14.93
2008-10-27,0.0,29.41,15.17,21.5,36.99,2.83,2008,10,14.24
2008-10-28,0.0,29.4,16.04,21.44,37.76,2.2,2008,10,13.36
2008-10-29,0.02,28.01,14.48,20.89,42.49,2.05,2008,10,13.530000000000001
2008-10-30,0.93,27.78,15.05,20.5,53.95,3.34,2008,10,12.73
2008-10-31,0.0,29.95,14.33,20.56,44.98,3.17,2008,10,15.62
2008-11-01,0.0,30.22,14.9,21.72,37.53,2.93,2008,11,15.319999999999999
2008-11-02,0.0,30.5,14.62,21.95,38.9,2.51,2008,11,15.88
2008-11-03,0.0,29.78,16.02,21.67,39.33,2.72,2008,11,13.760000000000002
2008-11-04,0.0,30.24,14.82,20.52,29.58,3.86,2008,11,15.419999999999998
2008-11-05,0.0,30.69,15.25,21.69,22.46,2.23,2008,11,15.440000000000001
2008-11-06,0.0,29.98,15.09,21.43,25.24,2.2,2008,11,14.89
2008-11-07,0.0,30.13,15.78,21.78,28.24,2.34,2008,11,14.35
2008-11-08,0.0,30.65,15.37,22.14,29.66,2.09,2008,11,15.28
2008-11-09,0.0,29.86,15.15,21.93,28.52,1.77,2008,11,14.709999999999999
2008-11-10,0.0,30.08,16.93,21.94,26.27,2.34,2008,11,13.149999999999999
2008-11-11,0.0,28.66,16.87,21.7,24.89,1.37,2008,11,11.79
2008-11-12,0.1,26.94,14.47,19.35,30.59,2.1,2008,11,12.47
2008-11-13,16.88,23.48,14.69,18.16,52.05,2.35,2008,11,8.790000000000001
2008-11-14,1.85,23.07,12.96,16.96,64.53,2.52,2008,11,10.11
2008-11-15,0.21,22.67,12.54,16.31,55.15,1.68,2008,11,10.130000000000003
2008-11-16,0.0,22.64,11.67,16.14,46.28,1.59,2008,11,10.97
2008-11-17,0.0,22.8,10.19,15.08,45.15,2.24,2008,11,12.610000000000001
2008-11-18,0.0,24.72,11.03,16.36,46.58,2.32,2008,11,13.69
2008-11-19,0.19,23.74,10.82,16.65,41.44,2.29,2008,11,12.919999999999998
2008-11-20,1.17,21.66,9.54,14.29,52.88,3.1,2008,11,12.120000000000001
2008-11-21,0.0,21.96,7.38,12.89,44.42,3.55,2008,11,14.580000000000002
2008-11-22,0.0,23.53,7.39,14.16,34.26,2.75,2008,11,16.14
2008-11-23,0.0,25.22,10.78,16.16,34.68,2.52,2008,11,14.44
2008-11-24,0.0,26.17,8.99,16.3,37.86,3.23,2008,11,17.18
2008-11-25,0.0,26.05,10.76,17.26,34.55,2.17,2008,11,15.290000000000001
2008-11-26,0.0,25.1,9.81,16.49,37.03,2.3,2008,11,15.290000000000001
2008-11-27,0.0,24.59,11.02,16.21,35.62,2.11,2008,11,13.57
2008-11-28,0.0,25.45,10.63,16.22,33.36,2.32,2008,11,14.819999999999999
2008-11-29,0.0,26.66,12.36,16.96,32.59,3.02,2008,11,14.3
2008-11-30,0.0,27.47,11.61,18.22,28.93,2.35,2008,11,15.86
2008-12-01,0.0,26.3,12.07,17.8,29.14,2.21,2008,12,14.23
2008-12-02,0.0,24.86,11.51,16.55,30.94,2.65,2008,12,13.35
2008-12-03,0.0,25.33,9.56,16.17,29.65,2.59,2008,12,15.769999999999998
2008-12-04,0.0,25.75,11.14,16.95,27.25,2.49,2008,12,14.61
2008-12-05,0.0,25.13,8.98,16.24,26.9,2.41,2008,12,16.15
2008-12-06,0.0,25.98,8.42,16.46,25.84,2.8,2008,12,17.560000000000002
2008-12-07,1.29,27.18,10.53,17.1,26.49,2.73,2008,12,16.65
2008-12-08,16.77,22.5,12.47,16.11,63.98,2.62,2008,12,10.03
2008-12-09,0.7,19.42,10.23,14.19,76.39,3.17,2008,12,9.190000000000001
2008-12-10,0.02,21.53,9.75,13.92,61.36,2.72,2008,12,11.780000000000001
2008-12-11,0.0,22.53,9.39,14.18,49.47,2.95,2008,12,13.14
2008-12-12,0.02,23.12,6.47,13.22,40.39,3.06,2008,12,16.650000000000002
2008-12-13,0.0,22.21,7.43,13.46,38.15,2.3,2008,12,14.780000000000001
2008-12-14,0.0,21.49,6.76,12.55,41.06,2.48,2008,12,14.729999999999999
2008-12-15,0.0,21.22,9.79,14.4,33.8,1.53,2008,12,11.43
2008-12-16,0.03,18.16,10.16,12.86,44.96,2.62,2008,12,8.0
2008-12-17,3.04,17.27,7.68,11.63,73.24,2.59,2008,12,9.59
2008-12-18,0.96,22.53,9.75,14.3,62.85,2.53,2008,12,12.780000000000001
2008-12-19,3.51,19.36,11.16,14.6,69.58,1.61,2008,12,8.2
2008-12-20,17.34,18.6,10.11,13.96,78.21,1.9,2008,12,8.490000000000002
2008-12-21,0.0,19.74,6.71,11.91,64.71,2.97,2008,12,13.029999999999998
2008-12-22,0.0,22.57,6.86,12.63,49.78,3.16,2008,12,15.71
2008-12-23,0.0,22.35,8.43,13.71,37.58,2.65,2008,12,13.920000000000002
2008-12-24,0.0,22.31,9.49,14.07,40.9,2.44,2008,12,12.819999999999999
2008-12-25,0.0,21.65,8.26,13.47,43.93,2.45,2008,12,13.389999999999999
2008-12-26,0.0,22.77,8.43,13.74,44.07,2.76,2008,12,14.34
2008-12-27,0.0,21.4,5.93,12.89,44.35,2.48,2008,12,15.469999999999999
2008-12-28,0.0,20.38,9.49,13.74,40.05,1.69,2008,12,10.889999999999999
2008-12-29,0.0,18.93,8.36,12.02,46.13,2.2,2008,12,10.57
2008-12-30,0.0,20.65,7.95,12.1,49.9,2.88,2008,12,12.7
2008-12-31,0.0,21.1,6.28,11.73,43.69,3.28,2008,12,14.82
2009-01-01,0.0,21.51,3.96,11.01,36.28,3.28,2009,1,17.55
2009-01-02,0.0,20.28,7.66,12.84,31.1,1.57,2009,1,12.620000000000001
2009-01-03,10.84,15.61,7.92,10.69,57.3,2.2,2009,1,7.6899999999999995
2009-01-04,0.25,13.82,5.92,9.39,73.9,3.41,2009,1,7.9
2009-01-05,0.33,17.49,4.03,9.49,64.37,2.75,2009,1,13.459999999999997
2009-01-06,0.0,17.99,4.89,10.6,52.93,2.06,2009,1,13.099999999999998
2009-01-07,0.01,17.71,6.36,11.04,53.52,1.9,2009,1,11.350000000000001
2009-01-08,0.01,18.13,5.19,10.5,48.87,2.17,2009,1,12.939999999999998
2009-01-09,0.01,18.96,7.11,11.77,48.26,2.09,2009,1,11.850000000000001
2009-01-10,0.0,18.32,6.77,11.35,50.83,2.29,2009,1,11.55
2009-01-11,0.0,20.68,4.58,11.44,49.1,2.45,2009,1,16.1
2009-01-12,0.0,19.84,6.75,12.55,50.73,2.03,2009,1,13.09
2009-01-13,0.13,18.01,8.09,11.97,45.32,1.73,2009,1,9.920000000000002
2009-01-14,0.12,19.0,6.07,11.74,48.3,2.28,2009,1,12.93
2009-01-15,0.27,22.96,9.18,14.39,48.36,2.4,2009,1,13.780000000000001
2009-01-16,3.03,19.07,8.87,13.08,65.78,2.62,2009,1,10.200000000000001
2009-01-17,3.65,16.78,8.09,11.87,80.53,2.68,2009,1,8.690000000000001
2009-01-18,9.99,14.91,8.54,11.14,81.16,2.52,2009,1,6.370000000000001
2009-01-19,0.03,18.34,6.45,11.16,65.85,3.02,2009,1,11.89
2009-01-20,0.0,22.15,3.75,11.5,42.74,3.11,2009,1,18.4
2009-01-21,0.0,22.92,6.88,13.46,36.51,2.78,2009,1,16.040000000000003
2009-01-22,0.0,22.68,10.03,15.58,30.64,1.6,2009,1,12.65
2009-01-23,0.0,23.73,6.3,14.28,43.6,2.54,2009,1,17.43
2009-01-24,0.13,24.79,11.51,16.14,49.07,2.3,2009,1,13.28
2009-01-25,3.43,17.43,9.87,13.52,74.72,2.78,2009,1,7.5600000000000005
2009-01-26,6.18,20.73,11.51,15.31,63.44,2.63,2009,1,9.22
2009-01-27,3.68,17.96,7.74,12.62,74.26,2.11,2009,1,10.22
2009-01-28,1.25,21.58,6.7,13.04,54.2,2.13,2009,1,14.879999999999999
2009-01-29,0.0,20.13,8.62,13.3,48.37,2.22,2009,1,11.51
2009-01-30,0.0,20.12,8.02,12.66,57.12,2.82,2009,1,12.100000000000001
2009-01-31,0.36,21.43,6.0,12.32,50.32,3.72,2009,1,15.43
2009-02-01,0.0,22.5,7.75,13.71,37.09,2.73,2009,2,14.75
2009-02-02,0.05,18.56,5.52,11.97,43.0,2.12,2009,2,13.04
2009-02-03,0.15,22.28,8.18,14.05,47.69,2.86,2009,2,14.100000000000001
2009-02-04,2.27,23.1,7.65,14.51,49.23,2.58,2009,2,15.450000000000001
2009-02-05,10.42,17.26,10.3,12.93,66.71,2.31,2009,2,6.960000000000001
2009-02-06,7.89,16.37,5.54,10.91,68.89,3.17,2009,2,10.830000000000002
2009-02-07,0.11,21.91,3.72,11.36,50.75,2.91,2009,2,18.19
2009-02-08,0.0,23.07,5.95,13.33,39.55,2.6,2009,2,17.12
2009-02-09,0.22,17.74,8.92,12.28,56.02,2.82,2009,2,8.819999999999999
2009-02-10,2.97,16.82,8.81,11.57,70.92,2.54,2009,2,8.01
2009-02-11,0.06,19.17,7.56,12.71,68.72,1.75,2009,2,11.610000000000003
2009-02-12,0.86,19.05,9.04,12.91,68.79,1.9,2009,2,10.010000000000002
2009-02-13,26.33,16.92,8.48,11.92,73.43,3.66,2009,2,8.440000000000001
2009-02-14,0.32,18.66,7.76,12.09,74.43,2.75,2009,2,10.9
2009-02-15,0.0,20.57,5.93,12.05,58.45,2.78,2009,2,14.64
2009-02-16,0.0,21.45,5.05,13.16,47.56,2.48,2009,2,16.4
2009-02-17,0.0,22.36,9.66,15.18,41.47,2.4,2009,2,12.7
2009-02-18,0.0,23.0,7.13,13.82,49.89,3.35,2009,2,15.870000000000001
2009-02-19,0.7,24.16,8.65,15.45,48.78,2.94,2009,2,15.51
2009-02-20,3.61,21.4,7.82,14.22,63.09,2.93,2009,2,13.579999999999998
2009-02-21,0.18,22.2,8.29,14.59,55.73,3.24,2009,2,13.91
2009-02-22,0.39,18.97,8.25,13.13,67.37,2.51,2009,2,10.719999999999999
2009-02-23,2.77,19.35,9.15,13.43,71.16,2.67,2009,2,10.200000000000001
2009-02-24,0.04,23.11,9.86,15.97,58.26,2.3,2009,2,13.25
2009-02-25,0.0,22.65,10.66,15.4,47.19,2.6,2009,2,11.989999999999998
2009-02-26,0.0,23.26,8.91,15.36,42.57,3.09,2009,2,14.350000000000001
2009-02-27,0.0,23.77,8.18,15.08,43.55,3.19,2009,2,15.59
2009-02-28,0.0,24.05,8.05,14.87,38.07,3.88,2009,2,16.0
2009-03-01,0.0,24.37,10.69,16.06,43.79,2.9,2009,3,13.680000000000001
2009-03-02,0.0,27.22,12.43,20.07,47.28,2.35,2009,3,14.79
2009-03-03,3.32,26.45,14.87,20.08,51.63,4.37,2009,3,11.58
2009-03-04,0.02,26.58,13.86,18.79,55.42,2.59,2009,3,12.719999999999999
2009-03-05,2.55,26.35,12.34,18.07,50.29,2.61,2009,3,14.010000000000002
2009-03-06,0.01,26.19,10.7,17.68,46.35,2.75,2009,3,15.490000000000002
2009-03-07,0.28,25.54,11.74,17.55,52.14,2.78,2009,3,13.799999999999999
2009-03-08,0.58,24.68,12.2,17.78,40.6,2.1,2009,3,12.48
2009-03-09,0.0,24.72,9.24,16.34,47.07,2.74,2009,3,15.479999999999999
2009-03-10,0.0,25.68,9.34,16.2,40.55,3.53,2009,3,16.34
2009-03-11,0.0,27.89,8.2,16.94,34.94,4.04,2009,3,19.69
2009-03-12,0.0,28.98,10.77,19.54,33.51,3.27,2009,3,18.21
2009-03-13,0.0,29.51,11.49,20.38,34.73,2.48,2009,3,18.020000000000003
2009-03-14,0.0,28.86,11.41,19.55,36.15,2.89,2009,3,17.45
2009-03-15,0.0,30.21,11.88,20.28,39.86,2.93,2009,3,18.33
2009-03-16,0.0,27.57,12.76,20.25,39.95,1.96,2009,3,14.81
2009-03-17,0.0,29.18,13.77,20.79,44.78,2.92,2009,3,15.41
2009-03-18,0.65,25.86,13.06,18.91,55.01,3.3,2009,3,12.799999999999999
2009-03-19,0.01,26.75,14.56,20.36,56.65,2.82,2009,3,12.19
2009-03-20,0.31,27.99,13.02,18.69,57.44,3.53,2009,3,14.969999999999999
2009-03-21,0.0,26.46,12.87,18.78,52.14,2.77,2009,3,13.590000000000002
2009-03-22,0.0,26.08,11.66,18.55,44.47,2.24,2009,3,14.419999999999998
2009-03-23,0.01,28.63,12.88,20.22,41.25,2.06,2009,3,15.749999999999998
2009-03-24,23.56,23.7,13.51,16.78,65.62,3.13,2009,3,10.19
2009-03-25,4.47,24.11,12.6,17.43,69.19,2.19,2009,3,11.51
2009-03-26,0.05,26.31,10.95,18.11,56.6,2.5,2009,3,15.36
2009-03-27,2.79,24.23,13.33,18.21,60.48,2.37,2009,3,10.9
2009-03-28,0.88,24.68,12.4,17.68,63.94,2.64,2009,3,12.28
2009-03-29,8.14,20.66,13.11,16.39,72.73,2.16,2009,3,7.550000000000001
2009-03-30,0.01,26.83,11.48,18.8,62.05,3.01,2009,3,15.349999999999998
2009-03-31,0.0,29.98,12.97,21.06,46.87,3.6,2009,3,17.009999999999998
2009-04-01,6.55,30.59,14.33,22.14,44.91,2.38,2009,4,16.259999999999998
2009-04-02,3.07,28.59,16.45,22.09,56.72,3.12,2009,4,12.14
2009-04-03,0.43,28.12,14.48,21.13,56.58,3.01,2009,4,13.64
2009-04-04,0.0,29.84,14.32,21.46,46.5,4.17,2009,4,15.52
2009-04-05,0.07,29.69,15.87,21.69,41.49,2.2,2009,4,13.820000000000002
2009-04-06,40.44,19.37,13.89,16.06,74.72,2.39,2009,4,5.48
2009-04-07,3.93,21.64,13.28,17.02,74.23,2.35,2009,4,8.360000000000001
2009-04-08,16.53,21.81,12.39,16.81,76.63,2.02,2009,4,9.419999999999998
2009-04-09,2.77,22.62,11.92,17.09,68.04,1.62,2009,4,10.700000000000001
2009-04-10,0.3,26.42,10.82,18.65,59.12,3.22,2009,4,15.600000000000001
2009-04-11,0.0,29.13,14.54,21.19,55.5,3.33,2009,4,14.59
2009-04-12,0.0,31.52,17.44,23.78,53.26,2.5,2009,4,14.079999999999998
2009-04-13,0.0,29.13,16.87,22.62,54.7,3.03,2009,4,12.259999999999998
2009-04-14,8.67,30.43,17.14,22.91,56.61,3.47,2009,4,13.29
2009-04-15,5.62,26.44,15.6,20.28,68.18,3.69,2009,4,10.840000000000002
2009-04-16,0.0,28.47,15.32,21.3,56.6,2.8,2009,4,13.149999999999999
2009-04-17,0.0,30.15,13.89,21.69,49.86,3.15,2009,4,16.259999999999998
2009-04-18,0.0,32.73,16.44,23.97,45.27,3.76,2009,4,16.289999999999996
2009-04-19,0.0,34.65,17.94,26.46,42.35,3.15,2009,4,16.709999999999997
2009-04-20,2.04,32.87,19.85,25.57,46.63,2.74,2009,4,13.019999999999996
2009-04-21,4.38,29.99,17.72,23.68,55.52,2.4,2009,4,12.27
2009-04-22,0.0,29.66,15.82,22.12,47.7,3.53,2009,4,13.84
2009-04-23,0.0,30.58,15.31,22.67,38.53,3.6,2009,4,15.269999999999998
2009-04-24,0.0,31.59,14.84,22.71,38.84,3.71,2009,4,16.75
2009-04-25,0.0,33.13,15.59,24.16,37.09,2.87,2009,4,17.540000000000003
2009-04-26,0.02,33.57,16.38,24.92,37.66,3.28,2009,4,17.19
2009-04-27,0.01,34.47,19.8,26.25,39.27,3.71,2009,4,14.669999999999998
2009-04-28,0.0,36.24,21.68,28.21,40.59,2.74,2009,4,14.560000000000002
2009-04-29,0.07,36.49,20.75,27.6,38.16,3.18,2009,4,15.740000000000002
2009-04-30,0.0,37.4,19.36,27.82,36.81,3.16,2009,4,18.04
2009-05-01,0.0,33.82,20.2,27.16,37.42,2.14,2009,5,13.620000000000001
2009-05-02,0.16,37.23,20.36,28.33,38.13,3.24,2009,5,16.869999999999997
2009-05-03,0.75,34.67,21.74,27.38,44.75,4.44,2009,5,12.930000000000003
2009-05-04,23.91,28.64,18.79,22.87,63.34,3.29,2009,5,9.850000000000001
2009-05-05,12.11,26.96,17.02,21.37,64.11,2.89,2009,5,9.940000000000001
2009-05-06,0.01,31.62,15.75,23.42,54.21,2.91,2009,5,15.870000000000001
2009-05-07,0.0,33.02,17.3,25.32,44.27,2.6,2009,5,15.720000000000002
2009-05-08,0.0,32.83,19.66,25.87,45.32,2.65,2009,5,13.169999999999998
2009-05-09,0.0,34.08,19.75,26.79,45.3,2.92,2009,5,14.329999999999998
2009-05-10,2.08,32.89,19.48,26.28,42.51,2.87,2009,5,13.41
2009-05-11,0.0,35.08,18.75,26.9,31.91,2.45,2009,5,16.33
2009-05-12,0.0,35.33,21.06,27.89,28.6,2.39,2009,5,14.27
2009-05-13,0.0,38.54,19.53,29.71,31.94,2.26,2009,5,19.009999999999998
2009-05-14,0.0,39.08,21.34,30.82,31.93,2.52,2009,5,17.74
2009-05-15,0.0,39.18,23.01,30.84,28.63,2.68,2009,5,16.169999999999998
2009-05-16,0.0,39.12,19.94,29.9,28.92,3.38,2009,5,19.179999999999996
2009-05-17,0.0,40.02,20.41,30.39,29.89,3.56,2009,5,19.610000000000003
2009-05-18,0.0,41.43,21.31,31.81,28.82,2.97,2009,5,20.12
2009-05-19,0.33,41.11,23.04,32.0,30.89,3.59,2009,5,18.07
2009-05-20,2.09,39.89,24.66,31.4,39.02,2.98,2009,5,15.23
2009-05-21,0.0,39.96,23.62,31.82,33.43,2.85,2009,5,16.34
2009-05-22,0.02,40.33,24.04,32.31,28.96,3.36,2009,5,16.29
2009-05-23,0.0,39.79,23.08,31.66,25.83,2.86,2009,5,16.71
2009-05-24,0.0,39.7,23.21,31.59,23.1,2.23,2009,5,16.490000000000002
2009-05-25,0.06,38.35,24.02,30.75,24.54,2.95,2009,5,14.330000000000002
2009-05-26,0.0,39.72,21.46,31.34,21.99,3.47,2009,5,18.259999999999998
2009-05-27,0.0,41.54,22.7,32.56,15.65,2.75,2009,5,18.84
2009-05-28,0.0,42.36,23.8,34.03,14.08,2.55,2009,5,18.56
2009-05-29,0.0,42.59,23.9,34.71,12.18,2.4,2009,5,18.690000000000005
2009-05-30,0.0,41.23,26.73,34.33,11.24,1.49,2009,5,14.499999999999996
2009-05-31,0.0,40.68,23.55,33.08,16.02,2.36,2009,5,17.13
2009-06-01,5.89,38.51,27.02,32.98,26.99,1.72,2009,6,11.489999999999998
2009-06-02,0.32,38.92,24.91,32.12,35.18,3.02,2009,6,14.010000000000002
2009-06-03,0.19,41.59,24.83,33.35,29.38,3.49,2009,6,16.760000000000005
2009-06-04,0.31,42.99,25.91,34.5,21.23,3.11,2009,6,17.080000000000002
2009-06-05,0.26,42.58,28.01,34.78,17.91,3.41,2009,6,14.569999999999997
2009-06-06,9.63,36.19,22.04,29.3,33.26,3.16,2009,6,14.149999999999999
2009-06-07,0.03,37.02,21.16,29.35,28.06,3.43,2009,6,15.860000000000003
2009-06-08,0.0,37.75,23.74,30.46,23.31,3.13,2009,6,14.010000000000002
2009-06-09,0.0,40.34,22.31,32.31,20.49,2.83,2009,6,18.030000000000005
2009-06-10,0.0,41.67,23.3,33.92,17.61,2.19,2009,6,18.37
2009-06-11,0.0,41.78,26.17,34.0,17.96,2.67,2009,6,15.61
2009-06-12,0.03,41.42,25.11,34.24,18.46,2.98,2009,6,16.310000000000002
2009-06-13,0.02,38.34,27.59,32.6,20.59,2.52,2009,6,10.750000000000004
2009-06-14,0.0,39.77,26.53,33.33,21.28,3.91,2009,6,13.240000000000002
2009-06-15,3.25,36.38,24.98,30.3,31.46,3.87,2009,6,11.400000000000002
2009-06-16,0.44,30.43,23.37,26.36,48.11,2.32,2009,6,7.059999999999999
2009-06-17,0.06,28.89,21.81,25.79,47.64,2.14,2009,6,7.080000000000002
2009-06-18,0.03,38.19,20.74,30.35,31.41,2.35,2009,6,17.45
2009-06-19,0.0,39.91,24.78,32.6,23.59,2.38,2009,6,15.129999999999995
2009-06-20,0.0,40.46,25.85,32.99,19.53,3.16,2009,6,14.61
2009-06-21,0.32,41.28,24.73,33.67,18.62,3.13,2009,6,16.55
2009-06-22,0.0,42.83,27.75,35.25,15.01,2.69,2009,6,15.079999999999998
2009-06-23,0.0,43.47,28.48,35.77,13.24,2.52,2009,6,14.989999999999998
2009-06-24,0.0,44.44,25.91,35.78,12.72,3.06,2009,6,18.529999999999998
2009-06-25,0.0,44.87,29.41,37.01,11.93,2.13,2009,6,15.459999999999997
2009-06-26,0.0,45.06,30.57,37.85,14.37,1.83,2009,6,14.490000000000002
2009-06-27,0.0,45.79,30.62,38.3,15.51,2.31,2009,6,15.169999999999998
2009-06-28,0.0,46.95,31.28,39.18,12.91,2.21,2009,6,15.670000000000002
2009-06-29,0.41,46.2,31.45,39.51,13.82,1.69,2009,6,14.750000000000004
2009-06-30,4.1,41.63,29.41,35.96,26.28,1.91,2009,6,12.220000000000002
2009-07-01,0.49,40.0,27.18,33.98,30.02,2.09,2009,7,12.82
2009-07-02,3.17,37.75,26.98,32.12,32.32,1.95,2009,7,10.77
2009-07-03,3.5,36.68,24.21,31.09,31.53,2.71,2009,7,12.469999999999999
2009-07-04,0.27,36.05,24.01,29.6,40.52,2.97,2009,7,12.039999999999996
2009-07-05,0.0,39.61,23.59,31.84,31.38,2.65,2009,7,16.02
2009-07-06,0.0,42.54,25.63,34.54,23.33,2.59,2009,7,16.91
2009-07-07,0.0,44.48,26.83,36.3,18.9,2.54,2009,7,17.65
2009-07-08,0.0,43.78,28.13,36.66,19.13,3.28,2009,7,15.650000000000002
2009-07-09,0.57,43.52,29.5,36.65,23.36,2.94,2009,7,14.020000000000003
2009-07-10,0.18,41.74,28.44,35.07,28.4,2.16,2009,7,13.3
2009-07-11,0.0,42.68,27.86,35.42,30.25,2.07,2009,7,14.82
2009-07-12,1.02,42.8,29.21,36.28,30.11,2.12,2009,7,13.589999999999996
2009-07-13,5.01,40.44,28.75,34.77,40.24,2.37,2009,7,11.689999999999998
2009-07-14,2.08,39.23,27.4,33.35,41.05,1.92,2009,7,11.829999999999998
2009-07-15,0.0,42.04,27.31,34.79,35.14,1.7,2009,7,14.73
2009-07-16,0.0,42.84,27.86,35.65,30.11,2.04,2009,7,14.980000000000004
2009-07-17,0.02,43.15,29.42,36.66,29.69,2.1,2009,7,13.729999999999997
2009-07-18,18.29,38.05,29.7,34.1,47.01,1.76,2009,7,8.349999999999998
2009-07-19,0.14,40.37,28.14,34.55,51.22,2.23,2009,7,12.229999999999997
2009-07-20,0.07,41.45,29.97,35.46,47.69,1.65,2009,7,11.480000000000004
2009-07-21,2.09,39.92,29.47,34.58,47.87,1.59,2009,7,10.450000000000003
2009-07-22,12.5,36.74,28.44,32.33,58.58,1.86,2009,7,8.3
2009-07-23,12.51,34.34,27.21,30.96,59.19,1.27,2009,7,7.130000000000003
2009-07-24,1.97,36.54,26.66,31.43,56.73,2.03,2009,7,9.879999999999999
2009-07-25,18.44,36.81,26.8,32.05,59.63,1.18,2009,7,10.010000000000002
2009-07-26,0.92,38.74,28.07,33.68,55.26,1.4,2009,7,10.670000000000002
2009-07-27,9.16,38.1,28.73,33.29,59.66,1.96,2009,7,9.370000000000001
2009-07-28,24.04,34.57,26.49,30.33,70.16,3.11,2009,7,8.080000000000002
2009-07-29,6.79,35.37,24.82,29.85,69.2,1.99,2009,7,10.549999999999997
2009-07-30,3.89,35.88,25.53,30.51,64.54,1.69,2009,7,10.350000000000001
2009-07-31,5.32,35.55,25.87,30.69,64.92,1.49,2009,7,9.679999999999996
2009-08-01,0.45,36.83,26.77,31.79,62.63,1.27,2009,8,10.059999999999999
2009-08-02,3.51,38.45,27.73,32.93,58.05,1.65,2009,8,10.720000000000002
2009-08-03,0.02,39.45,28.44,33.56,54.74,1.64,2009,8,11.010000000000002
2009-08-04,0.0,40.45,28.3,33.94,49.97,1.83,2009,8,12.150000000000002
2009-08-05,0.08,39.77,26.68,33.17,51.42,2.15,2009,8,13.090000000000003
2009-08-06,7.04,38.35,27.5,33.01,56.9,1.88,2009,8,10.850000000000001
2009-08-07,5.23,36.9,26.98,31.76,58.9,1.87,2009,8,9.919999999999998
2009-08-08,0.0,37.88,26.86,32.31,54.47,1.54,2009,8,11.020000000000003
2009-08-09,2.37,36.92,27.23,32.26,57.21,1.6,2009,8,9.690000000000001
2009-08-10,7.53,37.15,27.75,32.55,58.3,1.52,2009,8,9.399999999999999
2009-08-11,0.42,38.08,27.88,32.84,58.0,1.4,2009,8,10.2
2009-08-12,0.0,39.05,27.35,33.01,56.17,1.58,2009,8,11.699999999999996
2009-08-13,0.0,40.03,27.29,33.46,55.82,1.56,2009,8,12.740000000000002
2009-08-14,0.84,39.5,28.25,33.49,53.86,2.09,2009,8,11.25
2009-08-15,17.56,36.13,27.89,31.71,62.33,2.56,2009,8,8.240000000000002
2009-08-16,41.84,31.63,25.02,27.78,81.44,3.98,2009,8,6.609999999999999
2009-08-17,15.17,32.31,24.25,27.96,78.45,2.61,2009,8,8.060000000000002
2009-08-18,10.77,32.26,24.47,28.27,75.98,1.83,2009,8,7.789999999999999
2009-08-19,1.16,32.02,23.97,27.9,71.34,1.68,2009,8,8.050000000000004
2009-08-20,0.0,33.33,22.22,28.32,61.34,1.21,2009,8,11.11
2009-08-21,0.67,32.55,22.04,28.1,59.74,2.21,2009,8,10.509999999999998
2009-08-22,0.46,33.78,22.6,28.74,60.81,1.94,2009,8,11.18
2009-08-23,0.0,34.87,23.38,29.56,57.46,1.15,2009,8,11.489999999999998
2009-08-24,0.0,35.83,23.02,30.03,52.19,1.66,2009,8,12.809999999999999
2009-08-25,2.26,35.14,23.41,29.51,59.18,1.9,2009,8,11.73
2009-08-26,9.68,30.11,24.09,26.82,74.07,1.95,2009,8,6.02
2009-08-27,0.0,34.43,22.64,28.65,62.98,1.9,2009,8,11.79
2009-08-28,0.0,35.7,23.17,30.06,55.74,1.28,2009,8,12.530000000000001
2009-08-29,0.0,35.36,25.37,30.64,54.55,1.16,2009,8,9.989999999999998
2009-08-30,10.93,34.26,25.13,29.47,66.23,2.11,2009,8,9.129999999999999
2009-08-31,3.72,33.2,23.94,28.17,72.89,2.29,2009,8,9.260000000000002
2009-09-01,0.23,33.48,23.11,28.41,67.31,1.26,2009,9,10.369999999999997
2009-09-02,12.09,31.94,24.15,27.9,68.36,1.76,2009,9,7.790000000000003
2009-09-03,11.08,29.86,23.03,26.12,77.96,2.89,2009,9,6.829999999999998
2009-09-04,0.01,32.63,19.62,26.21,60.92,2.03,2009,9,13.010000000000002
2009-09-05,0.0,33.27,19.07,26.99,45.84,1.98,2009,9,14.200000000000003
2009-09-06,0.0,34.1,19.91,27.48,47.68,1.79,2009,9,14.190000000000001
2009-09-07,0.0,34.44,20.98,27.67,48.65,2.11,2009,9,13.459999999999997
2009-09-08,0.0,35.04,21.59,28.55,42.74,1.93,2009,9,13.45
2009-09-09,0.0,34.83,20.25,27.48,47.97,2.06,2009,9,14.579999999999998
2009-09-10,0.0,34.88,22.27,27.91,46.31,2.41,2009,9,12.610000000000003
2009-09-11,1.29,34.17,20.99,27.67,52.17,1.71,2009,9,13.180000000000003
2009-09-12,0.21,34.04,21.82,28.03,57.02,1.65,2009,9,12.219999999999999
2009-09-13,0.0,34.78,22.31,28.22,54.96,2.23,2009,9,12.470000000000002
2009-09-14,0.0,36.01,21.96,28.78,51.32,2.16,2009,9,14.049999999999997
2009-09-15,0.0,35.21,22.33,28.58,49.99,1.74,2009,9,12.880000000000003
2009-09-16,12.1,33.63,21.09,27.48,54.08,1.68,2009,9,12.540000000000003
2009-09-17,0.0,35.14,21.49,28.44,49.11,1.87,2009,9,13.650000000000002
2009-09-18,0.0,36.29,21.36,28.79,47.13,2.24,2009,9,14.93
2009-09-19,0.0,37.28,21.64,29.78,42.08,1.96,2009,9,15.64
2009-09-20,0.0,36.17,22.71,29.62,44.59,1.88,2009,9,13.46
2009-09-21,0.0,35.76,22.96,29.7,51.98,1.69,2009,9,12.799999999999997
2009-09-22,0.0,36.4,25.4,30.59,53.96,1.56,2009,9,11.0
2009-09-23,0.0,37.65,24.34,30.86,45.36,1.63,2009,9,13.309999999999999
2009-09-24,0.0,37.06,22.93,30.05,45.32,2.16,2009,9,14.130000000000003
2009-09-25,0.0,37.93,23.48,29.93,48.38,2.52,2009,9,14.45
2009-09-26,0.0,34.93,22.79,28.61,55.03,2.72,2009,9,12.14
2009-09-27,0.03,35.24,22.62,29.04,52.24,1.86,2009,9,12.620000000000001
2009-09-28,0.0,36.83,23.14,29.39,48.24,2.14,2009,9,13.689999999999998
2009-09-29,0.0,37.42,21.99,29.92,38.38,1.56,2009,9,15.430000000000003
2009-09-30,0.0,37.1,21.14,28.86,41.03,2.02,2009,9,15.96
2009-10-01,0.0,36.0,21.04,28.81,41.78,1.91,2009,10,14.96
2009-10-02,0.0,36.16,22.09,29.22,44.08,1.78,2009,10,14.069999999999997
2009-10-03,0.19,35.61,22.44,28.84,47.65,1.65,2009,10,13.169999999999998
2009-10-04,8.84,30.97,20.93,25.58,61.38,2.25,2009,10,10.04
2009-10-05,0.02,32.03,19.33,25.65,53.47,1.83,2009,10,12.700000000000003
2009-10-06,0.0,32.56,20.46,25.5,52.84,2.44,2009,10,12.100000000000001
2009-10-07,0.0,33.22,18.94,25.52,45.32,2.43,2009,10,14.279999999999998
2009-10-08,0.08,33.27,18.36,25.86,39.1,2.07,2009,10,14.910000000000004
2009-10-09,0.03,31.86,20.36,25.17,35.96,1.68,2009,10,11.5
2009-10-10,0.0,32.6,16.84,23.88,37.63,2.65,2009,10,15.760000000000002
2009-10-11,0.0,32.9,15.87,24.1,31.46,2.87,2009,10,17.03
2009-10-12,0.0,32.92,16.89,24.53,29.25,2.56,2009,10,16.03
2009-10-13,0.0,32.95,17.18,24.61,28.68,2.45,2009,10,15.770000000000003
2009-10-14,0.05,32.51,16.72,23.92,30.16,2.51,2009,10,15.79
2009-10-15,0.04,32.64,18.5,24.25,29.72,2.1,2009,10,14.14
2009-10-16,0.0,32.3,18.29,24.06,27.37,2.43,2009,10,14.009999999999998
2009-10-17,0.0,31.87,17.41,24.14,25.28,2.57,2009,10,14.46
2009-10-18,0.0,31.33,15.75,22.98,27.39,2.34,2009,10,15.579999999999998
2009-10-19,0.0,31.01,15.63,22.79,28.58,2.75,2009,10,15.38
2009-10-20,0.0,31.05,16.25,23.32,22.73,2.25,2009,10,14.8
2009-10-21,0.0,30.53,17.08,22.77,20.54,2.02,2009,10,13.450000000000003
2009-10-22,0.0,30.92,14.71,21.89,20.04,2.35,2009,10,16.21
2009-10-23,0.0,30.23,15.07,21.66,17.93,2.52,2009,10,15.16
2009-10-24,0.0,29.79,15.98,21.61,14.27,2.31,2009,10,13.809999999999999
2009-10-25,0.0,29.66,13.35,20.68,13.93,2.53,2009,10,16.310000000000002
2009-10-26,0.0,30.11,12.2,20.39,14.74,2.97,2009,10,17.91
2009-10-27,0.0,29.9,13.96,21.3,13.89,2.46,2009,10,15.939999999999998
2009-10-28,0.0,27.04,15.43,20.32,17.84,2.32,2009,10,11.61
2009-10-29,0.0,29.59,14.76,20.97,29.14,3.52,2009,10,14.83
2009-10-30,0.0,30.66,14.15,21.07,24.51,3.59,2009,10,16.509999999999998
2009-10-31,0.0,31.79,15.97,23.13,19.39,2.24,2009,10,15.819999999999999
2009-11-01,0.02,30.67,14.86,22.23,23.34,2.52,2009,11,15.810000000000002
2009-11-02,0.0,30.87,15.42,22.16,24.15,2.5,2009,11,15.450000000000001
2009-11-03,0.0,26.14,17.16,21.19,31.67,1.93,2009,11,8.98
2009-11-04,0.0,30.51,16.07,22.67,28.08,2.02,2009,11,14.440000000000001
2009-11-05,0.0,29.59,16.46,22.79,25.46,1.67,2009,11,13.129999999999999
2009-11-06,0.02,29.54,16.71,22.3,26.73,1.8,2009,11,12.829999999999998
2009-11-07,0.0,28.36,16.25,21.51,27.92,2.12,2009,11,12.11
2009-11-08,0.71,25.55,15.78,19.24,33.69,2.27,2009,11,9.770000000000001
2009-11-09,2.15,22.73,13.0,17.01,47.82,3.59,2009,11,9.73
2009-11-10,6.66,21.94,9.89,14.59,48.11,3.67,2009,11,12.05
2009-11-11,0.0,26.85,6.5,15.15,30.74,3.58,2009,11,20.35
2009-11-12,0.0,27.61,8.67,17.02,25.71,2.88,2009,11,18.939999999999998
2009-11-13,0.0,26.29,11.37,17.54,32.98,2.55,2009,11,14.92
2009-11-14,0.0,26.18,12.16,17.5,39.28,2.71,2009,11,14.02
2009-11-15,0.0,25.02,10.7,17.0,38.33,2.16,2009,11,14.32
2009-11-16,0.01,24.49,12.28,17.61,33.14,1.63,2009,11,12.209999999999999
2009-11-17,0.0,23.49,11.78,16.19,36.34,2.04,2009,11,11.709999999999999
2009-11-18,0.0,22.63,10.29,14.88,32.0,3.4,2009,11,12.34
2009-11-19,0.0,23.93,7.58,14.06,23.99,3.83,2009,11,16.35
2009-11-20,0.0,24.66,6.7,15.01,17.02,2.56,2009,11,17.96
2009-11-21,0.0,25.65,10.23,16.37,18.03,2.38,2009,11,15.419999999999998
2009-11-22,0.0,24.57,9.43,15.54,23.44,2.31,2009,11,15.14
2009-11-23,0.0,23.34,9.56,15.25,24.71,1.98,2009,11,13.78
2009-11-24,0.11,24.55,10.69,15.87,30.59,2.43,2009,11,13.860000000000001
2009-11-25,1.38,21.51,10.72,14.69,42.14,2.68,2009,11,10.790000000000001
2009-11-26,0.06,22.47,8.44,13.7,39.76,3.47,2009,11,14.03
2009-11-27,0.0,22.99,9.22,14.49,23.94,2.2,2009,11,13.769999999999998
2009-11-28,0.0,24.89,11.74,17.03,20.79,2.18,2009,11,13.15
2009-11-29,0.0,26.29,10.94,16.86,26.68,3.01,2009,11,15.35
2009-11-30,0.0,26.03,13.34,18.73,22.34,1.65,2009,11,12.690000000000001
2009-12-01,0.0,25.79,12.38,17.64,25.72,2.13,2009,12,13.409999999999998
2009-12-02,0.0,26.6,12.5,17.37,31.7,2.69,2009,12,14.100000000000001
2009-12-03,0.0,23.06,12.84,17.06,29.57,1.89,2009,12,10.219999999999999
2009-12-04,0.0,23.74,9.79,16.16,31.65,2.44,2009,12,13.95
2009-12-05,1.06,21.82,9.54,14.77,39.54,3.55,2009,12,12.280000000000001
2009-12-06,0.67,20.97,9.4,13.32,46.02,2.17,2009,12,11.569999999999999
2009-12-07,0.0,21.92,7.66,13.16,33.32,2.14,2009,12,14.260000000000002
2009-12-08,0.0,21.28,8.62,13.87,23.77,1.92,2009,12,12.660000000000002
2009-12-09,0.77,19.0,10.69,14.17,29.52,1.85,2009,12,8.31
2009-12-10,0.45,19.3,9.02,13.34,52.68,2.68,2009,12,10.280000000000001
2009-12-11,0.0,20.93,7.68,12.9,52.81,2.85,2009,12,13.25
2009-12-12,0.0,18.83,9.72,13.73,35.58,1.54,2009,12,9.109999999999998
2009-12-13,0.0,21.72,7.52,13.19,40.38,2.46,2009,12,14.2
2009-12-14,0.0,20.69,7.54,13.1,34.78,2.05,2009,12,13.150000000000002
2009-12-15,0.0,22.28,10.21,14.79,36.02,2.23,2009,12,12.07
2009-12-16,0.0,21.69,8.49,13.26,37.79,2.56,2009,12,13.200000000000001
2009-12-17,0.03,21.95,7.93,13.69,32.54,2.38,2009,12,14.02
2009-12-18,0.01,23.03,8.62,13.89,24.83,2.68,2009,12,14.410000000000002
2009-12-19,0.0,22.19,6.17,13.39,21.98,2.34,2009,12,16.020000000000003
2009-12-20,0.0,17.34,6.99,12.32,28.69,1.6,2009,12,10.35
2009-12-21,0.0,20.08,6.75,11.66,39.16,2.87,2009,12,13.329999999999998
2009-12-22,0.0,21.27,6.76,12.58,25.64,2.44,2009,12,14.51
2009-12-23,0.0,21.15,9.7,13.4,20.47,2.38,2009,12,11.45
2009-12-24,0.0,21.75,7.32,12.19,19.23,2.67,2009,12,14.43
2009-12-25,0.0,21.6,6.68,12.51,16.01,2.65,2009,12,14.920000000000002
2009-12-26,0.0,20.63,8.86,13.25,16.22,1.97,2009,12,11.77
2009-12-27,0.0,16.94,8.55,11.95,20.06,1.69,2009,12,8.39
2009-12-28,0.0,20.01,7.04,12.11,20.24,1.94,2009,12,12.970000000000002
2009-12-29,0.0,20.84,6.38,12.49,21.42,2.42,2009,12,14.46
2009-12-30,0.0,21.16,8.91,13.2,25.45,2.3,2009,12,12.25
2009-12-31,0.0,20.25,7.15,12.48,25.53,2.49,2009,12,13.1
2010-01-01,0.0,21.16,8.41,13.13,18.49,2.28,2010,1,12.75
2010-01-02,0.0,20.96,7.28,12.42,21.32,2.15,2010,1,13.68
2010-01-03,0.28,13.78,5.86,10.34,37.74,1.39,2010,1,7.919999999999999
2010-01-04,0.0,17.94,3.55,9.19,48.65,3.87,2010,1,14.39
2010-01-05,0.0,22.52,4.97,12.24,25.97,3.24,2010,1,17.55
2010-01-06,0.0,23.27,7.62,14.09,16.09,2.31,2010,1,15.649999999999999
2010-01-07,0.0,20.93,7.77,12.88,17.68,1.82,2010,1,13.16
2010-01-08,0.0,20.31,7.39,12.02,17.52,1.63,2010,1,12.919999999999998
2010-01-09,0.0,20.72,7.82,12.3,17.23,2.33,2010,1,12.899999999999999
2010-01-10,0.0,21.8,7.9,12.52,17.24,2.64,2010,1,13.9
2010-01-11,0.0,21.43,7.81,12.29,13.85,2.5,2010,1,13.620000000000001
2010-01-12,0.0,20.46,7.33,11.98,13.26,1.84,2010,1,13.13
2010-01-13,0.0,19.62,6.71,12.01,13.59,2.24,2010,1,12.91
2010-01-14,0.0,19.38,5.25,10.33,15.75,3.19,2010,1,14.129999999999999
2010-01-15,0.0,22.52,7.34,13.44,13.31,2.45,2010,1,15.18
2010-01-16,0.0,23.4,8.26,14.21,14.26,2.64,2010,1,15.139999999999999
2010-01-17,0.0,23.32,9.66,15.05,15.21,2.04,2010,1,13.66
2010-01-18,0.0,21.69,8.97,14.28,15.81,1.77,2010,1,12.72
2010-01-19,0.0,21.76,7.49,13.37,17.48,2.23,2010,1,14.270000000000001
2010-01-20,0.0,23.3,9.22,14.86,17.19,1.82,2010,1,14.08
2010-01-21,0.0,23.77,9.97,15.15,18.91,2.44,2010,1,13.799999999999999
2010-01-22,0.37,22.73,8.39,14.94,24.7,2.01,2010,1,14.34
2010-01-23,0.0,23.08,7.84,14.45,31.16,2.51,2010,1,15.239999999999998
2010-01-24,0.0,23.08,9.36,15.35,27.49,1.91,2010,1,13.719999999999999
2010-01-25,0.0,23.43,10.48,15.18,28.15,2.54,2010,1,12.95
2010-01-26,0.0,24.02,9.02,16.01,23.27,1.88,2010,1,15.0
2010-01-27,0.29,23.33,10.52,16.5,21.71,1.84,2010,1,12.809999999999999
2010-01-28,8.29,20.74,8.05,13.86,30.27,2.63,2010,1,12.689999999999998
2010-01-29,43.9,17.39,7.18,11.65,71.06,3.4,2010,1,10.21
2010-01-30,0.0,20.4,5.61,11.21,51.36,3.33,2010,1,14.79
2010-01-31,0.0,20.11,7.7,13.12,35.82,1.73,2010,1,12.41
2010-02-01,0.0,19.57,7.16,12.19,42.46,2.03,2010,2,12.41
2010-02-02,0.0,19.74,6.58,11.87,43.03,2.47,2010,2,13.159999999999998
2010-02-03,0.0,19.3,7.06,11.49,42.49,2.71,2010,2,12.240000000000002
2010-02-04,0.0,21.2,7.59,13.21,44.46,2.87,2010,2,13.61
2010-02-05,8.19,20.6,9.49,12.74,62.29,2.88,2010,2,11.110000000000001
2010-02-06,1.39,18.34,9.77,12.96,74.91,2.84,2010,2,8.57
2010-02-07,8.83,16.22,10.51,12.37,82.89,4.09,2010,2,5.709999999999999
2010-02-08,57.55,14.99,11.13,12.38,90.31,7.33,2010,2,3.8599999999999994
2010-02-09,6.85,14.91,5.64,10.02,69.29,3.33,2010,2,9.27
2010-02-10,1.18,16.7,0.86,8.39,55.38,2.56,2010,2,15.84
2010-02-11,0.0,15.15,3.45,9.75,58.02,1.9,2010,2,11.7
2010-02-12,0.04,18.0,8.44,12.81,60.54,1.95,2010,2,9.56
2010-02-13,0.01,18.17,6.43,11.95,58.24,2.32,2010,2,11.740000000000002
2010-02-14,1.56,18.03,6.97,11.72,56.49,2.0,2010,2,11.060000000000002
2010-02-15,13.14,16.59,7.0,11.0,67.72,4.18,2010,2,9.59
2010-02-16,0.15,16.15,4.41,9.74,61.58,2.47,2010,2,11.739999999999998
2010-02-17,0.02,19.2,4.42,10.55,57.58,3.56,2010,2,14.78
2010-02-18,0.0,19.8,2.8,10.65,47.7,3.36,2010,2,17.0
2010-02-19,0.0,21.69,6.3,12.99,47.66,2.92,2010,2,15.39
2010-02-20,0.0,22.99,6.09,13.69,51.8,3.36,2010,2,16.9
2010-02-21,0.0,25.29,8.95,16.7,50.24,2.84,2010,2,16.34
2010-02-22,0.0,22.03,10.7,15.81,56.54,2.62,2010,2,11.330000000000002
2010-02-23,0.12,22.74,10.45,16.58,54.39,1.94,2010,2,12.29
2010-02-24,4.67,22.58,10.33,15.51,66.07,2.5,2010,2,12.249999999999998
2010-02-25,8.58,19.38,10.4,14.5,69.98,2.4,2010,2,8.979999999999999
2010-02-26,3.77,21.38,10.81,15.77,71.16,2.42,2010,2,10.569999999999999
2010-02-27,0.13,23.29,11.07,16.75,70.71,2.44,2010,2,12.219999999999999
2010-02-28,7.67,25.11,12.05,17.62,68.39,2.91,2010,2,13.059999999999999
2010-03-01,6.85,22.58,13.27,17.41,75.37,3.58,2010,3,9.309999999999999
2010-03-02,0.0,24.1,10.08,16.15,60.41,3.85,2010,3,14.020000000000001
2010-03-03,1.65,20.72,11.22,15.04,63.36,3.12,2010,3,9.499999999999998
2010-03-04,0.42,19.82,8.86,14.56,71.25,2.73,2010,3,10.96
2010-03-05,0.0,22.82,9.68,15.52,62.94,2.93,2010,3,13.14
2010-03-06,4.04,18.55,8.16,12.46,68.29,2.74,2010,3,10.39
2010-03-07,0.02,22.35,9.45,15.25,65.91,2.13,2010,3,12.900000000000002
2010-03-08,0.0,24.81,12.15,17.7,55.48,2.57,2010,3,12.659999999999998
2010-03-09,0.0,25.22,10.05,17.27,50.81,2.89,2010,3,15.169999999999998
2010-03-10,0.64,26.91,10.31,18.35,48.65,2.61,2010,3,16.6
2010-03-11,0.0,27.13,11.97,19.59,47.45,2.5,2010,3,15.159999999999998
2010-03-12,0.0,27.51,13.03,19.96,49.82,2.66,2010,3,14.480000000000002
2010-03-13,0.0,28.4,13.05,20.19,52.23,2.72,2010,3,15.349999999999998
2010-03-14,0.0,28.67,13.58,20.86,48.81,2.98,2010,3,15.090000000000002
2010-03-15,0.0,30.98,15.55,22.83,40.13,2.36,2010,3,15.43
2010-03-16,0.0,31.6,14.41,22.7,43.51,2.58,2010,3,17.19
2010-03-17,0.0,31.09,14.27,22.35,47.17,2.63,2010,3,16.82
2010-03-18,0.0,31.36,15.34,23.1,48.18,2.63,2010,3,16.02
2010-03-19,0.0,32.68,17.04,24.48,46.36,2.38,2010,3,15.64
2010-03-20,0.0,33.3,16.85,24.85,46.62,2.48,2010,3,16.449999999999996
2010-03-21,0.01,33.68,18.73,25.61,43.9,2.69,2010,3,14.95
2010-03-22,0.55,33.27,17.81,24.36,44.38,3.67,2010,3,15.460000000000004
2010-03-23,0.07,33.14,17.57,24.59,39.1,3.42,2010,3,15.57
2010-03-24,0.0,33.31,18.52,25.14,35.39,2.05,2010,3,14.790000000000003
2010-03-25,0.0,33.66,17.93,25.64,36.94,1.93,2010,3,15.729999999999997
2010-03-26,0.0,33.17,16.46,24.36,41.15,3.72,2010,3,16.71
2010-03-27,7.51,31.71,15.64,23.04,46.65,3.07,2010,3,16.07
2010-03-28,0.0,32.7,17.06,24.58,42.2,2.97,2010,3,15.640000000000004
2010-03-29,14.49,33.41,18.12,25.78,39.31,2.27,2010,3,15.289999999999996
2010-03-30,3.06,30.64,17.98,24.31,42.53,2.59,2010,3,12.66
2010-03-31,0.08,31.44,17.36,23.23,43.55,2.83,2010,3,14.080000000000002
2010-04-01,0.0,30.79,16.61,22.96,36.47,2.47,2010,4,14.18
2010-04-02,0.21,31.09,14.24,22.39,41.98,2.79,2010,4,16.85
2010-04-03,1.44,30.55,16.01,23.44,42.66,2.34,2010,4,14.54
2010-04-04,0.17,32.19,16.21,24.15,45.48,2.58,2010,4,15.979999999999997
2010-04-05,0.02,31.94,17.19,24.03,38.74,3.11,2010,4,14.75
2010-04-06,0.0,33.26,15.45,24.51,32.99,3.48,2010,4,17.81
2010-04-07,0.0,34.97,18.19,25.96,31.18,2.49,2010,4,16.779999999999998
2010-04-08,0.0,35.46,17.94,26.52,33.56,2.74,2010,4,17.52
2010-04-09,0.0,35.3,19.23,26.71,38.69,3.43,2010,4,16.069999999999997
2010-04-10,0.0,35.35,20.85,28.07,35.47,2.25,2010,4,14.5
2010-04-11,0.62,36.29,21.17,27.46,40.09,4.45,2010,4,15.119999999999997
2010-04-12,0.06,34.29,20.55,26.83,41.9,3.81,2010,4,13.739999999999998
2010-04-13,0.07,35.44,17.8,26.27,38.91,3.5,2010,4,17.639999999999997
2010-04-14,0.0,37.32,18.2,27.76,31.78,3.23,2010,4,19.12
2010-04-15,0.0,38.81,19.48,28.85,30.54,2.75,2010,4,19.330000000000002
2010-04-16,0.0,38.21,22.05,29.88,34.27,2.47,2010,4,16.16
2010-04-17,0.0,39.44,22.94,30.61,35.21,3.14,2010,4,16.499999999999996
2010-04-18,4.03,37.3,24.33,29.93,41.72,4.38,2010,4,12.969999999999999
2010-04-19,5.15,36.64,23.07,29.19,44.31,2.42,2010,4,13.57
2010-04-20,0.84,37.21,22.35,29.23,37.43,2.49,2010,4,14.86
2010-04-21,4.34,33.44,19.54,26.27,41.99,2.75,2010,4,13.899999999999999
2010-04-22,0.41,32.46,16.63,24.14,40.76,3.26,2010,4,15.830000000000002
2010-04-23,0.01,32.9,18.15,25.2,36.26,3.07,2010,4,14.75
2010-04-24,0.0,34.61,18.38,26.71,30.61,2.49,2010,4,16.23
2010-04-25,0.0,36.81,18.36,27.58,29.16,3.22,2010,4,18.450000000000003
2010-04-26,0.0,37.97,19.41,28.78,28.89,2.93,2010,4,18.56
2010-04-27,0.55,36.53,22.78,29.54,38.1,2.77,2010,4,13.75
2010-04-28,20.05,35.4,20.83,28.27,46.0,3.1,2010,4,14.57
2010-04-29,0.02,36.73,21.57,29.66,37.88,1.71,2010,4,15.159999999999997
2010-04-30,0.16,36.04,21.17,28.15,41.02,3.65,2010,4,14.869999999999997
2010-05-01,1.24,36.26,22.11,28.38,45.62,2.73,2010,5,14.149999999999999
2010-05-02,0.0,38.38,20.51,29.5,34.68,2.88,2010,5,17.87
2010-05-03,0.0,39.76,20.95,30.85,31.68,2.87,2010,5,18.81
2010-05-04,0.42,38.57,24.7,30.93,34.51,2.86,2010,5,13.870000000000001
2010-05-05,5.26,29.26,21.19,25.09,60.42,3.29,2010,5,8.07
2010-05-06,0.35,33.08,19.89,27.03,52.55,1.96,2010,5,13.189999999999998
2010-05-07,12.59,31.63,22.27,26.28,57.18,1.62,2010,5,9.36
2010-05-08,4.66,32.84,22.23,27.47,47.21,1.77,2010,5,10.610000000000003
2010-05-09,0.01,35.6,20.18,28.45,41.73,2.56,2010,5,15.420000000000002
2010-05-10,2.72,36.25,20.78,28.62,42.29,2.58,2010,5,15.469999999999999
2010-05-11,0.0,36.05,23.19,29.37,36.13,2.17,2010,5,12.859999999999996
2010-05-12,1.36,37.53,24.05,30.19,30.93,2.19,2010,5,13.48
2010-05-13,2.62,35.13,21.97,27.91,38.86,3.58,2010,5,13.160000000000004
2010-05-14,0.1,37.09,21.99,29.68,32.44,2.23,2010,5,15.100000000000005
2010-05-15,0.01,38.64,21.76,30.25,28.55,2.01,2010,5,16.88
2010-05-16,0.0,40.53,22.0,31.99,25.5,2.79,2010,5,18.53
2010-05-17,0.81,36.22,25.85,30.28,33.17,3.97,2010,5,10.369999999999997
2010-05-18,0.65,38.0,23.96,30.72,34.41,2.26,2010,5,14.04
2010-05-19,0.29,37.07,23.74,29.76,27.79,2.91,2010,5,13.330000000000002
2010-05-20,0.0,39.48,23.05,30.75,19.19,2.96,2010,5,16.429999999999996
2010-05-21,0.0,42.68,22.45,33.08,16.28,2.38,2010,5,20.23
2010-05-22,0.02,43.58,24.45,34.34,16.25,4.04,2010,5,19.13
2010-05-23,0.51,42.21,27.15,34.03,20.67,3.85,2010,5,15.060000000000002
2010-05-24,0.0,43.2,26.27,34.35,15.21,4.18,2010,5,16.930000000000003
2010-05-25,0.0,44.29,26.27,34.91,8.93,3.87,2010,5,18.02
2010-05-26,0.0,45.33,25.1,36.1,10.05,4.49,2010,5,20.229999999999997
2010-05-27,0.45,46.16,27.87,37.06,10.72,4.69,2010,5,18.289999999999996
2010-05-28,5.08,40.55,25.6,33.01,22.25,3.53,2010,5,14.949999999999996
2010-05-29,0.28,38.67,23.24,31.08,23.82,2.36,2010,5,15.430000000000003
2010-05-30,0.86,39.73,23.38,31.93,19.29,2.78,2010,5,16.349999999999998
2010-05-31,0.0,42.62,23.35,34.25,14.17,2.29,2010,5,19.269999999999996
2010-06-01,0.0,43.04,24.55,34.62,14.22,2.26,2010,6,18.49
2010-06-02,0.01,42.33,27.49,35.22,16.42,2.23,2010,6,14.84
2010-06-03,2.26,41.27,26.09,33.77,25.57,3.94,2010,6,15.180000000000003
2010-06-04,8.65,37.2,22.08,28.91,46.18,4.29,2010,6,15.120000000000005
2010-06-05,0.17,35.37,21.33,28.4,37.74,2.31,2010,6,14.04
2010-06-06,0.06,37.77,20.34,29.93,26.92,1.97,2010,6,17.430000000000003
2010-06-07,0.27,37.86,22.49,30.27,27.04,2.5,2010,6,15.370000000000001
2010-06-08,7.1,35.61,21.87,28.95,45.04,2.3,2010,6,13.739999999999998
2010-06-09,1.07,34.56,23.35,28.28,45.91,2.47,2010,6,11.21
2010-06-10,0.23,37.61,21.31,29.91,37.1,1.96,2010,6,16.3
2010-06-11,0.06,40.15,24.34,32.57,31.03,2.42,2010,6,15.809999999999999
2010-06-12,1.22,41.15,26.72,33.63,29.94,2.65,2010,6,14.43
2010-06-13,0.76,40.63,25.85,33.89,25.74,2.64,2010,6,14.780000000000001
2010-06-14,0.05,40.06,26.22,33.81,23.36,2.41,2010,6,13.840000000000003
2010-06-15,0.08,36.49,28.01,32.2,25.56,1.3,2010,6,8.48
2010-06-16,2.78,36.81,25.22,31.18,33.13,2.22,2010,6,11.590000000000003
2010-06-17,0.01,37.95,25.7,31.1,32.82,2.38,2010,6,12.250000000000004
2010-06-18,0.0,41.69,24.7,33.39,26.0,3.14,2010,6,16.99
2010-06-19,0.0,44.06,26.42,35.72,21.0,3.01,2010,6,17.64
2010-06-20,0.0,45.67,27.44,37.76,17.3,2.97,2010,6,18.23
2010-06-21,0.0,46.5,30.13,38.89,15.05,2.34,2010,6,16.37
2010-06-22,0.03,45.52,29.42,38.09,15.41,1.88,2010,6,16.1
2010-06-23,0.0,44.09,29.7,37.6,16.94,2.3,2010,6,14.390000000000004
2010-06-24,16.68,39.65,28.59,34.23,35.94,1.44,2010,6,11.059999999999999
2010-06-25,4.65,36.75,26.71,31.62,48.34,2.08,2010,6,10.04
2010-06-26,0.0,40.28,25.44,33.53,43.36,2.4,2010,6,14.84
2010-06-27,0.11,42.21,27.38,34.88,36.51,2.37,2010,6,14.830000000000002
2010-06-28,4.71,41.08,25.16,33.26,43.92,2.96,2010,6,15.919999999999998
2010-06-29,1.32,40.12,26.25,33.46,41.44,2.61,2010,6,13.869999999999997
2010-06-30,1.15,38.51,26.5,32.86,41.85,2.2,2010,6,12.009999999999998
2010-07-01,0.09,41.07,27.21,34.03,36.37,1.72,2010,7,13.86
2010-07-02,7.0,37.97,24.43,31.77,42.75,2.11,2010,7,13.54
2010-07-03,0.33,40.5,25.79,33.56,42.55,1.88,2010,7,14.71
2010-07-04,3.91,39.14,26.23,33.39,44.71,1.78,2010,7,12.91
2010-07-05,2.33,37.1,26.89,31.75,51.05,1.88,2010,7,10.21
2010-07-06,6.35,37.67,25.12,31.21,55.58,2.19,2010,7,12.55
2010-07-07,0.0,39.13,24.54,32.02,51.3,1.6,2010,7,14.590000000000003
2010-07-08,0.0,40.28,27.05,33.8,40.59,1.32,2010,7,13.23
2010-07-09,0.12,42.56,28.27,35.52,37.1,2.06,2010,7,14.290000000000003
2010-07-10,5.55,42.11,30.07,35.56,37.77,1.77,2010,7,12.04
2010-07-11,7.04,40.31,28.35,34.39,45.77,2.61,2010,7,11.96
2010-07-12,14.03,37.9,27.88,32.72,53.77,1.68,2010,7,10.02
2010-07-13,0.08,35.72,26.0,30.59,53.97,1.94,2010,7,9.719999999999999
2010-07-14,0.0,37.36,24.77,31.53,52.57,1.71,2010,7,12.59
2010-07-15,0.0,40.36,26.75,34.3,41.16,1.42,2010,7,13.61
2010-07-16,0.0,42.39,28.11,35.42,39.15,1.47,2010,7,14.280000000000001
2010-07-17,0.0,41.63,28.49,35.25,36.14,1.92,2010,7,13.140000000000004
2010-07-18,1.17,41.85,29.09,36.03,42.24,1.97,2010,7,12.760000000000002
2010-07-19,25.07,38.53,29.16,33.99,52.77,2.11,2010,7,9.370000000000001
2010-07-20,47.35,33.57,26.63,29.61,74.71,3.33,2010,7,6.940000000000001
2010-07-21,20.03,30.59,24.09,27.0,79.83,5.14,2010,7,6.5
2010-07-22,13.84,28.47,22.53,24.81,84.61,5.65,2010,7,5.939999999999998
2010-07-23,0.05,34.34,22.52,28.7,65.1,2.0,2010,7,11.820000000000004
2010-07-24,0.0,36.52,25.05,30.92,60.05,1.49,2010,7,11.470000000000002
2010-07-25,0.01,37.16,25.13,31.18,63.01,1.98,2010,7,12.029999999999998
2010-07-26,5.9,35.99,25.97,30.8,67.34,2.43,2010,7,10.020000000000003
2010-07-27,31.85,31.19,24.33,27.21,81.6,6.16,2010,7,6.860000000000003
2010-07-28,14.64,30.88,23.51,26.6,78.67,4.06,2010,7,7.369999999999997
2010-07-29,86.32,28.98,24.06,26.04,90.18,3.95,2010,7,4.920000000000002
2010-07-30,5.12,32.01,24.66,27.88,78.61,2.01,2010,7,7.349999999999998
2010-07-31,3.71,34.35,25.64,30.47,65.91,1.69,2010,7,8.71
2010-08-01,6.26,32.37,24.95,28.65,79.03,1.84,2010,8,7.419999999999998
2010-08-02,5.83,29.01,24.97,26.63,88.17,2.99,2010,8,4.040000000000003
2010-08-03,5.19,31.31,24.88,28.18,80.89,1.69,2010,8,6.43
2010-08-04,2.55,30.96,24.5,26.94,79.64,2.64,2010,8,6.460000000000001
2010-08-05,0.82,32.77,24.24,28.49,76.76,1.6,2010,8,8.530000000000005
2010-08-06,15.01,29.25,24.35,26.67,88.5,3.59,2010,8,4.899999999999999
2010-08-07,20.19,29.86,24.29,26.79,85.73,2.45,2010,8,5.57
2010-08-08,4.68,31.18,24.52,27.87,79.41,1.69,2010,8,6.66
2010-08-09,0.29,31.42,24.88,28.1,79.1,1.94,2010,8,6.540000000000003
2010-08-10,6.79,33.11,25.22,29.58,73.19,1.95,2010,8,7.890000000000001
2010-08-11,2.13,33.32,26.44,29.91,74.86,2.05,2010,8,6.879999999999999
2010-08-12,2.51,33.17,25.96,29.86,74.38,1.85,2010,8,7.210000000000001
2010-08-13,1.1,30.82,25.33,28.08,80.62,2.45,2010,8,5.490000000000002
2010-08-14,1.86,31.86,24.43,28.15,80.05,2.06,2010,8,7.43
2010-08-15,3.08,31.66,24.59,28.02,82.5,2.35,2010,8,7.07
2010-08-16,1.05,32.18,25.06,28.65,78.17,1.67,2010,8,7.120000000000001
2010-08-17,2.58,32.45,25.59,29.22,75.94,1.42,2010,8,6.860000000000003
2010-08-18,4.86,32.76,26.24,29.73,74.78,1.35,2010,8,6.52
2010-08-19,4.85,33.21,25.94,29.89,77.35,1.59,2010,8,7.27
2010-08-20,8.78,33.24,25.81,29.56,80.49,1.81,2010,8,7.430000000000003
2010-08-21,4.7,33.14,25.96,29.81,76.53,1.31,2010,8,7.18
2010-08-22,7.58,33.28,26.7,29.82,78.72,1.75,2010,8,6.580000000000002
2010-08-23,14.81,32.44,25.29,28.76,83.73,2.13,2010,8,7.149999999999999
2010-08-24,25.48,32.23,24.87,28.49,80.33,1.54,2010,8,7.359999999999996
2010-08-25,23.33,26.24,22.71,24.24,82.47,3.94,2010,8,3.5299999999999976
2010-08-26,0.02,30.05,21.28,25.26,72.84,2.29,2010,8,8.77
2010-08-27,0.08,30.87,20.96,26.28,63.45,2.18,2010,8,9.91
2010-08-28,0.0,32.43,22.23,27.8,60.08,1.92,2010,8,10.2
2010-08-29,0.0,32.03,22.98,27.75,64.92,2.11,2010,8,9.05
2010-08-30,0.0,31.76,22.71,27.75,71.51,1.76,2010,8,9.05
2010-08-31,0.25,32.09,24.52,28.52,71.91,1.44,2010,8,7.570000000000004
2010-09-01,0.71,31.83,23.51,28.09,76.64,1.62,2010,9,8.319999999999997
2010-09-02,2.81,32.7,25.75,29.34,71.85,1.43,2010,9,6.950000000000003
2010-09-03,8.31,32.05,24.42,28.41,75.11,1.53,2010,9,7.6299999999999955
2010-09-04,11.37,31.56,24.17,27.6,80.0,2.66,2010,9,7.389999999999997
2010-09-05,0.26,31.25,23.7,27.64,77.32,1.71,2010,9,7.550000000000001
2010-09-06,0.11,31.14,23.39,27.61,77.93,1.52,2010,9,7.75
2010-09-07,1.84,32.51,23.69,28.31,73.26,1.58,2010,9,8.819999999999997
2010-09-08,5.51,30.93,23.39,27.16,75.56,1.68,2010,9,7.539999999999999
2010-09-09,2.75,30.76,23.0,26.69,75.09,1.43,2010,9,7.760000000000002
2010-09-10,4.63,30.27,22.36,26.41,79.2,1.44,2010,9,7.91
2010-09-11,0.21,30.57,23.26,26.74,75.59,1.4,2010,9,7.309999999999999
2010-09-12,3.37,30.75,22.35,26.31,77.73,1.53,2010,9,8.399999999999999
2010-09-13,3.95,29.36,21.64,25.58,77.32,1.6,2010,9,7.719999999999999
2010-09-14,0.35,28.82,21.08,24.9,73.42,1.75,2010,9,7.740000000000002
2010-09-15,0.62,30.28,19.02,24.8,66.78,2.25,2010,9,11.260000000000002
2010-09-16,0.01,29.84,19.09,24.6,70.14,1.7,2010,9,10.75
2010-09-17,8.13,28.68,20.17,23.96,74.37,2.82,2010,9,8.509999999999998
2010-09-18,6.34,27.63,18.6,22.19,73.1,2.95,2010,9,9.029999999999998
2010-09-19,0.0,29.35,17.75,23.25,56.69,2.7,2010,9,11.600000000000001
2010-09-20,0.0,30.55,17.6,23.89,56.27,1.91,2010,9,12.95
2010-09-21,0.01,31.22,20.14,26.01,59.8,1.52,2010,9,11.079999999999998
2010-09-22,0.02,32.45,21.29,26.54,63.91,1.74,2010,9,11.160000000000004
2010-09-23,2.23,31.23,20.59,25.94,66.17,1.59,2010,9,10.64
2010-09-24,0.24,29.3,20.92,24.8,65.4,1.74,2010,9,8.379999999999999
2010-09-25,0.0,31.72,20.12,25.68,56.35,1.75,2010,9,11.599999999999998
2010-09-26,0.0,32.24,19.75,25.64,53.79,1.78,2010,9,12.490000000000002
2010-09-27,0.0,32.09,19.21,25.77,51.63,2.12,2010,9,12.880000000000003
2010-09-28,0.0,32.36,18.9,25.01,56.16,2.06,2010,9,13.46
2010-09-29,0.07,31.54,19.43,25.07,57.02,2.11,2010,9,12.11
2010-09-30,0.0,32.46,19.86,25.67,54.27,2.44,2010,9,12.600000000000001
2010-10-01,0.0,33.4,18.91,25.59,51.15,2.96,2010,10,14.489999999999998
2010-10-02,0.0,33.38,20.38,26.55,43.93,1.87,2010,10,13.000000000000004
2010-10-03,0.0,33.44,19.11,25.93,49.84,2.27,2010,10,14.329999999999998
2010-10-04,0.0,33.02,18.8,25.62,51.95,2.26,2010,10,14.220000000000002
2010-10-05,0.0,32.13,20.71,26.03,50.29,1.5,2010,10,11.420000000000002
2010-10-06,0.0,32.71,20.54,26.01,55.38,2.02,2010,10,12.170000000000002
2010-10-07,0.0,31.94,19.46,25.17,56.28,2.13,2010,10,12.48
2010-10-08,0.0,32.07,20.32,25.74,55.14,2.0,2010,10,11.75
2010-10-09,0.05,32.87,20.02,26.16,46.97,1.89,2010,10,12.849999999999998
2010-10-10,0.0,31.38,19.57,25.38,47.97,1.62,2010,10,11.809999999999999
2010-10-11,1.76,32.36,20.36,25.41,52.32,1.84,2010,10,12.0
2010-10-12,0.0,31.22,18.05,23.92,54.75,2.4,2010,10,13.169999999999998
2010-10-13,0.0,32.2,17.89,24.59,50.09,2.9,2010,10,14.310000000000002
2010-10-14,0.0,32.17,19.12,25.1,46.89,2.29,2010,10,13.05
2010-10-15,0.0,33.21,19.69,25.67,47.51,2.43,2010,10,13.52
2010-10-16,0.0,33.71,19.51,26.11,44.43,1.88,2010,10,14.2
2010-10-17,0.0,32.07,18.84,25.46,48.31,1.93,2010,10,13.23
2010-10-18,0.0,31.54,19.76,25.07,57.51,1.86,2010,10,11.779999999999998
2010-10-19,0.0,31.46,20.58,25.65,60.01,1.57,2010,10,10.880000000000003
2010-10-20,0.0,30.63,20.83,25.2,62.58,1.56,2010,10,9.8
2010-10-21,0.63,30.81,18.64,24.09,61.43,2.37,2010,10,12.169999999999998
2010-10-22,15.02,26.87,17.12,20.9,80.04,2.39,2010,10,9.75
2010-10-23,0.22,25.84,14.11,19.19,63.44,2.04,2010,10,11.73
2010-10-24,0.0,28.07,13.21,19.52,44.65,2.77,2010,10,14.86
2010-10-25,0.0,28.85,13.36,20.34,33.93,2.3,2010,10,15.490000000000002
2010-10-26,0.0,28.21,11.56,19.51,37.74,2.25,2010,10,16.65
2010-10-27,0.0,27.84,12.94,19.46,39.51,2.26,2010,10,14.9
2010-10-28,0.0,28.63,13.75,20.12,40.09,2.6,2010,10,14.879999999999999
2010-10-29,0.0,28.6,16.49,21.29,43.09,1.73,2010,10,12.110000000000003
2010-10-30,0.0,28.07,16.12,21.14,45.75,1.65,2010,10,11.95
2010-10-31,0.0,28.18,14.11,20.63,45.06,2.69,2010,10,14.07
2010-11-01,0.0,28.34,16.0,21.03,40.96,1.96,2010,11,12.34
2010-11-02,0.0,28.87,15.19,21.0,41.11,2.04,2010,11,13.680000000000001
2010-11-03,0.0,28.85,15.2,21.1,40.0,1.84,2010,11,13.650000000000002
2010-11-04,0.0,28.15,15.53,20.75,41.93,1.96,2010,11,12.62
2010-11-05,0.0,26.99,15.07,19.71,45.86,1.96,2010,11,11.919999999999998
2010-11-06,0.0,28.03,14.88,19.73,47.81,2.63,2010,11,13.15
2010-11-07,0.0,29.69,14.97,20.65,39.98,2.66,2010,11,14.72
2010-11-08,0.0,29.59,12.74,20.57,35.37,2.05,2010,11,16.85
2010-11-09,0.0,28.96,15.85,20.61,32.34,2.03,2010,11,13.110000000000001
2010-11-10,0.0,28.34,15.28,20.04,31.29,2.09,2010,11,13.06
2010-11-11,0.0,27.24,13.61,19.18,32.45,1.81,2010,11,13.629999999999999
2010-11-12,9.74,25.83,12.88,18.04,38.3,2.22,2010,11,12.949999999999998
2010-11-13,0.0,26.19,13.62,18.21,34.49,2.1,2010,11,12.570000000000002
2010-11-14,0.0,26.68,12.26,18.4,33.32,2.1,2010,11,14.42
2010-11-15,0.0,26.56,12.14,17.92,36.46,2.14,2010,11,14.419999999999998
2010-11-16,0.0,26.95,10.85,17.91,37.37,2.02,2010,11,16.1
2010-11-17,0.0,25.79,13.12,17.8,46.62,2.16,2010,11,12.67
2010-11-18,0.02,25.06,11.58,17.28,49.41,2.18,2010,11,13.479999999999999
2010-11-19,0.32,24.6,11.75,17.05,48.32,1.97,2010,11,12.850000000000001
2010-11-20,0.0,24.47,11.88,17.0,40.09,1.97,2010,11,12.589999999999998
2010-11-21,0.0,24.73,9.0,16.22,38.8,2.84,2010,11,15.73
2010-11-22,0.0,24.02,10.1,16.26,39.21,1.85,2010,11,13.92
2010-11-23,0.0,23.86,10.06,15.31,37.99,1.95,2010,11,13.799999999999999
2010-11-24,0.0,24.78,11.84,16.77,33.18,1.65,2010,11,12.940000000000001
2010-11-25,0.0,25.28,10.36,17.04,41.6,2.12,2010,11,14.920000000000002
2010-11-26,0.0,26.11,12.43,17.29,41.31,2.75,2010,11,13.68
2010-11-27,0.0,24.91,13.19,17.45,28.72,1.76,2010,11,11.72
2010-11-28,0.0,24.13,11.06,16.41,32.1,2.02,2010,11,13.069999999999999
2010-11-29,0.0,24.44,11.32,16.16,34.38,2.52,2010,11,13.120000000000001
2010-11-30,0.0,24.69,10.81,16.76,26.89,1.98,2010,11,13.88
2010-12-01,0.0,24.37,9.74,15.67,26.74,1.98,2010,12,14.63
2010-12-02,0.0,22.93,9.29,14.6,26.59,2.42,2010,12,13.64
2010-12-03,0.0,23.39,10.12,15.21,22.73,1.89,2010,12,13.270000000000001
2010-12-04,0.0,21.77,8.8,14.69,23.66,1.73,2010,12,12.969999999999999
2010-12-05,0.0,22.98,8.61,14.2,25.49,1.93,2010,12,14.370000000000001
2010-12-06,0.0,20.74,6.33,12.4,35.07,2.91,2010,12,14.409999999999998
2010-12-07,0.0,20.29,7.37,12.97,40.03,2.4,2010,12,12.919999999999998
2010-12-08,0.0,22.1,8.73,13.91,31.36,2.05,2010,12,13.370000000000001
2010-12-09,0.0,22.98,9.32,15.0,36.28,1.74,2010,12,13.66
2010-12-10,0.0,23.14,7.7,13.7,43.2,2.59,2010,12,15.440000000000001
2010-12-11,0.0,22.54,8.63,13.9,27.7,2.64,2010,12,13.909999999999998
2010-12-12,0.0,21.83,7.13,13.56,23.25,2.3,2010,12,14.7
2010-12-13,0.0,21.82,8.35,13.35,28.72,1.92,2010,12,13.47
2010-12-14,0.0,21.76,7.76,13.11,23.37,2.63,2010,12,14.000000000000002
2010-12-15,0.0,21.27,8.86,13.92,20.56,2.08,2010,12,12.41
2010-12-16,0.0,20.49,8.98,13.73,26.2,1.7,2010,12,11.509999999999998
2010-12-17,0.0,19.91,8.78,12.7,28.42,1.73,2010,12,11.13
2010-12-18,0.0,20.58,6.83,12.33,25.44,2.7,2010,12,13.749999999999998
2010-12-19,0.0,22.21,7.28,12.08,21.98,2.99,2010,12,14.93
2010-12-20,0.0,23.15,7.03,13.05,15.92,3.04,2010,12,16.119999999999997
2010-12-21,0.0,23.06,9.09,14.84,17.51,2.15,2010,12,13.969999999999999
2010-12-22,0.0,19.47,8.15,12.32,25.36,2.16,2010,12,11.319999999999999
2010-12-23,0.0,20.55,6.44,11.57,28.05,2.44,2010,12,14.11
2010-12-24,0.0,20.9,7.69,12.17,20.85,2.32,2010,12,13.209999999999997
2010-12-25,0.0,20.86,6.68,12.5,17.51,2.11,2010,12,14.18
2010-12-26,0.0,19.59,7.07,11.95,18.61,1.93,2010,12,12.52
2010-12-27,0.0,19.7,6.94,11.58,21.77,1.91,2010,12,12.759999999999998
2010-12-28,0.0,21.19,6.64,12.22,21.66,2.09,2010,12,14.55
2010-12-29,0.09,19.86,9.09,13.38,25.38,2.03,2010,12,10.77
2010-12-30,17.75,16.3,7.59,10.9,65.33,1.83,2010,12,8.71
2010-12-31,1.69,15.92,6.1,10.16,74.2,1.86,2010,12,9.82
2011-01-01,0.0,16.77,3.75,8.79,61.78,2.55,2011,1,13.02
2011-01-02,0.0,17.7,5.15,10.2,43.7,1.85,2011,1,12.549999999999999
2011-01-03,0.0,17.34,4.84,9.73,42.92,1.88,2011,1,12.5
2011-01-04,0.0,16.62,4.61,9.09,41.66,2.28,2011,1,12.010000000000002
2011-01-05,0.0,18.87,4.14,9.58,35.57,2.73,2011,1,14.73
2011-01-06,0.0,17.42,3.77,10.19,34.3,2.16,2011,1,13.650000000000002
2011-01-07,0.0,17.85,5.34,11.53,38.85,1.9,2011,1,12.510000000000002
2011-01-08,0.0,17.87,6.58,11.83,40.95,1.57,2011,1,11.290000000000001
2011-01-09,0.0,18.8,3.62,9.67,46.96,3.34,2011,1,15.18
2011-01-10,0.0,18.96,2.29,9.99,38.05,2.82,2011,1,16.67
2011-01-11,0.0,19.81,6.82,11.93,41.37,2.68,2011,1,12.989999999999998
2011-01-12,0.0,20.28,6.05,12.27,43.65,2.25,2011,1,14.23
2011-01-13,0.0,19.27,6.47,11.63,46.77,2.92,2011,1,12.8
2011-01-14,7.45,16.78,5.45,10.3,58.33,3.55,2011,1,11.330000000000002
2011-01-15,0.27,15.89,3.26,8.56,53.42,2.55,2011,1,12.63
2011-01-16,0.0,17.17,0.45,7.57,42.52,3.61,2011,1,16.720000000000002
2011-01-17,0.0,15.44,6.12,10.63,34.55,1.27,2011,1,9.32
2011-01-18,0.0,17.37,5.76,10.96,45.79,2.47,2011,1,11.610000000000001
2011-01-19,0.0,19.18,2.46,9.69,44.5,3.74,2011,1,16.72
2011-01-20,0.0,19.75,6.32,12.12,36.87,2.12,2011,1,13.43
2011-01-21,0.0,18.88,5.4,10.94,53.41,2.75,2011,1,13.479999999999999
2011-01-22,0.0,20.08,7.77,12.38,42.81,2.63,2011,1,12.309999999999999
2011-01-23,0.0,20.6,4.8,11.63,41.24,2.59,2011,1,15.8
2011-01-24,0.0,19.93,4.83,11.22,38.55,2.48,2011,1,15.1
2011-01-25,0.0,18.96,5.01,10.95,38.94,2.22,2011,1,13.950000000000001
2011-01-26,0.0,19.26,6.4,10.73,39.14,2.62,2011,1,12.860000000000001
2011-01-27,0.0,20.5,3.35,10.89,33.62,3.03,2011,1,17.15
2011-01-28,0.0,18.95,9.17,13.1,31.75,1.62,2011,1,9.78
2011-01-29,0.85,14.54,6.89,10.16,49.76,1.93,2011,1,7.6499999999999995
2011-01-30,0.28,18.13,4.95,10.83,62.93,1.91,2011,1,13.18
2011-01-31,0.0,20.5,6.98,12.39,48.65,2.53,2011,1,13.52
2011-02-01,0.0,23.37,6.48,13.9,39.71,3.08,2011,2,16.89
2011-02-02,0.0,23.22,7.8,15.28,34.52,2.65,2011,2,15.419999999999998
2011-02-03,0.4,24.75,9.87,15.77,50.77,3.76,2011,2,14.88
2011-02-04,1.93,23.65,10.54,15.6,57.04,3.15,2011,2,13.11
2011-02-05,1.09,21.09,8.91,13.73,62.29,2.96,2011,2,12.18
2011-02-06,4.37,21.37,9.25,13.62,72.56,3.25,2011,2,12.120000000000001
2011-02-07,16.41,14.57,6.3,10.21,83.08,2.56,2011,2,8.27
2011-02-08,0.0,19.05,3.74,10.47,57.19,2.83,2011,2,15.31
2011-02-09,0.0,20.15,4.1,10.79,43.38,2.89,2011,2,16.049999999999997
2011-02-10,0.0,22.14,4.59,12.1,41.08,3.16,2011,2,17.55
2011-02-11,4.83,19.59,7.82,11.95,47.78,2.96,2011,2,11.77
2011-02-12,4.08,20.24,9.25,12.79,67.15,3.07,2011,2,10.989999999999998
2011-02-13,35.29,13.8,9.43,11.25,90.17,3.61,2011,2,4.370000000000001
2011-02-14,14.78,13.68,8.19,10.5,86.34,1.85,2011,2,5.49
2011-02-15,0.01,18.91,5.48,11.29,68.54,2.52,2011,2,13.43
2011-02-16,1.82,18.04,6.02,11.89,49.22,1.38,2011,2,12.02
2011-02-17,0.26,18.4,6.18,11.44,52.48,2.74,2011,2,12.219999999999999
2011-02-18,0.22,18.28,4.13,10.79,51.06,2.72,2011,2,14.150000000000002
2011-02-19,0.21,18.25,6.61,12.35,52.69,1.92,2011,2,11.64
2011-02-20,0.26,14.4,5.93,10.27,73.63,1.84,2011,2,8.47
2011-02-21,0.0,21.42,3.9,12.17,56.7,2.66,2011,2,17.520000000000003
2011-02-22,0.0,16.78,9.37,12.11,51.42,1.79,2011,2,7.410000000000002
2011-02-23,2.63,15.07,7.9,10.79,74.18,3.4,2011,2,7.17
2011-02-24,3.28,15.47,7.08,11.1,72.96,1.88,2011,2,8.39
2011-02-25,3.84,16.06,6.63,10.44,70.98,2.51,2011,2,9.43
2011-02-26,0.68,15.43,5.0,10.45,65.23,1.88,2011,2,10.43
2011-02-27,0.0,18.11,4.76,11.2,61.07,2.35,2011,2,13.35
2011-02-28,1.52,18.19,6.47,10.58,62.47,3.08,2011,2,11.720000000000002
2011-03-01,0.02,17.47,5.66,11.29,72.69,1.93,2011,3,11.809999999999999
2011-03-02,0.35,15.61,7.54,11.25,77.64,2.43,2011,3,8.07
2011-03-03,6.35,16.86,7.59,11.74,78.93,2.11,2011,3,9.27
2011-03-04,5.01,17.33,6.17,11.81,72.07,2.11,2011,3,11.159999999999998
2011-03-05,0.08,19.81,7.88,13.1,61.66,2.73,2011,3,11.93
2011-03-06,0.05,22.31,6.7,14.02,55.46,2.85,2011,3,15.61
2011-03-07,0.55,23.4,9.28,15.07,58.74,3.06,2011,3,14.12
2011-03-08,0.02,23.18,8.89,15.17,57.59,3.7,2011,3,14.29
2011-03-09,0.22,24.39,9.99,16.59,41.8,2.14,2011,3,14.4
2011-03-10,0.0,25.15,8.46,16.36,42.36,2.92,2011,3,16.689999999999998
2011-03-11,0.0,26.35,8.72,17.17,39.38,3.03,2011,3,17.630000000000003
2011-03-12,0.0,27.19,9.98,18.39,41.24,2.91,2011,3,17.21
2011-03-13,0.0,29.31,12.74,20.27,42.92,3.44,2011,3,16.57
2011-03-14,0.0,31.95,12.41,21.14,37.61,3.22,2011,3,19.54
2011-03-15,0.0,30.91,13.62,21.66,37.43,2.79,2011,3,17.29
2011-03-16,0.0,31.43,14.57,21.99,43.66,2.76,2011,3,16.86
2011-03-17,0.0,30.45,16.46,22.38,45.5,2.24,2011,3,13.989999999999998
2011-03-18,1.78,31.12,15.88,23.07,46.86,2.63,2011,3,15.24
2011-03-19,2.31,28.82,15.45,21.19,54.12,4.15,2011,3,13.370000000000001
2011-03-20,0.0,27.7,12.4,19.27,40.7,2.74,2011,3,15.299999999999999
2011-03-21,0.0,28.78,10.14,18.98,35.21,2.97,2011,3,18.64
2011-03-22,0.0,28.53,11.19,19.36,36.73,2.95,2011,3,17.340000000000003
2011-03-23,0.0,31.03,11.94,20.99,38.46,2.73,2011,3,19.090000000000003
2011-03-24,0.0,31.19,13.98,22.1,40.86,2.52,2011,3,17.21
2011-03-25,0.0,31.83,13.94,22.55,41.28,2.81,2011,3,17.89
2011-03-26,0.0,32.69,16.0,24.61,39.35,2.5,2011,3,16.689999999999998
2011-03-27,0.11,32.73,18.01,24.3,43.16,3.47,2011,3,14.719999999999995
2011-03-28,13.3,26.86,15.72,20.75,58.03,4.96,2011,3,11.139999999999999
2011-03-29,0.02,28.13,13.49,20.31,53.76,2.79,2011,3,14.639999999999999
2011-03-30,0.05,27.37,15.26,20.95,45.45,2.0,2011,3,12.110000000000001
2011-03-31,0.01,29.27,12.77,20.99,44.72,3.01,2011,3,16.5
2011-04-01,5.92,28.81,14.95,21.0,47.17,3.09,2011,4,13.86
2011-04-02,0.03,27.41,14.33,19.95,45.68,2.65,2011,4,13.08
2011-04-03,0.02,27.66,12.91,19.71,37.49,2.87,2011,4,14.75
2011-04-04,0.67,26.25,10.36,18.47,40.87,3.02,2011,4,15.89
2011-04-05,1.11,24.86,13.01,18.23,43.94,2.72,2011,4,11.85
2011-04-06,0.02,26.06,10.93,17.89,41.77,2.97,2011,4,15.129999999999999
2011-04-07,0.0,28.94,10.01,18.92,37.0,3.51,2011,4,18.93
2011-04-08,0.0,30.61,12.67,21.3,32.6,2.67,2011,4,17.939999999999998
2011-04-09,0.39,27.07,14.07,19.42,45.12,3.28,2011,4,13.0
2011-04-10,12.29,29.4,14.5,20.73,58.76,3.03,2011,4,14.899999999999999
2011-04-11,7.94,26.27,14.22,19.78,64.18,2.85,2011,4,12.049999999999999
2011-04-12,0.18,29.36,13.29,21.14,55.21,2.43,2011,4,16.07
2011-04-13,0.11,31.27,14.98,23.07,47.11,2.82,2011,4,16.29
2011-04-14,0.0,32.45,15.78,24.17,43.26,2.51,2011,4,16.67
2011-04-15,2.31,32.88,17.74,24.68,45.32,2.17,2011,4,15.140000000000004
2011-04-16,1.03,28.95,15.96,21.42,51.74,2.55,2011,4,12.989999999999998
2011-04-17,27.04,25.04,14.83,19.52,69.42,2.58,2011,4,10.209999999999999
2011-04-18,6.78,24.6,15.52,19.84,67.34,2.19,2011,4,9.080000000000002
2011-04-19,0.05,29.58,15.41,22.51,47.75,2.48,2011,4,14.169999999999998
2011-04-20,0.0,30.45,15.3,23.32,45.12,2.51,2011,4,15.149999999999999
2011-04-21,0.28,31.18,15.87,24.39,41.71,2.4,2011,4,15.31
2011-04-22,0.0,33.67,16.45,25.64,39.3,2.25,2011,4,17.220000000000002
2011-04-23,0.0,34.91,18.65,26.63,35.9,2.21,2011,4,16.259999999999998
2011-04-24,0.0,36.61,18.44,27.69,34.29,2.28,2011,4,18.169999999999998
2011-04-25,0.0,37.96,19.91,29.34,30.74,2.44,2011,4,18.05
2011-04-26,0.0,39.07,20.0,29.76,32.02,2.28,2011,4,19.07
2011-04-27,0.0,36.81,19.43,28.44,34.87,2.68,2011,4,17.380000000000003
2011-04-28,0.0,38.48,21.21,28.89,37.03,2.67,2011,4,17.269999999999996
2011-04-29,0.0,36.42,21.3,27.98,40.4,2.82,2011,4,15.120000000000001
2011-04-30,0.0,34.57,23.3,27.32,45.16,3.42,2011,4,11.27
2011-05-01,0.0,37.45,20.71,29.11,38.72,2.24,2011,5,16.740000000000002
2011-05-02,0.0,38.38,21.11,29.91,36.61,2.34,2011,5,17.270000000000003
2011-05-03,0.0,39.86,21.57,31.12,34.54,2.23,2011,5,18.29
2011-05-04,0.0,40.15,22.91,31.49,34.98,2.55,2011,5,17.24
2011-05-05,1.99,37.02,25.01,30.05,40.62,2.89,2011,5,12.010000000000002
2011-05-06,6.71,32.85,20.67,26.34,52.69,3.31,2011,5,12.18
2011-05-07,1.33,34.9,20.09,27.55,43.52,3.0,2011,5,14.809999999999999
2011-05-08,0.0,37.53,20.11,29.23,35.5,2.58,2011,5,17.42
2011-05-09,0.06,38.43,21.75,29.97,33.65,3.13,2011,5,16.68
2011-05-10,0.01,39.05,22.9,31.27,29.39,2.77,2011,5,16.15
2011-05-11,0.04,39.54,23.33,30.83,28.31,4.15,2011,5,16.21
2011-05-12,0.01,40.83,22.55,31.63,23.47,3.29,2011,5,18.279999999999998
2011-05-13,0.27,40.18,23.92,31.6,23.36,3.11,2011,5,16.259999999999998
2011-05-14,0.0,41.72,21.65,32.14,16.55,3.35,2011,5,20.07
2011-05-15,0.0,43.37,22.45,33.99,15.39,2.62,2011,5,20.919999999999998
2011-05-16,0.0,44.16,24.08,35.19,15.71,2.42,2011,5,20.08
2011-05-17,0.0,45.07,27.85,36.84,15.08,1.78,2011,5,17.22
2011-05-18,0.0,44.39,27.79,36.79,16.39,2.13,2011,5,16.6
2011-05-19,0.0,44.31,26.51,35.79,16.17,2.76,2011,5,17.8
2011-05-20,0.0,42.13,26.56,34.77,17.66,2.5,2011,5,15.570000000000004
2011-05-21,0.03,41.62,27.06,33.82,29.8,3.65,2011,5,14.559999999999999
2011-05-22,0.02,39.67,24.09,31.94,26.02,2.94,2011,5,15.580000000000002
2011-05-23,0.07,40.34,23.11,32.8,16.12,2.65,2011,5,17.230000000000004
2011-05-24,0.0,42.47,24.16,34.53,13.69,2.41,2011,5,18.31
2011-05-25,0.01,43.69,28.86,36.31,19.29,3.52,2011,5,14.829999999999998
2011-05-26,5.97,39.9,27.82,33.43,34.26,1.74,2011,5,12.079999999999998
2011-05-27,0.4,37.73,24.94,31.01,40.61,3.96,2011,5,12.789999999999996
2011-05-28,0.0,40.92,25.83,33.58,30.05,2.09,2011,5,15.090000000000003
2011-05-29,0.0,42.12,26.05,34.5,25.36,1.95,2011,5,16.069999999999997
2011-05-30,0.02,42.57,26.56,35.14,19.05,2.67,2011,5,16.01
2011-05-31,0.0,42.71,27.13,35.53,16.04,2.17,2011,5,15.580000000000002
2011-06-01,1.79,38.74,24.94,32.13,24.9,3.88,2011,6,13.8
2011-06-02,0.56,36.7,22.87,29.87,32.97,2.17,2011,6,13.830000000000002
2011-06-03,0.0,38.78,23.38,31.36,29.44,2.93,2011,6,15.400000000000002
2011-06-04,0.0,41.46,23.48,33.62,20.38,2.58,2011,6,17.98
2011-06-05,0.0,42.95,25.24,34.55,19.79,2.96,2011,6,17.710000000000004
2011-06-06,0.11,43.18,26.16,34.99,24.15,2.58,2011,6,17.02
2011-06-07,0.0,44.19,27.07,36.32,14.35,2.48,2011,6,17.119999999999997
2011-06-08,0.0,43.23,25.55,35.8,14.78,3.03,2011,6,17.679999999999996
2011-06-09,0.0,41.35,28.08,35.03,20.26,2.37,2011,6,13.270000000000003
2011-06-10,0.09,41.66,27.28,34.55,26.68,2.37,2011,6,14.379999999999995
2011-06-11,0.11,43.16,27.64,35.42,26.59,2.56,2011,6,15.519999999999996
2011-06-12,28.02,37.85,28.11,33.09,38.68,1.75,2011,6,9.740000000000002
2011-06-13,0.0,39.8,25.75,33.23,40.74,2.08,2011,6,14.049999999999997
2011-06-14,0.0,41.77,25.41,34.25,36.41,2.3,2011,6,16.360000000000003
2011-06-15,0.01,41.21,26.04,33.71,36.69,2.65,2011,6,15.170000000000002
2011-06-16,0.0,40.91,26.77,34.02,39.57,2.18,2011,6,14.139999999999997
2011-06-17,5.88,40.72,26.82,33.58,44.69,2.64,2011,6,13.899999999999999
2011-06-18,2.81,39.16,25.78,32.42,49.66,2.2,2011,6,13.379999999999995
2011-06-19,2.95,39.09,26.96,33.04,47.84,1.61,2011,6,12.130000000000003
2011-06-20,18.83,38.28,27.33,32.78,50.25,1.51,2011,6,10.950000000000003
2011-06-21,0.13,39.82,26.55,33.34,49.24,2.05,2011,6,13.27
2011-06-22,0.0,40.65,27.26,34.1,49.12,2.27,2011,6,13.389999999999997
2011-06-23,0.45,40.72,28.0,34.63,50.13,1.79,2011,6,12.719999999999999
2011-06-24,1.3,40.99,28.96,35.23,46.72,1.62,2011,6,12.030000000000001
2011-06-25,0.07,43.05,30.24,36.17,42.0,2.26,2011,6,12.809999999999999
2011-06-26,1.46,41.25,29.29,35.16,41.59,1.57,2011,6,11.96
2011-06-27,4.38,37.81,26.66,32.14,53.66,1.89,2011,6,11.150000000000002
2011-06-28,15.31,36.87,26.68,31.59,60.68,2.06,2011,6,10.189999999999998
2011-06-29,3.39,36.39,25.89,31.11,57.99,1.67,2011,6,10.5
2011-06-30,5.44,36.55,25.74,31.49,56.07,1.87,2011,6,10.809999999999999
2011-07-01,13.25,33.0,25.53,28.95,60.46,2.08,2011,7,7.469999999999999
2011-07-02,1.48,35.78,24.46,30.61,54.97,1.45,2011,7,11.32
2011-07-03,2.3,36.24,26.4,30.92,53.92,1.09,2011,7,9.840000000000003
2011-07-04,1.04,36.76,23.0,30.32,51.33,2.29,2011,7,13.759999999999998
2011-07-05,0.0,39.32,25.09,32.51,45.18,1.67,2011,7,14.23
2011-07-06,0.04,38.75,25.6,32.36,48.74,2.31,2011,7,13.149999999999999
2011-07-07,23.51,36.2,25.7,30.81,62.07,2.16,2011,7,10.500000000000004
2011-07-08,9.98,34.64,25.99,30.22,63.53,2.02,2011,7,8.650000000000002
2011-07-09,8.19,34.85,24.79,29.87,63.6,1.24,2011,7,10.060000000000002
2011-07-10,4.6,35.32,26.17,30.87,52.67,0.9,2011,7,9.149999999999999
2011-07-11,0.0,36.8,26.38,31.85,48.66,1.28,2011,7,10.419999999999998
2011-07-12,0.0,38.45,25.55,32.83,50.32,1.18,2011,7,12.900000000000002
2011-07-13,0.1,38.48,28.75,33.84,52.57,1.15,2011,7,9.729999999999997
2011-07-14,40.73,36.16,27.11,31.62,64.41,1.82,2011,7,9.049999999999997
2011-07-15,21.03,33.07,25.76,29.36,74.33,2.08,2011,7,7.309999999999999
2011-07-16,24.0,30.72,24.7,27.72,75.38,2.23,2011,7,6.02
2011-07-17,0.0,33.4,23.07,28.8,66.75,1.51,2011,7,10.329999999999998
2011-07-18,0.0,32.54,24.06,28.79,68.58,1.93,2011,7,8.48
2011-07-19,0.9,35.42,26.04,31.1,59.38,1.26,2011,7,9.380000000000003
2011-07-20,0.0,37.11,25.84,31.78,54.87,1.72,2011,7,11.27
2011-07-21,0.26,37.83,27.32,32.48,55.5,1.48,2011,7,10.509999999999998
2011-07-22,2.18,37.39,28.02,32.25,55.54,1.53,2011,7,9.370000000000001
2011-07-23,4.49,37.05,26.38,31.39,62.35,1.97,2011,7,10.669999999999998
2011-07-24,29.58,32.59,25.44,28.73,78.4,2.31,2011,7,7.150000000000002
2011-07-25,0.54,32.84,25.0,28.5,78.23,2.35,2011,7,7.840000000000003
2011-07-26,0.86,29.32,25.13,26.95,79.68,2.61,2011,7,4.190000000000001
2011-07-27,2.79,34.24,26.08,30.24,67.59,1.36,2011,7,8.160000000000004
2011-07-28,6.09,34.78,25.47,30.31,66.25,1.31,2011,7,9.310000000000002
2011-07-29,5.05,33.76,25.47,29.52,70.18,1.55,2011,7,8.29
2011-07-30,0.37,34.76,25.15,30.28,64.2,1.51,2011,7,9.61
2011-07-31,0.07,36.31,25.5,31.4,59.15,1.6,2011,7,10.810000000000002
2011-08-01,0.06,37.54,26.6,32.05,56.83,1.68,2011,8,10.939999999999998
2011-08-02,0.02,38.23,26.17,32.36,53.71,1.52,2011,8,12.059999999999995
2011-08-03,2.51,37.22,25.68,31.75,59.08,1.53,2011,8,11.54
2011-08-04,6.43,35.13,26.95,30.9,65.7,1.48,2011,8,8.180000000000003
2011-08-05,5.0,33.27,25.56,29.3,73.29,1.67,2011,8,7.710000000000004
2011-08-06,5.7,36.31,26.9,31.52,66.22,1.09,2011,8,9.410000000000004
2011-08-07,11.26,34.7,26.39,30.93,70.56,1.37,2011,8,8.310000000000002
2011-08-08,2.47,32.25,25.2,28.06,79.87,3.23,2011,8,7.050000000000001
2011-08-09,0.33,34.36,24.68,29.01,72.63,2.07,2011,8,9.68
2011-08-10,3.94,33.4,25.19,28.82,75.22,2.38,2011,8,8.209999999999997
2011-08-11,8.95,32.92,24.65,28.5,77.63,2.34,2011,8,8.270000000000003
2011-08-12,7.43,32.52,24.88,28.13,78.99,2.69,2011,8,7.640000000000004
2011-08-13,0.39,28.12,23.0,25.36,83.92,3.26,2011,8,5.120000000000001
2011-08-14,0.08,32.2,22.67,27.87,64.51,1.38,2011,8,9.530000000000001
2011-08-15,4.35,32.3,24.5,28.69,63.45,1.61,2011,8,7.799999999999997
2011-08-16,7.63,32.98,23.37,28.46,67.86,1.32,2011,8,9.609999999999996
2011-08-17,0.81,32.79,23.27,27.96,70.9,1.66,2011,8,9.52
2011-08-18,0.96,33.38,23.71,28.83,66.41,1.03,2011,8,9.670000000000002
2011-08-19,2.33,33.79,23.54,28.64,68.32,1.87,2011,8,10.25
2011-08-20,9.06,33.0,24.07,28.5,72.84,1.95,2011,8,8.93
2011-08-21,0.32,34.71,25.05,29.88,67.2,1.02,2011,8,9.66
2011-08-22,0.0,35.47,24.92,30.12,67.43,1.53,2011,8,10.549999999999997
2011-08-23,0.05,36.83,25.64,31.3,63.48,1.36,2011,8,11.189999999999998
2011-08-24,3.5,35.72,26.67,30.68,68.19,1.48,2011,8,9.049999999999997
2011-08-25,3.5,30.82,25.38,27.7,82.81,1.52,2011,8,5.440000000000001
2011-08-26,0.56,32.79,24.2,28.27,76.73,1.8,2011,8,8.59
2011-08-27,15.04,33.53,24.96,28.9,74.32,1.65,2011,8,8.57
2011-08-28,9.95,30.06,23.77,27.01,78.44,1.35,2011,8,6.289999999999999
2011-08-29,0.01,33.15,23.8,28.64,68.94,1.2,2011,8,9.349999999999998
2011-08-30,0.0,33.39,24.7,29.26,66.68,1.04,2011,8,8.690000000000001
2011-08-31,13.12,32.65,24.79,28.67,67.75,1.55,2011,8,7.859999999999999
2011-09-01,23.01,30.48,24.02,26.85,79.69,1.86,2011,9,6.460000000000001
2011-09-02,1.43,33.23,23.44,27.74,67.15,2.03,2011,9,9.789999999999996
2011-09-03,0.76,33.3,22.86,28.13,66.72,1.87,2011,9,10.439999999999998
2011-09-04,0.03,32.17,23.91,28.28,70.55,1.71,2011,9,8.260000000000002
2011-09-05,0.0,33.66,23.83,28.42,71.43,1.72,2011,9,9.829999999999998
2011-09-06,0.03,34.43,24.35,28.84,69.43,1.73,2011,9,10.079999999999998
2011-09-07,0.32,32.95,23.84,28.27,73.27,1.72,2011,9,9.110000000000003
2011-09-08,6.28,32.88,23.92,28.39,73.52,1.51,2011,9,8.96
2011-09-09,13.75,32.2,23.87,27.69,77.98,1.44,2011,9,8.330000000000002
2011-09-10,0.89,32.19,23.53,28.1,74.47,1.1,2011,9,8.659999999999997
2011-09-11,0.07,33.07,23.96,28.39,72.36,1.56,2011,9,9.11
2011-09-12,0.0,33.14,24.04,28.37,74.5,1.84,2011,9,9.100000000000001
2011-09-13,1.1,33.64,24.48,28.9,71.73,1.19,2011,9,9.16
2011-09-14,15.52,32.13,25.5,28.77,70.18,1.13,2011,9,6.630000000000003
2011-09-15,51.32,30.32,23.5,26.89,79.53,2.18,2011,9,6.82
2011-09-16,29.11,28.69,20.69,24.39,79.77,2.12,2011,9,8.0
2011-09-17,0.0,28.98,19.01,23.98,75.65,1.95,2011,9,9.969999999999999
2011-09-18,0.14,29.59,19.64,24.94,71.79,1.52,2011,9,9.95
2011-09-19,5.27,28.52,20.71,24.76,73.57,1.66,2011,9,7.809999999999999
2011-09-20,0.02,29.39,19.78,24.85,67.42,2.25,2011,9,9.61
2011-09-21,0.0,30.19,19.57,25.19,62.71,2.09,2011,9,10.620000000000001
2011-09-22,0.0,30.35,19.44,25.22,66.36,1.82,2011,9,10.91
2011-09-23,0.0,30.76,20.51,25.74,65.07,1.94,2011,9,10.25
2011-09-24,0.0,31.37,19.56,25.74,60.15,1.97,2011,9,11.810000000000002
2011-09-25,0.0,31.39,20.35,25.83,58.36,1.73,2011,9,11.04
2011-09-26,0.0,31.3,19.74,25.86,59.43,1.87,2011,9,11.560000000000002
2011-09-27,0.0,31.95,22.31,27.25,54.78,1.46,2011,9,9.64
2011-09-28,0.0,32.01,20.3,26.48,53.07,1.74,2011,9,11.709999999999997
2011-09-29,0.0,31.2,20.45,25.66,56.41,1.87,2011,9,10.75
2011-09-30,0.0,31.1,19.96,25.69,60.88,1.93,2011,9,11.14
2011-10-01,0.07,32.18,21.64,26.51,60.61,2.25,2011,10,10.54
2011-10-02,0.0,32.64,20.01,26.05,54.81,2.32,2011,10,12.629999999999999
2011-10-03,0.0,32.47,18.93,25.61,51.71,2.1,2011,10,13.54
2011-10-04,0.08,31.68,19.84,25.18,57.18,1.95,2011,10,11.84
2011-10-05,2.41,30.72,19.92,24.96,64.95,1.88,2011,10,10.799999999999997
2011-10-06,1.88,29.45,20.54,24.72,65.16,1.57,2011,10,8.91
2011-10-07,0.88,29.92,19.75,24.55,65.64,2.17,2011,10,10.170000000000002
2011-10-08,0.09,30.72,18.42,23.91,56.57,2.12,2011,10,12.299999999999997
2011-10-09,0.0,31.6,18.46,24.37,54.49,2.44,2011,10,13.14
2011-10-10,0.0,31.8,18.62,24.53,50.34,2.48,2011,10,13.18
2011-10-11,0.0,32.14,19.16,24.84,45.38,2.33,2011,10,12.98
2011-10-12,0.0,32.12,18.62,24.64,45.03,2.18,2011,10,13.499999999999996
2011-10-13,0.0,32.32,19.38,25.55,42.45,1.63,2011,10,12.940000000000001
2011-10-14,1.35,30.69,20.11,24.19,45.33,2.62,2011,10,10.580000000000002
2011-10-15,0.0,30.61,17.46,23.69,36.98,2.15,2011,10,13.149999999999999
2011-10-16,0.0,30.76,15.66,22.93,39.43,2.19,2011,10,15.100000000000001
2011-10-17,0.0,30.9,16.02,22.71,41.05,2.1,2011,10,14.879999999999999
2011-10-18,0.0,31.01,16.21,23.05,39.81,2.03,2011,10,14.8
2011-10-19,0.0,31.01,15.38,22.95,40.17,2.18,2011,10,15.63
2011-10-20,0.04,29.59,15.63,22.16,46.65,2.17,2011,10,13.959999999999999
2011-10-21,0.65,29.62,16.73,22.63,47.66,2.18,2011,10,12.89
2011-10-22,1.03,26.88,16.16,20.15,59.31,2.86,2011,10,10.719999999999999
2011-10-23,12.16,23.92,14.09,18.2,67.13,3.28,2011,10,9.830000000000002
2011-10-24,3.54,26.92,12.21,18.56,55.08,3.37,2011,10,14.71
2011-10-25,0.0,27.69,14.22,19.78,41.72,2.33,2011,10,13.47
2011-10-26,0.0,27.66,12.21,19.07,44.26,2.73,2011,10,15.45
2011-10-27,0.0,28.3,14.36,20.28,40.03,2.68,2011,10,13.940000000000001
2011-10-28,0.0,28.45,14.22,20.52,40.62,1.89,2011,10,14.229999999999999
2011-10-29,0.0,27.98,14.17,19.71,44.99,2.4,2011,10,13.81
2011-10-30,0.0,28.11,14.61,20.05,44.26,2.32,2011,10,13.5
2011-10-31,0.0,27.58,13.68,20.07,46.98,1.92,2011,10,13.899999999999999
2011-11-01,0.0,27.55,14.16,19.87,51.23,2.31,2011,11,13.39
2011-11-02,0.03,27.7,13.24,19.33,53.69,2.74,2011,11,14.459999999999999
2011-11-03,0.09,28.17,15.19,20.33,52.43,2.43,2011,11,12.980000000000002
2011-11-04,2.31,27.01,15.26,19.85,56.59,2.0,2011,11,11.750000000000002
2011-11-05,0.03,26.74,13.16,18.71,55.93,2.73,2011,11,13.579999999999998
2011-11-06,0.0,28.18,13.28,18.91,48.26,3.44,2011,11,14.9
2011-11-07,0.0,28.02,12.19,19.05,35.06,2.23,2011,11,15.83
2011-11-08,0.89,25.22,12.49,17.97,42.42,2.01,2011,11,12.729999999999999
2011-11-09,0.56,22.01,13.96,17.27,73.33,2.93,2011,11,8.05
2011-11-10,1.23,26.68,14.64,19.69,61.97,3.42,2011,11,12.04
2011-11-11,0.17,27.15,14.39,19.54,57.41,3.15,2011,11,12.759999999999998
2011-11-12,0.0,27.34,14.96,19.89,45.35,2.48,2011,11,12.379999999999999
2011-11-13,0.0,27.01,12.33,18.52,48.4,2.69,2011,11,14.680000000000001
2011-11-14,0.0,26.34,12.44,18.61,48.92,2.5,2011,11,13.9
2011-11-15,0.0,26.11,12.73,18.09,54.29,2.7,2011,11,13.379999999999999
2011-11-16,0.04,26.12,12.09,18.01,51.33,3.25,2011,11,14.030000000000001
2011-11-17,0.0,26.88,13.5,18.44,45.51,3.1,2011,11,13.379999999999999
2011-11-18,0.0,27.11,12.4,18.28,49.53,3.33,2011,11,14.709999999999999
2011-11-19,0.0,28.38,14.4,19.73,46.86,2.35,2011,11,13.979999999999999
2011-11-20,0.0,28.61,13.48,18.74,46.87,3.38,2011,11,15.129999999999999
2011-11-21,0.17,28.76,12.53,18.64,44.93,3.24,2011,11,16.230000000000004
2011-11-22,0.0,27.2,13.94,19.52,44.24,2.15,2011,11,13.26
2011-11-23,0.0,25.5,13.55,18.22,45.88,1.89,2011,11,11.95
2011-11-24,0.0,24.25,12.82,17.25,45.69,2.13,2011,11,11.43
2011-11-25,0.0,24.13,11.64,16.52,47.61,1.89,2011,11,12.489999999999998
2011-11-26,0.0,23.03,10.33,15.16,46.43,2.24,2011,11,12.700000000000001
2011-11-27,0.0,22.76,10.7,15.31,44.93,1.82,2011,11,12.060000000000002
2011-11-28,0.0,22.71,10.47,15.24,48.48,3.05,2011,11,12.24
2011-11-29,0.0,24.58,9.53,15.09,44.19,3.42,2011,11,15.049999999999999
2011-11-30,0.0,26.88,10.3,16.65,28.84,3.2,2011,11,16.58
2011-12-01,0.18,23.99,10.89,16.85,26.91,1.96,2011,12,13.099999999999998
2011-12-02,0.14,24.59,8.48,15.69,34.23,2.17,2011,12,16.11
2011-12-03,0.0,24.93,12.3,16.51,35.87,2.54,2011,12,12.629999999999999
2011-12-04,0.0,24.95,11.16,16.25,37.29,2.57,2011,12,13.79
2011-12-05,0.0,24.0,9.42,16.09,33.03,2.2,2011,12,14.58
2011-12-06,0.0,24.2,9.65,14.96,33.42,2.63,2011,12,14.549999999999999
2011-12-07,0.02,23.57,7.79,14.57,33.28,2.45,2011,12,15.780000000000001
2011-12-08,0.62,22.77,8.51,14.8,50.2,2.5,2011,12,14.26
2011-12-09,0.26,21.84,9.42,13.99,60.92,2.38,2011,12,12.42
2011-12-10,0.0,22.62,8.29,13.78,40.62,3.25,2011,12,14.330000000000002
2011-12-11,0.0,23.45,7.46,14.01,26.5,2.71,2011,12,15.989999999999998
2011-12-12,0.0,22.29,8.17,14.01,22.02,1.85,2011,12,14.12
2011-12-13,0.0,21.46,8.09,12.54,24.81,3.2,2011,12,13.370000000000001
2011-12-14,0.0,21.57,5.56,12.28,23.27,2.82,2011,12,16.01
2011-12-15,0.0,21.06,7.98,12.32,22.48,2.5,2011,12,13.079999999999998
2011-12-16,0.0,21.32,6.96,12.12,23.07,2.77,2011,12,14.36
2011-12-17,0.0,22.35,7.66,13.0,20.37,2.41,2011,12,14.690000000000001
2011-12-18,0.0,19.4,6.67,11.45,22.67,2.56,2011,12,12.729999999999999
2011-12-19,0.0,17.32,7.9,11.16,26.54,2.13,2011,12,9.42
2011-12-20,0.85,16.15,7.04,10.8,41.01,2.21,2011,12,9.11
2011-12-21,0.0,17.88,4.36,9.39,48.57,2.69,2011,12,13.52
2011-12-22,0.0,17.79,5.73,9.74,34.52,2.88,2011,12,12.059999999999999
2011-12-23,0.0,19.5,3.97,9.89,28.08,2.63,2011,12,15.53
2011-12-24,0.0,20.22,6.4,11.22,20.94,2.17,2011,12,13.819999999999999
2011-12-25,0.0,21.11,6.52,12.13,15.93,2.04,2011,12,14.59
2011-12-26,0.0,21.12,7.11,12.44,16.56,1.83,2011,12,14.010000000000002
2011-12-27,0.0,19.84,6.83,12.02,19.2,1.78,2011,12,13.01
2011-12-28,0.0,19.54,7.2,11.72,22.5,2.03,2011,12,12.34
2011-12-29,0.0,20.15,5.73,11.57,24.34,3.05,2011,12,14.419999999999998
2011-12-30,0.0,22.43,6.92,12.71,20.56,2.37,2011,12,15.51
2011-12-31,0.0,20.12,5.57,11.42,21.61,2.6,2011,12,14.55
2012-01-01,0.0,20.62,6.41,11.66,32.85,2.33,2012,1,14.21
2012-01-02,0.0,20.64,8.77,13.03,27.58,1.85,2012,1,11.870000000000001
2012-01-03,0.0,19.49,7.3,12.47,24.4,2.41,2012,1,12.189999999999998
2012-01-04,1.49,17.42,6.95,10.81,39.99,2.45,2012,1,10.470000000000002
2012-01-05,0.68,14.05,4.99,8.61,66.63,2.53,2012,1,9.06
2012-01-06,7.96,14.71,3.84,8.51,72.24,2.77,2012,1,10.870000000000001
2012-01-07,8.11,13.7,2.88,7.31,74.56,2.25,2012,1,10.82
2012-01-08,0.0,15.13,1.46,7.09,53.75,3.17,2012,1,13.670000000000002
2012-01-09,0.0,15.92,3.5,8.46,40.89,2.47,2012,1,12.42
2012-01-10,0.0,15.63,1.62,7.21,42.67,3.08,2012,1,14.010000000000002
2012-01-11,0.0,16.26,4.35,8.92,36.65,2.17,2012,1,11.910000000000002
2012-01-12,0.0,18.9,4.17,9.81,37.73,2.56,2012,1,14.729999999999999
2012-01-13,0.0,18.95,4.42,10.36,37.59,2.51,2012,1,14.53
2012-01-14,1.97,16.39,4.12,9.77,59.07,2.73,2012,1,12.27
2012-01-15,26.08,11.06,6.97,8.56,88.13,4.15,2012,1,4.090000000000001
2012-01-16,0.16,16.8,4.83,10.3,69.22,2.38,2012,1,11.97
2012-01-17,0.0,17.34,4.48,9.19,57.79,2.63,2012,1,12.86
2012-01-18,0.07,16.04,2.75,8.91,49.14,2.14,2012,1,13.29
2012-01-19,2.14,12.77,1.95,7.69,61.94,1.65,2012,1,10.82
2012-01-20,0.03,14.47,2.96,6.88,53.43,2.84,2012,1,11.510000000000002
2012-01-21,0.03,15.87,-0.56,6.71,45.05,2.84,2012,1,16.43
2012-01-22,1.46,14.57,5.17,9.01,46.14,2.22,2012,1,9.4
2012-01-23,0.01,16.54,3.78,8.2,63.96,3.28,2012,1,12.76
2012-01-24,0.01,17.49,2.77,9.25,48.18,2.07,2012,1,14.719999999999999
2012-01-25,0.01,17.71,5.2,10.25,45.48,1.97,2012,1,12.510000000000002
2012-01-26,0.18,17.67,4.92,9.45,47.18,3.0,2012,1,12.750000000000002
2012-01-27,0.0,16.71,4.06,9.22,44.31,2.63,2012,1,12.650000000000002
2012-01-28,0.0,18.42,5.1,10.36,35.9,2.44,2012,1,13.320000000000002
2012-01-29,0.0,19.31,3.19,9.74,38.21,3.22,2012,1,16.119999999999997
2012-01-30,0.0,18.08,1.42,9.49,38.47,2.71,2012,1,16.659999999999997
2012-01-31,0.0,18.75,7.15,11.06,42.17,2.5,2012,1,11.6
2012-02-01,0.0,19.16,3.63,10.42,44.29,3.09,2012,2,15.530000000000001
2012-02-02,0.12,20.74,8.44,13.52,37.85,2.09,2012,2,12.299999999999999
2012-02-03,2.45,13.11,6.11,9.97,68.73,2.28,2012,2,6.999999999999999
2012-02-04,21.02,10.61,5.18,7.74,89.09,2.49,2012,2,5.43
2012-02-05,0.25,16.32,3.63,8.48,69.02,2.44,2012,2,12.690000000000001
2012-02-06,0.0,16.71,2.19,7.89,54.16,3.2,2012,2,14.520000000000001
2012-02-07,0.0,16.45,0.99,7.24,46.0,2.87,2012,2,15.459999999999999
2012-02-08,0.0,16.72,3.27,8.89,39.2,3.02,2012,2,13.45
2012-02-09,0.0,16.12,1.87,8.23,38.45,3.03,2012,2,14.25
2012-02-10,0.0,18.8,4.47,10.62,34.35,2.76,2012,2,14.330000000000002
2012-02-11,2.45,19.3,6.41,11.06,46.8,2.21,2012,2,12.89
2012-02-12,4.16,15.19,4.1,8.25,74.02,2.01,2012,2,11.09
2012-02-13,1.89,14.62,4.11,8.45,78.45,2.66,2012,2,10.509999999999998
2012-02-14,0.03,17.1,2.85,8.49,59.77,3.28,2012,2,14.250000000000002
2012-02-15,0.02,17.91,1.2,8.68,40.38,3.55,2012,2,16.71
2012-02-16,0.0,17.25,4.17,9.77,41.83,2.46,2012,2,13.08
2012-02-17,0.0,15.83,3.06,9.02,48.19,2.44,2012,2,12.77
2012-02-18,0.05,17.71,6.32,10.79,51.11,2.39,2012,2,11.39
2012-02-19,0.45,17.77,5.88,10.53,66.15,1.88,2012,2,11.89
2012-02-20,1.42,15.42,7.69,10.98,80.72,2.39,2012,2,7.7299999999999995
2012-02-21,0.74,19.98,7.05,13.82,71.37,2.18,2012,2,12.93
2012-02-22,1.84,12.26,3.56,8.65,72.71,3.7,2012,2,8.7
2012-02-23,0.0,17.92,1.54,8.34,51.08,3.54,2012,2,16.380000000000003
2012-02-24,0.0,17.58,3.48,8.91,37.77,2.88,2012,2,14.099999999999998
2012-02-25,0.0,19.61,4.78,10.46,39.07,2.75,2012,2,14.829999999999998
2012-02-26,0.0,22.2,3.63,12.5,38.39,3.51,2012,2,18.57
2012-02-27,0.0,21.37,8.96,13.66,53.58,3.2,2012,2,12.41
2012-02-28,0.0,22.7,7.35,14.48,47.97,3.62,2012,2,15.35
2012-02-29,0.0,23.83,7.7,14.69,40.75,2.76,2012,2,16.13
2012-03-01,0.0,23.6,7.89,14.61,39.98,2.85,2012,3,15.71
2012-03-02,0.0,23.78,6.81,14.62,40.79,3.44,2012,3,16.970000000000002
2012-03-03,0.06,25.54,10.31,17.32,41.55,2.26,2012,3,15.229999999999999
2012-03-04,10.28,22.88,12.13,16.21,60.99,3.57,2012,3,10.749999999999998
2012-03-05,0.08,24.61,9.55,16.41,50.26,3.41,2012,3,15.059999999999999
2012-03-06,0.0,24.01,7.94,14.58,39.23,3.31,2012,3,16.07
2012-03-07,0.0,22.16,7.49,14.12,37.8,4.13,2012,3,14.67
2012-03-08,0.03,21.25,9.82,14.59,36.73,2.02,2012,3,11.43
2012-03-09,0.11,21.98,5.71,13.56,39.91,3.03,2012,3,16.27
2012-03-10,0.0,21.92,6.59,13.59,34.04,2.67,2012,3,15.330000000000002
2012-03-11,0.01,17.76,6.01,11.46,46.81,2.78,2012,3,11.750000000000002
2012-03-12,2.22,18.54,7.57,11.95,54.17,3.07,2012,3,10.969999999999999
2012-03-13,0.0,19.37,5.25,12.05,51.45,3.17,2012,3,14.120000000000001
2012-03-14,0.0,22.63,7.9,14.15,41.61,3.2,2012,3,14.729999999999999
2012-03-15,0.0,25.32,8.37,16.09,40.68,3.12,2012,3,16.950000000000003
2012-03-16,0.0,26.23,12.78,18.73,41.83,2.65,2012,3,13.450000000000001
2012-03-17,0.0,27.78,12.58,20.04,41.67,1.91,2012,3,15.200000000000001
2012-03-18,0.0,28.8,13.47,20.15,44.73,2.73,2012,3,15.33
2012-03-19,8.0,29.64,14.92,21.19,47.36,4.85,2012,3,14.72
2012-03-20,0.04,20.41,7.69,13.89,41.99,2.89,2012,3,12.719999999999999
2012-03-21,0.0,23.99,6.51,14.58,31.67,3.04,2012,3,17.479999999999997
2012-03-22,0.0,27.0,10.49,17.49,32.48,2.85,2012,3,16.509999999999998
2012-03-23,0.0,29.3,12.44,20.08,28.82,2.19,2012,3,16.86
2012-03-24,0.01,30.26,12.86,20.69,33.05,3.02,2012,3,17.400000000000002
2012-03-25,2.7,26.78,14.66,19.28,43.4,5.11,2012,3,12.120000000000001
2012-03-26,1.81,26.84,14.02,19.55,52.67,3.34,2012,3,12.82
2012-03-27,0.01,26.88,12.54,18.26,44.71,3.24,2012,3,14.34
2012-03-28,0.01,28.36,12.32,19.63,48.88,3.86,2012,3,16.04
2012-03-29,0.0,30.83,12.71,20.92,41.42,3.65,2012,3,18.119999999999997
2012-03-30,0.0,33.48,13.3,22.83,34.5,3.14,2012,3,20.179999999999996
2012-03-31,0.01,34.07,15.02,23.82,33.76,2.82,2012,3,19.05
2012-04-01,0.4,33.78,17.11,24.27,41.1,2.87,2012,4,16.67
2012-04-02,0.05,30.6,17.74,23.61,48.11,3.54,2012,4,12.860000000000003
2012-04-03,0.0,34.52,17.53,25.31,40.15,3.48,2012,4,16.990000000000002
2012-04-04,0.0,34.5,18.02,26.19,35.05,2.6,2012,4,16.48
2012-04-05,0.0,34.63,18.22,25.74,31.23,3.33,2012,4,16.410000000000004
2012-04-06,0.03,33.69,18.03,24.16,32.75,3.85,2012,4,15.659999999999997
2012-04-07,0.08,33.61,18.22,25.28,32.61,3.29,2012,4,15.39
2012-04-08,0.23,34.67,17.06,25.96,32.27,3.29,2012,4,17.610000000000003
2012-04-09,2.5,33.33,17.12,24.83,47.31,2.86,2012,4,16.209999999999997
2012-04-10,2.4,29.9,19.29,23.55,53.08,2.08,2012,4,10.61
2012-04-11,3.63,23.17,15.78,19.43,63.86,3.06,2012,4,7.390000000000002
2012-04-12,0.87,29.48,13.6,22.04,47.15,2.2,2012,4,15.88
2012-04-13,0.69,29.63,15.67,22.14,47.39,2.4,2012,4,13.959999999999999
2012-04-14,3.86,26.81,15.33,20.98,56.15,2.18,2012,4,11.479999999999999
2012-04-15,0.2,29.44,14.43,22.16,49.55,1.87,2012,4,15.010000000000002
2012-04-16,4.09,29.28,15.62,22.6,50.51,1.97,2012,4,13.660000000000002
2012-04-17,0.0,30.16,16.85,23.25,50.58,2.35,2012,4,13.309999999999999
2012-04-18,0.0,31.59,17.49,24.25,49.88,2.39,2012,4,14.100000000000001
2012-04-19,11.76,30.31,19.8,24.37,54.74,1.8,2012,4,10.509999999999998
2012-04-20,0.97,30.87,18.22,23.99,55.18,3.14,2012,4,12.650000000000002
2012-04-21,14.76,29.06,17.01,22.53,57.84,3.24,2012,4,12.049999999999997
2012-04-22,1.1,28.5,16.69,22.0,56.48,2.09,2012,4,11.809999999999999
2012-04-23,2.04,29.48,15.63,22.81,53.44,1.72,2012,4,13.85
2012-04-24,2.95,31.17,16.34,24.03,50.72,2.2,2012,4,14.830000000000002
2012-04-25,0.26,29.61,18.47,23.77,50.79,2.08,2012,4,11.14
2012-04-26,2.12,27.39,17.73,22.57,55.89,2.31,2012,4,9.66
2012-04-27,0.05,30.66,17.1,23.42,51.49,2.89,2012,4,13.559999999999999
2012-04-28,1.84,23.08,18.84,20.44,62.81,2.39,2012,4,4.239999999999998
2012-04-29,3.04,28.86,17.34,22.91,52.54,2.33,2012,4,11.52
2012-04-30,2.77,30.35,17.63,23.8,43.48,1.94,2012,4,12.720000000000002
2012-05-01,0.23,29.28,15.94,22.75,45.83,2.36,2012,5,13.340000000000002
2012-05-02,2.94,31.26,14.06,23.31,42.93,3.28,2012,5,17.200000000000003
2012-05-03,0.0,33.36,16.3,25.83,36.0,2.35,2012,5,17.06
2012-05-04,0.01,35.11,19.47,27.53,33.09,2.52,2012,5,15.64
2012-05-05,0.0,33.86,18.03,26.43,35.07,2.61,2012,5,15.829999999999998
2012-05-06,0.25,34.29,20.95,27.22,42.65,2.19,2012,5,13.34
2012-05-07,0.03,36.27,22.23,28.33,42.34,2.99,2012,5,14.040000000000003
2012-05-08,0.0,37.3,20.67,28.88,36.68,3.24,2012,5,16.629999999999995
2012-05-09,0.0,34.45,22.43,27.21,38.94,3.46,2012,5,12.020000000000003
2012-05-10,1.63,38.88,22.79,30.92,32.12,2.25,2012,5,16.090000000000003
2012-05-11,3.89,37.35,23.63,30.21,35.72,2.72,2012,5,13.720000000000002
2012-05-12,2.01,35.2,19.64,27.15,41.1,3.96,2012,5,15.560000000000002
2012-05-13,0.65,35.37,19.43,27.26,34.6,2.9,2012,5,15.939999999999998
2012-05-14,0.0,36.89,20.32,29.06,27.64,3.3,2012,5,16.57
2012-05-15,0.09,36.64,20.91,29.34,27.49,2.99,2012,5,15.73
2012-05-16,0.78,38.3,22.38,30.8,24.87,3.05,2012,5,15.919999999999998
2012-05-17,1.88,38.39,24.36,31.52,25.83,1.63,2012,5,14.030000000000001
2012-05-18,0.11,37.68,23.25,29.79,25.6,4.23,2012,5,14.43
2012-05-19,0.01,39.18,20.8,30.14,21.96,3.14,2012,5,18.38
2012-05-20,0.11,38.92,22.64,30.64,19.81,3.1,2012,5,16.28
2012-05-21,1.07,36.1,21.25,28.7,29.86,4.2,2012,5,14.850000000000001
2012-05-22,0.56,37.15,22.72,29.38,23.82,3.11,2012,5,14.43
2012-05-23,0.15,39.2,19.52,29.78,21.19,3.58,2012,5,19.680000000000003
2012-05-24,0.0,40.47,21.59,31.43,19.5,3.54,2012,5,18.88
2012-05-25,1.95,34.38,24.5,29.13,30.12,3.71,2012,5,9.880000000000003
2012-05-26,0.0,36.88,22.98,29.6,29.5,4.08,2012,5,13.900000000000002
2012-05-27,0.0,39.14,21.67,30.68,24.68,3.46,2012,5,17.47
2012-05-28,0.0,41.22,24.7,33.33,17.98,2.85,2012,5,16.52
2012-05-29,0.0,43.17,24.16,34.1,15.36,3.34,2012,5,19.01
2012-05-30,0.0,44.38,24.49,35.15,14.75,4.04,2012,5,19.890000000000004
2012-05-31,0.01,44.18,27.65,36.13,17.02,3.27,2012,5,16.53
2012-06-01,0.04,43.76,26.07,35.46,15.47,2.87,2012,6,17.689999999999998
2012-06-02,0.0,43.1,27.29,35.19,12.13,3.81,2012,6,15.810000000000002
2012-06-03,0.03,42.98,26.4,34.88,12.49,3.37,2012,6,16.58
2012-06-04,0.03,43.59,28.02,36.04,8.53,2.79,2012,6,15.570000000000004
2012-06-05,0.0,43.54,28.22,35.57,7.9,2.03,2012,6,15.32
2012-06-06,1.09,34.64,25.38,30.33,20.37,2.57,2012,6,9.260000000000002
2012-06-07,2.86,37.99,23.37,31.4,25.44,2.55,2012,6,14.620000000000001
2012-06-08,2.5,38.13,24.43,31.47,31.25,2.7,2012,6,13.700000000000003
2012-06-09,0.02,39.78,24.5,32.69,26.34,2.52,2012,6,15.280000000000001
2012-06-10,0.55,41.38,24.53,33.41,21.16,3.02,2012,6,16.85
2012-06-11,0.2,39.81,25.14,33.18,21.9,3.03,2012,6,14.670000000000002
2012-06-12,1.25,40.87,24.98,33.59,19.04,2.22,2012,6,15.889999999999997
2012-06-13,0.09,40.97,26.43,33.97,19.16,2.14,2012,6,14.54
2012-06-14,0.0,42.66,26.57,35.33,15.36,2.85,2012,6,16.089999999999996
2012-06-15,0.0,43.9,26.22,35.98,15.61,2.75,2012,6,17.68
2012-06-16,0.0,44.09,28.55,36.59,14.09,2.79,2012,6,15.540000000000003
2012-06-17,0.0,44.97,28.94,36.79,13.12,2.04,2012,6,16.029999999999998
2012-06-18,0.0,43.73,30.27,36.63,15.8,3.34,2012,6,13.459999999999997
2012-06-19,0.0,42.05,27.38,35.09,21.19,3.68,2012,6,14.669999999999998
2012-06-20,0.0,43.75,29.61,37.09,15.84,2.18,2012,6,14.14
2012-06-21,0.0,45.21,31.0,38.35,13.9,2.61,2012,6,14.21
2012-06-22,0.0,45.65,31.06,38.91,13.76,1.63,2012,6,14.59
2012-06-23,0.0,43.8,30.98,37.12,18.19,4.4,2012,6,12.819999999999997
2012-06-24,0.01,44.12,29.25,37.39,15.55,2.42,2012,6,14.869999999999997
2012-06-25,0.11,40.99,29.69,35.68,19.8,2.32,2012,6,11.3
2012-06-26,3.55,40.92,26.39,34.04,25.3,2.85,2012,6,14.530000000000001
2012-06-27,0.01,40.63,26.16,33.91,22.46,2.33,2012,6,14.470000000000002
2012-06-28,2.45,40.66,26.0,33.85,24.05,2.24,2012,6,14.659999999999997
2012-06-29,0.1,42.34,26.36,34.98,23.88,2.35,2012,6,15.980000000000004
2012-06-30,0.04,43.87,28.31,36.57,20.51,1.88,2012,6,15.559999999999999
2012-07-01,0.0,44.98,28.01,37.58,18.13,2.11,2012,7,16.969999999999995
2012-07-02,0.0,45.63,30.16,38.51,17.33,2.04,2012,7,15.470000000000002
2012-07-03,0.0,46.12,31.33,39.24,16.65,1.66,2012,7,14.79
2012-07-04,0.0,45.44,32.34,38.59,17.73,1.64,2012,7,13.099999999999994
2012-07-05,5.54,41.61,29.97,35.87,31.05,2.79,2012,7,11.64
2012-07-06,3.66,41.35,28.27,34.66,37.84,2.31,2012,7,13.080000000000002
2012-07-07,17.34,36.9,27.56,31.79,55.49,2.71,2012,7,9.34
2012-07-08,0.01,38.99,25.42,31.86,52.38,2.06,2012,7,13.57
2012-07-09,4.85,37.87,26.36,32.39,51.52,1.43,2012,7,11.509999999999998
2012-07-10,0.02,39.96,27.03,33.62,51.41,1.92,2012,7,12.93
2012-07-11,17.66,36.82,28.24,32.43,58.91,1.22,2012,7,8.580000000000002
2012-07-12,17.05,35.47,27.53,31.08,65.6,1.65,2012,7,7.939999999999998
2012-07-13,11.14,35.4,26.39,30.82,65.63,1.74,2012,7,9.009999999999998
2012-07-14,2.87,35.19,26.79,30.95,58.79,1.12,2012,7,8.399999999999999
2012-07-15,3.8,35.29,24.99,30.47,56.29,1.56,2012,7,10.3
2012-07-16,0.24,37.53,25.7,31.64,50.44,2.12,2012,7,11.830000000000002
2012-07-17,0.05,39.33,26.1,32.64,49.59,2.82,2012,7,13.229999999999997
2012-07-18,0.08,40.98,26.38,34.04,45.8,2.25,2012,7,14.599999999999998
2012-07-19,4.34,40.47,26.41,33.5,40.86,2.1,2012,7,14.059999999999999
2012-07-20,3.27,38.96,25.39,32.78,44.45,1.77,2012,7,13.57
2012-07-21,3.66,37.87,26.26,32.22,51.02,1.79,2012,7,11.609999999999996
2012-07-22,0.0,40.02,26.5,33.18,50.3,2.47,2012,7,13.520000000000003
2012-07-23,0.01,40.67,27.99,33.81,45.33,2.26,2012,7,12.680000000000003
2012-07-24,0.16,41.46,28.2,34.3,41.87,1.91,2012,7,13.260000000000002
2012-07-25,9.53,38.4,26.93,32.9,49.5,1.78,2012,7,11.469999999999999
2012-07-26,8.93,36.5,26.82,31.47,57.54,2.08,2012,7,9.68
2012-07-27,0.01,38.22,26.34,31.82,53.42,2.49,2012,7,11.879999999999999
2012-07-28,0.0,39.73,26.67,32.81,45.65,2.24,2012,7,13.059999999999995
2012-07-29,0.24,39.29,25.68,32.88,47.97,2.08,2012,7,13.61
2012-07-30,3.75,38.26,26.77,32.56,54.96,2.4,2012,7,11.489999999999998
2012-07-31,10.66,37.19,27.03,32.08,57.04,2.2,2012,7,10.159999999999997
2012-08-01,5.05,36.91,27.27,32.55,56.45,1.93,2012,8,9.639999999999997
2012-08-02,3.3,38.17,28.27,33.66,55.08,1.72,2012,8,9.900000000000002
2012-08-03,7.04,38.57,28.51,33.16,51.31,1.93,2012,8,10.059999999999999
2012-08-04,49.88,34.13,25.62,30.1,61.67,2.15,2012,8,8.510000000000002
2012-08-05,1.49,33.72,24.37,29.12,60.92,2.04,2012,8,9.349999999999998
2012-08-06,0.01,35.63,23.06,29.93,54.91,1.71,2012,8,12.570000000000004
2012-08-07,0.0,37.17,26.29,31.66,49.4,1.86,2012,8,10.880000000000003
2012-08-08,3.95,37.05,25.36,31.6,55.57,2.17,2012,8,11.689999999999998
2012-08-09,11.81,36.12,25.46,30.8,62.02,2.15,2012,8,10.659999999999997
2012-08-10,8.77,34.03,25.72,30.1,61.17,1.0,2012,8,8.310000000000002
2012-08-11,1.47,34.88,25.3,30.35,58.08,1.14,2012,8,9.580000000000002
2012-08-12,0.04,35.74,25.82,30.92,53.62,1.31,2012,8,9.920000000000002
2012-08-13,1.49,36.02,24.88,30.89,54.52,1.69,2012,8,11.140000000000004
2012-08-14,6.39,35.38,25.3,30.21,62.26,1.77,2012,8,10.080000000000002
2012-08-15,8.83,33.68,25.09,29.25,71.38,1.78,2012,8,8.59
2012-08-16,0.12,35.9,25.17,30.49,64.0,1.88,2012,8,10.729999999999997
2012-08-17,0.0,36.27,26.23,31.39,60.69,1.56,2012,8,10.040000000000003
2012-08-18,0.0,37.66,26.65,32.13,61.07,2.05,2012,8,11.009999999999998
2012-08-19,11.22,36.43,27.75,31.32,64.11,1.54,2012,8,8.68
2012-08-20,77.1,31.34,25.49,28.41,80.5,2.6,2012,8,5.850000000000001
2012-08-21,33.02,31.6,25.3,28.55,79.54,1.54,2012,8,6.300000000000001
2012-08-22,16.47,31.18,24.68,27.58,83.02,2.94,2012,8,6.5
2012-08-23,15.49,29.74,23.83,26.86,82.97,1.71,2012,8,5.91
2012-08-24,15.4,30.97,24.96,28.15,78.68,1.77,2012,8,6.009999999999998
2012-08-25,27.73,31.71,24.85,28.25,79.94,2.1,2012,8,6.859999999999999
2012-08-26,1.91,30.44,24.84,27.53,78.86,1.86,2012,8,5.600000000000001
2012-08-27,2.81,31.34,23.63,27.8,75.24,1.53,2012,8,7.710000000000001
2012-08-28,0.96,30.83,23.87,27.29,77.88,1.53,2012,8,6.959999999999997
2012-08-29,0.29,32.53,23.49,28.29,73.24,1.62,2012,8,9.040000000000003
2012-08-30,2.45,31.54,24.54,28.25,74.03,2.25,2012,8,7.0
2012-08-31,3.73,31.43,24.17,28.04,75.52,1.8,2012,8,7.259999999999998
2012-09-01,2.95,31.52,24.6,27.97,75.68,1.33,2012,9,6.919999999999998
2012-09-02,25.51,31.34,25.03,27.94,78.24,1.68,2012,9,6.309999999999999
2012-09-03,7.63,31.47,24.35,27.74,78.85,1.92,2012,9,7.119999999999997
2012-09-04,13.38,30.56,23.58,27.17,78.51,1.7,2012,9,6.98
2012-09-05,5.58,29.07,23.48,26.2,81.77,1.72,2012,9,5.59
2012-09-06,1.84,30.27,22.56,26.1,77.89,1.68,2012,9,7.710000000000001
2012-09-07,7.31,29.43,22.73,25.93,76.81,2.23,2012,9,6.699999999999999
2012-09-08,3.8,31.65,22.69,27.04,66.93,2.38,2012,9,8.959999999999997
2012-09-09,2.93,27.35,22.47,25.09,80.33,1.77,2012,9,4.880000000000003
2012-09-10,1.27,30.45,22.2,25.75,80.41,2.09,2012,9,8.25
2012-09-11,0.02,31.81,22.52,27.16,74.54,1.75,2012,9,9.29
2012-09-12,0.0,31.91,23.94,28.28,70.6,1.56,2012,9,7.969999999999999
2012-09-13,6.99,31.49,25.52,28.63,72.84,1.78,2012,9,5.969999999999999
2012-09-14,5.45,31.78,24.98,28.05,75.27,1.85,2012,9,6.800000000000001
2012-09-15,2.04,31.78,24.97,28.04,70.39,1.75,2012,9,6.810000000000002
2012-09-16,3.98,30.88,21.78,26.45,71.03,1.86,2012,9,9.099999999999998
2012-09-17,18.84,29.16,22.25,25.72,74.89,2.03,2012,9,6.91
2012-09-18,0.65,28.34,19.92,24.52,75.02,2.46,2012,9,8.419999999999998
2012-09-19,0.0,28.87,18.32,23.78,64.01,2.46,2012,9,10.55
2012-09-20,0.0,30.15,18.87,24.73,62.01,2.36,2012,9,11.279999999999998
2012-09-21,0.0,30.38,20.56,25.36,56.81,2.4,2012,9,9.82
2012-09-22,0.0,30.36,20.08,24.75,56.93,2.1,2012,9,10.280000000000001
2012-09-23,0.07,29.92,18.77,24.53,59.06,2.6,2012,9,11.150000000000002
2012-09-24,0.0,30.21,19.01,24.47,58.73,2.28,2012,9,11.2
2012-09-25,0.0,29.49,19.51,24.38,59.11,1.89,2012,9,9.979999999999997
2012-09-26,0.02,30.11,19.68,24.38,57.88,2.03,2012,9,10.43
2012-09-27,0.0,30.32,18.35,23.75,59.74,3.22,2012,9,11.969999999999999
2012-09-28,0.0,30.48,18.51,24.76,49.37,2.15,2012,9,11.969999999999999
2012-09-29,0.0,31.55,20.33,25.75,47.72,2.06,2012,9,11.220000000000002
2012-09-30,0.0,31.84,20.69,25.42,53.3,2.51,2012,9,11.149999999999999
2012-10-01,0.0,32.06,20.38,25.54,45.49,2.24,2012,10,11.680000000000003
2012-10-02,0.0,32.04,20.04,25.5,42.86,2.38,2012,10,12.0
2012-10-03,0.0,31.88,18.38,24.76,47.76,2.26,2012,10,13.5
2012-10-04,0.0,30.16,17.62,23.45,47.95,2.7,2012,10,12.54
2012-10-05,0.0,31.24,16.12,23.31,44.91,2.78,2012,10,15.119999999999997
2012-10-06,0.0,30.99,16.15,23.14,46.91,2.52,2012,10,14.84
2012-10-07,0.0,31.01,17.27,23.74,47.33,2.36,2012,10,13.740000000000002
2012-10-08,0.0,30.88,18.93,24.29,45.34,2.09,2012,10,11.95
2012-10-09,0.0,30.17,18.56,23.74,44.85,2.29,2012,10,11.610000000000003
2012-10-10,0.01,29.55,17.46,22.97,47.36,2.04,2012,10,12.09
2012-10-11,0.0,29.49,16.76,22.86,49.42,2.33,2012,10,12.729999999999997
2012-10-12,0.0,30.11,18.29,23.53,46.3,2.15,2012,10,11.82
2012-10-13,0.11,30.04,17.15,22.86,51.71,2.41,2012,10,12.89
2012-10-14,0.61,30.65,16.09,22.81,49.21,2.78,2012,10,14.559999999999999
2012-10-15,6.53,25.07,15.34,19.66,62.43,2.96,2012,10,9.73
2012-10-16,0.36,26.95,15.12,20.35,55.63,1.8,2012,10,11.83
2012-10-17,0.0,27.47,14.46,20.14,57.35,2.55,2012,10,13.009999999999998
2012-10-18,0.0,28.72,14.98,20.99,51.55,2.75,2012,10,13.739999999999998
2012-10-19,3.26,27.58,15.24,19.95,58.17,2.9,2012,10,12.339999999999998
2012-10-20,0.06,26.56,14.76,19.59,61.56,2.76,2012,10,11.799999999999999
2012-10-21,0.0,27.18,14.69,19.78,52.04,2.75,2012,10,12.49
2012-10-22,0.0,27.39,12.76,19.38,47.65,3.12,2012,10,14.63
2012-10-23,0.0,26.56,14.33,19.23,44.98,2.65,2012,10,12.229999999999999
2012-10-24,0.79,26.49,11.63,18.01,47.8,3.21,2012,10,14.859999999999998
2012-10-25,0.0,26.0,12.21,18.39,39.32,2.65,2012,10,13.79
2012-10-26,0.0,26.62,11.65,18.61,42.5,2.55,2012,10,14.97
2012-10-27,0.0,26.9,12.22,19.0,45.14,2.52,2012,10,14.679999999999998
2012-10-28,0.0,27.34,14.28,19.68,46.05,2.31,2012,10,13.06
2012-10-29,0.0,28.28,13.74,19.98,47.5,2.78,2012,10,14.540000000000001
2012-10-30,0.0,28.58,13.66,20.59,46.28,2.45,2012,10,14.919999999999998
2012-10-31,0.0,28.7,15.2,20.79,44.88,1.86,2012,10,13.5
2012-11-01,0.0,28.79,13.72,20.58,44.06,2.3,2012,11,15.069999999999999
2012-11-02,0.0,28.13,13.03,19.77,45.88,2.21,2012,11,15.1
2012-11-03,0.0,27.84,15.22,20.11,44.99,2.87,2012,11,12.62
2012-11-04,0.0,27.29,14.49,19.81,42.6,2.34,2012,11,12.799999999999999
2012-11-05,0.0,27.6,15.28,20.45,42.79,1.99,2012,11,12.320000000000002
2012-11-06,0.0,26.68,12.44,18.63,46.82,2.86,2012,11,14.24
2012-11-07,0.0,25.8,12.73,18.05,42.73,2.7,2012,11,13.07
2012-11-08,0.0,25.95,11.07,17.74,40.55,2.56,2012,11,14.879999999999999
2012-11-09,0.0,25.28,10.81,17.45,43.5,2.3,2012,11,14.47
2012-11-10,0.0,26.62,12.33,17.69,46.26,2.67,2012,11,14.290000000000001
2012-11-11,0.0,25.83,12.19,17.91,42.91,2.55,2012,11,13.639999999999999
2012-11-12,0.0,24.51,10.78,17.16,41.64,2.01,2012,11,13.730000000000002
2012-11-13,0.0,24.85,11.42,16.65,43.82,2.69,2012,11,13.430000000000001
2012-11-14,0.0,24.4,10.66,15.94,43.94,3.11,2012,11,13.739999999999998
2012-11-15,0.0,25.26,10.8,16.59,31.77,2.57,2012,11,14.46
2012-11-16,0.0,25.3,12.24,17.62,26.4,1.81,2012,11,13.06
2012-11-17,0.05,24.98,10.14,16.21,37.52,2.56,2012,11,14.84
2012-11-18,0.08,23.76,10.63,16.29,47.14,3.09,2012,11,13.13
2012-11-19,0.0,24.16,11.01,15.94,40.94,2.95,2012,11,13.15
2012-11-20,0.0,24.18,8.38,14.98,35.6,3.33,2012,11,15.799999999999999
2012-11-21,0.0,23.47,11.02,15.81,33.27,2.47,2012,11,12.45
2012-11-22,0.0,25.79,11.93,16.99,32.0,2.61,2012,11,13.86
2012-11-23,0.0,22.47,11.7,15.75,36.37,2.14,2012,11,10.77
2012-11-24,0.0,21.25,8.92,14.21,49.81,3.1,2012,11,12.33
2012-11-25,0.0,21.97,6.8,13.34,46.57,3.16,2012,11,15.169999999999998
2012-11-26,0.0,22.81,8.76,14.82,39.4,2.89,2012,11,14.049999999999999
2012-11-27,0.0,23.31,8.44,15.29,38.67,2.88,2012,11,14.87
2012-11-28,4.84,20.96,10.52,15.37,45.95,2.08,2012,11,10.440000000000001
2012-11-29,0.61,20.56,8.61,13.49,61.74,3.14,2012,11,11.95
2012-11-30,0.31,21.2,6.65,11.69,48.01,3.66,2012,11,14.549999999999999
2012-12-01,0.0,22.64,7.59,13.38,32.29,2.32,2012,12,15.05
2012-12-02,0.0,23.05,7.83,13.83,30.66,2.13,2012,12,15.22
2012-12-03,0.0,23.58,6.87,13.55,32.76,2.68,2012,12,16.709999999999997
2012-12-04,0.0,24.55,7.57,14.95,28.92,2.87,2012,12,16.98
2012-12-05,0.0,23.05,10.3,14.77,32.47,2.56,2012,12,12.75
2012-12-06,0.0,24.05,9.79,14.72,33.07,2.93,2012,12,14.260000000000002
2012-12-07,0.0,24.22,10.46,15.44,33.15,3.42,2012,12,13.759999999999998
2012-12-08,0.0,25.0,10.92,16.32,37.82,3.35,2012,12,14.08
2012-12-09,0.0,24.75,9.99,15.67,36.73,2.9,2012,12,14.76
2012-12-10,0.0,22.4,11.69,15.78,34.94,2.2,2012,12,10.709999999999999
2012-12-11,0.43,19.66,9.78,13.81,40.34,2.01,2012,12,9.88
2012-12-12,0.13,19.32,7.36,12.4,45.59,2.41,2012,12,11.96
2012-12-13,25.59,11.98,7.13,9.19,70.54,2.68,2012,12,4.8500000000000005
2012-12-14,1.2,13.92,7.5,9.94,83.72,1.73,2012,12,6.42
2012-12-15,1.28,15.66,6.47,10.43,74.6,1.74,2012,12,9.190000000000001
2012-12-16,0.0,17.58,6.27,10.31,62.29,2.47,2012,12,11.309999999999999
2012-12-17,0.1,18.89,4.63,10.05,54.95,3.36,2012,12,14.260000000000002
2012-12-18,0.24,18.98,6.11,11.1,59.12,3.31,2012,12,12.870000000000001
2012-12-19,0.0,19.69,5.0,10.54,45.58,4.19,2012,12,14.690000000000001
2012-12-20,0.0,22.09,6.53,11.74,35.81,3.68,2012,12,15.559999999999999
2012-12-21,0.0,22.52,5.26,11.88,36.51,3.72,2012,12,17.259999999999998
2012-12-22,0.0,22.75,5.23,12.39,34.42,3.12,2012,12,17.52
2012-12-23,0.0,22.02,9.33,13.82,36.3,1.99,2012,12,12.69
2012-12-24,0.0,20.25,7.6,12.41,45.79,2.77,2012,12,12.65
2012-12-25,0.0,21.35,6.71,11.71,49.53,3.6,2012,12,14.64
2012-12-26,0.0,20.8,6.7,12.49,35.57,3.1,2012,12,14.100000000000001
2012-12-27,4.98,21.18,8.33,13.02,41.08,1.99,2012,12,12.85
2012-12-28,16.17,13.82,6.1,9.11,74.95,2.73,2012,12,7.720000000000001
2012-12-29,0.07,15.39,5.91,9.48,71.66,2.58,2012,12,9.48
2012-12-30,0.0,19.91,5.86,11.0,52.69,3.49,2012,12,14.05
2012-12-31,0.0,19.48,3.8,10.0,41.99,2.94,2012,12,15.68
2013-01-01,0.0,17.36,6.43,11.21,35.94,1.6,2013,1,10.93
2013-01-02,0.0,17.35,1.54,8.05,45.47,3.35,2013,1,15.810000000000002
2013-01-03,0.0,16.95,4.98,9.25,39.13,1.99,2013,1,11.969999999999999
2013-01-04,0.0,16.03,3.62,7.77,44.09,3.25,2013,1,12.41
2013-01-05,0.0,16.39,3.06,7.87,39.23,2.47,2013,1,13.33
2013-01-06,0.0,15.13,3.49,7.64,38.71,1.62,2013,1,11.64
2013-01-07,0.0,15.17,1.67,6.49,44.95,3.04,2013,1,13.5
2013-01-08,0.02,12.4,1.5,6.08,45.21,3.11,2013,1,10.9
2013-01-09,0.02,16.89,3.05,8.07,59.35,3.2,2013,1,13.84
2013-01-10,0.0,18.25,2.75,8.7,49.48,4.3,2013,1,15.5
2013-01-11,0.23,19.12,4.56,11.23,38.69,3.16,2013,1,14.560000000000002
2013-01-12,3.1,17.56,6.7,11.2,76.43,3.54,2013,1,10.86
2013-01-13,0.0,18.75,4.21,9.44,50.07,3.92,2013,1,14.54
2013-01-14,0.0,18.86,4.68,10.07,36.79,2.43,2013,1,14.18
2013-01-15,0.0,18.55,6.06,11.26,34.88,1.8,2013,1,12.490000000000002
2013-01-16,0.0,17.58,5.38,10.31,39.39,2.31,2013,1,12.2
2013-01-17,6.26,11.07,6.4,8.01,73.07,2.37,2013,1,4.67
2013-01-18,1.87,15.14,5.81,9.22,62.07,2.26,2013,1,9.330000000000002
2013-01-19,0.0,16.21,2.28,7.81,52.86,3.35,2013,1,13.930000000000001
2013-01-20,0.0,16.94,1.54,7.55,43.64,3.85,2013,1,15.400000000000002
2013-01-21,0.0,19.27,0.35,8.12,37.03,3.21,2013,1,18.919999999999998
2013-01-22,0.0,19.17,1.83,9.39,36.91,2.9,2013,1,17.340000000000003
2013-01-23,0.0,16.11,5.33,10.07,51.87,3.06,2013,1,10.78
2013-01-24,0.0,19.95,2.75,9.74,47.12,2.79,2013,1,17.2
2013-01-25,0.0,20.82,3.3,10.66,39.26,3.14,2013,1,17.52
2013-01-26,0.0,21.16,4.23,11.01,35.58,3.79,2013,1,16.93
2013-01-27,0.0,20.79,3.84,11.39,37.15,3.05,2013,1,16.95
2013-01-28,0.0,23.41,6.58,13.41,38.49,2.94,2013,1,16.83
2013-01-29,0.0,22.51,7.27,13.66,38.09,2.77,2013,1,15.240000000000002
2013-01-30,0.0,18.91,8.01,12.42,42.87,2.06,2013,1,10.9
2013-01-31,0.0,21.98,8.46,13.55,51.14,3.58,2013,1,13.52
2013-02-01,0.0,22.03,7.27,13.68,55.41,2.47,2013,2,14.760000000000002
2013-02-02,0.0,18.26,7.73,12.35,68.01,2.69,2013,2,10.530000000000001
2013-02-03,12.72,14.06,6.98,10.34,77.42,2.53,2013,2,7.08
2013-02-04,62.75,13.71,9.41,10.75,94.52,4.61,2013,2,4.300000000000001
2013-02-05,25.42,14.92,8.92,11.2,91.7,3.18,2013,2,6.0
2013-02-06,0.04,16.86,5.26,10.05,73.81,3.41,2013,2,11.6
2013-02-07,0.0,17.89,2.83,9.24,55.39,3.31,2013,2,15.06
2013-02-08,0.0,19.47,-0.03,9.3,46.3,2.94,2013,2,19.5
2013-02-09,0.0,19.97,3.47,11.31,43.28,2.65,2013,2,16.5
2013-02-10,0.0,20.84,6.1,12.63,43.62,2.1,2013,2,14.74
2013-02-11,0.0,19.82,7.84,12.36,50.83,2.32,2013,2,11.98
2013-02-12,0.0,20.66,8.55,13.45,50.18,2.55,2013,2,12.11
2013-02-13,0.0,21.12,8.46,13.36,53.42,2.99,2013,2,12.66
2013-02-14,1.59,16.83,8.61,12.41,67.65,3.2,2013,2,8.219999999999999
2013-02-15,0.43,18.1,8.02,11.57,77.62,2.45,2013,2,10.080000000000002
2013-02-16,0.08,19.17,7.42,12.18,67.13,2.1,2013,2,11.750000000000002
2013-02-17,0.02,19.19,7.4,12.17,59.89,2.54,2013,2,11.790000000000001
2013-02-18,0.47,19.31,7.31,12.36,52.89,2.99,2013,2,12.0
2013-02-19,0.0,19.63,7.51,12.36,57.11,3.08,2013,2,12.12
2013-02-20,0.0,21.28,8.12,13.46,58.53,3.21,2013,2,13.160000000000002
2013-02-21,15.47,16.07,9.5,12.22,70.66,2.53,2013,2,6.57
2013-02-22,7.53,14.52,10.31,12.09,91.2,2.37,2013,2,4.209999999999999
2013-02-23,0.07,19.24,8.85,12.9,70.5,2.43,2013,2,10.389999999999999
2013-02-24,0.0,20.4,6.1,12.96,63.23,2.44,2013,2,14.299999999999999
2013-02-25,0.01,20.35,10.01,15.13,61.87,2.13,2013,2,10.340000000000002
2013-02-26,23.59,19.23,10.07,14.06,74.0,3.1,2013,2,9.16
2013-02-27,12.87,16.07,8.63,12.93,76.33,5.27,2013,2,7.4399999999999995
2013-02-28,0.04,19.53,7.03,12.19,68.6,2.86,2013,2,12.5
2013-03-01,0.0,21.48,4.29,11.9,54.9,4.87,2013,3,17.19
2013-03-02,0.0,23.85,6.6,14.23,50.57,4.03,2013,3,17.25
2013-03-03,0.0,24.96,9.59,16.51,46.67,3.48,2013,3,15.370000000000001
2013-03-04,0.0,25.55,12.5,18.66,43.88,2.73,2013,3,13.05
2013-03-05,0.0,25.35,11.91,17.61,52.93,3.16,2013,3,13.440000000000001
2013-03-06,0.0,25.95,11.89,17.83,50.23,3.45,2013,3,14.059999999999999
2013-03-07,0.0,26.1,11.11,18.35,47.01,2.83,2013,3,14.990000000000002
2013-03-08,0.0,25.95,13.14,19.11,49.03,2.09,2013,3,12.809999999999999
2013-03-09,0.36,25.82,14.24,19.15,54.64,2.94,2013,3,11.58
2013-03-10,0.0,25.45,12.08,17.58,53.8,3.41,2013,3,13.37
2013-03-11,0.0,26.52,13.83,19.5,48.83,1.83,2013,3,12.69
2013-03-12,0.65,26.01,14.45,19.9,52.66,1.68,2013,3,11.560000000000002
2013-03-13,6.72,21.0,14.05,17.26,70.57,1.84,2013,3,6.949999999999999
2013-03-14,14.85,19.88,11.71,15.67,81.35,2.87,2013,3,8.169999999999998
2013-03-15,0.01,22.6,11.11,15.92,68.87,2.78,2013,3,11.490000000000002
2013-03-16,0.39,24.45,10.79,16.72,58.96,2.5,2013,3,13.66
2013-03-17,1.41,24.18,11.22,17.09,62.96,3.22,2013,3,12.959999999999999
2013-03-18,0.0,25.5,12.87,18.33,61.26,3.3,2013,3,12.63
2013-03-19,0.0,27.23,12.58,19.38,59.31,3.17,2013,3,14.65
2013-03-20,0.45,25.09,14.28,18.61,65.78,3.28,2013,3,10.81
2013-03-21,0.01,26.08,12.86,18.26,62.12,3.75,2013,3,13.219999999999999
2013-03-22,0.3,27.37,12.38,19.0,53.72,2.9,2013,3,14.99
2013-03-23,17.22,22.85,13.42,17.35,66.38,3.53,2013,3,9.430000000000001
2013-03-24,14.37,21.08,12.67,16.61,73.62,4.28,2013,3,8.409999999999998
2013-03-25,0.0,24.83,10.85,16.99,63.91,3.06,2013,3,13.979999999999999
2013-03-26,0.0,24.94,11.23,18.26,53.15,2.72,2013,3,13.71
2013-03-27,0.0,27.25,15.83,20.28,53.79,2.22,2013,3,11.42
2013-03-28,0.04,24.9,14.95,19.18,60.55,2.81,2013,3,9.95
2013-03-29,0.06,24.38,12.97,18.64,66.33,2.85,2013,3,11.409999999999998
2013-03-30,0.0,26.83,13.5,19.79,61.23,2.59,2013,3,13.329999999999998
2013-03-31,0.0,28.17,14.46,20.91,54.82,3.01,2013,3,13.71
2013-04-01,0.68,29.25,14.32,21.65,49.93,2.75,2013,4,14.93
2013-04-02,19.38,27.07,16.21,21.03,56.4,2.1,2013,4,10.86
2013-04-03,0.12,26.71,13.62,19.28,61.78,3.53,2013,4,13.090000000000002
2013-04-04,0.09,26.99,12.57,19.29,53.69,3.45,2013,4,14.419999999999998
2013-04-05,0.1,27.88,11.93,19.81,51.47,3.67,2013,4,15.95
2013-04-06,0.0,29.55,12.88,21.32,44.99,3.32,2013,4,16.67
2013-04-07,0.0,28.09,14.6,21.43,55.35,2.89,2013,4,13.49
2013-04-08,0.01,29.73,15.77,21.68,56.54,3.39,2013,4,13.96
2013-04-09,1.35,31.31,17.04,23.6,52.46,2.53,2013,4,14.27
2013-04-10,1.25,29.99,16.03,21.78,54.88,2.84,2013,4,13.959999999999997
2013-04-11,0.0,30.53,15.49,22.36,57.38,3.21,2013,4,15.040000000000001
2013-04-12,0.0,30.05,16.81,22.78,55.89,2.98,2013,4,13.240000000000002
2013-04-13,0.01,32.78,17.38,24.61,50.51,2.34,2013,4,15.400000000000002
2013-04-14,0.29,31.59,19.3,24.7,50.64,2.71,2013,4,12.29
2013-04-15,0.34,32.47,18.28,25.25,46.24,2.59,2013,4,14.189999999999998
2013-04-16,16.33,30.1,17.7,23.27,55.96,3.65,2013,4,12.400000000000002
2013-04-17,0.01,31.6,14.89,22.86,44.65,3.02,2013,4,16.71
2013-04-18,0.0,32.34,14.67,23.59,39.95,3.36,2013,4,17.67
2013-04-19,0.0,33.32,16.52,24.84,42.15,2.87,2013,4,16.8
2013-04-20,1.18,32.53,18.88,24.32,48.93,2.48,2013,4,13.650000000000002
2013-04-21,3.58,27.14,17.14,22.04,55.13,3.08,2013,4,10.0
2013-04-22,1.93,29.98,15.26,22.25,58.02,3.36,2013,4,14.72
2013-04-23,0.0,29.1,17.68,22.92,57.8,2.54,2013,4,11.420000000000002
2013-04-24,1.08,30.92,17.26,22.85,57.14,3.74,2013,4,13.66
2013-04-25,2.72,30.28,17.35,23.4,55.39,3.28,2013,4,12.93
2013-04-26,8.83,30.76,17.53,23.57,57.67,2.05,2013,4,13.23
2013-04-27,0.06,30.84,16.67,23.12,56.62,3.68,2013,4,14.169999999999998
2013-04-28,0.0,30.09,17.56,23.46,50.21,2.86,2013,4,12.530000000000001
2013-04-29,0.0,32.16,18.53,24.81,41.59,2.2,2013,4,13.629999999999995
2013-04-30,0.28,34.08,16.59,25.14,40.66,3.24,2013,4,17.49
2013-05-01,0.01,31.7,16.49,23.66,40.49,4.27,2013,5,15.21
2013-05-02,0.0,33.4,16.61,24.66,38.3,3.7,2013,5,16.79
2013-05-03,0.0,34.46,17.82,25.69,35.47,3.44,2013,5,16.64
2013-05-04,0.21,35.74,19.38,27.18,36.7,3.4,2013,5,16.360000000000003
2013-05-05,0.11,34.86,19.44,26.76,41.14,4.05,2013,5,15.419999999999998
2013-05-06,0.08,35.16,19.01,26.69,39.8,3.0,2013,5,16.149999999999995
2013-05-07,0.02,35.9,18.91,27.19,38.56,3.69,2013,5,16.99
2013-05-08,0.03,35.57,19.81,27.86,39.79,3.67,2013,5,15.760000000000002
2013-05-09,0.0,37.03,20.52,29.19,35.02,3.4,2013,5,16.51
2013-05-10,0.19,34.1,23.46,28.74,35.43,1.62,2013,5,10.64
2013-05-11,0.05,34.79,21.44,27.8,41.12,2.47,2013,5,13.349999999999998
2013-05-12,6.85,31.5,21.62,26.35,47.69,2.23,2013,5,9.879999999999999
2013-05-13,0.11,32.78,19.85,26.07,48.92,2.97,2013,5,12.93
2013-05-14,0.24,34.61,19.14,26.97,43.58,3.69,2013,5,15.469999999999999
2013-05-15,0.03,36.05,18.84,27.99,41.45,3.72,2013,5,17.209999999999997
2013-05-16,0.16,38.36,21.2,29.52,34.99,3.1,2013,5,17.16
2013-05-17,0.0,40.06,21.46,31.15,23.91,3.1,2013,5,18.6
2013-05-18,0.0,42.57,22.71,32.49,20.91,3.21,2013,5,19.86
2013-05-19,0.0,42.79,23.16,33.22,19.68,2.73,2013,5,19.63
2013-05-20,0.12,42.55,25.97,34.05,19.73,2.77,2013,5,16.58
2013-05-21,0.0,42.72,25.56,33.95,18.38,4.15,2013,5,17.16
2013-05-22,0.0,43.2,26.03,34.44,18.74,4.32,2013,5,17.17
2013-05-23,0.0,45.07,25.59,35.51,14.2,4.06,2013,5,19.48
2013-05-24,0.0,45.17,27.7,36.43,14.19,3.36,2013,5,17.470000000000002
2013-05-25,0.0,44.27,28.43,36.88,13.71,3.02,2013,5,15.840000000000003
2013-05-26,6.37,37.58,25.29,31.73,27.7,5.24,2013,5,12.29
2013-05-27,0.88,38.46,21.74,30.12,24.96,3.66,2013,5,16.720000000000002
2013-05-28,0.0,36.78,22.03,29.63,22.64,4.69,2013,5,14.75
2013-05-29,0.0,37.94,21.56,29.77,17.32,3.94,2013,5,16.38
2013-05-30,0.0,39.67,21.33,30.9,16.24,3.62,2013,5,18.340000000000003
2013-05-31,0.0,41.9,23.0,33.36,14.47,3.25,2013,5,18.9
2013-06-01,0.0,42.59,24.86,34.97,12.76,2.13,2013,6,17.730000000000004
2013-06-02,0.0,42.17,29.01,35.47,13.64,1.63,2013,6,13.16
2013-06-03,2.63,40.02,27.4,33.15,23.93,3.12,2013,6,12.620000000000005
2013-06-04,0.0,41.89,25.39,33.74,24.96,3.16,2013,6,16.5
2013-06-05,0.0,43.79,28.38,36.35,19.4,2.59,2013,6,15.41
2013-06-06,0.01,44.51,27.19,36.25,15.03,2.57,2013,6,17.319999999999997
2013-06-07,0.0,43.7,28.4,36.08,12.07,2.18,2013,6,15.300000000000004
2013-06-08,0.0,43.69,27.15,36.06,11.38,2.19,2013,6,16.54
2013-06-09,0.0,45.68,27.16,37.47,10.95,2.14,2013,6,18.52
2013-06-10,0.0,45.62,31.16,38.71,12.79,1.63,2013,6,14.459999999999997
2013-06-11,3.44,46.18,31.4,38.9,20.85,2.69,2013,6,14.780000000000001
2013-06-12,9.28,36.79,28.42,32.73,51.61,2.38,2013,6,8.369999999999997
2013-06-13,0.45,37.82,26.53,32.34,54.47,1.82,2013,6,11.29
2013-06-14,12.37,34.58,26.81,30.77,58.53,2.15,2013,6,7.77
2013-06-15,6.96,31.66,22.92,27.46,64.85,4.68,2013,6,8.739999999999998
2013-06-16,2.04,34.7,21.72,27.8,54.38,2.04,2013,6,12.980000000000004
2013-06-17,0.19,36.09,21.01,29.21,38.05,2.08,2013,6,15.080000000000002
2013-06-18,4.19,35.23,21.91,29.39,41.95,1.9,2013,6,13.319999999999997
2013-06-19,0.0,37.95,22.86,31.13,39.85,2.0,2013,6,15.090000000000003
2013-06-20,0.0,40.46,25.06,33.01,40.96,2.67,2013,6,15.400000000000002
2013-06-21,0.0,41.88,26.08,34.81,34.8,1.7,2013,6,15.800000000000004
2013-06-22,0.0,43.53,28.08,35.89,29.83,2.05,2013,6,15.450000000000003
2013-06-23,0.0,44.14,28.31,36.78,31.38,2.2,2013,6,15.830000000000002
2013-06-24,0.0,44.48,31.6,37.83,29.54,1.81,2013,6,12.879999999999995
2013-06-25,0.01,44.22,30.94,37.46,28.56,2.23,2013,6,13.279999999999998
2013-06-26,3.7,41.6,29.56,35.98,36.01,1.49,2013,6,12.040000000000003
2013-06-27,2.57,41.02,29.35,35.21,37.62,2.16,2013,6,11.670000000000002
2013-06-28,37.35,40.0,27.99,33.37,47.31,1.74,2013,6,12.010000000000002
2013-06-29,3.05,37.11,27.18,32.39,52.95,2.43,2013,6,9.93
2013-06-30,0.51,38.22,26.66,32.37,51.74,2.35,2013,6,11.559999999999999
2013-07-01,1.08,37.73,28.07,32.33,44.48,2.61,2013,7,9.659999999999997
2013-07-02,0.0,39.44,24.88,32.2,42.0,2.7,2013,7,14.559999999999999
2013-07-03,0.0,40.0,25.99,33.48,40.13,2.42,2013,7,14.010000000000002
2013-07-04,0.0,40.97,26.85,34.83,36.58,1.57,2013,7,14.119999999999997
2013-07-05,0.13,40.77,28.22,35.18,36.92,1.11,2013,7,12.550000000000004
2013-07-06,6.83,38.6,27.51,33.11,50.21,2.62,2013,7,11.09
2013-07-07,22.72,35.3,27.55,30.93,65.72,1.72,2013,7,7.7499999999999964
2013-07-08,24.99,36.07,26.86,31.58,63.92,1.48,2013,7,9.21
2013-07-09,22.81,34.43,26.57,30.34,64.05,2.24,2013,7,7.859999999999999
2013-07-10,0.31,33.64,24.68,29.14,61.9,1.57,2013,7,8.96
2013-07-11,0.55,36.69,24.25,30.79,48.15,1.45,2013,7,12.439999999999998
2013-07-12,0.02,37.3,26.41,32.18,45.51,1.42,2013,7,10.889999999999997
2013-07-13,1.89,37.85,25.27,31.88,54.66,1.67,2013,7,12.580000000000002
2013-07-14,1.36,37.3,26.11,32.34,58.91,1.62,2013,7,11.189999999999998
2013-07-15,17.46,36.95,28.35,32.45,61.45,1.55,2013,7,8.600000000000001
2013-07-16,0.87,38.12,28.12,33.16,55.17,1.02,2013,7,9.999999999999996
2013-07-17,11.94,36.22,27.9,32.38,58.72,1.1,2013,7,8.32
2013-07-18,1.06,37.27,28.43,32.89,58.18,1.55,2013,7,8.840000000000003
2013-07-19,8.12,37.45,27.14,32.57,59.77,1.46,2013,7,10.310000000000002
2013-07-20,32.79,31.5,26.65,28.93,75.28,1.94,2013,7,4.850000000000001
2013-07-21,1.92,33.57,24.93,29.0,75.15,1.32,2013,7,8.64
2013-07-22,0.79,35.36,25.59,30.56,67.91,1.26,2013,7,9.77
2013-07-23,18.77,34.49,27.26,31.08,65.17,1.23,2013,7,7.23
2013-07-24,33.28,33.02,26.07,29.58,71.05,1.41,2013,7,6.950000000000003
2013-07-25,1.84,33.47,24.88,29.45,68.61,1.73,2013,7,8.59
2013-07-26,0.57,33.59,24.82,29.66,67.05,1.25,2013,7,8.770000000000003
2013-07-27,0.0,34.93,25.5,30.38,67.87,1.25,2013,7,9.43
2013-07-28,0.0,35.59,27.23,31.72,67.35,1.29,2013,7,8.360000000000003
2013-07-29,0.0,36.15,28.32,32.15,67.5,1.22,2013,7,7.829999999999998
2013-07-30,5.56,36.26,28.39,31.99,66.25,1.14,2013,7,7.869999999999997
2013-07-31,5.02,35.24,27.89,31.37,68.48,1.06,2013,7,7.350000000000001
2013-08-01,4.51,33.95,27.57,30.41,73.93,1.76,2013,8,6.380000000000003
2013-08-02,2.21,31.12,25.61,28.35,81.16,2.04,2013,8,5.510000000000002
2013-08-03,1.36,31.61,24.41,28.09,76.66,1.91,2013,8,7.199999999999999
2013-08-04,0.08,34.92,24.7,30.15,65.98,1.36,2013,8,10.220000000000002
2013-08-05,5.81,35.34,27.02,31.35,63.2,1.04,2013,8,8.320000000000004
2013-08-06,9.69,35.24,26.71,30.65,69.56,1.8,2013,8,8.530000000000001
2013-08-07,6.58,32.96,25.26,28.78,77.68,1.96,2013,8,7.699999999999999
2013-08-08,2.21,34.44,25.64,29.89,71.69,1.23,2013,8,8.799999999999997
2013-08-09,7.95,35.17,25.94,30.42,69.93,2.04,2013,8,9.23
2013-08-10,20.33,31.9,24.47,28.04,80.23,2.35,2013,8,7.43
2013-08-11,2.17,32.35,24.92,28.34,81.34,1.66,2013,8,7.43
2013-08-12,3.55,32.43,25.23,28.5,80.11,1.67,2013,8,7.199999999999999
2013-08-13,63.48,31.4,24.96,27.77,83.42,3.08,2013,8,6.439999999999998
2013-08-14,22.11,27.41,21.99,25.04,87.75,6.23,2013,8,5.420000000000002
2013-08-15,0.33,30.44,22.06,25.95,78.07,2.78,2013,8,8.380000000000003
2013-08-16,3.69,30.73,23.11,26.69,77.0,1.61,2013,8,7.620000000000001
2013-08-17,1.91,31.95,22.02,27.07,76.85,1.47,2013,8,9.93
2013-08-18,5.63,31.32,23.48,27.44,78.03,1.62,2013,8,7.84
2013-08-19,5.54,32.19,23.97,28.05,73.98,1.61,2013,8,8.219999999999999
2013-08-20,0.0,32.21,23.57,28.31,66.64,1.76,2013,8,8.64
2013-08-21,0.05,32.49,23.6,28.45,64.13,1.54,2013,8,8.89
2013-08-22,0.01,33.2,23.39,28.46,64.07,1.71,2013,8,9.810000000000002
2013-08-23,0.0,33.34,22.46,28.61,64.37,1.59,2013,8,10.880000000000003
2013-08-24,4.21,33.75,23.41,29.07,67.87,1.43,2013,8,10.34
2013-08-25,3.99,33.79,24.52,29.79,63.83,1.61,2013,8,9.27
2013-08-26,0.0,33.63,24.0,28.92,65.85,1.9,2013,8,9.630000000000003
2013-08-27,1.28,34.4,24.46,29.6,60.9,1.85,2013,8,9.939999999999998
2013-08-28,16.96,32.98,23.47,28.22,68.24,1.74,2013,8,9.509999999999998
2013-08-29,21.83,32.12,23.29,27.96,71.88,1.28,2013,8,8.829999999999998
2013-08-30,0.03,32.1,23.39,27.79,73.1,1.74,2013,8,8.71
2013-08-31,0.15,32.17,23.11,27.94,69.66,1.64,2013,8,9.060000000000002
2013-09-01,27.15,30.93,24.18,27.4,72.86,1.53,2013,9,6.75
2013-09-02,3.1,31.48,22.44,27.25,71.49,1.67,2013,9,9.04
2013-09-03,8.07,32.31,23.8,27.99,68.36,1.65,2013,9,8.510000000000002
2013-09-04,0.33,31.38,23.5,27.39,66.95,1.43,2013,9,7.879999999999999
2013-09-05,0.08,31.61,22.61,27.01,63.93,1.51,2013,9,9.0
2013-09-06,33.2,30.52,22.54,26.17,67.84,1.87,2013,9,7.98
2013-09-07,0.0,30.9,21.72,26.39,69.81,1.39,2013,9,9.18
2013-09-08,0.4,29.76,22.09,25.63,79.44,2.36,2013,9,7.670000000000002
2013-09-09,1.39,27.76,21.3,24.42,80.92,1.6,2013,9,6.460000000000001
2013-09-10,0.6,28.72,21.53,25.26,78.24,1.52,2013,9,7.189999999999998
2013-09-11,0.19,29.56,21.74,26.11,76.17,1.54,2013,9,7.82
2013-09-12,13.98,29.12,22.53,25.82,78.96,1.69,2013,9,6.59
2013-09-13,6.01,29.49,22.39,25.89,75.92,1.3,2013,9,7.099999999999998
2013-09-14,0.06,30.19,21.76,26.12,69.41,1.55,2013,9,8.43
2013-09-15,19.31,30.84,22.54,26.42,67.07,1.44,2013,9,8.3
2013-09-16,4.86,28.73,19.68,24.15,72.9,2.05,2013,9,9.05
2013-09-17,0.0,29.75,18.64,24.36,67.45,2.45,2013,9,11.11
2013-09-18,0.0,31.04,20.98,25.35,58.89,2.03,2013,9,10.059999999999999
2013-09-19,0.0,30.82,19.94,25.23,58.48,1.99,2013,9,10.879999999999999
2013-09-20,0.0,31.07,18.82,25.37,58.74,2.17,2013,9,12.25
2013-09-21,0.0,30.33,19.3,25.1,63.89,2.18,2013,9,11.029999999999998
2013-09-22,0.29,31.52,22.14,26.66,64.43,2.11,2013,9,9.379999999999999
2013-09-23,0.0,31.34,22.18,26.62,67.42,1.95,2013,9,9.16
2013-09-24,0.0,31.88,21.88,26.97,64.33,1.85,2013,9,10.0
2013-09-25,0.0,32.0,21.35,26.46,64.25,1.88,2013,9,10.649999999999999
2013-09-26,0.0,31.77,20.83,26.46,65.78,1.85,2013,9,10.940000000000001
2013-09-27,0.07,31.75,21.53,26.89,67.38,1.75,2013,9,10.219999999999999
2013-09-28,3.25,31.01,22.43,26.48,69.94,1.53,2013,9,8.580000000000002
2013-09-29,5.41,29.68,21.48,25.53,72.58,1.68,2013,9,8.2
2013-09-30,0.07,29.68,21.58,25.68,70.42,1.44,2013,9,8.100000000000001
2013-10-01,0.86,30.28,21.37,25.62,69.79,1.34,2013,10,8.91
2013-10-02,0.0,30.88,21.31,25.76,66.27,1.51,2013,10,9.57
2013-10-03,0.04,30.52,21.28,25.67,67.6,1.7,2013,10,9.239999999999998
2013-10-04,0.22,30.28,21.59,25.61,68.53,1.68,2013,10,8.690000000000001
2013-10-05,0.04,30.89,21.03,25.63,68.29,2.23,2013,10,9.86
2013-10-06,0.0,31.8,21.35,25.86,66.02,1.76,2013,10,10.45
2013-10-07,0.0,32.15,21.42,26.25,66.05,2.05,2013,10,10.729999999999997
2013-10-08,0.0,32.61,21.77,26.8,64.64,1.79,2013,10,10.84
2013-10-09,0.0,32.34,22.61,27.01,61.67,1.56,2013,10,9.730000000000004
2013-10-10,0.09,32.14,21.6,26.33,65.01,1.93,2013,10,10.54
2013-10-11,5.13,31.09,21.64,25.75,65.91,1.82,2013,10,9.45
2013-10-12,5.97,28.35,21.3,24.3,71.22,1.41,2013,10,7.050000000000001
2013-10-13,0.2,30.12,19.51,24.03,66.07,1.89,2013,10,10.61
2013-10-14,0.0,30.9,17.82,23.61,58.14,2.78,2013,10,13.079999999999998
2013-10-15,0.0,30.68,19.13,24.36,51.03,1.92,2013,10,11.55
2013-10-16,0.04,30.9,17.71,24.43,46.32,1.96,2013,10,13.189999999999998
2013-10-17,0.84,31.13,18.17,23.8,52.66,2.28,2013,10,12.959999999999997
2013-10-18,0.13,30.45,18.13,23.49,51.11,2.89,2013,10,12.32
2013-10-19,0.0,30.97,18.06,23.35,43.53,2.13,2013,10,12.91
2013-10-20,0.0,30.25,16.34,22.45,39.71,2.31,2013,10,13.91
2013-10-21,0.0,29.47,15.4,21.85,37.99,2.27,2013,10,14.069999999999999
2013-10-22,0.0,29.12,14.71,21.62,37.4,1.95,2013,10,14.41
2013-10-23,0.0,28.07,14.31,20.87,42.22,2.07,2013,10,13.76
2013-10-24,0.0,29.04,16.23,21.44,45.09,2.56,2013,10,12.809999999999999
2013-10-25,0.0,29.24,16.76,22.13,44.39,2.04,2013,10,12.479999999999997
2013-10-26,0.0,28.2,15.13,20.92,47.73,2.05,2013,10,13.069999999999999
2013-10-27,0.03,27.68,15.44,20.49,51.37,2.33,2013,10,12.24
2013-10-28,0.0,28.2,14.09,20.65,45.0,2.72,2013,10,14.11
2013-10-29,0.0,26.46,15.11,19.93,41.54,2.11,2013,10,11.350000000000001
2013-10-30,0.0,27.61,14.45,19.76,49.22,2.52,2013,10,13.16
2013-10-31,3.8,25.76,13.89,18.63,52.13,2.41,2013,10,11.870000000000001
2013-11-01,0.0,25.72,11.38,17.4,48.58,2.9,2013,11,14.339999999999998
2013-11-02,0.0,25.67,13.39,18.3,43.01,2.71,2013,11,12.280000000000001
2013-11-03,0.0,26.01,11.43,17.67,38.05,2.84,2013,11,14.580000000000002
2013-11-04,0.0,25.82,12.52,18.07,34.82,2.33,2013,11,13.3
2013-11-05,0.3,25.58,13.2,18.08,44.22,2.35,2013,11,12.379999999999999
2013-11-06,4.55,23.04,12.4,16.12,67.41,2.34,2013,11,10.639999999999999
2013-11-07,2.87,19.5,11.8,14.87,77.42,2.33,2013,11,7.699999999999999
2013-11-08,0.46,22.05,10.93,15.03,64.67,2.5,2013,11,11.120000000000001
2013-11-09,0.0,22.41,10.45,14.98,55.14,2.28,2013,11,11.96
2013-11-10,0.0,23.56,9.27,15.3,52.16,3.07,2013,11,14.29
2013-11-11,0.0,24.09,10.53,16.09,44.53,3.05,2013,11,13.56
2013-11-12,0.0,24.75,10.72,16.99,38.37,1.87,2013,11,14.03
2013-11-13,0.0,23.44,8.8,14.58,44.32,2.84,2013,11,14.64
2013-11-14,0.0,23.19,8.74,14.01,42.23,3.06,2013,11,14.450000000000001
2013-11-15,0.0,24.58,10.14,15.57,34.37,2.7,2013,11,14.439999999999998
2013-11-16,0.0,24.74,11.46,16.17,33.27,2.05,2013,11,13.279999999999998
2013-11-17,0.0,25.1,9.91,15.8,36.57,2.56,2013,11,15.190000000000001
2013-11-18,0.0,25.76,11.71,16.96,35.45,2.86,2013,11,14.05
2013-11-19,0.0,26.13,12.58,17.72,33.41,2.61,2013,11,13.549999999999999
2013-11-20,0.0,25.44,11.75,16.96,36.48,2.73,2013,11,13.690000000000001
2013-11-21,0.0,25.26,11.11,16.78,38.15,2.6,2013,11,14.150000000000002
2013-11-22,0.0,24.5,11.06,15.62,42.76,2.91,2013,11,13.44
2013-11-23,0.0,25.03,12.75,17.29,35.66,1.98,2013,11,12.280000000000001
2013-11-24,0.0,24.11,10.47,16.43,38.08,2.9,2013,11,13.639999999999999
2013-11-25,0.0,24.92,12.83,17.27,40.86,2.46,2013,11,12.090000000000002
2013-11-26,0.0,25.44,11.7,16.71,44.51,3.08,2013,11,13.740000000000002
2013-11-27,0.0,24.89,12.56,17.02,39.39,2.3,2013,11,12.33
2013-11-28,0.0,25.06,11.62,16.34,39.76,2.68,2013,11,13.44
2013-11-29,0.0,24.79,10.65,15.5,36.12,3.41,2013,11,14.139999999999999
2013-11-30,0.0,25.93,10.94,16.73,30.18,2.87,2013,11,14.99
2013-12-01,0.0,25.07,12.28,17.2,30.61,2.06,2013,12,12.790000000000001
2013-12-02,0.0,21.64,11.53,15.33,37.63,2.5,2013,12,10.110000000000001
2013-12-03,0.0,23.67,10.65,15.36,40.28,2.48,2013,12,13.020000000000001
2013-12-04,0.0,23.77,10.08,14.86,42.19,2.87,2013,12,13.69
2013-12-05,0.0,23.54,10.68,15.1,33.86,2.95,2013,12,12.86
2013-12-06,0.0,25.56,12.02,17.11,32.55,2.95,2013,12,13.54
2013-12-07,0.0,22.94,13.78,16.95,34.5,1.73,2013,12,9.160000000000002
2013-12-08,0.0,23.77,10.33,15.35,44.16,2.87,2013,12,13.44
2013-12-09,0.0,22.5,11.38,15.37,42.53,2.49,2013,12,11.12
2013-12-10,0.0,22.43,10.76,14.98,40.9,2.36,2013,12,11.67
2013-12-11,0.0,19.91,9.2,12.55,44.71,2.86,2013,12,10.71
2013-12-12,0.0,22.66,7.94,13.48,42.03,3.73,2013,12,14.719999999999999
2013-12-13,0.0,25.57,8.06,14.83,26.08,4.18,2013,12,17.509999999999998
2013-12-14,0.0,29.21,10.19,17.73,20.16,3.42,2013,12,19.020000000000003
2013-12-15,0.0,24.96,10.53,16.79,21.95,2.08,2013,12,14.430000000000001
2013-12-16,0.0,22.18,11.03,15.43,26.33,1.72,2013,12,11.15
2013-12-17,0.0,22.14,10.68,14.98,37.48,2.54,2013,12,11.46
2013-12-18,0.0,20.94,9.62,13.99,37.3,2.33,2013,12,11.320000000000002
2013-12-19,0.0,19.25,6.56,12.31,32.3,2.41,2013,12,12.690000000000001
2013-12-20,0.0,20.11,5.86,11.24,29.77,2.84,2013,12,14.25
2013-12-21,1.31,17.43,7.79,12.34,26.83,1.42,2013,12,9.64
2013-12-22,0.01,16.64,6.17,10.33,38.35,1.84,2013,12,10.47
2013-12-23,0.01,17.4,3.45,9.39,35.93,3.13,2013,12,13.95
2013-12-24,0.01,17.99,3.77,9.49,33.42,2.71,2013,12,14.219999999999999
2013-12-25,0.0,19.28,4.93,9.88,28.82,3.16,2013,12,14.350000000000001
2013-12-26,0.0,19.68,5.93,11.61,23.08,2.1,2013,12,13.75
2013-12-27,0.0,18.28,4.94,10.18,26.81,2.21,2013,12,13.34
2013-12-28,0.0,16.14,4.82,9.01,26.22,2.28,2013,12,11.32
2013-12-29,0.0,16.23,3.6,8.89,23.95,1.97,2013,12,12.63
2013-12-30,0.0,15.57,1.41,7.87,23.44,2.74,2013,12,14.16
2013-12-31,0.2,13.28,2.45,6.81,46.88,2.53,2013,12,10.829999999999998
2014-01-01,0.09,15.44,0.49,6.45,41.08,3.1,2014,1,14.95
2014-01-02,0.0,20.3,0.76,8.73,22.43,3.22,2014,1,19.54
2014-01-03,0.0,21.45,3.53,11.58,15.61,2.54,2014,1,17.919999999999998
2014-01-04,0.0,20.13,8.99,13.29,16.21,1.45,2014,1,11.139999999999999
2014-01-05,0.01,19.41,8.16,12.08,18.57,1.94,2014,1,11.25
2014-01-06,0.01,18.3,6.49,10.6,21.95,2.49,2014,1,11.81
2014-01-07,0.0,15.86,4.45,8.9,23.14,2.69,2014,1,11.41
2014-01-08,1.96,11.88,4.06,8.25,48.82,2.19,2014,1,7.820000000000001
2014-01-09,0.0,15.67,2.9,7.71,63.06,2.26,2014,1,12.77
2014-01-10,0.1,15.58,4.26,9.14,44.4,1.84,2014,1,11.32
2014-01-11,0.4,19.34,1.56,8.73,35.97,3.39,2014,1,17.78
2014-01-12,0.0,16.72,3.07,9.53,22.87,2.41,2014,1,13.649999999999999
2014-01-13,0.0,22.78,7.32,13.75,21.05,2.13,2014,1,15.46
2014-01-14,0.0,21.08,9.08,13.4,25.94,1.98,2014,1,11.999999999999998
2014-01-15,0.0,22.76,7.39,13.71,32.34,2.69,2014,1,15.370000000000001
2014-01-16,0.0,20.42,8.37,13.22,31.98,2.37,2014,1,12.050000000000002
2014-01-17,0.0,19.6,8.6,13.35,34.09,1.8,2014,1,11.000000000000002
2014-01-18,0.0,20.15,6.43,11.76,38.13,2.97,2014,1,13.719999999999999
2014-01-19,0.0,18.69,6.73,11.75,36.5,2.55,2014,1,11.96
2014-01-20,0.0,21.35,7.61,12.85,25.87,2.15,2014,1,13.740000000000002
2014-01-21,0.16,19.56,6.52,12.37,39.19,2.44,2014,1,13.04
2014-01-22,5.22,17.88,7.45,11.22,62.83,2.25,2014,1,10.43
2014-01-23,0.63,18.93,6.74,11.42,57.68,2.22,2014,1,12.19
2014-01-24,0.0,20.47,7.28,12.7,41.03,2.29,2014,1,13.189999999999998
2014-01-25,0.0,21.13,8.4,13.11,40.69,2.5,2014,1,12.729999999999999
2014-01-26,0.0,22.84,6.92,13.74,37.31,3.39,2014,1,15.92
2014-01-27,0.0,23.06,7.47,14.04,32.86,2.78,2014,1,15.59
2014-01-28,0.0,24.12,7.85,14.61,29.59,3.28,2014,1,16.270000000000003
2014-01-29,0.0,25.16,7.8,15.83,27.51,2.36,2014,1,17.36
2014-01-30,0.0,23.26,10.3,14.96,30.53,2.22,2014,1,12.96
2014-01-31,0.0,24.14,9.18,15.63,28.8,2.33,2014,1,14.96
2014-02-01,0.02,23.01,9.54,14.76,34.12,2.17,2014,2,13.470000000000002
2014-02-02,2.96,21.37,9.42,15.04,38.1,1.68,2014,2,11.950000000000001
2014-02-03,4.77,13.54,8.59,10.68,81.26,3.39,2014,2,4.949999999999999
2014-02-04,1.44,19.48,7.29,11.9,66.46,2.34,2014,2,12.190000000000001
2014-02-05,1.42,18.66,7.03,12.27,60.52,2.14,2014,2,11.629999999999999
2014-02-06,0.59,10.54,4.76,8.43,74.87,3.43,2014,2,5.779999999999999
2014-02-07,0.01,17.25,3.69,9.45,64.34,2.61,2014,2,13.56
2014-02-08,0.0,18.11,5.59,10.35,50.83,2.37,2014,2,12.52
2014-02-09,0.0,19.7,4.08,11.16,38.55,3.49,2014,2,15.62
2014-02-10,0.0,15.75,5.19,10.11,34.88,1.86,2014,2,10.559999999999999
2014-02-11,0.0,18.46,5.09,10.32,40.31,2.4,2014,2,13.370000000000001
2014-02-12,0.01,19.38,4.54,10.51,38.91,3.3,2014,2,14.84
2014-02-13,0.0,21.5,6.23,12.34,31.23,2.04,2014,2,15.27
2014-02-14,0.0,18.95,4.09,11.31,39.17,2.56,2014,2,14.86
2014-02-15,2.39,16.85,6.35,11.15,40.28,1.86,2014,2,10.500000000000002
2014-02-16,0.13,18.31,4.48,10.23,46.62,2.47,2014,2,13.829999999999998
2014-02-17,0.0,21.14,3.22,11.18,34.06,3.87,2014,2,17.92
2014-02-18,0.0,23.33,5.48,14.38,26.87,2.38,2014,2,17.849999999999998
2014-02-19,0.0,19.48,9.63,13.8,29.59,1.88,2014,2,9.85
2014-02-20,0.0,22.57,6.83,13.48,38.35,3.49,2014,2,15.74
2014-02-21,1.55,17.84,7.01,11.06,59.14,3.46,2014,2,10.83
2014-02-22,0.02,20.19,7.47,12.9,51.53,1.86,2014,2,12.720000000000002
2014-02-23,0.02,21.49,6.72,13.2,44.89,2.65,2014,2,14.77
2014-02-24,0.0,23.45,8.19,15.08,36.58,2.74,2014,2,15.26
2014-02-25,0.0,23.92,9.62,15.99,31.52,2.2,2014,2,14.300000000000002
2014-02-26,0.08,21.56,10.48,14.73,38.67,2.77,2014,2,11.079999999999998
2014-02-27,0.36,18.37,9.59,13.41,50.42,2.12,2014,2,8.780000000000001
2014-02-28,3.37,21.73,8.7,14.1,50.28,2.34,2014,2,13.030000000000001
2014-03-01,0.08,21.0,9.89,14.74,42.66,1.33,2014,3,11.11
2014-03-02,0.03,20.55,6.72,13.72,47.65,2.35,2014,3,13.830000000000002
2014-03-03,0.48,19.52,8.66,12.69,50.33,1.99,2014,3,10.86
2014-03-04,1.97,21.25,7.1,13.36,58.51,2.89,2014,3,14.15
2014-03-05,0.31,21.84,6.7,13.38,49.79,2.94,2014,3,15.14
2014-03-06,0.01,22.71,7.42,14.35,40.67,2.75,2014,3,15.290000000000001
2014-03-07,0.0,23.5,9.95,15.63,41.95,3.45,2014,3,13.55
2014-03-08,0.0,24.68,10.53,17.03,38.34,2.57,2014,3,14.15
2014-03-09,0.91,21.4,12.94,17.42,47.27,3.38,2014,3,8.459999999999999
2014-03-10,43.83,24.26,11.07,15.99,68.75,5.46,2014,3,13.190000000000001
2014-03-11,35.16,19.21,8.31,12.89,73.99,5.41,2014,3,10.9
2014-03-12,0.0,22.64,6.46,13.9,60.66,2.22,2014,3,16.18
2014-03-13,0.0,24.96,9.1,15.76,48.19,3.05,2014,3,15.860000000000001
2014-03-14,0.0,26.46,9.34,17.59,43.15,2.32,2014,3,17.12
2014-03-15,0.05,22.79,13.4,17.34,56.74,2.88,2014,3,9.389999999999999
2014-03-16,0.11,27.36,14.24,19.27,56.46,3.13,2014,3,13.12
2014-03-17,14.36,27.95,15.1,20.21,58.64,4.88,2014,3,12.85
2014-03-18,1.7,22.4,12.37,17.21,66.14,2.45,2014,3,10.03
2014-03-19,0.0,25.25,9.81,16.83,55.25,3.89,2014,3,15.44
2014-03-20,0.0,27.0,11.44,18.59,43.82,2.78,2014,3,15.56
2014-03-21,0.0,26.61,13.81,19.65,45.84,3.29,2014,3,12.799999999999999
2014-03-22,0.0,26.91,11.5,18.64,54.58,2.92,2014,3,15.41
2014-03-23,1.06,21.02,12.87,16.59,62.85,2.35,2014,3,8.15
2014-03-24,35.08,17.58,11.67,15.1,82.65,2.77,2014,3,5.909999999999998
2014-03-25,1.14,22.22,11.14,16.46,75.61,2.31,2014,3,11.079999999999998
2014-03-26,0.05,24.44,10.03,17.02,56.66,2.44,2014,3,14.410000000000002
2014-03-27,0.18,26.54,10.57,18.08,50.27,2.73,2014,3,15.969999999999999
2014-03-28,3.31,22.24,13.65,17.96,56.6,1.72,2014,3,8.589999999999998
2014-03-29,0.06,24.67,11.88,17.59,64.33,2.83,2014,3,12.790000000000001
2014-03-30,0.16,25.97,11.03,18.1,56.95,3.77,2014,3,14.94
2014-03-31,0.0,28.06,11.89,19.55,45.38,3.18,2014,3,16.169999999999998
2014-04-01,0.0,29.65,13.81,21.09,41.91,2.65,2014,4,15.839999999999998
2014-04-02,4.19,20.84,12.33,16.85,66.63,3.33,2014,4,8.51
2014-04-03,0.01,25.56,10.76,18.19,59.35,2.65,2014,4,14.799999999999999
2014-04-04,0.11,28.43,15.24,20.59,56.35,3.38,2014,4,13.19
2014-04-05,0.48,27.38,15.98,20.89,62.4,2.49,2014,4,11.399999999999999
2014-04-06,0.44,29.23,15.94,21.35,62.5,3.09,2014,4,13.290000000000001
2014-04-07,2.08,25.36,12.49,19.41,56.93,1.85,2014,4,12.87
2014-04-08,0.0,27.04,12.42,19.51,50.9,3.45,2014,4,14.62
2014-04-09,0.0,28.22,12.68,19.95,44.18,3.32,2014,4,15.54
2014-04-10,0.0,29.7,12.75,20.96,40.5,3.3,2014,4,16.95
2014-04-11,0.0,30.5,14.62,22.54,40.71,3.39,2014,4,15.88
2014-04-12,0.02,30.58,15.35,23.14,43.39,2.22,2014,4,15.229999999999999
2014-04-13,2.5,29.38,15.31,21.9,48.01,2.93,2014,4,14.069999999999999
2014-04-14,0.0,29.42,12.69,20.76,44.06,3.25,2014,4,16.730000000000004
2014-04-15,0.02,31.27,13.98,22.27,47.6,2.99,2014,4,17.29
2014-04-16,2.17,26.69,16.55,20.9,58.45,3.05,2014,4,10.14
2014-04-17,4.22,27.02,15.44,21.13,57.8,1.93,2014,4,11.58
2014-04-18,3.88,25.56,14.57,20.25,59.38,2.39,2014,4,10.989999999999998
2014-04-19,1.22,24.61,14.52,19.17,63.95,1.94,2014,4,10.09
2014-04-20,0.03,28.68,12.1,20.35,50.96,3.0,2014,4,16.58
2014-04-21,0.0,29.22,14.24,21.49,49.43,3.39,2014,4,14.979999999999999
2014-04-22,0.0,31.46,18.19,24.94,46.22,1.96,2014,4,13.27
2014-04-23,0.0,32.75,16.48,24.96,47.41,2.9,2014,4,16.27
2014-04-24,0.0,33.85,17.54,25.68,42.88,2.99,2014,4,16.310000000000002
2014-04-25,0.06,33.01,19.26,25.66,45.9,3.19,2014,4,13.749999999999996
2014-04-26,0.0,33.35,18.25,25.53,42.68,3.89,2014,4,15.100000000000001
2014-04-27,0.06,34.01,17.57,25.73,40.28,3.48,2014,4,16.439999999999998
2014-04-28,0.0,36.56,18.37,27.63,34.08,3.5,2014,4,18.19
2014-04-29,0.0,38.08,20.07,29.13,30.94,2.68,2014,4,18.009999999999998
2014-04-30,0.0,38.61,21.67,30.05,34.57,3.33,2014,4,16.939999999999998
2014-05-01,0.0,38.91,22.37,30.03,36.19,3.67,2014,5,16.539999999999996
2014-05-02,0.0,38.64,22.37,30.36,36.16,3.34,2014,5,16.27
2014-05-03,0.04,38.37,24.15,31.2,34.59,2.42,2014,5,14.219999999999999
2014-05-04,0.02,37.36,23.35,29.62,41.76,3.61,2014,5,14.009999999999998
2014-05-05,7.06,34.72,22.18,28.07,49.9,2.91,2014,5,12.54
2014-05-06,2.56,34.29,22.48,28.33,47.99,2.51,2014,5,11.809999999999999
2014-05-07,1.24,35.69,21.3,28.91,45.55,1.79,2014,5,14.389999999999997
2014-05-08,12.32,34.93,21.49,28.37,48.08,2.52,2014,5,13.440000000000001
2014-05-09,0.0,35.25,21.58,28.04,46.43,2.71,2014,5,13.670000000000002
2014-05-10,0.07,35.55,21.84,28.6,41.44,2.28,2014,5,13.709999999999997
2014-05-11,2.94,32.32,20.91,26.66,46.83,2.45,2014,5,11.41
2014-05-12,9.81,29.35,19.97,22.75,61.87,2.41,2014,5,9.380000000000003
2014-05-13,8.5,28.44,17.31,22.87,58.35,2.0,2014,5,11.130000000000003
2014-05-14,8.01,30.06,16.96,23.1,52.0,2.44,2014,5,13.099999999999998
2014-05-15,0.06,32.66,16.31,24.67,45.97,3.21,2014,5,16.349999999999998
2014-05-16,0.0,33.52,17.6,25.72,47.52,3.33,2014,5,15.920000000000002
2014-05-17,0.7,33.24,19.2,25.79,52.93,2.55,2014,5,14.040000000000003
2014-05-18,0.1,34.34,19.11,26.74,47.76,2.54,2014,5,15.230000000000004
2014-05-19,0.7,33.92,21.82,27.13,45.59,2.21,2014,5,12.100000000000001
2014-05-20,0.62,33.63,19.95,26.6,47.67,3.37,2014,5,13.680000000000003
2014-05-21,0.33,34.67,19.97,27.5,42.93,3.55,2014,5,14.700000000000003
2014-05-22,1.2,36.41,20.66,29.07,39.21,2.77,2014,5,15.749999999999996
2014-05-23,0.18,37.4,21.31,28.97,34.88,3.1,2014,5,16.09
2014-05-24,0.0,37.6,20.46,28.84,27.97,3.29,2014,5,17.14
2014-05-25,0.0,37.9,20.52,29.6,27.2,2.49,2014,5,17.38
2014-05-26,0.0,37.51,21.65,29.99,29.66,2.47,2014,5,15.86
2014-05-27,0.0,38.41,23.27,30.79,28.55,3.39,2014,5,15.139999999999997
2014-05-28,0.0,40.93,22.95,32.23,25.22,3.15,2014,5,17.98
2014-05-29,0.38,41.45,25.87,33.6,21.96,3.77,2014,5,15.580000000000002
2014-05-30,0.44,39.58,26.14,32.62,25.38,4.51,2014,5,13.439999999999998
2014-05-31,2.16,40.25,23.85,31.89,29.09,3.2,2014,5,16.4
2014-06-01,3.26,37.96,23.27,30.46,35.69,3.28,2014,6,14.690000000000001
2014-06-02,0.0,39.03,22.17,30.66,29.36,2.86,2014,6,16.86
2014-06-03,0.0,40.2,23.08,31.77,25.76,3.96,2014,6,17.120000000000005
2014-06-04,0.0,41.4,23.76,33.19,21.23,3.32,2014,6,17.639999999999997
2014-06-05,0.0,43.71,26.12,35.14,21.28,3.27,2014,6,17.59
2014-06-06,0.0,43.45,27.27,35.63,17.77,3.94,2014,6,16.180000000000003
2014-06-07,0.0,42.83,28.03,35.08,14.59,3.38,2014,6,14.799999999999997
2014-06-08,0.0,42.81,25.31,34.32,15.62,3.92,2014,6,17.500000000000004
2014-06-09,0.0,43.06,24.82,34.47,11.71,3.97,2014,6,18.240000000000002
2014-06-10,0.0,43.18,24.63,34.45,9.43,3.49,2014,6,18.55
2014-06-11,0.0,43.4,27.34,35.21,8.38,3.15,2014,6,16.06
2014-06-12,0.0,42.98,25.03,34.7,11.07,3.53,2014,6,17.949999999999996
2014-06-13,0.0,43.01,25.75,35.39,10.39,3.23,2014,6,17.259999999999998
2014-06-14,0.0,44.36,28.13,36.96,11.46,2.55,2014,6,16.23
2014-06-15,0.0,44.37,30.88,37.88,13.19,1.72,2014,6,13.489999999999998
2014-06-16,0.0,45.56,31.62,38.73,16.41,1.91,2014,6,13.940000000000001
2014-06-17,4.7,43.52,32.06,37.59,24.33,2.07,2014,6,11.46
2014-06-18,7.49,39.81,28.92,34.25,37.27,3.43,2014,6,10.89
2014-06-19,0.0,41.26,26.87,34.53,34.55,2.7,2014,6,14.389999999999997
2014-06-20,0.28,42.23,28.6,36.01,30.1,2.2,2014,6,13.629999999999995
2014-06-21,0.03,43.03,29.28,36.21,23.54,2.11,2014,6,13.75
2014-06-22,0.46,41.33,29.41,35.24,19.69,2.05,2014,6,11.919999999999998
2014-06-23,13.55,38.1,25.22,32.43,36.38,1.83,2014,6,12.880000000000003
2014-06-24,3.44,37.82,27.31,32.98,35.83,1.31,2014,6,10.510000000000002
2014-06-25,1.73,39.15,28.14,33.4,38.01,1.27,2014,6,11.009999999999998
2014-06-26,1.96,38.87,26.31,32.63,47.79,2.1,2014,6,12.559999999999999
2014-06-27,0.02,38.52,26.51,32.92,47.97,2.06,2014,6,12.010000000000002
2014-06-28,2.3,40.69,30.1,35.14,41.37,1.99,2014,6,10.589999999999996
2014-06-29,0.84,41.27,27.61,34.52,37.01,2.52,2014,6,13.660000000000004
2014-06-30,0.0,41.43,26.73,34.73,30.72,2.67,2014,6,14.7
2014-07-01,6.95,37.31,27.7,32.55,51.51,2.84,2014,7,9.610000000000003
2014-07-02,1.19,33.42,27.03,29.64,61.54,3.71,2014,7,6.390000000000001
2014-07-03,17.39,34.32,25.98,30.49,55.42,1.38,2014,7,8.34
2014-07-04,0.0,37.55,26.18,32.21,47.92,1.51,2014,7,11.369999999999997
2014-07-05,0.01,38.51,27.87,32.99,45.1,1.64,2014,7,10.639999999999997
2014-07-06,3.65,37.96,26.35,32.19,48.06,2.39,2014,7,11.61
2014-07-07,0.11,39.85,25.68,32.82,44.46,2.64,2014,7,14.170000000000002
2014-07-08,0.0,40.59,26.19,33.73,42.29,2.36,2014,7,14.400000000000002
2014-07-09,0.01,41.56,28.11,34.83,39.81,1.65,2014,7,13.450000000000003
2014-07-10,11.71,39.63,27.4,33.99,43.83,1.57,2014,7,12.230000000000004
2014-07-11,0.0,41.55,28.44,35.46,39.14,1.72,2014,7,13.109999999999996
2014-07-12,0.01,41.4,28.21,35.04,39.62,1.91,2014,7,13.189999999999998
2014-07-13,0.1,41.49,27.79,34.72,40.65,2.85,2014,7,13.700000000000003
2014-07-14,3.02,40.97,28.92,34.95,41.52,2.55,2014,7,12.049999999999997
2014-07-15,1.86,41.58,28.28,35.24,40.84,1.67,2014,7,13.299999999999997
2014-07-16,20.21,36.37,28.18,31.92,52.65,3.38,2014,7,8.189999999999998
2014-07-17,6.75,36.59,26.49,31.46,57.81,2.03,2014,7,10.100000000000005
2014-07-18,1.09,36.97,26.34,31.91,52.02,2.04,2014,7,10.629999999999999
2014-07-19,1.15,38.06,26.7,32.93,49.17,1.58,2014,7,11.360000000000003
2014-07-20,0.0,37.97,26.5,32.93,43.8,1.66,2014,7,11.469999999999999
2014-07-21,0.0,39.44,26.55,33.81,38.31,1.5,2014,7,12.889999999999997
2014-07-22,0.0,40.8,28.5,35.0,38.81,1.27,2014,7,12.299999999999997
2014-07-23,2.2,40.03,29.34,34.35,47.62,1.8,2014,7,10.690000000000001
2014-07-24,60.96,35.92,27.66,31.72,63.51,2.03,2014,7,8.260000000000002
2014-07-25,30.81,33.57,26.84,30.01,72.93,1.41,2014,7,6.73
2014-07-26,42.09,31.52,26.17,28.67,77.93,1.46,2014,7,5.349999999999998
2014-07-27,4.53,32.47,25.77,29.46,73.49,1.33,2014,7,6.699999999999999
2014-07-28,4.15,33.24,26.93,30.24,70.41,1.2,2014,7,6.310000000000002
2014-07-29,5.83,32.96,26.84,29.64,72.62,1.43,2014,7,6.120000000000001
2014-07-30,1.7,33.44,25.23,29.54,71.15,1.03,2014,7,8.209999999999997
2014-07-31,2.64,32.84,26.06,29.79,71.85,1.13,2014,7,6.780000000000005
2014-08-01,9.28,33.35,26.37,30.13,71.68,1.35,2014,8,6.98
2014-08-02,0.73,34.12,26.25,30.32,70.28,1.48,2014,8,7.869999999999997
2014-08-03,0.02,34.94,26.34,31.03,65.31,1.57,2014,8,8.599999999999998
2014-08-04,0.11,35.75,28.46,31.82,58.0,1.29,2014,8,7.289999999999999
2014-08-05,0.33,36.29,27.78,32.03,53.87,1.01,2014,8,8.509999999999998
2014-08-06,6.05,35.5,26.61,31.47,59.82,1.61,2014,8,8.89
2014-08-07,6.49,35.97,28.09,31.84,60.58,1.61,2014,8,7.879999999999999
2014-08-08,24.79,31.5,26.19,28.78,68.23,1.21,2014,8,5.309999999999999
2014-08-09,6.88,32.96,25.11,28.91,71.49,1.32,2014,8,7.850000000000001
2014-08-10,0.0,33.68,24.57,29.77,69.26,1.66,2014,8,9.11
2014-08-11,0.59,34.31,26.29,30.59,67.5,1.46,2014,8,8.020000000000003
2014-08-12,2.04,34.36,26.46,30.64,66.81,1.48,2014,8,7.899999999999999
2014-08-13,0.0,34.82,27.72,31.38,63.3,1.3,2014,8,7.100000000000001
2014-08-14,0.46,36.07,28.6,32.26,56.35,1.25,2014,8,7.469999999999999
2014-08-15,7.31,36.98,26.87,31.68,56.2,1.7,2014,8,10.109999999999996
2014-08-16,44.39,30.17,22.95,26.67,77.85,2.87,2014,8,7.220000000000002
2014-08-17,0.27,30.07,22.09,25.67,71.6,2.41,2014,8,7.98
2014-08-18,0.0,33.21,21.85,27.93,61.11,2.13,2014,8,11.36
2014-08-19,0.0,33.83,23.2,29.17,58.99,1.65,2014,8,10.629999999999999
2014-08-20,0.0,35.5,24.53,30.47,57.0,1.57,2014,8,10.969999999999999
2014-08-21,0.01,35.33,25.31,31.03,57.4,1.53,2014,8,10.02
2014-08-22,2.63,35.57,27.38,31.28,52.41,1.49,2014,8,8.190000000000001
2014-08-23,39.95,32.66,24.66,28.73,64.07,1.54,2014,8,7.9999999999999964
2014-08-24,0.02,32.63,23.69,28.22,67.4,1.52,2014,8,8.940000000000001
2014-08-25,0.44,33.05,23.44,28.39,65.64,1.84,2014,8,9.609999999999996
2014-08-26,0.0,33.37,23.18,28.55,62.87,1.69,2014,8,10.189999999999998
2014-08-27,0.07,32.78,23.25,28.03,63.02,1.79,2014,8,9.530000000000001
2014-08-28,0.1,33.77,22.67,28.43,54.93,1.7,2014,8,11.100000000000001
2014-08-29,0.12,33.89,23.56,28.73,52.83,1.38,2014,8,10.330000000000002
2014-08-30,0.82,34.54,23.27,29.15,53.73,1.58,2014,8,11.27
2014-08-31,0.2,35.51,23.5,29.87,53.25,1.5,2014,8,12.009999999999998
2014-09-01,15.04,32.87,23.06,28.15,60.67,1.56,2014,9,9.809999999999999
2014-09-02,1.83,32.54,22.55,27.31,64.98,1.4,2014,9,9.989999999999998
2014-09-03,5.55,31.51,22.23,26.46,72.81,2.38,2014,9,9.280000000000001
2014-09-04,69.94,29.57,21.86,25.58,79.46,2.73,2014,9,7.710000000000001
2014-09-05,21.2,28.89,21.44,24.8,81.25,2.87,2014,9,7.449999999999999
2014-09-06,7.19,29.44,22.15,25.4,76.84,2.81,2014,9,7.290000000000003
2014-09-07,0.14,30.4,20.95,26.05,73.06,1.93,2014,9,9.45
2014-09-08,0.49,30.86,22.86,26.96,70.77,1.34,2014,9,8.0
2014-09-09,0.05,30.66,22.92,26.92,70.45,1.33,2014,9,7.739999999999998
2014-09-10,0.48,31.0,23.31,27.23,69.89,1.68,2014,9,7.690000000000001
2014-09-11,2.13,30.88,21.71,26.51,73.55,1.66,2014,9,9.169999999999998
2014-09-12,6.81,29.15,21.91,25.47,77.37,1.94,2014,9,7.239999999999998
2014-09-13,9.33,29.86,21.24,25.96,75.1,1.27,2014,9,8.620000000000001
2014-09-14,7.01,29.1,21.45,25.43,77.06,1.34,2014,9,7.650000000000002
2014-09-15,0.0,29.85,20.57,25.39,74.12,1.67,2014,9,9.280000000000001
2014-09-16,0.0,30.39,21.08,26.11,70.66,1.79,2014,9,9.310000000000002
2014-09-17,0.0,30.38,21.77,26.34,67.88,1.44,2014,9,8.61
2014-09-18,0.0,30.75,21.6,26.83,69.2,1.53,2014,9,9.149999999999999
2014-09-19,0.0,31.29,23.21,27.55,71.84,1.22,2014,9,8.079999999999998
2014-09-20,1.29,31.51,24.79,27.9,68.91,1.1,2014,9,6.720000000000002
2014-09-21,8.51,31.4,22.08,27.12,69.45,1.47,2014,9,9.32
2014-09-22,0.0,31.24,22.45,26.86,64.94,1.9,2014,9,8.79
2014-09-23,0.0,31.45,21.75,26.72,64.6,2.04,2014,9,9.7
2014-09-24,5.63,31.19,22.83,26.54,70.0,1.55,2014,9,8.360000000000003
2014-09-25,3.28,30.14,21.5,25.3,72.95,1.61,2014,9,8.64
2014-09-26,0.0,30.35,20.26,25.29,65.5,2.19,2014,9,10.09
2014-09-27,0.0,30.76,21.38,25.79,64.95,1.59,2014,9,9.380000000000003
2014-09-28,0.06,31.18,21.53,26.05,67.73,1.99,2014,9,9.649999999999999
2014-09-29,0.0,31.61,21.6,26.33,68.98,1.65,2014,9,10.009999999999998
2014-09-30,0.0,30.04,22.77,26.08,70.04,1.21,2014,9,7.27
2014-10-01,0.27,30.39,22.85,26.44,69.13,1.34,2014,10,7.539999999999999
2014-10-02,0.0,31.29,22.72,26.49,67.14,1.21,2014,10,8.57
2014-10-03,0.0,31.73,22.51,27.32,62.69,1.56,2014,10,9.219999999999999
2014-10-04,0.0,32.56,22.07,26.98,62.3,1.76,2014,10,10.490000000000002
2014-10-05,0.11,31.91,22.17,26.79,62.05,1.46,2014,10,9.739999999999998
2014-10-06,0.37,32.12,22.86,26.8,63.28,2.0,2014,10,9.259999999999998
2014-10-07,11.36,30.5,21.76,25.41,65.61,1.67,2014,10,8.739999999999998
2014-10-08,0.85,29.18,17.81,23.36,64.24,2.32,2014,10,11.370000000000001
2014-10-09,0.0,30.19,16.87,22.68,56.83,2.85,2014,10,13.32
2014-10-10,0.0,30.95,18.2,23.67,51.16,2.56,2014,10,12.75
2014-10-11,0.0,30.55,18.52,23.64,46.56,2.32,2014,10,12.030000000000001
2014-10-12,0.0,31.06,16.37,23.42,44.52,2.22,2014,10,14.689999999999998
2014-10-13,2.39,29.06,16.2,20.82,50.6,4.0,2014,10,12.86
2014-10-14,10.77,25.05,13.17,18.36,68.77,2.19,2014,10,11.88
2014-10-15,0.03,25.7,13.68,18.98,64.7,2.68,2014,10,12.02
2014-10-16,0.0,27.24,14.34,20.5,52.33,1.84,2014,10,12.899999999999999
2014-10-17,0.0,28.32,14.58,20.98,51.86,2.09,2014,10,13.74
2014-10-18,0.0,28.07,15.28,21.08,49.52,2.0,2014,10,12.790000000000001
2014-10-19,0.0,27.69,16.94,21.19,52.44,2.51,2014,10,10.75
2014-10-20,0.01,28.42,16.69,21.4,59.25,2.89,2014,10,11.73
2014-10-21,0.0,29.89,16.38,22.39,51.09,2.43,2014,10,13.510000000000002
2014-10-22,0.0,30.14,17.15,22.54,48.71,2.08,2014,10,12.990000000000002
2014-10-23,0.0,29.42,18.07,22.85,51.04,1.77,2014,10,11.350000000000001
2014-10-24,12.07,27.43,17.05,21.02,63.92,2.28,2014,10,10.379999999999999
2014-10-25,0.02,28.82,15.9,21.12,57.11,2.71,2014,10,12.92
2014-10-26,0.0,27.96,14.72,20.58,55.27,2.2,2014,10,13.24
2014-10-27,0.01,27.86,16.42,21.05,54.96,2.4,2014,10,11.439999999999998
2014-10-28,4.31,26.78,15.88,20.79,57.55,1.91,2014,10,10.9
2014-10-29,1.17,26.14,13.73,18.85,61.25,2.76,2014,10,12.41
2014-10-30,0.0,26.51,14.11,18.96,54.22,2.27,2014,10,12.400000000000002
2014-10-31,0.0,27.16,14.06,19.31,47.3,2.42,2014,10,13.1
2014-11-01,0.0,27.6,15.1,20.12,41.67,2.26,2014,11,12.500000000000002
2014-11-02,0.0,26.49,13.45,19.07,47.88,2.38,2014,11,13.04
2014-11-03,0.03,25.55,13.83,17.08,60.34,3.44,2014,11,11.72
2014-11-04,0.0,23.78,13.21,17.71,67.56,2.2,2014,11,10.57
2014-11-05,0.0,26.9,13.07,18.68,60.19,2.74,2014,11,13.829999999999998
2014-11-06,0.65,26.07,14.9,19.23,57.48,2.74,2014,11,11.17
2014-11-07,6.13,23.02,11.49,16.69,73.27,3.44,2014,11,11.53
2014-11-08,0.06,24.42,11.48,16.19,48.81,2.67,2014,11,12.940000000000001
2014-11-09,0.0,25.12,11.3,15.95,39.18,3.36,2014,11,13.82
2014-11-10,0.0,27.64,9.99,17.32,37.06,2.97,2014,11,17.65
2014-11-11,0.0,26.7,13.12,18.14,30.63,2.18,2014,11,13.58
2014-11-12,0.0,26.07,12.36,17.29,32.23,2.26,2014,11,13.71
2014-11-13,0.0,25.6,10.15,16.56,34.13,2.42,2014,11,15.450000000000001
2014-11-14,0.0,25.95,11.87,16.78,35.4,2.73,2014,11,14.08
2014-11-15,0.0,25.75,11.29,16.96,32.46,3.12,2014,11,14.46
2014-11-16,0.0,25.15,11.58,16.3,35.49,3.04,2014,11,13.569999999999999
2014-11-17,0.0,26.05,11.64,16.89,35.04,2.59,2014,11,14.41
2014-11-18,0.0,25.73,12.46,17.42,33.08,2.21,2014,11,13.27
2014-11-19,0.0,25.03,11.77,16.95,35.71,2.24,2014,11,13.260000000000002
2014-11-20,0.0,24.6,12.24,17.0,36.8,2.07,2014,11,12.360000000000001
2014-11-21,0.0,25.67,12.6,17.13,37.78,2.24,2014,11,13.070000000000002
2014-11-22,0.0,24.07,11.73,16.56,36.7,2.37,2014,11,12.34
2014-11-23,0.0,23.99,10.02,15.09,39.52,3.08,2014,11,13.969999999999999
2014-11-24,0.0,24.25,10.02,15.23,40.44,2.55,2014,11,14.23
2014-11-25,0.0,24.32,11.91,16.28,37.51,2.52,2014,11,12.41
2014-11-26,0.0,25.29,9.84,16.44,39.47,3.08,2014,11,15.45
2014-11-27,0.0,24.44,13.19,17.6,40.48,2.24,2014,11,11.250000000000002
2014-11-28,0.0,24.34,12.1,16.38,51.31,2.61,2014,11,12.24
2014-11-29,0.0,24.54,12.36,16.57,48.1,2.42,2014,11,12.18
2014-11-30,0.0,24.72,11.69,16.19,50.02,2.65,2014,11,13.03
2014-12-01,0.0,25.23,9.81,15.5,46.69,3.39,2014,12,15.42
2014-12-02,0.0,25.21,10.05,16.04,39.51,3.26,2014,12,15.16
2014-12-03,0.0,24.99,11.03,16.0,40.61,3.31,2014,12,13.959999999999999
2014-12-04,0.0,24.7,11.96,16.51,40.0,2.46,2014,12,12.739999999999998
2014-12-05,0.0,24.25,10.26,15.46,42.99,2.93,2014,12,13.99
2014-12-06,0.0,24.61,9.01,14.76,37.78,3.06,2014,12,15.6
2014-12-07,0.0,23.86,10.32,15.81,31.8,2.22,2014,12,13.54
2014-12-08,0.0,22.55,9.94,14.53,34.53,2.44,2014,12,12.610000000000001
2014-12-09,0.0,22.34,6.66,13.27,33.71,2.51,2014,12,15.68
2014-12-10,0.0,21.65,7.83,12.68,32.82,2.95,2014,12,13.819999999999999
2014-12-11,0.0,20.83,5.8,11.56,30.54,2.98,2014,12,15.029999999999998
2014-12-12,0.0,20.45,8.02,12.41,31.82,2.42,2014,12,12.43
2014-12-13,0.0,19.38,9.58,12.85,36.13,2.23,2014,12,9.799999999999999
2014-12-14,0.0,15.11,5.95,10.03,63.79,2.1,2014,12,9.16
2014-12-15,0.0,18.02,5.85,10.61,49.76,2.4,2014,12,12.17
2014-12-16,0.0,18.64,4.72,10.1,41.66,2.88,2014,12,13.920000000000002
2014-12-17,0.0,18.63,6.32,10.69,32.54,2.3,2014,12,12.309999999999999
2014-12-18,0.0,19.8,6.5,11.69,28.79,1.66,2014,12,13.3
2014-12-19,0.0,18.52,8.3,11.56,29.33,1.85,2014,12,10.219999999999999
2014-12-20,0.0,20.97,5.43,11.9,32.05,2.41,2014,12,15.54
2014-12-21,0.0,21.11,9.8,13.94,25.52,1.4,2014,12,11.309999999999999
2014-12-22,0.0,17.23,9.28,12.36,31.37,1.52,2014,12,7.950000000000001
2014-12-23,0.0,18.4,7.08,11.79,36.65,1.75,2014,12,11.319999999999999
2014-12-24,0.0,18.08,6.87,11.13,37.05,2.31,2014,12,11.209999999999997
2014-12-25,0.0,20.18,7.82,12.21,33.0,2.59,2014,12,12.36
2014-12-26,0.0,20.88,4.67,11.09,35.88,3.92,2014,12,16.21
2014-12-27,0.0,21.77,4.78,12.24,18.17,2.4,2014,12,16.99
2014-12-28,0.0,19.05,7.73,11.11,21.13,2.15,2014,12,11.32
2014-12-29,0.0,18.58,8.21,11.56,20.8,1.53,2014,12,10.369999999999997
2014-12-30,0.0,16.41,8.34,11.57,21.94,1.29,2014,12,8.07
2014-12-31,0.0,18.58,8.79,13.28,24.98,1.4,2014,12,9.79
2015-01-01,0.0,21.89,7.4,12.42,30.09,2.74,2015,1,14.49
2015-01-02,0.0,21.63,7.06,13.27,26.21,2.2,2015,1,14.57
2015-01-03,0.0,19.45,7.1,11.74,31.48,2.31,2015,1,12.35
2015-01-04,0.0,18.79,7.15,11.68,30.7,2.24,2015,1,11.639999999999999
2015-01-05,0.0,18.57,7.6,11.67,33.97,2.24,2015,1,10.97
2015-01-06,0.0,22.01,8.92,13.58,32.0,2.82,2015,1,13.090000000000002
2015-01-07,0.0,23.7,6.95,13.48,27.71,2.83,2015,1,16.75
2015-01-08,0.0,22.99,7.77,13.41,14.4,2.53,2015,1,15.219999999999999
2015-01-09,0.0,20.54,7.45,12.91,13.87,1.79,2015,1,13.09
2015-01-10,0.0,22.12,5.79,11.99,15.86,2.9,2015,1,16.330000000000002
2015-01-11,0.0,24.13,11.02,15.18,15.29,2.76,2015,1,13.11
2015-01-12,0.0,22.85,11.99,15.82,21.43,1.72,2015,1,10.860000000000001
2015-01-13,13.37,14.7,7.82,11.13,56.12,2.67,2015,1,6.879999999999999
2015-01-14,1.01,18.55,6.72,11.71,65.55,1.72,2015,1,11.830000000000002
2015-01-15,0.0,17.98,5.1,10.61,62.49,2.98,2015,1,12.88
2015-01-16,0.0,20.23,6.5,11.62,43.38,2.73,2015,1,13.73
2015-01-17,0.0,20.51,7.42,11.99,33.04,2.69,2015,1,13.090000000000002
2015-01-18,0.0,19.55,6.94,11.71,31.43,2.3,2015,1,12.61
2015-01-19,0.0,20.68,6.61,12.37,33.85,2.22,2015,1,14.07
2015-01-20,0.0,18.78,7.59,12.39,40.86,1.67,2015,1,11.190000000000001
2015-01-21,7.55,14.74,5.54,8.28,69.06,3.65,2015,1,9.2
2015-01-22,2.47,14.35,6.94,10.14,76.87,1.78,2015,1,7.409999999999999
2015-01-23,0.24,16.11,5.64,10.19,68.59,1.71,2015,1,10.469999999999999
2015-01-24,0.01,17.74,5.7,10.39,57.19,1.99,2015,1,12.04
2015-01-25,0.0,17.36,6.38,11.21,48.87,1.72,2015,1,10.98
2015-01-26,0.1,16.7,5.96,10.09,51.1,1.53,2015,1,10.739999999999998
2015-01-27,0.24,14.63,3.71,7.93,57.69,2.16,2015,1,10.920000000000002
2015-01-28,0.0,16.67,1.66,8.52,45.08,2.67,2015,1,15.010000000000002
2015-01-29,0.0,16.69,6.19,10.14,38.82,1.8,2015,1,10.5
2015-01-30,0.0,17.91,3.23,9.97,41.37,3.47,2015,1,14.68
2015-01-31,0.0,19.46,6.11,11.65,46.18,2.78,2015,1,13.350000000000001
2015-02-01,0.94,18.93,7.05,11.7,54.78,2.97,2015,2,11.879999999999999
2015-02-02,6.01,16.25,7.35,10.87,70.57,2.14,2015,2,8.9
2015-02-03,0.88,15.76,6.32,10.53,82.81,2.68,2015,2,9.44
2015-02-04,0.0,19.68,5.21,10.82,61.37,3.48,2015,2,14.469999999999999
2015-02-05,0.0,21.7,6.02,12.49,37.78,2.08,2015,2,15.68
2015-02-06,0.0,19.35,8.17,12.66,37.91,1.84,2015,2,11.180000000000001
2015-02-07,3.74,16.37,6.64,10.09,57.3,2.33,2015,2,9.73
2015-02-08,0.82,19.67,7.34,12.1,60.38,2.34,2015,2,12.330000000000002
2015-02-09,0.0,22.32,5.65,12.68,45.45,2.88,2015,2,16.67
2015-02-10,0.0,23.43,7.98,14.27,38.44,2.65,2015,2,15.45
2015-02-11,0.0,24.43,10.33,16.09,32.82,2.4,2015,2,14.1
2015-02-12,0.0,23.92,8.63,15.19,37.38,3.22,2015,2,15.290000000000001
2015-02-13,0.0,24.73,11.51,17.23,40.95,2.61,2015,2,13.22
2015-02-14,0.0,26.16,10.33,18.01,48.17,3.34,2015,2,15.83
2015-02-15,0.03,24.94,10.78,17.23,45.56,2.45,2015,2,14.160000000000002
2015-02-16,2.73,22.74,12.32,15.99,63.67,3.64,2015,2,10.419999999999998
2015-02-17,0.24,23.03,11.84,16.37,52.92,2.33,2015,2,11.190000000000001
2015-02-18,2.31,22.95,11.92,16.82,52.11,2.06,2015,2,11.03
2015-02-19,10.54,16.94,10.47,13.82,75.99,2.98,2015,2,6.470000000000001
2015-02-20,1.02,20.36,11.11,14.94,72.68,1.7,2015,2,9.25
2015-02-21,0.07,25.07,10.61,16.88,59.51,3.02,2015,2,14.46
2015-02-22,0.0,28.45,11.7,19.04,50.71,3.32,2015,2,16.75
2015-02-23,0.06,24.09,15.29,19.57,46.58,1.9,2015,2,8.8
2015-02-24,10.27,20.94,12.62,16.35,66.36,4.6,2015,2,8.320000000000002
2015-02-25,14.0,17.71,8.38,12.87,84.82,3.55,2015,2,9.33
2015-02-26,0.91,17.99,7.07,11.51,64.2,2.46,2015,2,10.919999999999998
2015-02-27,0.0,20.2,6.58,13.3,44.82,1.93,2015,2,13.62
2015-02-28,0.0,21.34,8.09,14.1,42.9,1.83,2015,2,13.25
2015-03-01,24.01,13.57,9.85,11.3,76.04,3.08,2015,3,3.7200000000000006
2015-03-02,26.49,14.71,9.92,11.77,91.26,2.12,2015,3,4.790000000000001
2015-03-03,14.0,16.1,7.52,11.61,78.13,1.88,2015,3,8.580000000000002
2015-03-04,0.09,18.9,6.31,11.86,67.21,3.04,2015,3,12.59
2015-03-05,8.55,11.4,6.88,9.21,85.82,2.35,2015,3,4.5200000000000005
2015-03-06,0.0,19.78,5.88,12.28,67.1,2.47,2015,3,13.900000000000002
2015-03-07,8.01,17.06,8.44,11.67,70.64,4.07,2015,3,8.62
2015-03-08,4.2,17.05,7.05,11.5,73.42,2.88,2015,3,10.0
2015-03-09,0.52,19.25,7.37,12.36,68.94,2.5,2015,3,11.879999999999999
2015-03-10,0.0,22.08,7.08,13.48,52.48,3.06,2015,3,14.999999999999998
2015-03-11,0.0,24.55,12.24,16.64,44.19,2.22,2015,3,12.31
2015-03-12,0.0,25.81,11.37,17.31,41.12,2.35,2015,3,14.44
2015-03-13,0.0,25.51,12.71,18.45,42.21,1.87,2015,3,12.8
2015-03-14,0.06,24.04,12.9,18.04,49.83,2.27,2015,3,11.139999999999999
2015-03-15,19.61,19.88,12.73,15.55,80.52,4.33,2015,3,7.149999999999999
2015-03-16,33.82,18.26,11.53,14.45,83.11,4.1,2015,3,6.730000000000002
2015-03-17,0.03,20.87,9.22,14.26,74.86,2.7,2015,3,11.65
2015-03-18,0.0,22.92,9.73,16.0,61.14,3.05,2015,3,13.190000000000001
2015-03-19,0.0,24.87,11.41,18.14,52.21,2.65,2015,3,13.46
2015-03-20,0.0,26.37,15.13,20.03,51.63,2.09,2015,3,11.24
2015-03-21,0.0,26.63,14.78,20.06,56.3,2.69,2015,3,11.85
2015-03-22,0.0,28.07,14.85,21.21,57.83,3.4,2015,3,13.22
2015-03-23,0.0,30.23,17.1,23.28,50.02,2.31,2015,3,13.129999999999999
2015-03-24,6.41,30.92,18.07,23.34,58.41,2.92,2015,3,12.850000000000001
2015-03-25,0.02,29.25,14.6,21.18,61.64,3.16,2015,3,14.65
2015-03-26,0.0,29.07,16.09,22.26,44.39,1.88,2015,3,12.98
2015-03-27,0.0,30.69,14.61,22.55,48.76,2.73,2015,3,16.080000000000002
2015-03-28,2.67,30.71,16.94,21.59,60.73,4.36,2015,3,13.77
2015-03-29,28.14,21.75,15.85,17.86,79.43,3.54,2015,3,5.9
2015-03-30,0.72,25.16,13.86,19.35,69.17,1.5,2015,3,11.3
2015-03-31,8.23,22.65,15.3,18.21,76.45,2.0,2015,3,7.349999999999998
2015-04-01,25.77,19.79,14.38,16.87,83.18,3.31,2015,4,5.409999999999998
2015-04-02,0.49,24.59,13.85,18.95,68.87,1.95,2015,4,10.74
2015-04-03,28.39,23.43,13.02,18.09,75.46,1.42,2015,4,10.41
2015-04-04,0.07,24.47,13.07,19.18,67.94,2.98,2015,4,11.399999999999999
2015-04-05,0.04,25.05,12.92,19.6,64.57,2.0,2015,4,12.13
2015-04-06,0.51,22.8,14.49,17.76,70.72,2.72,2015,4,8.31
2015-04-07,0.89,23.37,14.37,17.98,75.06,2.42,2015,4,9.000000000000002
2015-04-08,0.04,24.79,12.8,18.77,71.51,2.16,2015,4,11.989999999999998
2015-04-09,0.0,27.0,13.19,20.22,63.6,2.95,2015,4,13.81
2015-04-10,0.0,28.52,14.77,22.12,59.3,2.56,2015,4,13.75
2015-04-11,0.0,29.33,16.8,23.18,57.76,1.77,2015,4,12.529999999999998
2015-04-12,0.0,29.62,16.68,23.61,57.18,1.96,2015,4,12.940000000000001
2015-04-13,0.0,30.05,17.95,24.07,57.0,2.16,2015,4,12.100000000000001
2015-04-14,0.01,29.58,17.44,23.58,66.3,2.12,2015,4,12.139999999999997
2015-04-15,25.92,28.53,18.72,23.92,68.51,2.0,2015,4,9.810000000000002
2015-04-16,10.58,27.87,18.97,23.08,68.54,1.89,2015,4,8.900000000000002
2015-04-17,0.0,29.01,16.89,22.93,65.77,3.13,2015,4,12.120000000000001
2015-04-18,0.07,31.31,18.93,25.16,56.65,2.95,2015,4,12.379999999999999
2015-04-19,11.99,32.0,17.81,25.15,58.01,3.77,2015,4,14.190000000000001
2015-04-20,0.18,30.68,18.96,24.16,62.51,4.34,2015,4,11.719999999999999
2015-04-21,0.0,30.75,17.03,23.78,56.67,3.21,2015,4,13.719999999999999
2015-04-22,0.0,32.07,17.04,24.76,46.96,3.57,2015,4,15.030000000000001
2015-04-23,0.0,32.92,18.74,26.42,37.95,2.53,2015,4,14.180000000000003
2015-04-24,0.0,34.21,19.75,27.12,39.34,2.47,2015,4,14.46
2015-04-25,0.0,35.28,18.62,27.81,38.79,2.17,2015,4,16.66
2015-04-26,0.01,33.15,18.47,26.25,44.71,3.08,2015,4,14.68
2015-04-27,16.36,31.6,19.37,25.3,57.09,2.38,2015,4,12.23
2015-04-28,0.06,32.08,18.3,25.65,50.06,3.17,2015,4,13.779999999999998
2015-04-29,0.01,33.98,18.99,26.43,49.84,2.8,2015,4,14.989999999999998
2015-04-30,13.6,29.57,18.34,23.63,58.62,2.94,2015,4,11.23
2015-05-01,0.0,31.09,16.58,24.06,48.93,3.19,2015,5,14.510000000000002
2015-05-02,0.0,32.76,19.38,25.98,37.24,2.1,2015,5,13.379999999999999
2015-05-03,0.0,33.92,17.51,25.97,36.74,2.89,2015,5,16.41
2015-05-04,0.0,34.73,17.02,26.22,40.15,3.2,2015,5,17.709999999999997
2015-05-05,0.0,36.18,19.31,28.33,39.83,2.95,2015,5,16.87
2015-05-06,0.01,37.04,20.69,29.35,40.88,2.75,2015,5,16.349999999999998
2015-05-07,0.0,38.76,21.28,30.4,42.44,1.99,2015,5,17.479999999999997
2015-05-08,0.0,37.76,23.67,30.37,43.27,2.14,2015,5,14.089999999999996
2015-05-09,0.0,37.72,23.48,29.9,43.5,3.14,2015,5,14.239999999999998
2015-05-10,0.0,37.38,22.47,29.44,46.92,2.76,2015,5,14.910000000000004
2015-05-11,6.16,36.4,22.72,28.62,50.87,3.79,2015,5,13.68
2015-05-12,1.21,31.94,19.92,25.22,58.44,2.8,2015,5,12.02
2015-05-13,7.77,29.78,18.61,25.0,55.03,1.83,2015,5,11.170000000000002
2015-05-14,0.96,31.69,21.66,27.06,47.73,1.43,2015,5,10.030000000000001
2015-05-15,0.0,34.99,20.18,28.0,48.33,2.63,2015,5,14.810000000000002
2015-05-16,0.0,37.35,24.34,31.09,40.32,1.94,2015,5,13.010000000000002
2015-05-17,0.85,36.93,24.69,30.98,45.22,2.19,2015,5,12.239999999999998
2015-05-18,6.69,36.12,22.95,29.44,49.56,3.23,2015,5,13.169999999999998
2015-05-19,0.0,37.46,20.18,29.18,38.03,3.64,2015,5,17.28
2015-05-20,0.01,37.69,24.12,30.36,34.76,2.89,2015,5,13.569999999999997
2015-05-21,0.0,38.49,23.14,30.82,30.29,3.17,2015,5,15.350000000000001
2015-05-22,0.0,39.67,21.21,30.91,31.56,3.1,2015,5,18.46
2015-05-23,0.0,39.95,24.94,31.71,31.4,2.8,2015,5,15.010000000000002
2015-05-24,0.08,38.89,23.65,30.79,32.96,3.0,2015,5,15.240000000000002
2015-05-25,2.09,38.66,20.49,30.07,25.09,3.48,2015,5,18.169999999999998
2015-05-26,0.15,35.0,15.65,26.09,30.61,3.65,2015,5,19.35
2015-05-27,0.0,38.39,21.0,29.84,26.48,2.97,2015,5,17.39
2015-05-28,0.0,38.43,23.45,30.93,27.46,2.74,2015,5,14.98
2015-05-29,0.0,37.61,22.87,30.34,33.43,3.53,2015,5,14.739999999999998
2015-05-30,0.0,38.9,22.37,30.63,33.02,3.2,2015,5,16.529999999999998
2015-05-31,0.84,39.02,22.67,31.36,29.14,2.62,2015,5,16.35
2015-06-01,0.0,38.41,23.61,31.35,27.42,2.8,2015,6,14.799999999999997
2015-06-02,0.12,37.64,23.55,30.8,29.09,1.62,2015,6,14.09
2015-06-03,1.69,32.35,22.8,28.39,37.2,2.07,2015,6,9.55
2015-06-04,4.4,34.6,22.77,27.41,45.41,3.77,2015,6,11.830000000000002
2015-06-05,0.08,35.78,21.37,28.64,42.35,2.11,2015,6,14.41
2015-06-06,0.0,39.14,22.82,31.26,34.83,1.89,2015,6,16.32
2015-06-07,0.0,41.09,25.4,33.65,27.31,2.42,2015,6,15.690000000000005
2015-06-08,0.0,42.85,26.86,35.27,21.18,2.6,2015,6,15.990000000000002
2015-06-09,0.0,42.32,26.58,34.87,20.8,2.74,2015,6,15.740000000000002
2015-06-10,0.09,41.97,25.95,34.36,21.68,2.69,2015,6,16.02
2015-06-11,2.07,39.72,26.93,33.07,22.1,2.82,2015,6,12.79
2015-06-12,0.0,41.9,25.18,33.9,25.12,2.85,2015,6,16.72
2015-06-13,9.13,39.11,28.03,33.49,35.95,1.58,2015,6,11.079999999999998
2015-06-14,0.04,39.26,26.77,32.65,35.78,2.19,2015,6,12.489999999999998
2015-06-15,1.82,37.94,24.81,31.22,34.34,2.39,2015,6,13.129999999999999
2015-06-16,0.13,38.43,24.97,31.81,30.15,2.54,2015,6,13.46
2015-06-17,0.0,41.14,25.44,33.5,27.55,2.79,2015,6,15.7
2015-06-18,0.0,42.69,27.86,35.55,28.33,2.36,2015,6,14.829999999999998
2015-06-19,0.0,44.38,29.19,37.25,30.05,2.49,2015,6,15.190000000000001
2015-06-20,0.17,41.44,30.38,35.97,32.47,3.5,2015,6,11.059999999999999
2015-06-21,0.02,41.96,28.91,35.42,29.18,2.67,2015,6,13.05
2015-06-22,0.26,41.68,27.43,34.82,25.67,2.27,2015,6,14.25
2015-06-23,4.72,39.34,26.83,33.74,31.1,1.59,2015,6,12.510000000000005
2015-06-24,13.41,34.38,24.9,29.25,46.57,2.39,2015,6,9.480000000000004
2015-06-25,0.0,36.67,23.41,30.12,44.19,2.77,2015,6,13.260000000000002
2015-06-26,0.0,37.83,23.21,30.78,38.8,2.29,2015,6,14.619999999999997
2015-06-27,0.0,38.91,23.52,31.84,36.67,2.41,2015,6,15.389999999999997
2015-06-28,0.0,41.3,26.34,34.2,29.82,2.25,2015,6,14.959999999999997
2015-06-29,0.05,42.17,27.63,35.45,25.79,1.69,2015,6,14.540000000000003
2015-06-30,1.3,39.78,27.21,33.9,32.03,2.05,2015,6,12.57
2015-07-01,11.31,37.14,28.29,32.38,45.74,1.17,2015,7,8.850000000000001
2015-07-02,2.8,36.51,25.02,31.15,50.24,2.31,2015,7,11.489999999999998
2015-07-03,0.0,40.64,27.83,34.6,39.19,1.06,2015,7,12.810000000000002
2015-07-04,0.0,41.91,29.81,36.28,36.51,1.4,2015,7,12.099999999999998
2015-07-05,0.38,43.6,30.28,37.16,36.16,2.29,2015,7,13.32
2015-07-06,11.05,40.02,29.9,34.85,41.7,2.52,2015,7,10.120000000000005
2015-07-07,4.7,37.72,27.11,32.47,53.1,2.11,2015,7,10.61
2015-07-08,0.03,38.42,26.04,32.92,44.7,1.93,2015,7,12.380000000000003
2015-07-09,2.09,38.79,27.26,33.67,47.1,1.49,2015,7,11.529999999999998
2015-07-10,26.89,38.15,27.62,32.73,50.72,1.97,2015,7,10.529999999999998
2015-07-11,28.36,34.07,25.86,30.2,58.7,1.61,2015,7,8.21
2015-07-12,1.67,35.52,25.07,30.53,58.93,1.29,2015,7,10.450000000000003
2015-07-13,0.01,37.35,25.2,31.81,52.07,1.43,2015,7,12.150000000000002
2015-07-14,0.0,38.3,26.4,32.75,52.51,1.49,2015,7,11.899999999999999
2015-07-15,0.0,39.78,27.71,34.21,50.34,1.74,2015,7,12.07
2015-07-16,0.0,40.23,28.57,34.6,50.55,1.96,2015,7,11.659999999999997
2015-07-17,23.29,33.06,25.3,29.49,67.21,3.05,2015,7,7.760000000000002
2015-07-18,46.77,32.1,25.12,28.81,74.29,1.82,2015,7,6.98
2015-07-19,20.95,33.57,25.95,29.99,70.24,1.74,2015,7,7.620000000000001
2015-07-20,29.44,33.24,26.19,29.99,67.81,1.39,2015,7,7.050000000000001
2015-07-21,5.3,33.08,24.83,29.29,71.7,1.76,2015,7,8.25
2015-07-22,0.18,33.05,25.43,29.65,68.83,1.48,2015,7,7.619999999999997
2015-07-23,16.91,32.82,25.02,28.98,72.22,1.68,2015,7,7.800000000000001
2015-07-24,0.53,33.18,25.13,29.39,72.44,1.3,2015,7,8.05
2015-07-25,1.08,30.42,25.5,28.16,78.44,1.43,2015,7,4.920000000000002
2015-07-26,21.36,31.19,25.5,28.45,76.41,1.52,2015,7,5.690000000000001
2015-07-27,1.26,32.43,24.54,28.67,74.77,1.76,2015,7,7.890000000000001
2015-07-28,2.6,33.05,24.54,29.16,70.62,1.18,2015,7,8.509999999999998
2015-07-29,0.0,34.07,25.1,29.82,67.05,1.44,2015,7,8.969999999999999
2015-07-30,0.01,34.56,25.64,31.08,62.1,1.19,2015,7,8.920000000000002
2015-07-31,13.61,32.82,25.71,29.93,68.88,1.56,2015,7,7.109999999999999
2015-08-01,15.11,33.28,25.86,29.45,73.61,2.21,2015,8,7.420000000000002
2015-08-02,1.77,31.12,24.66,27.74,81.24,2.14,2015,8,6.460000000000001
2015-08-03,3.96,31.62,24.49,27.74,79.11,1.52,2015,8,7.130000000000003
2015-08-04,0.54,33.2,25.53,29.71,68.92,0.99,2015,8,7.670000000000002
2015-08-05,0.01,34.11,25.91,30.52,67.05,1.46,2015,8,8.2
2015-08-06,0.21,34.53,27.0,31.22,65.83,1.32,2015,8,7.530000000000001
2015-08-07,0.09,35.9,28.14,31.79,63.99,1.36,2015,8,7.759999999999998
2015-08-08,8.54,36.37,27.48,32.12,60.49,1.6,2015,8,8.889999999999997
2015-08-09,1.66,35.14,27.27,31.23,63.52,1.45,2015,8,7.870000000000001
2015-08-10,28.3,33.15,26.09,29.46,70.04,1.63,2015,8,7.059999999999999
2015-08-11,0.01,33.7,25.06,29.81,67.11,1.46,2015,8,8.640000000000004
2015-08-12,51.6,32.07,25.46,28.63,75.81,1.79,2015,8,6.609999999999999
2015-08-13,0.05,31.25,24.8,28.22,77.74,1.62,2015,8,6.449999999999999
2015-08-14,11.92,32.16,25.57,29.21,75.39,1.45,2015,8,6.589999999999996
2015-08-15,1.82,32.2,27.07,29.35,72.75,1.29,2015,8,5.130000000000003
2015-08-16,0.03,32.01,25.69,28.75,72.51,1.05,2015,8,6.319999999999997
2015-08-17,0.07,32.31,24.89,28.38,69.66,1.71,2015,8,7.420000000000002
2015-08-18,0.0,33.49,24.47,29.11,67.63,1.75,2015,8,9.020000000000003
2015-08-19,0.0,33.92,24.53,29.49,69.48,1.48,2015,8,9.39
2015-08-20,0.0,34.08,26.11,30.31,67.09,1.27,2015,8,7.969999999999999
2015-08-21,21.15,32.49,26.31,29.24,67.24,1.11,2015,8,6.180000000000003
2015-08-22,0.03,32.36,24.39,28.4,67.02,1.43,2015,8,7.969999999999999
2015-08-23,0.19,32.38,23.63,28.07,66.9,1.42,2015,8,8.750000000000004
2015-08-24,3.2,33.1,23.32,28.14,65.19,1.91,2015,8,9.780000000000001
2015-08-25,0.0,33.37,22.65,28.29,63.19,2.65,2015,8,10.719999999999999
2015-08-26,0.0,34.57,23.05,29.27,58.43,1.72,2015,8,11.52
2015-08-27,0.01,34.94,23.76,29.68,58.04,1.56,2015,8,11.179999999999996
2015-08-28,5.83,33.8,25.0,29.27,58.79,2.04,2015,8,8.799999999999997
2015-08-29,0.0,34.75,22.72,29.14,58.79,1.88,2015,8,12.030000000000001
2015-08-30,0.04,33.65,24.34,29.17,61.3,1.46,2015,8,9.309999999999999
2015-08-31,3.27,32.54,24.69,28.04,61.12,2.05,2015,8,7.849999999999998
2015-09-01,0.0,34.78,22.61,29.17,51.67,2.23,2015,9,12.170000000000002
2015-09-02,0.0,35.68,23.94,29.7,44.16,1.57,2015,9,11.739999999999998
2015-09-03,8.07,34.54,21.92,28.22,53.97,1.71,2015,9,12.619999999999997
2015-09-04,0.0,33.87,22.39,28.04,52.78,1.74,2015,9,11.479999999999997
2015-09-05,0.09,34.45,21.95,28.31,54.4,1.73,2015,9,12.500000000000004
2015-09-06,6.03,30.9,22.75,26.27,63.59,1.83,2015,9,8.149999999999999
2015-09-07,0.06,33.82,21.11,27.42,56.31,2.01,2015,9,12.71
2015-09-08,0.0,34.32,21.14,27.46,53.66,2.19,2015,9,13.18
2015-09-09,0.76,35.49,21.1,28.49,48.0,1.81,2015,9,14.39
2015-09-10,0.0,35.5,22.97,28.98,44.91,1.43,2015,9,12.530000000000001
2015-09-11,0.0,35.46,22.34,28.83,45.04,1.81,2015,9,13.120000000000001
2015-09-12,0.0,35.69,21.86,28.93,45.67,1.81,2015,9,13.829999999999998
2015-09-13,0.0,35.88,21.77,29.2,46.26,1.97,2015,9,14.110000000000003
2015-09-14,0.0,36.05,22.51,29.66,45.94,1.68,2015,9,13.539999999999996
2015-09-15,0.02,36.02,22.54,29.56,47.84,1.83,2015,9,13.480000000000004
2015-09-16,2.4,35.64,22.98,29.01,50.49,1.81,2015,9,12.66
2015-09-17,0.0,35.24,21.99,28.72,52.37,1.63,2015,9,13.250000000000004
2015-09-18,0.0,36.29,22.51,29.4,48.17,1.71,2015,9,13.779999999999998
2015-09-19,0.0,36.76,22.14,29.13,45.34,2.11,2015,9,14.619999999999997
2015-09-20,0.69,34.73,21.19,27.76,50.81,2.46,2015,9,13.539999999999996
2015-09-21,0.0,35.91,21.76,28.46,47.98,2.06,2015,9,14.149999999999995
2015-09-22,49.82,28.06,21.72,24.28,73.91,2.22,2015,9,6.34
2015-09-23,7.72,28.77,20.11,24.28,73.92,1.72,2015,9,8.66
2015-09-24,0.0,31.01,19.23,25.47,63.54,2.12,2015,9,11.780000000000001
2015-09-25,0.43,31.81,19.88,26.17,56.99,1.7,2015,9,11.93
2015-09-26,10.41,31.05,20.94,25.81,58.64,1.88,2015,9,10.11
2015-09-27,1.99,30.17,20.94,25.35,57.44,1.8,2015,9,9.23
2015-09-28,0.07,31.06,18.68,24.82,56.96,2.12,2015,9,12.379999999999999
2015-09-29,0.26,30.91,19.16,24.24,55.69,2.53,2015,9,11.75
2015-09-30,0.0,32.77,17.0,24.47,49.09,3.0,2015,9,15.770000000000003
2015-10-01,0.0,33.35,18.47,25.52,40.79,2.55,2015,10,14.880000000000003
2015-10-02,0.0,33.84,18.78,25.94,40.89,2.44,2015,10,15.060000000000002
2015-10-03,0.0,33.6,19.4,25.87,42.42,2.39,2015,10,14.200000000000003
2015-10-04,0.02,33.09,19.5,25.61,44.63,2.41,2015,10,13.590000000000003
2015-10-05,0.0,33.38,19.02,25.51,47.63,2.25,2015,10,14.360000000000003
2015-10-06,0.0,32.51,20.77,25.93,46.51,1.96,2015,10,11.739999999999998
2015-10-07,0.03,32.63,20.06,25.51,48.56,2.25,2015,10,12.570000000000004
2015-10-08,0.0,33.56,19.2,25.67,45.15,2.62,2015,10,14.360000000000003
2015-10-09,0.0,33.46,18.81,25.48,42.83,2.25,2015,10,14.650000000000002
2015-10-10,0.0,33.22,18.3,25.19,42.75,2.4,2015,10,14.919999999999998
2015-10-11,0.0,33.41,18.68,25.88,44.22,1.93,2015,10,14.729999999999997
2015-10-12,0.0,33.11,20.48,25.95,51.75,2.03,2015,10,12.629999999999999
2015-10-13,0.0,31.58,20.77,25.73,55.47,1.76,2015,10,10.809999999999999
2015-10-14,11.19,30.15,20.53,24.73,62.14,1.61,2015,10,9.619999999999997
2015-10-15,0.0,29.74,18.65,23.73,58.46,2.09,2015,10,11.09
2015-10-16,0.0,30.97,18.74,24.18,53.78,1.73,2015,10,12.23
2015-10-17,0.0,31.01,18.22,24.23,53.56,2.79,2015,10,12.790000000000003
2015-10-18,0.23,31.28,18.77,24.4,53.32,2.11,2015,10,12.510000000000002
2015-10-19,31.28,25.82,17.54,21.47,68.38,2.93,2015,10,8.280000000000001
2015-10-20,1.83,27.58,16.21,20.66,60.92,2.5,2015,10,11.369999999999997
2015-10-21,0.0,28.89,14.63,20.6,50.17,2.49,2015,10,14.26
2015-10-22,0.0,28.34,15.82,21.22,44.73,2.43,2015,10,12.52
2015-10-23,0.0,28.92,13.92,21.02,44.01,2.21,2015,10,15.000000000000002
2015-10-24,13.36,28.09,15.24,20.44,55.09,2.49,2015,10,12.85
2015-10-25,33.29,18.21,14.94,16.54,83.39,3.61,2015,10,3.2700000000000014
2015-10-26,0.64,22.95,12.36,16.89,73.32,2.2,2015,10,10.59
2015-10-27,0.0,24.37,12.65,17.26,61.07,2.49,2015,10,11.72
2015-10-28,0.0,25.62,10.6,16.83,51.31,2.98,2015,10,15.020000000000001
2015-10-29,0.0,25.35,11.09,17.56,48.01,2.62,2015,10,14.260000000000002
2015-10-30,0.0,26.04,13.7,18.12,53.27,2.29,2015,10,12.34
2015-10-31,0.0,26.14,13.96,18.57,54.57,2.27,2015,10,12.18
2015-11-01,0.0,25.03,14.55,18.69,56.98,1.75,2015,11,10.48
2015-11-02,0.0,25.31,14.99,19.77,58.21,1.72,2015,11,10.319999999999999
2015-11-03,1.44,23.94,14.9,18.81,63.35,1.96,2015,11,9.040000000000001
2015-11-04,16.83,23.14,14.04,17.13,74.03,4.2,2015,11,9.100000000000001
2015-11-05,0.03,23.52,12.02,16.73,61.16,2.68,2015,11,11.5
2015-11-06,0.0,23.42,9.71,15.72,54.32,2.75,2015,11,13.71
2015-11-07,0.0,24.37,12.79,17.37,50.9,1.93,2015,11,11.580000000000002
2015-11-08,0.0,24.59,13.0,17.87,51.84,1.73,2015,11,11.59
2015-11-09,0.13,21.47,12.52,15.69,64.74,2.76,2015,11,8.95
2015-11-10,0.28,21.45,11.45,14.89,67.69,2.79,2015,11,10.0
2015-11-11,0.03,22.15,11.75,15.24,65.93,3.0,2015,11,10.399999999999999
2015-11-12,0.37,23.88,11.69,16.99,58.26,1.96,2015,11,12.19
2015-11-13,5.5,23.55,12.83,17.44,75.32,2.68,2015,11,10.72
2015-11-14,0.0,24.4,11.72,16.61,59.78,2.66,2015,11,12.679999999999998
2015-11-15,0.0,23.6,11.55,16.51,50.43,2.11,2015,11,12.05
2015-11-16,0.0,23.65,9.79,14.95,53.33,3.9,2015,11,13.86
2015-11-17,0.0,24.46,10.59,15.65,45.18,3.1,2015,11,13.870000000000001
2015-11-18,0.0,25.41,10.64,16.63,42.85,2.86,2015,11,14.77
2015-11-19,0.0,25.1,13.19,17.57,41.82,1.67,2015,11,11.910000000000002
2015-11-20,0.0,24.79,12.8,17.49,45.59,1.74,2015,11,11.989999999999998
2015-11-21,0.0,24.76,13.02,17.21,44.03,1.85,2015,11,11.740000000000002
2015-11-22,0.0,22.4,12.43,16.48,42.33,1.47,2015,11,9.969999999999999
2015-11-23,0.0,23.99,12.34,16.35,45.29,2.0,2015,11,11.649999999999999
2015-11-24,0.0,22.11,9.42,14.6,53.43,3.07,2015,11,12.69
2015-11-25,0.0,22.76,11.61,15.47,49.98,2.38,2015,11,11.150000000000002
2015-11-26,0.0,21.28,10.37,14.09,52.2,3.11,2015,11,10.910000000000002
2015-11-27,0.02,22.42,8.86,13.89,46.98,2.65,2015,11,13.560000000000002
2015-11-28,0.0,24.07,9.59,14.96,45.14,2.23,2015,11,14.48
2015-11-29,0.0,23.72,10.49,15.5,49.57,2.54,2015,11,13.229999999999999
2015-11-30,0.0,24.64,11.85,16.49,52.28,2.18,2015,11,12.790000000000001
2015-12-01,0.0,24.2,12.85,17.06,48.82,1.98,2015,12,11.35
2015-12-02,0.0,23.7,11.02,15.73,53.62,2.71,2015,12,12.68
2015-12-03,0.0,25.09,10.97,15.72,47.72,3.09,2015,12,14.12
2015-12-04,0.0,25.36,12.86,17.49,44.17,2.44,2015,12,12.5
2015-12-05,0.0,24.65,14.29,17.75,43.89,2.11,2015,12,10.36
2015-12-06,0.0,24.86,12.54,17.42,45.3,2.12,2015,12,12.32
2015-12-07,0.0,23.44,12.61,16.85,48.8,1.81,2015,12,10.830000000000002
2015-12-08,0.0,22.9,13.43,16.89,49.48,1.62,2015,12,9.469999999999999
2015-12-09,0.09,18.78,9.76,13.63,56.87,2.73,2015,12,9.020000000000001
2015-12-10,5.21,18.69,10.01,14.22,60.13,2.72,2015,12,8.680000000000001
2015-12-11,17.84,15.64,6.04,9.83,73.58,2.64,2015,12,9.600000000000001
2015-12-12,0.0,18.6,4.45,9.79,50.0,3.08,2015,12,14.150000000000002
2015-12-13,0.03,18.66,5.92,11.27,47.71,2.07,2015,12,12.74
2015-12-14,0.0,18.46,6.6,10.96,55.87,2.76,2015,12,11.860000000000001
2015-12-15,0.0,20.05,5.78,10.81,44.98,3.34,2015,12,14.27
2015-12-16,0.0,19.4,6.2,12.12,36.41,2.01,2015,12,13.2
2015-12-17,0.0,18.36,5.25,11.76,40.55,2.21,2015,12,13.11
2015-12-18,0.0,18.46,4.81,9.69,46.67,3.05,2015,12,13.650000000000002
2015-12-19,0.0,17.96,6.75,11.31,41.14,2.05,2015,12,11.21
2015-12-20,0.0,17.9,6.07,10.74,49.75,2.72,2015,12,11.829999999999998
2015-12-21,0.0,18.12,5.4,10.76,47.92,2.48,2015,12,12.72
2015-12-22,0.21,15.47,6.72,9.96,56.47,2.29,2015,12,8.75
2015-12-23,0.0,15.58,4.48,9.03,56.42,2.77,2015,12,11.1
2015-12-24,0.0,18.91,2.84,8.49,47.47,4.13,2015,12,16.07
2015-12-25,0.0,17.53,4.73,9.87,38.14,2.54,2015,12,12.8
2015-12-26,0.0,17.87,7.86,11.95,41.97,2.15,2015,12,10.010000000000002
2015-12-27,0.0,21.53,8.14,13.39,53.98,2.94,2015,12,13.39
2015-12-28,0.0,21.79,9.95,13.95,56.04,3.08,2015,12,11.84
2015-12-29,0.0,22.37,10.28,14.35,50.13,2.95,2015,12,12.090000000000002
2015-12-30,0.0,21.69,8.32,13.02,45.88,2.94,2015,12,13.370000000000001
2015-12-31,0.0,21.82,6.37,12.78,42.16,2.74,2015,12,15.45
2016-01-01,0.0,22.01,10.98,14.81,36.2,1.91,2016,1,11.030000000000001
2016-01-02,0.0,20.9,9.74,13.7,40.94,2.45,2016,1,11.159999999999998
2016-01-03,0.0,21.6,8.42,13.56,46.96,2.72,2016,1,13.180000000000001
2016-01-04,3.19,17.84,9.81,12.73,64.02,3.04,2016,1,8.03
2016-01-05,0.13,20.05,7.7,12.56,64.74,3.03,2016,1,12.350000000000001
2016-01-06,0.0,18.44,8.64,13.21,52.47,1.66,2016,1,9.8
2016-01-07,0.05,20.6,8.53,13.42,55.54,2.3,2016,1,12.070000000000002
2016-01-08,0.89,18.83,7.43,12.03,65.84,3.2,2016,1,11.399999999999999
2016-01-09,0.0,20.1,5.33,11.31,53.93,3.4,2016,1,14.770000000000001
2016-01-10,0.0,21.32,6.96,13.37,37.01,2.01,2016,1,14.36
2016-01-11,0.0,20.63,9.02,13.2,42.97,2.3,2016,1,11.61
2016-01-12,3.1,16.51,7.42,11.71,56.82,2.23,2016,1,9.090000000000002
2016-01-13,0.0,19.44,6.35,11.89,56.88,2.07,2016,1,13.090000000000002
2016-01-14,0.01,17.72,9.67,12.56,53.73,1.69,2016,1,8.049999999999999
2016-01-15,0.0,19.21,7.08,11.51,55.61,2.82,2016,1,12.13
2016-01-16,0.0,19.81,6.56,12.11,46.21,2.47,2016,1,13.25
2016-01-17,0.0,18.75,7.81,12.07,45.4,1.6,2016,1,10.940000000000001
2016-01-18,0.0,17.18,7.56,11.19,50.43,2.13,2016,1,9.620000000000001
2016-01-19,0.0,18.68,5.22,10.74,49.64,3.19,2016,1,13.46
2016-01-20,0.0,19.97,3.22,10.5,34.29,3.16,2016,1,16.75
2016-01-21,0.0,18.58,4.64,10.79,32.68,2.37,2016,1,13.939999999999998
2016-01-22,0.0,18.32,5.73,10.97,34.35,1.56,2016,1,12.59
2016-01-23,0.0,18.27,6.43,10.71,39.94,2.49,2016,1,11.84
2016-01-24,0.0,19.22,6.55,11.03,43.18,2.31,2016,1,12.669999999999998
2016-01-25,0.0,18.3,6.49,11.39,42.52,1.97,2016,1,11.81
2016-01-26,0.15,17.47,8.42,12.09,52.42,1.79,2016,1,9.049999999999999
2016-01-27,0.13,19.68,8.58,12.59,59.26,2.11,2016,1,11.1
2016-01-28,1.7,18.85,7.73,12.31,61.83,2.69,2016,1,11.120000000000001
2016-01-29,11.14,12.18,8.14,10.08,85.7,4.29,2016,1,4.039999999999999
2016-01-30,1.49,19.17,7.58,11.93,68.94,2.34,2016,1,11.590000000000002
2016-01-31,0.29,19.22,6.82,11.83,56.4,2.75,2016,1,12.399999999999999
2016-02-01,0.0,20.17,6.85,12.21,47.18,2.19,2016,2,13.320000000000002
2016-02-02,0.0,19.65,7.06,12.31,44.39,2.31,2016,2,12.59
2016-02-03,0.0,20.99,6.83,12.26,45.3,3.3,2016,2,14.159999999999998
2016-02-04,0.0,22.44,8.67,14.48,36.94,2.37,2016,2,13.770000000000001
2016-02-05,0.0,23.32,9.02,14.43,38.25,2.68,2016,2,14.3
2016-02-06,0.0,21.39,10.64,15.5,36.86,1.86,2016,2,10.75
2016-02-07,0.0,21.01,9.17,14.74,44.17,1.45,2016,2,11.840000000000002
2016-02-08,0.0,20.74,7.75,13.25,52.01,2.4,2016,2,12.989999999999998
2016-02-09,0.0,21.31,8.94,13.92,51.19,2.55,2016,2,12.37
2016-02-10,11.51,17.78,8.34,12.34,57.38,3.46,2016,2,9.440000000000001
2016-02-11,23.75,16.98,6.44,11.1,65.35,3.25,2016,2,10.54
2016-02-12,0.0,17.78,3.4,10.08,53.77,2.92,2016,2,14.38
2016-02-13,0.0,18.87,7.87,12.53,44.65,1.73,2016,2,11.0
2016-02-14,0.0,19.49,6.79,11.6,50.18,2.39,2016,2,12.7
2016-02-15,0.0,19.9,6.22,11.72,52.04,2.84,2016,2,13.68
2016-02-16,0.0,22.01,6.62,13.44,43.98,2.15,2016,2,15.39
2016-02-17,0.0,22.72,6.43,14.11,44.73,2.23,2016,2,16.29
2016-02-18,0.17,25.35,8.55,15.78,39.73,2.3,2016,2,16.8
2016-02-19,15.84,24.69,11.61,16.95,56.36,3.02,2016,2,13.080000000000002
2016-02-20,6.88,21.73,8.88,14.62,66.95,3.1,2016,2,12.85
2016-02-21,0.0,24.56,9.09,15.55,49.75,3.03,2016,2,15.469999999999999
2016-02-22,0.0,25.57,10.36,16.12,45.61,3.6,2016,2,15.21
2016-02-23,0.0,29.51,8.18,17.03,37.93,4.55,2016,2,21.330000000000002
2016-02-24,0.0,30.22,9.52,19.38,29.1,2.79,2016,2,20.7
2016-02-25,0.0,26.93,10.37,17.85,36.41,2.3,2016,2,16.560000000000002
2016-02-26,0.0,26.69,9.96,17.47,43.06,2.46,2016,2,16.73
2016-02-27,0.0,26.86,11.56,18.59,43.23,2.25,2016,2,15.299999999999999
2016-02-28,0.0,26.48,12.99,19.29,41.93,1.92,2016,2,13.49
2016-02-29,0.0,26.22,12.78,18.24,48.82,2.22,2016,2,13.44
2016-03-01,0.0,27.36,12.81,18.92,49.7,2.7,2016,3,14.549999999999999
2016-03-02,0.0,26.81,14.78,20.82,47.19,1.79,2016,3,12.03
2016-03-03,0.0,28.43,15.72,21.34,51.12,2.87,2016,3,12.709999999999999
2016-03-04,0.57,27.78,14.78,20.69,54.33,2.4,2016,3,13.000000000000002
2016-03-05,4.53,22.88,13.07,17.01,66.28,3.14,2016,3,9.809999999999999
2016-03-06,2.8,18.9,12.25,15.22,72.08,2.83,2016,3,6.649999999999999
2016-03-07,0.0,24.67,12.01,17.62,60.52,2.51,2016,3,12.660000000000002
2016-03-08,0.0,27.19,13.36,19.18,53.48,2.45,2016,3,13.830000000000002
2016-03-09,0.0,27.39,12.9,19.77,49.73,2.14,2016,3,14.49
2016-03-10,0.0,28.11,15.56,21.28,46.38,1.68,2016,3,12.549999999999999
2016-03-11,19.02,21.63,14.95,17.41,72.35,3.34,2016,3,6.68
2016-03-12,33.38,17.59,11.76,15.08,87.3,2.8,2016,3,5.83
2016-03-13,10.18,17.35,10.81,13.91,82.52,1.85,2016,3,6.540000000000001
2016-03-14,4.1,21.64,9.47,15.32,68.52,2.36,2016,3,12.17
2016-03-15,0.02,22.24,10.08,15.39,64.78,2.9,2016,3,12.159999999999998
2016-03-16,16.4,21.28,9.58,14.77,63.52,2.44,2016,3,11.700000000000001
2016-03-17,12.98,20.84,12.53,15.82,81.72,2.65,2016,3,8.31
2016-03-18,8.75,22.5,12.49,18.06,73.24,2.17,2016,3,10.01
2016-03-19,2.68,25.08,13.58,19.0,66.41,2.79,2016,3,11.499999999999998
2016-03-20,3.05,23.23,11.73,16.85,64.82,3.71,2016,3,11.5
2016-03-21,0.0,23.16,10.45,16.03,52.83,3.94,2016,3,12.71
2016-03-22,0.0,26.35,9.31,17.07,49.05,4.37,2016,3,17.04
2016-03-23,0.0,29.2,10.16,19.07,40.56,2.5,2016,3,19.04
2016-03-24,0.5,26.94,13.29,19.33,52.06,2.56,2016,3,13.650000000000002
2016-03-25,8.58,24.59,13.07,18.15,66.44,3.01,2016,3,11.52
2016-03-26,0.36,24.11,12.59,17.97,67.53,2.16,2016,3,11.52
2016-03-27,0.0,27.59,12.66,20.1,55.92,2.71,2016,3,14.93
2016-03-28,0.02,28.11,16.37,20.9,55.25,2.09,2016,3,11.739999999999998
2016-03-29,0.0,28.61,14.72,21.79,55.65,3.22,2016,3,13.889999999999999
2016-03-30,0.0,30.14,16.09,23.67,49.72,2.19,2016,3,14.05
2016-03-31,0.04,29.05,17.89,23.14,51.41,2.42,2016,3,11.16
2016-04-01,0.19,29.48,17.05,22.79,58.69,3.01,2016,4,12.43
2016-04-02,0.97,30.04,18.67,23.55,60.88,2.99,2016,4,11.369999999999997
2016-04-03,4.0,25.9,17.09,21.01,75.08,3.08,2016,4,8.809999999999999
2016-04-04,0.21,30.09,16.09,21.93,58.46,3.24,2016,4,14.0
2016-04-05,0.01,28.57,16.46,22.12,49.72,1.96,2016,4,12.11
2016-04-06,0.05,25.68,15.98,20.74,52.96,1.79,2016,4,9.7
2016-04-07,0.0,28.28,13.58,20.68,54.12,2.81,2016,4,14.700000000000001
2016-04-08,0.34,29.02,15.34,22.2,50.84,1.88,2016,4,13.68
2016-04-09,3.87,27.65,16.33,21.14,59.52,1.97,2016,4,11.32
2016-04-10,0.0,27.23,15.2,20.55,58.3,2.56,2016,4,12.030000000000001
2016-04-11,2.31,27.24,15.78,20.92,58.64,2.34,2016,4,11.459999999999999
2016-04-12,0.0,29.82,14.34,21.9,53.87,3.86,2016,4,15.48
2016-04-13,0.0,31.19,16.72,23.32,49.51,4.18,2016,4,14.470000000000002
2016-04-14,0.0,33.94,16.18,24.35,43.08,3.55,2016,4,17.759999999999998
2016-04-15,0.0,35.94,18.99,27.16,45.0,3.22,2016,4,16.95
2016-04-16,3.21,36.04,21.81,28.35,50.18,3.0,2016,4,14.23
2016-04-17,0.81,31.04,18.86,24.61,56.9,4.99,2016,4,12.18
2016-04-18,1.23,32.48,16.86,24.27,50.51,3.69,2016,4,15.619999999999997
2016-04-19,0.11,32.92,18.31,24.31,47.96,2.99,2016,4,14.610000000000003
2016-04-20,0.46,32.87,17.04,24.4,47.58,3.68,2016,4,15.829999999999998
2016-04-21,0.25,32.47,18.44,25.54,44.02,2.8,2016,4,14.029999999999998
2016-04-22,1.8,31.27,17.32,24.04,43.76,3.27,2016,4,13.95
2016-04-23,0.01,31.54,15.04,23.08,39.73,3.15,2016,4,16.5
2016-04-24,0.01,32.13,16.0,23.65,39.53,2.99,2016,4,16.130000000000003
2016-04-25,0.0,33.49,16.86,25.2,34.27,2.82,2016,4,16.630000000000003
2016-04-26,0.0,34.44,17.79,26.44,34.49,2.79,2016,4,16.65
2016-04-27,0.0,34.24,18.03,25.7,39.0,3.7,2016,4,16.21
2016-04-28,0.0,35.03,18.1,26.24,35.27,3.32,2016,4,16.93
2016-04-29,0.44,36.45,16.95,26.74,33.7,3.54,2016,4,19.500000000000004
2016-04-30,0.0,37.59,20.59,28.69,28.95,2.97,2016,4,17.000000000000004
2016-05-01,0.0,39.5,19.75,29.88,29.88,3.1,2016,5,19.75
2016-05-02,0.0,40.08,21.28,30.11,31.66,2.9,2016,5,18.799999999999997
2016-05-03,0.05,36.0,22.5,27.81,43.27,3.29,2016,5,13.5
2016-05-04,0.39,30.65,20.9,25.17,53.26,3.45,2016,5,9.75
2016-05-05,0.02,33.89,19.63,26.3,48.66,2.61,2016,5,14.260000000000002
2016-05-06,0.0,36.73,20.37,28.81,37.16,2.56,2016,5,16.359999999999996
2016-05-07,0.0,38.58,23.42,30.57,32.56,2.98,2016,5,15.159999999999997
2016-05-08,0.01,41.54,23.17,32.22,29.58,3.22,2016,5,18.369999999999997
2016-05-09,0.06,41.85,26.11,33.9,26.29,2.83,2016,5,15.740000000000002
2016-05-10,2.72,42.13,27.31,34.8,26.84,2.22,2016,5,14.820000000000004
2016-05-11,0.48,38.53,25.18,31.4,37.11,2.55,2016,5,13.350000000000001
2016-05-12,0.42,39.13,24.25,31.45,32.66,2.79,2016,5,14.880000000000003
2016-05-13,0.13,39.79,24.2,31.89,31.93,2.93,2016,5,15.59
2016-05-14,3.18,37.69,24.09,30.32,35.14,4.08,2016,5,13.599999999999998
2016-05-15,0.06,38.5,21.65,30.09,28.08,3.61,2016,5,16.85
2016-05-16,0.01,39.5,22.58,31.53,22.34,3.73,2016,5,16.92
2016-05-17,0.11,41.73,24.86,32.95,18.9,3.03,2016,5,16.869999999999997
2016-05-18,0.0,43.66,25.22,34.2,16.07,3.91,2016,5,18.439999999999998
2016-05-19,0.0,44.67,26.27,35.64,19.52,3.01,2016,5,18.400000000000002
2016-05-20,0.0,44.71,26.37,36.01,15.32,3.24,2016,5,18.34
2016-05-21,0.0,45.24,28.14,36.68,14.08,3.22,2016,5,17.1
2016-05-22,0.03,45.66,27.0,37.39,13.9,3.05,2016,5,18.659999999999997
2016-05-23,58.56,36.19,25.34,31.25,41.9,3.02,2016,5,10.849999999999998
2016-05-24,10.24,34.19,23.89,29.11,48.96,2.97,2016,5,10.299999999999997
2016-05-25,0.23,34.83,23.58,29.15,43.24,1.9,2016,5,11.25
2016-05-26,0.01,37.91,22.18,30.58,39.96,2.52,2016,5,15.729999999999997
2016-05-27,0.05,38.9,25.69,32.31,34.25,2.46,2016,5,13.209999999999997
2016-05-28,0.0,39.63,25.81,32.8,34.52,2.45,2016,5,13.820000000000004
2016-05-29,0.32,39.33,26.84,32.93,28.7,1.88,2016,5,12.489999999999998
2016-05-30,9.4,37.02,24.08,30.84,34.1,2.2,2016,5,12.940000000000005
2016-05-31,0.08,37.31,22.18,30.53,40.0,2.62,2016,5,15.130000000000003
2016-06-01,0.03,39.5,26.02,32.82,39.55,2.18,2016,6,13.48
2016-06-02,2.51,39.19,26.36,32.53,44.49,2.99,2016,6,12.829999999999998
2016-06-03,0.01,38.94,25.63,31.88,44.02,3.16,2016,6,13.309999999999999
2016-06-04,0.0,40.65,25.79,33.25,37.69,4.01,2016,6,14.86
2016-06-05,0.0,41.76,28.11,34.93,28.36,2.33,2016,6,13.649999999999999
2016-06-06,0.0,42.21,25.87,34.4,29.34,2.55,2016,6,16.34
2016-06-07,0.0,42.13,27.21,34.64,27.95,2.19,2016,6,14.920000000000002
2016-06-08,0.02,42.36,26.75,34.85,26.97,2.27,2016,6,15.61
2016-06-09,5.03,40.94,26.84,34.42,31.03,1.98,2016,6,14.099999999999998
2016-06-10,0.21,40.95,26.02,34.59,28.96,2.36,2016,6,14.930000000000003
2016-06-11,3.16,40.09,25.59,33.93,31.42,2.3,2016,6,14.500000000000004
2016-06-12,0.01,41.03,26.0,34.27,30.76,2.06,2016,6,15.030000000000001
2016-06-13,1.22,40.98,27.76,34.91,30.19,1.73,2016,6,13.219999999999995
2016-06-14,0.0,42.64,29.92,36.6,26.08,1.31,2016,6,12.719999999999999
2016-06-15,1.59,43.41,29.63,36.59,25.08,2.07,2016,6,13.779999999999998
2016-06-16,25.35,38.63,28.12,33.08,45.92,1.42,2016,6,10.510000000000002
2016-06-17,3.38,38.72,26.72,32.95,46.15,1.96,2016,6,12.0
2016-06-18,0.0,39.83,27.27,33.89,44.92,1.79,2016,6,12.559999999999999
2016-06-19,0.77,40.55,27.24,34.4,45.18,2.28,2016,6,13.309999999999999
2016-06-20,2.0,39.77,28.07,33.85,48.99,2.84,2016,6,11.700000000000003
2016-06-21,20.86,38.4,28.05,33.21,52.9,1.91,2016,6,10.349999999999998
2016-06-22,11.31,37.25,26.27,31.78,53.74,1.98,2016,6,10.98
2016-06-23,0.18,38.46,26.34,32.47,48.05,1.71,2016,6,12.120000000000001
2016-06-24,0.0,40.04,26.59,33.8,41.23,1.97,2016,6,13.45
2016-06-25,0.0,41.16,27.67,35.12,38.7,1.54,2016,6,13.489999999999995
2016-06-26,0.44,40.41,27.89,34.56,43.52,1.73,2016,6,12.519999999999996
2016-06-27,0.79,39.93,29.12,34.59,44.28,1.55,2016,6,10.809999999999999
2016-06-28,4.97,37.99,28.8,33.28,50.25,1.27,2016,6,9.190000000000001
2016-06-29,0.0,40.49,26.81,33.9,48.52,1.69,2016,6,13.680000000000003
2016-06-30,0.0,41.42,28.39,34.85,48.11,2.15,2016,6,13.030000000000001
2016-07-01,0.01,41.4,29.36,35.12,45.17,1.91,2016,7,12.04
2016-07-02,7.37,39.43,27.28,33.52,53.41,2.8,2016,7,12.149999999999999
2016-07-03,49.16,34.1,26.81,30.04,68.4,2.57,2016,7,7.290000000000003
2016-07-04,0.03,36.57,26.06,31.46,58.89,1.43,2016,7,10.510000000000002
2016-07-05,0.69,37.91,27.08,33.16,48.83,1.62,2016,7,10.829999999999998
2016-07-06,19.14,37.33,28.04,33.29,52.05,1.31,2016,7,9.29
2016-07-07,4.08,37.7,29.17,33.45,49.6,1.13,2016,7,8.530000000000001
2016-07-08,0.0,39.18,28.68,34.12,48.03,1.61,2016,7,10.5
2016-07-09,10.03,37.54,27.36,32.84,53.46,1.6,2016,7,10.18
2016-07-10,0.01,38.04,25.51,31.96,56.02,2.46,2016,7,12.529999999999998
2016-07-11,4.26,37.7,26.94,33.02,53.62,1.52,2016,7,10.760000000000002
2016-07-12,0.25,37.81,27.78,32.99,55.9,1.82,2016,7,10.030000000000001
2016-07-13,10.74,34.58,27.77,30.39,67.11,1.51,2016,7,6.809999999999999
2016-07-14,22.79,37.23,28.57,32.74,60.98,1.87,2016,7,8.659999999999997
2016-07-15,27.18,35.65,27.06,31.67,63.35,1.67,2016,7,8.59
2016-07-16,11.45,34.31,26.36,30.62,69.26,1.29,2016,7,7.950000000000003
2016-07-17,20.08,32.44,26.0,29.0,78.3,2.18,2016,7,6.439999999999998
2016-07-18,13.29,31.69,25.43,28.72,74.63,1.83,2016,7,6.260000000000002
2016-07-19,4.27,33.15,24.81,29.16,67.61,1.52,2016,7,8.34
2016-07-20,0.0,35.35,24.24,31.07,58.2,1.82,2016,7,11.110000000000003
2016-07-21,0.0,35.62,27.68,32.18,56.38,1.16,2016,7,7.939999999999998
2016-07-22,12.39,34.87,25.91,30.43,64.96,1.56,2016,7,8.959999999999997
2016-07-23,0.0,35.56,25.11,30.62,60.19,1.87,2016,7,10.450000000000003
2016-07-24,1.35,33.51,25.19,29.72,71.42,1.97,2016,7,8.319999999999997
2016-07-25,7.74,34.48,26.0,30.17,70.51,1.62,2016,7,8.479999999999997
2016-07-26,10.66,33.68,26.19,30.23,72.13,1.82,2016,7,7.489999999999998
2016-07-27,68.86,31.57,25.55,28.81,79.42,2.57,2016,7,6.02
2016-07-28,2.97,30.79,24.15,27.33,80.07,1.97,2016,7,6.640000000000001
2016-07-29,2.77,32.47,24.44,28.63,74.6,1.16,2016,7,8.029999999999998
2016-07-30,15.9,31.25,25.45,28.37,77.76,2.19,2016,7,5.800000000000001
2016-07-31,0.0,32.09,24.72,28.82,73.02,1.47,2016,7,7.3700000000000045
2016-08-01,0.07,33.39,25.15,29.91,69.75,1.5,2016,8,8.240000000000002
2016-08-02,18.64,32.54,25.35,28.95,73.15,1.76,2016,8,7.189999999999998
2016-08-03,0.08,32.19,24.26,28.5,74.69,1.22,2016,8,7.929999999999996
2016-08-04,0.01,33.78,25.03,29.86,70.68,1.66,2016,8,8.75
2016-08-05,0.0,34.94,25.92,31.05,66.34,1.7,2016,8,9.019999999999996
2016-08-06,1.2,34.79,25.84,30.17,72.51,2.42,2016,8,8.95
2016-08-07,7.91,30.06,24.88,26.97,87.26,4.47,2016,8,5.18
2016-08-08,13.57,31.82,25.01,28.16,81.45,2.53,2016,8,6.809999999999999
2016-08-09,28.93,31.55,24.3,28.01,81.1,2.22,2016,8,7.25
2016-08-10,0.99,31.81,24.57,27.82,82.63,2.71,2016,8,7.239999999999998
2016-08-11,2.78,31.76,24.04,27.71,80.56,1.97,2016,8,7.720000000000002
2016-08-12,1.41,32.3,23.68,28.33,74.68,1.5,2016,8,8.619999999999997
2016-08-13,0.0,33.29,24.48,29.48,67.03,1.35,2016,8,8.809999999999999
2016-08-14,0.57,33.23,24.52,29.31,67.79,1.23,2016,8,8.709999999999997
2016-08-15,2.42,33.17,25.65,29.62,64.85,1.4,2016,8,7.520000000000003
2016-08-16,0.06,34.44,25.17,29.99,56.86,1.36,2016,8,9.269999999999996
2016-08-17,0.0,34.59,25.08,30.04,59.72,1.36,2016,8,9.510000000000005
2016-08-18,1.63,34.05,26.3,29.95,57.34,1.32,2016,8,7.7499999999999964
2016-08-19,0.0,36.51,23.96,30.81,52.86,1.83,2016,8,12.549999999999997
2016-08-20,0.0,36.5,24.0,30.41,58.62,2.05,2016,8,12.5
2016-08-21,0.0,35.77,23.9,30.38,59.09,1.72,2016,8,11.870000000000005
2016-08-22,2.39,36.45,25.9,31.03,52.48,1.42,2016,8,10.550000000000004
2016-08-23,0.03,36.42,24.61,30.84,52.3,1.4,2016,8,11.810000000000002
2016-08-24,0.01,36.59,25.23,30.47,55.19,1.67,2016,8,11.360000000000003
2016-08-25,1.09,33.73,23.91,28.53,69.2,1.51,2016,8,9.819999999999997
2016-08-26,0.26,35.38,25.04,30.17,61.16,0.79,2016,8,10.340000000000003
2016-08-27,21.3,32.26,24.22,28.13,74.93,1.75,2016,8,8.04
2016-08-28,12.52,30.5,23.32,26.72,79.42,1.61,2016,8,7.18
2016-08-29,3.52,33.55,23.11,28.41,67.11,1.4,2016,8,10.439999999999998
2016-08-30,7.52,31.92,23.5,27.84,70.06,1.64,2016,8,8.420000000000002
2016-08-31,1.66,33.22,23.18,28.4,63.04,1.27,2016,8,10.04
2016-09-01,0.23,32.48,22.98,27.34,63.31,1.98,2016,9,9.499999999999996
2016-09-02,0.13,33.88,23.17,28.26,51.73,1.98,2016,9,10.71
2016-09-03,0.87,35.56,22.91,29.59,48.02,1.69,2016,9,12.650000000000002
2016-09-04,0.0,35.74,24.36,30.27,44.19,1.1,2016,9,11.380000000000003
2016-09-05,0.0,35.53,23.12,29.76,48.17,1.59,2016,9,12.41
2016-09-06,7.25,34.64,24.03,29.56,54.44,1.36,2016,9,10.61
2016-09-07,0.01,34.53,23.52,29.51,57.15,1.16,2016,9,11.010000000000002
2016-09-08,0.0,35.75,24.98,30.76,51.07,1.11,2016,9,10.77
2016-09-09,0.0,36.27,24.59,30.76,50.01,1.42,2016,9,11.680000000000003
2016-09-10,8.11,35.29,25.67,29.95,56.56,1.56,2016,9,9.619999999999997
2016-09-11,7.65,34.33,24.65,29.78,57.42,1.3,2016,9,9.68
2016-09-12,10.6,32.52,25.32,28.87,60.78,1.02,2016,9,7.200000000000003
2016-09-13,1.05,33.61,23.4,28.53,61.36,1.58,2016,9,10.21
2016-09-14,13.62,31.22,23.32,27.31,65.37,1.2,2016,9,7.899999999999999
2016-09-15,0.0,33.55,22.47,28.22,56.12,1.37,2016,9,11.079999999999998
2016-09-16,0.0,35.09,23.62,29.17,52.15,1.63,2016,9,11.470000000000002
2016-09-17,0.0,35.2,21.85,28.93,52.52,1.78,2016,9,13.350000000000001
2016-09-18,0.0,35.16,21.98,28.51,55.91,2.13,2016,9,13.179999999999996
2016-09-19,0.0,35.07,23.17,28.91,52.15,1.89,2016,9,11.899999999999999
2016-09-20,0.0,35.55,23.73,29.91,48.06,1.15,2016,9,11.819999999999997
2016-09-21,0.29,34.46,23.23,28.97,57.39,1.67,2016,9,11.23
2016-09-22,2.73,33.07,23.04,27.82,63.35,1.45,2016,9,10.030000000000001
2016-09-23,0.15,32.15,22.17,27.31,61.42,1.46,2016,9,9.979999999999997
2016-09-24,4.92,31.88,23.28,27.49,59.64,0.96,2016,9,8.599999999999998
2016-09-25,0.01,33.29,22.77,27.7,58.35,1.48,2016,9,10.52
2016-09-26,0.03,33.61,22.96,27.98,56.57,1.31,2016,9,10.649999999999999
2016-09-27,0.0,33.0,22.42,28.06,55.53,1.0,2016,9,10.579999999999998
2016-09-28,0.0,33.52,23.15,28.17,55.78,1.17,2016,9,10.370000000000005
2016-09-29,0.08,33.19,22.3,27.5,59.16,1.53,2016,9,10.889999999999997
2016-09-30,0.0,34.98,23.71,28.35,56.45,1.65,2016,9,11.269999999999996
2016-10-01,0.0,34.3,22.12,28.03,56.12,1.87,2016,10,12.179999999999996
2016-10-02,0.05,35.97,22.86,28.87,53.21,2.02,2016,10,13.11
2016-10-03,0.09,35.31,23.77,28.69,54.96,2.03,2016,10,11.540000000000003
2016-10-04,0.0,35.52,23.31,29.05,47.94,1.64,2016,10,12.210000000000004
2016-10-05,10.71,33.48,22.15,27.31,57.07,1.87,2016,10,11.329999999999998
2016-10-06,0.79,32.83,21.14,26.41,57.2,1.94,2016,10,11.689999999999998
2016-10-07,0.07,33.12,20.71,26.32,52.81,2.27,2016,10,12.409999999999997
2016-10-08,0.0,33.56,20.89,27.4,45.15,1.21,2016,10,12.670000000000002
2016-10-09,0.0,33.39,21.68,26.52,45.26,1.81,2016,10,11.71
2016-10-10,0.0,32.23,19.79,25.2,43.51,2.09,2016,10,12.439999999999998
2016-10-11,0.0,32.94,18.79,25.11,39.56,2.24,2016,10,14.149999999999999
2016-10-12,0.0,32.51,18.43,25.46,35.89,1.47,2016,10,14.079999999999998
2016-10-13,0.0,32.39,18.66,25.08,35.41,1.9,2016,10,13.73
2016-10-14,0.0,32.35,16.21,23.84,38.31,2.81,2016,10,16.14
2016-10-15,0.0,32.74,18.48,25.04,32.47,2.23,2016,10,14.260000000000002
2016-10-16,0.0,32.42,18.79,25.06,29.17,1.46,2016,10,13.630000000000003
2016-10-17,0.0,31.18,16.69,23.13,35.02,2.45,2016,10,14.489999999999998
2016-10-18,0.0,32.39,16.26,23.75,34.74,2.29,2016,10,16.13
2016-10-19,0.0,30.52,15.81,23.27,35.33,1.84,2016,10,14.709999999999999
2016-10-20,0.0,31.16,16.7,23.85,32.91,2.18,2016,10,14.46
2016-10-21,0.16,31.47,15.88,22.85,38.34,3.03,2016,10,15.589999999999998
2016-10-22,0.0,31.04,18.67,23.88,38.17,2.42,2016,10,12.369999999999997
2016-10-23,0.0,30.61,16.38,22.11,38.95,2.87,2016,10,14.23
2016-10-24,0.0,30.44,16.12,22.32,31.13,2.59,2016,10,14.32
2016-10-25,0.0,31.11,15.57,22.12,31.2,2.76,2016,10,15.54
2016-10-26,0.0,30.49,17.54,23.0,28.39,2.31,2016,10,12.95
2016-10-27,0.0,30.73,15.42,22.63,26.92,2.29,2016,10,15.31
2016-10-28,0.0,31.95,14.75,22.77,24.53,2.53,2016,10,17.2
2016-10-29,0.0,29.82,14.02,22.46,23.73,1.91,2016,10,15.8
2016-10-30,0.0,28.2,16.44,21.86,25.69,1.47,2016,10,11.759999999999998
2016-10-31,0.0,29.47,16.36,21.48,27.08,2.11,2016,10,13.11
2016-11-01,0.0,30.97,15.7,21.86,26.72,2.75,2016,11,15.27
2016-11-02,0.0,29.47,15.5,21.38,27.3,1.86,2016,11,13.969999999999999
2016-11-03,0.0,28.83,15.88,21.4,29.44,1.63,2016,11,12.949999999999998
2016-11-04,0.07,28.4,16.31,20.83,37.81,2.08,2016,11,12.09
2016-11-05,0.34,28.8,14.48,20.37,33.65,2.84,2016,11,14.32
2016-11-06,0.0,28.78,13.36,19.76,26.48,2.36,2016,11,15.420000000000002
2016-11-07,0.0,28.97,13.5,19.96,22.66,3.08,2016,11,15.469999999999999
2016-11-08,0.0,30.73,13.08,20.79,17.86,2.91,2016,11,17.65
2016-11-09,0.0,29.42,15.5,20.87,16.97,2.66,2016,11,13.920000000000002
2016-11-10,0.0,30.3,14.41,21.13,17.23,2.23,2016,11,15.89
2016-11-11,0.0,27.2,15.53,20.34,19.0,1.87,2016,11,11.67
2016-11-12,0.1,27.6,13.8,18.91,23.11,3.19,2016,11,13.8
2016-11-13,0.14,26.99,12.82,18.14,24.76,2.96,2016,11,14.169999999999998
2016-11-14,0.0,26.87,13.12,18.27,21.88,2.35,2016,11,13.750000000000002
2016-11-15,0.0,25.11,12.12,17.03,22.69,2.25,2016,11,12.99
2016-11-16,0.0,25.98,10.74,17.39,20.54,2.63,2016,11,15.24
2016-11-17,0.0,28.32,10.68,18.03,19.81,3.14,2016,11,17.64
2016-11-18,0.0,28.86,13.79,19.63,17.95,2.93,2016,11,15.07
2016-11-19,0.0,28.77,14.46,20.09,17.52,2.22,2016,11,14.309999999999999
2016-11-20,0.0,27.19,12.93,18.7,20.79,2.82,2016,11,14.260000000000002
2016-11-21,0.0,24.19,14.56,18.25,26.5,2.72,2016,11,9.63
2016-11-22,0.0,25.98,14.46,18.84,24.87,2.42,2016,11,11.52
2016-11-23,0.0,25.72,15.19,19.53,22.22,1.88,2016,11,10.53
2016-11-24,0.0,25.74,13.61,18.71,23.12,2.41,2016,11,12.129999999999999
2016-11-25,0.0,27.27,12.59,18.64,28.98,3.68,2016,11,14.68
2016-11-26,0.0,28.3,14.38,19.68,31.43,2.44,2016,11,13.92
2016-11-27,0.0,27.76,11.56,17.71,23.81,3.82,2016,11,16.200000000000003
2016-11-28,0.0,28.27,11.06,18.08,11.79,3.42,2016,11,17.21
2016-11-29,0.0,27.75,15.69,19.98,11.25,2.08,2016,11,12.06
2016-11-30,0.0,25.08,14.89,18.69,29.23,3.22,2016,11,10.189999999999998
2016-12-01,0.0,26.22,12.26,17.63,34.26,3.15,2016,12,13.959999999999999
2016-12-02,0.0,27.85,10.6,17.52,19.61,3.38,2016,12,17.25
2016-12-03,0.0,25.98,14.07,18.22,11.76,1.71,2016,12,11.91
2016-12-04,0.0,26.5,14.19,18.79,11.83,1.96,2016,12,12.31
2016-12-05,0.0,26.76,12.79,18.25,15.72,2.71,2016,12,13.970000000000002
2016-12-06,0.0,27.34,14.35,18.76,20.07,2.53,2016,12,12.99
2016-12-07,0.0,27.93,15.59,19.96,18.63,2.35,2016,12,12.34
2016-12-08,0.0,26.36,12.84,18.34,22.19,1.93,2016,12,13.52
2016-12-09,0.0,24.66,12.69,17.06,27.24,1.84,2016,12,11.97
2016-12-10,0.6,24.15,10.22,16.07,33.17,3.92,2016,12,13.929999999999998
2016-12-11,0.55,23.59,11.87,16.07,38.07,1.98,2016,12,11.72
2016-12-12,0.65,21.82,10.98,15.84,39.87,1.72,2016,12,10.84
2016-12-13,0.04,21.99,9.39,13.89,43.33,2.78,2016,12,12.599999999999998
2016-12-14,0.0,23.53,9.69,14.65,30.25,2.73,2016,12,13.840000000000002
2016-12-15,0.0,23.55,11.03,15.75,18.96,2.05,2016,12,12.520000000000001
2016-12-16,0.0,23.28,11.33,15.68,18.98,1.87,2016,12,11.950000000000001
2016-12-17,0.0,23.0,10.41,15.05,19.08,2.16,2016,12,12.59
2016-12-18,0.0,22.72,9.86,15.09,21.63,2.63,2016,12,12.86
2016-12-19,0.0,23.43,10.93,15.3,23.84,2.37,2016,12,12.5
2016-12-20,0.0,25.4,9.56,15.38,26.43,3.62,2016,12,15.839999999999998
2016-12-21,0.0,27.74,9.27,16.54,16.05,3.34,2016,12,18.47
2016-12-22,0.0,25.86,14.47,18.4,13.81,2.44,2016,12,11.389999999999999
2016-12-23,0.0,25.74,12.38,17.29,15.86,2.48,2016,12,13.359999999999998
2016-12-24,0.0,23.27,10.04,15.41,18.16,2.74,2016,12,13.23
2016-12-25,0.0,22.95,6.68,12.74,17.84,3.29,2016,12,16.27
2016-12-26,0.0,23.36,6.96,13.72,12.32,3.52,2016,12,16.4
2016-12-27,0.0,24.39,12.03,16.87,9.94,1.67,2016,12,12.360000000000001
2016-12-28,0.0,25.22,12.39,17.55,12.11,2.23,2016,12,12.829999999999998
2016-12-29,0.0,25.79,13.8,18.36,17.55,1.89,2016,12,11.989999999999998
2016-12-30,0.0,22.45,10.07,14.69,26.91,2.14,2016,12,12.379999999999999
2016-12-31,0.0,22.45,11.21,15.97,25.42,1.92,2016,12,11.239999999999998
2017-01-01,0.0,22.29,10.65,15.23,27.83,1.72,2017,1,11.639999999999999
2017-01-02,0.0,21.7,10.34,14.58,23.38,2.29,2017,1,11.36
2017-01-03,1.49,18.02,9.6,13.17,47.7,2.61,2017,1,8.42
2017-01-04,12.13,17.43,9.59,12.55,73.34,2.77,2017,1,7.84
2017-01-05,3.5,19.36,8.34,12.96,65.47,2.62,2017,1,11.02
2017-01-06,22.1,11.63,8.24,9.81,88.09,2.58,2017,1,3.3900000000000006
2017-01-07,2.39,14.9,7.67,10.39,69.02,1.44,2017,1,7.23
2017-01-08,0.05,15.02,3.09,8.27,53.11,2.21,2017,1,11.93
2017-01-09,0.01,14.58,0.56,6.07,45.23,3.21,2017,1,14.02
2017-01-10,0.0,15.98,1.05,6.89,40.08,3.1,2017,1,14.93
2017-01-11,0.0,16.23,0.08,7.4,35.78,3.24,2017,1,16.150000000000002
2017-01-12,0.0,15.89,0.9,7.4,37.26,2.55,2017,1,14.99
2017-01-13,0.0,15.5,1.21,7.12,41.44,2.53,2017,1,14.29
2017-01-14,0.08,10.58,3.06,6.01,55.63,3.07,2017,1,7.52
2017-01-15,7.51,16.33,4.66,9.12,67.99,2.21,2017,1,11.669999999999998
2017-01-16,5.46,11.95,4.64,7.85,80.42,1.77,2017,1,7.31
2017-01-17,1.64,12.81,4.74,8.09,68.98,1.85,2017,1,8.07
2017-01-18,6.89,11.08,3.88,7.43,85.65,2.73,2017,1,7.2
2017-01-19,0.0,16.17,3.22,8.1,68.93,2.83,2017,1,12.950000000000001
2017-01-20,0.0,20.38,1.4,9.97,43.62,3.01,2017,1,18.98
2017-01-21,0.0,19.28,6.18,11.58,41.99,2.27,2017,1,13.100000000000001
2017-01-22,0.0,19.12,5.6,12.22,47.83,2.65,2017,1,13.520000000000001
2017-01-23,0.3,17.95,6.13,11.31,59.29,2.63,2017,1,11.82
2017-01-24,9.31,14.5,8.11,10.71,83.68,2.22,2017,1,6.390000000000001
2017-01-25,20.97,12.48,8.62,10.01,90.41,3.37,2017,1,3.860000000000001
2017-01-26,22.5,11.97,9.39,10.53,93.18,3.0,2017,1,2.58
2017-01-27,0.47,17.06,6.81,10.95,76.01,3.09,2017,1,10.25
2017-01-28,0.28,18.25,7.48,11.95,65.13,1.99,2017,1,10.77
2017-01-29,0.04,19.62,9.38,12.6,66.05,2.91,2017,1,10.24
2017-01-30,1.45,18.44,8.43,12.01,70.55,2.65,2017,1,10.010000000000002
2017-01-31,0.0,18.78,7.29,11.88,69.53,2.84,2017,1,11.490000000000002
2017-02-01,0.0,20.46,6.52,12.42,56.86,2.58,2017,2,13.940000000000001
2017-02-02,0.0,18.34,8.75,12.38,57.69,1.8,2017,2,9.59
2017-02-03,0.0,16.47,10.04,12.67,54.22,1.04,2017,2,6.43
2017-02-04,14.31,19.74,7.68,13.24,62.65,4.98,2017,2,12.059999999999999
2017-02-05,5.21,16.71,7.91,12.08,74.14,4.02,2017,2,8.8
2017-02-06,0.03,18.28,5.82,11.01,71.26,2.12,2017,2,12.46
2017-02-07,0.0,18.54,6.79,11.78,60.39,1.97,2017,2,11.75
2017-02-08,0.13,19.07,9.56,13.46,53.89,2.03,2017,2,9.51
2017-02-09,0.0,19.08,6.39,11.9,59.08,2.98,2017,2,12.689999999999998
2017-02-10,0.0,20.19,4.42,11.42,51.92,2.97,2017,2,15.770000000000001
2017-02-11,0.0,21.27,6.65,13.25,45.76,2.23,2017,2,14.62
2017-02-12,0.0,21.5,6.54,13.23,47.22,2.41,2017,2,14.96
2017-02-13,0.0,22.03,6.2,13.42,51.5,3.45,2017,2,15.830000000000002
2017-02-14,0.0,19.86,6.77,13.84,47.46,2.5,2017,2,13.09
2017-02-15,0.02,24.05,12.51,16.25,54.42,2.71,2017,2,11.540000000000001
2017-02-16,0.01,23.73,11.73,16.84,64.84,2.74,2017,2,12.0
2017-02-17,0.09,24.02,13.65,17.62,62.38,2.54,2017,2,10.37
2017-02-18,1.38,21.98,13.02,16.33,71.6,2.74,2017,2,8.96
2017-02-19,3.62,21.22,12.81,16.81,75.09,2.67,2017,2,8.409999999999998
2017-02-20,0.82,22.92,10.84,15.95,56.49,2.72,2017,2,12.080000000000002
2017-02-21,0.02,21.96,9.26,14.71,40.15,2.41,2017,2,12.700000000000001
2017-02-22,0.07,21.43,7.92,13.53,41.34,3.12,2017,2,13.51
2017-02-23,0.0,22.08,6.67,13.65,41.43,3.37,2017,2,15.409999999999998
2017-02-24,0.01,22.76,5.97,13.39,44.17,3.42,2017,2,16.790000000000003
2017-02-25,0.0,22.82,8.55,15.2,46.25,3.55,2017,2,14.27
2017-02-26,0.0,25.56,10.95,16.82,40.86,2.63,2017,2,14.61
2017-02-27,0.0,25.31,10.93,17.39,38.42,2.57,2017,2,14.379999999999999
2017-02-28,0.07,23.71,12.07,17.62,41.38,1.81,2017,2,11.64
2017-03-01,38.62,20.98,10.78,15.08,62.92,2.11,2017,3,10.200000000000001
2017-03-02,4.72,20.6,9.14,14.22,62.06,2.55,2017,3,11.46
2017-03-03,0.0,21.16,7.71,13.76,53.71,2.96,2017,3,13.45
2017-03-04,0.31,21.67,7.15,13.45,50.16,3.39,2017,3,14.520000000000001
2017-03-05,0.0,22.34,7.03,14.73,46.72,3.28,2017,3,15.309999999999999
2017-03-06,0.07,22.73,9.38,16.29,50.2,2.79,2017,3,13.35
2017-03-07,1.61,20.18,12.54,15.89,60.25,1.54,2017,3,7.640000000000001
2017-03-08,4.05,17.57,10.09,13.5,74.1,1.89,2017,3,7.48
2017-03-09,7.23,17.2,8.67,12.82,77.89,2.19,2017,3,8.53
2017-03-10,2.13,15.73,8.1,12.21,66.24,1.36,2017,3,7.630000000000001
2017-03-11,1.54,18.05,8.41,13.61,49.95,1.39,2017,3,9.64
2017-03-12,0.04,19.08,6.72,12.51,48.78,2.49,2017,3,12.36
2017-03-13,0.0,20.3,9.96,14.09,42.99,2.47,2017,3,10.34
2017-03-14,0.0,21.79,8.89,14.57,47.43,2.34,2017,3,12.899999999999999
2017-03-15,0.0,18.63,8.8,12.8,62.2,2.65,2017,3,9.829999999999998
2017-03-16,0.02,22.66,9.41,15.87,60.0,1.08,2017,3,13.25
2017-03-17,0.0,23.02,9.67,16.54,57.58,2.36,2017,3,13.35
2017-03-18,0.0,25.15,10.23,17.35,52.38,2.91,2017,3,14.919999999999998
2017-03-19,0.0,25.94,12.63,19.1,45.77,2.68,2017,3,13.31
2017-03-20,0.0,26.93,12.04,19.53,49.11,2.92,2017,3,14.89
2017-03-21,0.28,28.76,15.16,20.81,50.6,3.04,2017,3,13.600000000000001
2017-03-22,2.39,25.78,14.93,19.16,66.74,3.54,2017,3,10.850000000000001
2017-03-23,0.04,28.17,14.05,20.1,58.87,2.71,2017,3,14.120000000000001
2017-03-24,0.0,30.01,14.19,21.4,48.06,2.42,2017,3,15.820000000000002
2017-03-25,0.0,30.05,15.83,22.12,46.77,3.21,2017,3,14.22
2017-03-26,0.01,31.73,14.05,22.97,49.0,3.26,2017,3,17.68
2017-03-27,0.36,33.32,20.64,25.94,45.94,2.63,2017,3,12.68
2017-03-28,0.33,31.37,20.33,24.98,49.93,2.95,2017,3,11.040000000000003
2017-03-29,0.19,32.38,18.42,24.67,50.17,3.09,2017,3,13.96
2017-03-30,0.0,34.09,17.86,25.84,43.32,2.8,2017,3,16.230000000000004
2017-03-31,0.77,34.71,18.74,25.93,47.99,3.08,2017,3,15.970000000000002
2017-04-01,0.06,32.95,18.68,24.98,41.66,3.09,2017,4,14.270000000000003
2017-04-02,0.01,33.37,16.12,24.78,41.3,3.07,2017,4,17.249999999999996
2017-04-03,0.0,33.78,17.02,25.57,38.06,2.7,2017,4,16.76
2017-04-04,18.82,29.89,17.59,23.65,47.41,3.3,2017,4,12.3
2017-04-05,19.51,24.99,15.67,20.15,66.49,3.55,2017,4,9.319999999999999
2017-04-06,23.12,24.35,13.48,18.4,65.09,3.2,2017,4,10.870000000000001
2017-04-07,3.75,24.25,12.04,17.73,57.29,2.95,2017,4,12.21
2017-04-08,0.01,25.23,9.65,16.85,45.49,3.85,2017,4,15.58
2017-04-09,0.08,26.86,9.1,17.97,39.42,4.07,2017,4,17.759999999999998
2017-04-10,0.0,29.45,12.01,20.38,39.17,3.83,2017,4,17.439999999999998
2017-04-11,0.0,32.44,14.63,23.21,39.21,3.55,2017,4,17.809999999999995
2017-04-12,0.0,34.42,16.34,25.2,36.63,3.69,2017,4,18.080000000000002
2017-04-13,0.0,35.07,18.8,26.9,35.31,2.51,2017,4,16.27
2017-04-14,0.0,35.73,18.09,26.77,38.61,2.65,2017,4,17.639999999999997
2017-04-15,0.0,36.49,17.36,26.83,36.04,3.56,2017,4,19.130000000000003
2017-04-16,0.0,39.32,20.08,29.51,31.6,2.75,2017,4,19.240000000000002
2017-04-17,0.0,38.7,20.61,30.3,32.78,2.21,2017,4,18.090000000000003
2017-04-18,0.0,39.98,23.49,32.08,30.23,2.15,2017,4,16.49
2017-04-19,0.01,39.44,25.31,32.07,30.19,1.91,2017,4,14.129999999999999
2017-04-20,1.27,39.7,23.39,30.78,38.43,3.83,2017,4,16.310000000000002
2017-04-21,1.06,36.93,24.01,29.27,43.8,4.01,2017,4,12.919999999999998
2017-04-22,0.39,32.15,20.51,25.34,50.98,3.83,2017,4,11.639999999999997
2017-04-23,17.17,30.36,18.62,24.01,56.41,2.93,2017,4,11.739999999999998
2017-04-24,0.35,30.28,18.0,23.49,53.14,3.03,2017,4,12.280000000000001
2017-04-25,0.0,33.26,16.43,25.05,43.08,3.13,2017,4,16.83
2017-04-26,0.04,33.9,19.5,26.66,39.35,1.85,2017,4,14.399999999999999
2017-04-27,0.36,34.47,22.13,27.41,39.82,2.07,2017,4,12.34
2017-04-28,7.93,34.52,19.67,27.31,41.23,2.49,2017,4,14.850000000000001
2017-04-29,2.78,32.34,18.59,25.06,54.21,4.27,2017,4,13.750000000000004
2017-04-30,0.0,32.85,17.77,25.59,40.99,2.19,2017,4,15.080000000000002
2017-05-01,0.0,34.44,19.04,26.95,29.77,2.07,2017,5,15.399999999999999
2017-05-02,0.36,32.65,18.67,25.32,38.12,2.89,2017,5,13.979999999999997
2017-05-03,1.03,33.66,21.14,26.14,48.73,2.65,2017,5,12.519999999999996
2017-05-04,0.0,33.85,18.24,26.63,45.75,2.6,2017,5,15.610000000000003
2017-05-05,0.0,36.32,20.12,29.01,34.22,3.02,2017,5,16.2
2017-05-06,0.01,38.02,22.09,30.23,36.18,2.69,2017,5,15.930000000000003
2017-05-07,0.0,38.14,23.85,30.8,35.93,3.05,2017,5,14.29
2017-05-08,0.0,39.97,21.86,31.04,38.06,2.6,2017,5,18.11
2017-05-09,0.0,40.27,25.24,32.26,34.57,2.38,2017,5,15.030000000000005
2017-05-10,0.0,38.47,23.5,30.97,35.35,2.62,2017,5,14.969999999999999
2017-05-11,0.55,37.32,25.1,30.61,37.97,2.41,2017,5,12.219999999999999
2017-05-12,0.01,39.5,24.0,31.64,35.49,2.13,2017,5,15.5
2017-05-13,0.01,39.99,25.04,32.71,31.34,1.84,2017,5,14.950000000000003
2017-05-14,0.18,39.96,25.02,32.65,32.13,2.35,2017,5,14.940000000000001
2017-05-15,0.05,40.36,25.39,32.79,30.93,3.47,2017,5,14.969999999999999
2017-05-16,0.36,37.06,25.37,30.74,34.62,2.13,2017,5,11.690000000000001
2017-05-17,0.58,35.7,25.03,30.39,34.99,1.99,2017,5,10.670000000000002
2017-05-18,0.0,38.62,23.54,31.68,32.16,2.29,2017,5,15.079999999999998
2017-05-19,0.18,40.24,25.91,33.37,26.57,2.08,2017,5,14.330000000000002
2017-05-20,2.35,40.28,26.0,33.49,27.62,2.23,2017,5,14.280000000000001
2017-05-21,1.31,38.33,26.26,31.64,31.75,2.22,2017,5,12.069999999999997
2017-05-22,2.02,37.22,24.05,30.22,36.63,1.72,2017,5,13.169999999999998
2017-05-23,0.0,39.11,23.05,31.63,33.74,1.59,2017,5,16.06
2017-05-24,0.03,40.92,27.3,34.08,26.57,1.65,2017,5,13.620000000000001
2017-05-25,0.74,42.81,26.5,34.91,23.65,2.55,2017,5,16.310000000000002
2017-05-26,0.0,43.88,28.69,35.76,15.9,2.57,2017,5,15.190000000000001
2017-05-27,0.0,43.37,25.99,35.83,11.42,1.81,2017,5,17.38
2017-05-28,0.0,43.59,29.02,36.62,9.88,1.92,2017,5,14.570000000000004
2017-05-29,0.54,42.6,24.33,34.67,12.39,2.12,2017,5,18.270000000000003
2017-05-30,0.0,41.14,25.24,34.14,11.82,2.37,2017,5,15.900000000000002
2017-05-31,7.3,37.79,26.08,31.7,30.04,2.46,2017,5,11.71
2017-06-01,0.39,38.47,23.08,31.33,28.86,2.27,2017,6,15.39
2017-06-02,0.0,40.93,24.21,33.16,19.36,2.43,2017,6,16.72
2017-06-03,0.0,44.69,25.62,36.15,18.33,2.98,2017,6,19.069999999999997
2017-06-04,0.0,47.38,30.13,39.03,13.86,2.39,2017,6,17.250000000000004
2017-06-05,0.11,45.68,30.7,38.21,15.34,2.25,2017,6,14.98
2017-06-06,7.6,42.36,27.82,35.37,30.48,3.08,2017,6,14.54
2017-06-07,4.57,37.92,25.39,32.01,37.94,2.29,2017,6,12.530000000000001
2017-06-08,0.02,38.78,25.41,32.46,34.93,2.16,2017,6,13.370000000000001
2017-06-09,11.62,36.1,26.11,31.34,40.61,0.9,2017,6,9.990000000000002
2017-06-10,2.44,37.34,24.45,31.17,44.89,1.58,2017,6,12.890000000000004
2017-06-11,3.03,37.18,27.2,31.92,37.67,1.55,2017,6,9.98
2017-06-12,0.0,38.41,23.48,31.19,40.89,2.19,2017,6,14.929999999999996
2017-06-13,1.39,39.58,24.69,32.29,39.84,2.02,2017,6,14.889999999999997
2017-06-14,0.04,40.93,24.38,33.52,34.57,2.46,2017,6,16.55
2017-06-15,0.38,40.5,28.27,34.67,30.05,1.39,2017,6,12.23
2017-06-16,0.01,41.75,28.51,35.12,27.39,1.47,2017,6,13.239999999999998
2017-06-17,0.0,42.12,28.91,35.52,28.13,1.79,2017,6,13.209999999999997
2017-06-18,0.03,43.05,28.11,35.88,27.05,2.39,2017,6,14.939999999999998
2017-06-19,8.77,40.64,29.12,34.87,37.84,1.79,2017,6,11.52
2017-06-20,3.54,38.6,28.05,33.02,43.42,2.19,2017,6,10.55
2017-06-21,12.48,29.28,22.42,27.04,62.59,2.86,2017,6,6.859999999999999
2017-06-22,0.0,36.6,21.78,29.09,46.91,2.01,2017,6,14.82
2017-06-23,0.0,38.41,23.01,31.23,43.77,1.47,2017,6,15.399999999999995
2017-06-24,0.01,39.39,25.07,32.97,44.35,1.59,2017,6,14.32
2017-06-25,10.85,37.38,27.42,32.92,50.98,1.28,2017,6,9.96
2017-06-26,7.14,37.72,27.88,32.96,55.71,1.96,2017,6,9.84
2017-06-27,3.92,37.36,27.99,33.21,51.35,1.55,2017,6,9.370000000000001
2017-06-28,3.11,37.48,26.26,31.96,52.77,2.11,2017,6,11.219999999999995
2017-06-29,19.72,35.29,24.87,29.45,64.62,2.31,2017,6,10.419999999999998
2017-06-30,0.42,35.53,23.78,29.7,59.35,1.62,2017,6,11.75
2017-07-01,0.44,38.0,24.7,31.95,56.93,1.64,2017,7,13.3
2017-07-02,0.19,38.76,28.0,33.92,47.35,1.78,2017,7,10.759999999999998
2017-07-03,1.23,39.19,29.89,34.45,42.86,1.62,2017,7,9.299999999999997
2017-07-04,0.51,40.85,29.37,34.72,42.34,1.83,2017,7,11.48
2017-07-05,1.81,39.62,27.45,33.51,47.58,2.19,2017,7,12.169999999999998
2017-07-06,0.05,39.69,27.11,33.42,44.81,1.78,2017,7,12.579999999999998
2017-07-07,1.69,37.84,26.41,32.33,50.18,1.76,2017,7,11.430000000000003
2017-07-08,0.02,40.04,26.14,33.07,49.52,1.73,2017,7,13.899999999999999
2017-07-09,0.05,40.11,27.85,34.15,46.24,1.98,2017,7,12.259999999999998
2017-07-10,4.46,38.84,30.26,34.37,47.93,1.61,2017,7,8.580000000000002
2017-07-11,30.45,34.56,28.46,31.78,61.47,1.88,2017,7,6.100000000000001
2017-07-12,46.5,33.33,26.41,29.56,74.04,2.55,2017,7,6.919999999999998
2017-07-13,24.09,31.15,25.17,27.96,77.87,1.73,2017,7,5.979999999999997
2017-07-14,0.36,34.75,24.61,30.31,63.76,1.14,2017,7,10.14
2017-07-15,1.56,35.89,27.19,31.93,58.6,1.25,2017,7,8.7
2017-07-16,11.02,35.66,26.15,31.65,62.41,1.33,2017,7,9.509999999999998
2017-07-17,1.58,35.93,27.24,31.85,61.52,1.25,2017,7,8.690000000000001
2017-07-18,14.01,34.83,26.55,30.35,69.1,1.84,2017,7,8.279999999999998
2017-07-19,1.27,34.36,25.55,30.27,67.06,0.85,2017,7,8.809999999999999
2017-07-20,5.14,35.18,25.74,30.73,65.53,1.72,2017,7,9.440000000000001
2017-07-21,4.43,34.33,25.81,30.45,66.51,1.31,2017,7,8.52
2017-07-22,2.9,34.27,26.04,30.21,66.96,1.85,2017,7,8.230000000000004
2017-07-23,1.43,34.65,25.2,30.06,67.4,1.76,2017,7,9.45
2017-07-24,0.84,35.64,25.47,30.89,63.55,1.43,2017,7,10.170000000000002
2017-07-25,2.24,35.7,25.91,31.14,63.29,1.54,2017,7,9.790000000000003
2017-07-26,1.83,34.34,25.89,30.62,64.38,1.58,2017,7,8.450000000000003
2017-07-27,5.57,34.43,26.37,30.51,65.61,1.27,2017,7,8.059999999999999
2017-07-28,4.44,35.04,25.92,30.88,66.72,1.47,2017,7,9.119999999999997
2017-07-29,6.58,33.25,26.21,29.66,73.94,2.49,2017,7,7.039999999999999
2017-07-30,17.52,32.73,25.92,29.43,75.23,1.95,2017,7,6.809999999999995
2017-07-31,12.33,32.47,25.35,28.65,79.41,2.58,2017,7,7.119999999999997
2017-08-01,30.19,33.59,25.77,29.48,76.87,1.91,2017,8,7.820000000000004
2017-08-02,18.19,32.02,25.29,28.82,79.88,2.22,2017,8,6.730000000000004
2017-08-03,1.19,34.05,26.57,30.79,64.01,1.23,2017,8,7.479999999999997
2017-08-04,0.12,35.88,28.18,31.69,57.44,1.24,2017,8,7.700000000000003
2017-08-05,0.01,35.78,26.65,31.47,62.22,1.57,2017,8,9.130000000000003
2017-08-06,0.48,35.49,26.99,31.45,65.09,1.48,2017,8,8.500000000000004
2017-08-07,0.46,35.33,26.88,31.22,66.81,1.73,2017,8,8.45
2017-08-08,0.82,33.86,26.61,30.1,70.71,2.51,2017,8,7.25
2017-08-09,16.67,34.81,25.93,30.57,70.64,1.66,2017,8,8.880000000000003
2017-08-10,6.26,35.29,27.17,31.3,67.55,1.51,2017,8,8.119999999999997
2017-08-11,9.35,34.21,27.15,30.68,68.13,1.34,2017,8,7.060000000000002
2017-08-12,1.17,35.25,26.01,30.44,65.63,1.84,2017,8,9.239999999999998
2017-08-13,0.22,35.28,25.36,30.39,62.21,2.47,2017,8,9.920000000000002
2017-08-14,8.97,30.61,24.0,27.16,76.56,2.88,2017,8,6.609999999999999
2017-08-15,0.0,34.01,23.23,28.98,63.92,1.83,2017,8,10.779999999999998
2017-08-16,0.03,35.88,24.13,30.56,50.63,1.35,2017,8,11.750000000000004
2017-08-17,0.0,36.49,25.2,31.08,50.75,1.41,2017,8,11.290000000000003
2017-08-18,0.0,37.08,25.88,31.73,52.42,1.32,2017,8,11.2
2017-08-19,9.69,35.31,25.02,30.23,62.31,2.1,2017,8,10.290000000000003
2017-08-20,3.04,34.06,25.12,29.32,66.96,1.39,2017,8,8.940000000000001
2017-08-21,0.43,34.83,23.87,29.62,64.48,1.15,2017,8,10.959999999999997
2017-08-22,2.62,34.82,24.26,29.96,63.74,1.29,2017,8,10.559999999999999
2017-08-23,1.06,34.57,24.95,30.02,62.88,1.34,2017,8,9.620000000000001
2017-08-24,46.51,31.88,25.43,28.54,74.5,1.74,2017,8,6.449999999999999
2017-08-25,8.8,32.05,24.25,28.25,73.76,1.46,2017,8,7.799999999999997
2017-08-26,1.06,31.36,24.03,27.84,69.54,1.17,2017,8,7.329999999999998
2017-08-27,0.0,33.07,23.41,28.74,61.87,1.34,2017,8,9.66
2017-08-28,0.0,33.63,22.17,28.01,64.92,1.72,2017,8,11.46
2017-08-29,15.22,32.6,23.04,27.83,71.51,1.32,2017,8,9.560000000000002
2017-08-30,4.01,31.57,23.1,27.52,71.01,1.9,2017,8,8.469999999999999
2017-08-31,11.64,32.68,24.2,28.72,69.64,1.26,2017,8,8.48
2017-09-01,9.93,31.09,24.36,27.44,77.3,1.66,2017,9,6.73
2017-09-02,9.24,30.54,22.96,27.08,76.48,1.6,2017,9,7.579999999999998
2017-09-03,2.11,30.97,23.27,27.38,68.57,1.15,2017,9,7.699999999999999
2017-09-04,3.17,30.99,22.96,27.27,71.88,1.29,2017,9,8.029999999999998
2017-09-05,1.76,30.96,22.91,27.3,74.96,1.64,2017,9,8.05
2017-09-06,0.71,31.67,23.14,27.71,70.64,1.48,2017,9,8.530000000000001
2017-09-07,1.31,31.82,22.96,27.77,66.03,1.23,2017,9,8.86
2017-09-08,0.0,32.44,22.51,27.94,65.52,1.32,2017,9,9.929999999999996
2017-09-09,0.0,33.47,22.78,28.66,62.04,1.15,2017,9,10.689999999999998
2017-09-10,0.14,33.15,22.97,28.12,66.21,1.77,2017,9,10.18
2017-09-11,3.75,31.04,22.9,26.6,67.15,2.17,2017,9,8.14
2017-09-12,0.02,33.12,22.08,27.76,60.44,1.7,2017,9,11.04
2017-09-13,0.0,32.08,21.62,27.34,59.88,1.48,2017,9,10.459999999999997
2017-09-14,1.56,32.14,21.71,27.26,59.46,1.52,2017,9,10.43
2017-09-15,0.16,33.48,21.18,27.34,54.96,2.29,2017,9,12.299999999999997
2017-09-16,0.0,34.78,21.57,27.86,46.43,2.09,2017,9,13.21
2017-09-17,0.0,34.99,21.81,27.95,42.71,2.52,2017,9,13.180000000000003
2017-09-18,0.0,36.14,21.58,28.48,38.9,2.21,2017,9,14.560000000000002
2017-09-19,0.0,36.08,21.54,28.79,36.41,1.71,2017,9,14.54
2017-09-20,0.0,35.31,20.61,28.33,41.78,1.56,2017,9,14.700000000000003
2017-09-21,0.0,35.23,22.88,28.76,42.4,1.53,2017,9,12.349999999999998
2017-09-22,0.02,34.74,23.31,28.52,43.27,1.59,2017,9,11.430000000000003
2017-09-23,0.0,34.27,21.68,28.19,41.9,1.66,2017,9,12.590000000000003
2017-09-24,0.0,33.61,19.92,26.46,48.99,1.9,2017,9,13.689999999999998
2017-09-25,0.0,33.76,22.58,27.72,44.53,1.85,2017,9,11.18
2017-09-26,0.07,34.53,20.84,27.39,44.23,2.06,2017,9,13.690000000000001
2017-09-27,0.0,34.75,21.25,27.55,41.92,1.89,2017,9,13.5
2017-09-28,0.0,35.58,20.35,27.55,42.28,2.12,2017,9,15.229999999999997
2017-09-29,0.0,34.81,20.12,27.34,41.25,1.84,2017,9,14.690000000000001
2017-09-30,0.0,35.02,20.05,27.71,40.15,1.73,2017,9,14.970000000000002
2017-10-01,0.0,35.0,21.0,27.73,38.77,1.66,2017,10,14.0
2017-10-02,0.0,35.51,22.22,27.78,41.01,2.06,2017,10,13.29
2017-10-03,0.0,34.97,19.79,27.02,39.46,1.89,2017,10,15.18
2017-10-04,0.0,33.83,19.48,25.82,43.08,2.0,2017,10,14.349999999999998
2017-10-05,0.0,32.59,18.82,25.51,43.96,1.83,2017,10,13.770000000000003
2017-10-06,0.0,33.49,19.71,25.97,45.08,2.16,2017,10,13.780000000000001
2017-10-07,0.0,33.81,21.45,26.92,43.99,1.72,2017,10,12.360000000000003
2017-10-08,0.0,34.32,21.73,27.58,41.21,1.49,2017,10,12.59
2017-10-09,0.0,34.8,19.87,27.03,41.58,1.82,2017,10,14.929999999999996
2017-10-10,0.0,33.75,19.72,26.56,40.99,1.63,2017,10,14.030000000000001
2017-10-11,0.0,34.51,19.47,26.78,39.93,1.81,2017,10,15.04
2017-10-12,0.0,34.35,19.71,26.42,37.93,1.99,2017,10,14.64
2017-10-13,0.0,34.47,19.46,26.1,33.47,2.38,2017,10,15.009999999999998
2017-10-14,0.0,34.19,18.12,25.61,29.88,2.35,2017,10,16.069999999999997
2017-10-15,0.0,33.45,17.98,25.23,30.39,2.32,2017,10,15.470000000000002
2017-10-16,0.0,34.3,18.84,25.29,30.29,2.82,2017,10,15.459999999999997
2017-10-17,0.0,35.1,19.07,25.76,23.45,2.9,2017,10,16.03
2017-10-18,0.0,35.04,17.93,25.82,20.01,2.27,2017,10,17.11
2017-10-19,0.0,33.58,17.85,25.71,20.48,2.06,2017,10,15.729999999999997
2017-10-20,0.0,34.3,19.22,25.65,21.88,1.93,2017,10,15.079999999999998
2017-10-21,0.0,33.74,18.38,25.11,22.38,2.32,2017,10,15.360000000000003
2017-10-22,0.0,32.08,15.79,23.98,26.35,2.12,2017,10,16.29
2017-10-23,2.1,30.81,17.27,23.28,31.52,2.07,2017,10,13.54
2017-10-24,0.0,31.85,16.36,23.64,26.53,3.25,2017,10,15.490000000000002
2017-10-25,0.0,33.15,14.83,23.5,17.97,2.71,2017,10,18.32
2017-10-26,0.0,30.54,13.42,21.29,19.2,2.56,2017,10,17.119999999999997
2017-10-27,0.0,30.1,14.57,21.38,21.52,2.43,2017,10,15.530000000000001
2017-10-28,0.0,30.42,14.95,21.77,21.68,2.39,2017,10,15.470000000000002
2017-10-29,0.0,29.51,16.31,21.64,24.97,1.84,2017,10,13.200000000000003
2017-10-30,0.0,29.05,15.93,21.25,28.5,1.83,2017,10,13.120000000000001
2017-10-31,0.0,28.13,16.18,21.03,30.15,1.76,2017,10,11.95
2017-11-01,0.0,27.8,14.28,20.03,34.03,2.25,2017,11,13.520000000000001
2017-11-02,0.0,28.79,15.07,20.64,32.26,2.09,2017,11,13.719999999999999
2017-11-03,0.0,28.56,15.23,20.64,31.4,1.91,2017,11,13.329999999999998
2017-11-04,0.0,28.99,15.51,21.01,29.76,1.95,2017,11,13.479999999999999
2017-11-05,0.0,29.5,15.7,21.16,27.46,2.23,2017,11,13.8
2017-11-06,0.0,29.24,16.45,21.38,27.79,2.18,2017,11,12.79
2017-11-07,0.0,27.92,15.56,20.45,28.89,1.91,2017,11,12.360000000000001
2017-11-08,0.0,27.25,14.89,19.92,29.41,1.92,2017,11,12.36
2017-11-09,0.0,28.13,14.92,20.39,27.5,1.98,2017,11,13.209999999999999
2017-11-10,0.0,27.32,14.4,19.95,26.18,1.85,2017,11,12.92
2017-11-11,0.0,28.08,15.07,20.23,22.83,2.0,2017,11,13.009999999999998
2017-11-12,0.0,26.61,14.22,19.22,23.04,1.91,2017,11,12.389999999999999
2017-11-13,0.0,27.4,13.96,19.31,21.9,1.75,2017,11,13.439999999999998
2017-11-14,6.23,22.45,11.92,16.45,39.55,2.31,2017,11,10.53
2017-11-15,3.2,21.87,10.89,15.07,67.19,2.7,2017,11,10.98
2017-11-16,0.61,22.38,10.36,14.99,58.15,2.13,2017,11,12.02
2017-11-17,3.92,21.43,12.29,15.95,48.74,1.6,2017,11,9.14
2017-11-18,0.03,22.01,9.89,14.65,53.7,1.96,2017,11,12.120000000000001
2017-11-19,0.04,22.73,9.25,14.49,48.1,2.91,2017,11,13.48
2017-11-20,0.0,23.95,9.01,14.81,42.47,2.84,2017,11,14.94
2017-11-21,0.0,24.07,8.53,14.59,38.0,3.18,2017,11,15.540000000000001
2017-11-22,0.0,23.83,9.36,14.03,32.34,2.99,2017,11,14.469999999999999
2017-11-23,0.0,23.32,9.04,14.63,27.49,2.49,2017,11,14.280000000000001
2017-11-24,0.0,24.14,9.7,16.03,26.08,2.44,2017,11,14.440000000000001
2017-11-25,0.0,26.03,11.24,17.51,26.43,2.16,2017,11,14.790000000000001
2017-11-26,0.0,24.64,11.7,16.21,34.35,2.44,2017,11,12.940000000000001
2017-11-27,0.0,24.48,9.83,15.66,34.33,3.25,2017,11,14.65
2017-11-28,0.0,23.96,9.87,15.35,32.44,2.76,2017,11,14.090000000000002
2017-11-29,0.0,24.54,8.67,15.42,31.09,2.56,2017,11,15.87
2017-11-30,0.0,24.59,10.05,15.86,29.53,3.07,2017,11,14.54
2017-12-01,0.0,24.57,9.07,15.63,27.88,2.79,2017,12,15.5
2017-12-02,0.0,24.62,10.38,16.71,26.07,1.82,2017,12,14.24
2017-12-03,0.0,23.1,9.44,14.84,29.38,2.27,2017,12,13.660000000000002
2017-12-04,0.0,22.04,9.2,14.26,28.7,2.06,2017,12,12.84
2017-12-05,0.0,21.62,8.05,13.41,23.91,2.32,2017,12,13.57
2017-12-06,0.0,22.17,8.79,13.37,19.22,1.92,2017,12,13.380000000000003
2017-12-07,0.0,25.35,8.03,14.59,26.73,2.79,2017,12,17.32
2017-12-08,0.0,25.58,8.82,15.62,19.97,2.55,2017,12,16.759999999999998
2017-12-09,0.0,19.66,10.5,14.7,22.13,1.68,2017,12,9.16
2017-12-10,0.0,22.89,9.78,14.83,23.13,2.09,2017,12,13.110000000000001
2017-12-11,25.19,14.3,8.78,10.39,59.87,2.25,2017,12,5.520000000000001
2017-12-12,7.68,13.63,8.41,10.67,84.51,2.24,2017,12,5.220000000000001
2017-12-13,0.78,13.21,5.63,9.38,73.97,1.76,2017,12,7.580000000000001
2017-12-14,0.0,16.58,4.02,9.18,53.57,2.24,2017,12,12.559999999999999
2017-12-15,0.0,17.74,3.83,9.36,47.23,2.35,2017,12,13.909999999999998
2017-12-16,0.0,18.82,3.01,8.92,43.92,3.63,2017,12,15.81
2017-12-17,0.0,21.7,5.55,11.52,37.58,3.03,2017,12,16.15
2017-12-18,0.0,24.25,8.1,13.92,39.24,3.2,2017,12,16.15
2017-12-19,0.0,24.91,10.46,15.73,38.61,2.28,2017,12,14.45
2017-12-20,0.01,24.38,9.98,15.9,47.47,2.72,2017,12,14.399999999999999
2017-12-21,0.03,22.86,10.39,15.56,45.83,2.22,2017,12,12.469999999999999
2017-12-22,0.0,22.76,7.79,13.17,48.55,3.86,2017,12,14.970000000000002
2017-12-23,0.0,21.22,8.33,13.59,36.07,1.99,2017,12,12.889999999999999
2017-12-24,0.0,21.76,9.7,13.96,35.25,2.19,2017,12,12.060000000000002
2017-12-25,0.0,22.08,6.44,12.81,40.44,3.28,2017,12,15.639999999999997
2017-12-26,0.0,19.6,11.94,14.44,39.17,1.53,2017,12,7.660000000000002
2017-12-27,0.0,22.23,11.82,16.11,36.09,1.8,2017,12,10.41
2017-12-28,0.0,21.76,8.98,13.88,36.1,2.23,2017,12,12.780000000000001
2017-12-29,0.0,22.69,6.92,13.26,34.1,2.6,2017,12,15.770000000000001
2017-12-30,0.0,23.25,6.85,13.52,36.06,2.45,2017,12,16.4
2017-12-31,0.0,21.27,9.63,14.38,32.0,1.59,2017,12,11.639999999999999
2018-01-01,0.0,20.97,6.15,12.05,38.04,2.96,2018,1,14.819999999999999
2018-01-02,0.0,19.37,6.23,11.02,36.77,2.28,2018,1,13.14
2018-01-03,0.0,18.45,6.26,11.2,34.04,1.62,2018,1,12.19
2018-01-04,0.1,15.51,5.15,9.05,45.48,2.39,2018,1,10.36
2018-01-05,0.0,16.67,3.97,8.75,58.24,2.59,2018,1,12.700000000000001
2018-01-06,0.01,17.77,4.1,8.9,52.0,3.0,2018,1,13.67
2018-01-07,0.0,18.51,4.98,10.22,41.22,2.66,2018,1,13.530000000000001
2018-01-08,0.0,19.32,7.82,11.92,35.86,2.05,2018,1,11.5
2018-01-09,0.0,20.69,7.14,11.65,36.78,2.64,2018,1,13.55
2018-01-10,0.0,21.41,7.87,12.24,36.05,2.85,2018,1,13.54
2018-01-11,0.0,20.93,9.34,13.53,36.25,2.46,2018,1,11.59
2018-01-12,0.0,21.59,8.38,13.55,34.77,2.83,2018,1,13.209999999999999
2018-01-13,0.0,20.66,7.78,13.08,32.69,2.49,2018,1,12.879999999999999
2018-01-14,0.0,20.22,7.31,13.05,32.96,2.26,2018,1,12.91
2018-01-15,0.0,22.93,5.07,11.91,33.53,3.42,2018,1,17.86
2018-01-16,0.0,22.38,6.16,12.96,27.08,2.23,2018,1,16.22
2018-01-17,0.02,19.24,6.08,11.24,35.23,4.66,2018,1,13.159999999999998
2018-01-18,0.0,22.79,7.18,12.85,40.96,2.83,2018,1,15.61
2018-01-19,0.0,22.0,7.57,13.05,33.73,2.33,2018,1,14.43
2018-01-20,0.0,24.74,6.37,13.32,29.35,3.45,2018,1,18.369999999999997
2018-01-21,0.0,22.72,6.42,13.05,25.61,2.85,2018,1,16.299999999999997
2018-01-22,0.0,19.6,6.95,12.15,27.47,2.15,2018,1,12.650000000000002
2018-01-23,0.01,18.84,4.34,10.35,41.13,2.25,2018,1,14.5
2018-01-24,0.03,17.53,4.08,9.5,48.18,2.06,2018,1,13.450000000000001
2018-01-25,0.0,17.42,4.92,10.39,35.4,2.45,2018,1,12.500000000000002
2018-01-26,0.0,19.26,6.03,11.9,31.72,1.8,2018,1,13.23
2018-01-27,0.0,19.19,6.51,11.85,29.91,1.85,2018,1,12.680000000000001
2018-01-28,0.0,20.5,7.1,12.97,24.66,1.73,2018,1,13.4
2018-01-29,0.13,20.64,7.87,13.57,28.4,2.14,2018,1,12.77
2018-01-30,1.65,22.08,8.59,13.46,49.07,2.84,2018,1,13.489999999999998
2018-01-31,0.29,17.98,8.66,12.47,47.93,2.08,2018,1,9.32
2018-02-01,1.15,21.6,8.08,13.21,47.64,2.62,2018,2,13.520000000000001
2018-02-02,0.0,21.07,8.5,13.64,35.45,1.99,2018,2,12.57
2018-02-03,0.0,21.12,6.88,13.01,30.95,2.65,2018,2,14.240000000000002
2018-02-04,0.0,21.76,5.37,11.87,25.55,3.39,2018,2,16.39
2018-02-05,0.0,22.17,6.78,13.02,19.21,2.08,2018,2,15.39
2018-02-06,0.0,20.73,4.42,11.33,21.09,2.63,2018,2,16.310000000000002
2018-02-07,0.0,21.32,7.55,12.77,18.94,2.3,2018,2,13.77
2018-02-08,0.0,21.55,6.82,12.92,18.45,2.14,2018,2,14.73
2018-02-09,0.0,21.85,7.39,13.12,20.52,2.41,2018,2,14.46
2018-02-10,0.01,18.89,8.21,12.45,34.16,3.03,2018,2,10.68
2018-02-11,8.55,22.17,7.7,13.39,42.32,3.38,2018,2,14.470000000000002
2018-02-12,16.11,13.18,7.85,10.53,85.18,6.25,2018,2,5.33
2018-02-13,7.35,17.85,7.16,12.06,72.55,1.94,2018,2,10.690000000000001
2018-02-14,0.0,19.35,6.41,12.17,56.87,3.31,2018,2,12.940000000000001
2018-02-15,0.0,21.74,8.77,14.07,58.31,2.96,2018,2,12.969999999999999
2018-02-16,0.0,23.05,9.75,15.26,54.35,2.91,2018,2,13.3
2018-02-17,0.0,24.9,9.84,15.39,38.93,3.77,2018,2,15.059999999999999
2018-02-18,0.0,23.83,6.66,14.92,27.34,2.6,2018,2,17.169999999999998
2018-02-19,0.0,25.8,8.12,15.96,33.27,2.88,2018,2,17.68
2018-02-20,0.05,26.7,12.43,17.82,41.5,2.57,2018,2,14.27
2018-02-21,0.12,26.47,11.96,17.75,52.42,3.12,2018,2,14.509999999999998
2018-02-22,0.0,23.77,10.86,16.45,48.48,2.84,2018,2,12.91
2018-02-23,0.88,26.92,9.61,16.68,47.95,3.39,2018,2,17.310000000000002
2018-02-24,7.55,22.16,11.42,15.34,65.42,3.09,2018,2,10.74
2018-02-25,0.32,24.43,9.62,16.02,59.28,2.1,2018,2,14.81
2018-02-26,0.02,25.74,11.38,17.97,52.75,2.73,2018,2,14.359999999999998
2018-02-27,0.0,26.39,13.3,19.09,55.96,2.25,2018,2,13.09
2018-02-28,0.0,27.61,14.54,20.16,49.27,2.3,2018,2,13.07
2018-03-01,14.17,23.64,14.48,18.23,63.52,2.19,2018,3,9.16
2018-03-02,6.02,23.28,12.92,18.22,66.95,3.08,2018,3,10.360000000000001
2018-03-03,6.58,22.9,12.89,17.32,67.97,2.62,2018,3,10.009999999999998
2018-03-04,0.1,23.65,11.17,16.63,59.5,2.61,2018,3,12.479999999999999
2018-03-05,0.05,24.67,11.62,16.92,50.9,2.65,2018,3,13.050000000000002
2018-03-06,0.51,25.79,9.46,16.73,47.35,3.87,2018,3,16.33
2018-03-07,0.0,26.9,11.25,18.93,37.09,2.38,2018,3,15.649999999999999
2018-03-08,0.02,27.64,11.44,19.22,44.77,2.32,2018,3,16.200000000000003
2018-03-09,0.1,26.21,13.97,19.51,49.86,1.91,2018,3,12.24
2018-03-10,0.0,28.0,11.93,19.0,49.69,3.31,2018,3,16.07
2018-03-11,0.0,28.18,13.17,20.31,46.92,2.85,2018,3,15.01
2018-03-12,0.09,29.4,14.05,21.12,47.89,2.55,2018,3,15.349999999999998
2018-03-13,2.43,30.05,16.3,22.01,47.25,3.45,2018,3,13.75
2018-03-14,10.64,24.35,15.55,18.88,56.88,4.81,2018,3,8.8
2018-03-15,0.43,27.44,11.98,19.29,50.51,3.26,2018,3,15.46
2018-03-16,0.0,26.19,12.46,18.48,47.02,2.93,2018,3,13.73
2018-03-17,0.0,27.11,10.43,18.09,41.64,3.64,2018,3,16.68
2018-03-18,0.0,27.76,12.73,19.62,39.25,2.78,2018,3,15.030000000000001
2018-03-19,0.0,30.01,13.44,20.75,42.15,2.97,2018,3,16.57
2018-03-20,0.14,29.54,14.6,21.67,45.02,2.37,2018,3,14.94
2018-03-21,0.05,26.48,14.65,19.83,53.51,3.39,2018,3,11.83
2018-03-22,0.04,26.96,13.77,19.97,54.91,1.92,2018,3,13.190000000000001
2018-03-23,0.0,28.43,13.26,20.7,49.86,2.5,2018,3,15.17
2018-03-24,0.0,29.6,14.43,21.16,44.95,3.65,2018,3,15.170000000000002
2018-03-25,0.0,32.19,13.95,21.73,38.53,4.04,2018,3,18.24
2018-03-26,0.0,33.18,15.94,24.13,28.98,2.77,2018,3,17.240000000000002
2018-03-27,0.0,32.75,17.01,25.03,30.55,1.8,2018,3,15.739999999999998
2018-03-28,0.0,32.38,16.54,23.65,35.7,3.14,2018,3,15.840000000000003
2018-03-29,0.0,33.91,15.41,23.71,31.23,4.88,2018,3,18.499999999999996
2018-03-30,0.0,37.61,17.27,26.2,19.91,4.49,2018,3,20.34
2018-03-31,0.0,37.95,16.9,26.78,20.18,2.64,2018,3,21.050000000000004
2018-04-01,0.0,33.78,16.16,25.25,22.95,2.56,2018,4,17.62
2018-04-02,0.0,33.18,18.4,25.61,25.12,2.16,2018,4,14.780000000000001
2018-04-03,7.06,32.79,18.46,24.65,43.01,2.45,2018,4,14.329999999999998
2018-04-04,0.17,33.72,18.84,25.73,46.18,3.02,2018,4,14.879999999999999
2018-04-05,0.35,32.72,19.38,26.03,42.68,2.01,2018,4,13.34
2018-04-06,1.64,32.91,18.73,25.22,46.64,2.38,2018,4,14.179999999999996
2018-04-07,0.13,34.66,19.06,26.86,37.81,1.72,2018,4,15.599999999999998
2018-04-08,3.8,33.53,19.93,26.53,42.28,3.22,2018,4,13.600000000000001
2018-04-09,8.87,31.09,19.25,24.77,56.96,2.53,2018,4,11.84
2018-04-10,3.44,27.37,19.87,23.27,60.86,2.27,2018,4,7.5
2018-04-11,6.46,26.13,17.13,20.45,57.99,3.37,2018,4,9.0
2018-04-12,0.0,29.42,14.04,21.25,39.56,2.41,2018,4,15.380000000000003
2018-04-13,0.0,32.01,13.75,22.64,33.93,2.94,2018,4,18.259999999999998
2018-04-14,0.0,31.67,16.44,23.97,35.11,3.02,2018,4,15.23
2018-04-15,0.01,33.74,18.1,25.74,39.33,3.08,2018,4,15.64
2018-04-16,6.38,27.92,18.74,22.6,59.75,3.6,2018,4,9.180000000000003
2018-04-17,0.4,29.05,18.08,22.81,54.56,2.18,2018,4,10.970000000000002
2018-04-18,4.2,31.05,17.39,24.12,47.36,2.59,2018,4,13.66
2018-04-19,0.14,32.13,17.9,24.63,40.29,2.74,2018,4,14.230000000000004
2018-04-20,44.29,22.24,14.56,17.95,70.59,3.79,2018,4,7.679999999999998
2018-04-21,0.01,26.96,11.33,19.01,52.73,2.98,2018,4,15.63
2018-04-22,0.0,30.4,13.11,21.35,45.3,3.39,2018,4,17.29
2018-04-23,0.0,33.75,15.24,24.31,37.35,3.91,2018,4,18.509999999999998
2018-04-24,0.0,36.53,18.01,27.75,31.67,2.79,2018,4,18.52
2018-04-25,0.0,36.56,22.05,28.87,33.8,2.63,2018,4,14.510000000000002
2018-04-26,0.0,36.26,20.73,28.05,38.78,3.58,2018,4,15.529999999999998
2018-04-27,0.0,37.02,20.61,28.79,36.14,2.92,2018,4,16.410000000000004
2018-04-28,0.0,37.47,21.36,28.99,34.58,2.95,2018,4,16.11
2018-04-29,0.0,37.9,20.62,28.77,36.0,3.91,2018,4,17.279999999999998
2018-04-30,0.0,38.9,21.51,30.3,28.44,2.74,2018,4,17.389999999999997
2018-05-01,0.0,39.09,21.14,29.68,31.7,2.73,2018,5,17.950000000000003
2018-05-02,2.28,35.79,21.96,27.69,37.32,3.32,2018,5,13.829999999999998
2018-05-03,0.26,34.62,19.84,27.22,39.35,3.25,2018,5,14.779999999999998
2018-05-04,0.06,34.86,19.77,27.48,41.29,2.98,2018,5,15.09
2018-05-05,1.64,34.87,22.37,27.59,41.92,2.8,2018,5,12.499999999999996
2018-05-06,10.02,32.96,19.41,25.78,51.41,3.05,2018,5,13.55
2018-05-07,3.11,31.14,19.48,25.02,53.73,2.14,2018,5,11.66
2018-05-08,0.07,32.22,17.81,25.64,42.44,1.71,2018,5,14.41
2018-05-09,0.09,33.5,19.59,26.28,42.23,2.54,2018,5,13.91
2018-05-10,0.05,36.75,18.56,28.12,40.55,3.4,2018,5,18.19
2018-05-11,0.0,39.08,20.99,30.87,35.93,2.51,2018,5,18.09
2018-05-12,19.01,38.22,23.66,30.54,46.05,3.01,2018,5,14.559999999999999
2018-05-13,0.6,35.03,21.47,27.51,53.85,2.75,2018,5,13.560000000000002
2018-05-14,12.84,33.19,20.77,26.13,48.28,3.1,2018,5,12.419999999999998
2018-05-15,6.08,34.27,20.01,26.87,50.88,2.57,2018,5,14.260000000000002
2018-05-16,0.38,34.13,20.88,27.1,49.19,3.21,2018,5,13.250000000000004
2018-05-17,0.03,36.22,20.69,28.05,43.63,2.87,2018,5,15.529999999999998
2018-05-18,0.3,34.46,22.34,27.53,43.46,2.7,2018,5,12.120000000000001
2018-05-19,1.77,34.9,20.06,27.25,42.06,2.87,2018,5,14.84
2018-05-20,0.36,35.25,19.61,27.1,37.58,2.77,2018,5,15.64
2018-05-21,0.0,37.14,18.52,27.86,32.64,3.04,2018,5,18.62
2018-05-22,0.0,36.38,21.66,28.01,31.91,3.69,2018,5,14.720000000000002
2018-05-23,0.0,36.85,19.84,28.03,31.26,3.68,2018,5,17.01
2018-05-24,0.0,36.96,18.72,28.07,29.48,3.79,2018,5,18.240000000000002
2018-05-25,0.0,39.58,19.57,29.72,26.27,3.71,2018,5,20.009999999999998
2018-05-26,0.0,40.08,21.88,30.92,25.6,3.51,2018,5,18.2
2018-05-27,0.0,40.48,22.46,31.53,25.65,3.11,2018,5,18.019999999999996
2018-05-28,0.0,41.55,23.99,33.03,22.11,3.35,2018,5,17.56
2018-05-29,0.02,42.21,25.43,33.92,16.85,2.45,2018,5,16.78
2018-05-30,0.0,42.3,24.72,33.67,16.39,3.09,2018,5,17.58
2018-05-31,0.0,43.57,24.62,34.83,15.12,2.65,2018,5,18.95
2018-06-01,0.01,43.89,27.39,35.53,15.33,2.97,2018,6,16.5
2018-06-02,0.0,43.97,25.82,35.14,16.5,2.79,2018,6,18.15
2018-06-03,0.0,44.57,27.81,36.3,15.66,2.46,2018,6,16.76
2018-06-04,0.0,44.03,28.09,36.57,16.02,2.45,2018,6,15.940000000000001
2018-06-05,0.81,42.92,28.76,36.5,22.08,2.29,2018,6,14.16
2018-06-06,8.56,40.57,28.63,35.0,34.43,1.81,2018,6,11.940000000000001
2018-06-07,0.0,41.22,28.63,35.04,34.66,1.65,2018,6,12.59
2018-06-08,0.06,42.39,28.86,35.66,29.5,1.93,2018,6,13.530000000000001
2018-06-09,1.65,41.34,28.14,34.89,32.26,3.02,2018,6,13.200000000000003
2018-06-10,1.32,39.9,28.09,33.84,37.65,2.29,2018,6,11.809999999999999
2018-06-11,0.3,40.42,26.54,33.52,30.72,3.98,2018,6,13.880000000000003
2018-06-12,0.02,43.23,26.74,35.18,19.14,2.62,2018,6,16.49
2018-06-13,0.0,44.71,25.87,36.43,13.31,3.25,2018,6,18.84
2018-06-14,0.0,45.51,28.28,37.18,17.8,3.39,2018,6,17.229999999999997
2018-06-15,2.16,42.48,30.08,36.25,27.82,2.7,2018,6,12.399999999999999
2018-06-16,2.89,38.72,29.12,33.99,39.35,2.39,2018,6,9.599999999999998
2018-06-17,7.23,34.08,27.42,30.24,57.13,3.26,2018,6,6.659999999999997
2018-06-18,1.36,33.6,25.41,29.44,57.74,1.51,2018,6,8.190000000000001
2018-06-19,0.03,38.62,23.87,31.45,45.92,2.73,2018,6,14.749999999999996
2018-06-20,2.22,39.08,26.93,32.76,41.15,2.09,2018,6,12.149999999999999
2018-06-21,0.06,40.36,27.09,33.74,36.51,2.35,2018,6,13.27
2018-06-22,0.36,41.61,28.69,34.8,33.57,2.71,2018,6,12.919999999999998
2018-06-23,5.05,39.06,24.48,32.54,44.4,3.82,2018,6,14.580000000000002
2018-06-24,0.14,40.27,27.67,34.06,32.99,2.32,2018,6,12.600000000000001
2018-06-25,0.0,42.43,27.6,35.22,26.36,2.25,2018,6,14.829999999999998
2018-06-26,0.01,42.81,27.78,35.74,21.63,2.03,2018,6,15.030000000000001
2018-06-27,0.62,41.29,28.39,35.18,27.5,1.76,2018,6,12.899999999999999
2018-06-28,1.36,38.47,27.66,32.45,38.21,2.96,2018,6,10.809999999999999
2018-06-29,5.35,36.21,26.3,30.52,47.27,2.75,2018,6,9.91
2018-06-30,2.14,36.3,25.43,30.78,53.24,2.4,2018,6,10.869999999999997
2018-07-01,0.21,40.59,26.51,33.5,47.37,2.27,2018,7,14.080000000000002
2018-07-02,9.33,38.57,27.42,33.07,52.93,1.77,2018,7,11.149999999999999
2018-07-03,24.58,34.91,26.35,30.52,63.74,2.73,2018,7,8.559999999999995
2018-07-04,8.57,34.92,24.82,29.71,60.34,1.72,2018,7,10.100000000000001
2018-07-05,6.43,33.6,23.48,29.02,59.02,1.44,2018,7,10.120000000000001
2018-07-06,0.29,37.66,23.91,30.78,50.88,2.71,2018,7,13.749999999999996
2018-07-07,0.0,39.6,25.71,32.6,44.23,2.1,2018,7,13.89
2018-07-08,0.0,40.68,26.51,33.9,44.23,1.72,2018,7,14.169999999999998
2018-07-09,0.06,41.1,27.31,34.41,46.73,1.92,2018,7,13.790000000000003
2018-07-10,2.0,39.64,27.94,33.7,50.1,2.52,2018,7,11.7
2018-07-11,13.68,36.81,27.16,32.18,57.93,2.09,2018,7,9.650000000000002
2018-07-12,6.64,37.33,26.79,32.42,57.54,1.81,2018,7,10.54
2018-07-13,9.57,37.31,27.01,32.38,57.77,1.7,2018,7,10.3
2018-07-14,4.95,36.79,28.86,32.53,56.16,1.57,2018,7,7.93
2018-07-15,4.31,37.35,26.63,32.43,62.05,1.56,2018,7,10.720000000000002
2018-07-16,8.7,36.32,27.75,31.68,65.1,1.45,2018,7,8.57
2018-07-17,12.75,34.73,27.56,30.95,66.97,1.45,2018,7,7.169999999999998
2018-07-18,32.43,33.67,26.94,30.45,69.79,1.28,2018,7,6.73
2018-07-19,12.43,33.11,26.57,29.64,70.8,0.78,2018,7,6.539999999999999
2018-07-20,1.92,34.55,26.76,30.41,68.71,1.36,2018,7,7.789999999999996
2018-07-21,4.63,35.12,26.65,30.76,69.03,1.93,2018,7,8.469999999999999
2018-07-22,11.46,34.61,26.77,30.64,71.52,1.81,2018,7,7.84
2018-07-23,11.77,33.21,25.81,29.28,75.6,2.3,2018,7,7.400000000000002
2018-07-24,2.67,33.68,25.85,29.67,74.22,1.5,2018,7,7.829999999999998
2018-07-25,13.22,34.31,26.94,30.57,69.9,1.53,2018,7,7.370000000000001
2018-07-26,42.06,33.66,25.98,29.6,74.79,2.66,2018,7,7.679999999999996
2018-07-27,17.11,32.32,24.91,28.4,76.9,1.86,2018,7,7.41
2018-07-28,1.61,31.71,25.17,28.26,70.65,1.24,2018,7,6.539999999999999
2018-07-29,4.22,31.91,24.52,28.69,70.76,1.26,2018,7,7.390000000000001
2018-07-30,0.0,33.0,24.37,29.27,67.61,1.64,2018,7,8.629999999999999
2018-07-31,0.27,34.6,24.85,29.77,65.68,1.78,2018,7,9.75
2018-08-01,1.07,34.88,25.76,30.22,61.7,1.69,2018,8,9.120000000000001
2018-08-02,0.62,35.41,25.55,30.45,61.25,1.92,2018,8,9.859999999999996
2018-08-03,0.0,36.01,25.22,30.67,60.45,2.19,2018,8,10.79
2018-08-04,0.02,36.06,25.5,31.28,61.09,1.78,2018,8,10.560000000000002
2018-08-05,0.1,37.09,27.86,32.52,57.06,1.55,2018,8,9.230000000000004
2018-08-06,7.06,35.38,26.92,30.93,65.71,1.49,2018,8,8.46
2018-08-07,52.28,32.13,24.9,28.17,78.92,2.16,2018,8,7.230000000000004
2018-08-08,6.4,31.63,24.11,27.55,80.96,1.98,2018,8,7.52
2018-08-09,0.44,32.57,24.43,28.85,76.12,1.77,2018,8,8.14
2018-08-10,0.4,33.04,25.72,29.8,70.87,1.42,2018,8,7.32
2018-08-11,0.76,34.08,26.05,30.24,70.51,1.64,2018,8,8.029999999999998
2018-08-12,0.68,35.03,28.26,31.37,64.9,1.39,2018,8,6.77
2018-08-13,30.43,33.03,25.16,29.19,72.65,2.25,2018,8,7.870000000000001
2018-08-14,19.63,31.96,25.31,28.43,78.31,1.82,2018,8,6.650000000000002
2018-08-15,0.52,32.13,25.21,28.77,74.99,1.54,2018,8,6.920000000000002
2018-08-16,0.48,32.05,25.47,29.02,74.92,1.32,2018,8,6.579999999999998
2018-08-17,14.04,33.47,25.11,29.66,72.11,1.25,2018,8,8.36
2018-08-18,14.98,32.21,24.97,28.65,75.74,1.79,2018,8,7.240000000000002
2018-08-19,0.0,32.59,25.08,28.99,74.39,2.25,2018,8,7.510000000000005
2018-08-20,0.41,33.28,25.29,29.6,74.1,1.85,2018,8,7.990000000000002
2018-08-21,5.07,32.89,25.95,29.17,75.91,1.83,2018,8,6.940000000000001
2018-08-22,11.72,33.33,25.47,29.62,74.52,1.72,2018,8,7.859999999999999
2018-08-23,16.85,33.48,26.74,30.16,72.97,1.85,2018,8,6.739999999999998
2018-08-24,23.5,32.89,25.47,29.02,75.59,1.88,2018,8,7.420000000000002
2018-08-25,9.0,33.32,25.07,29.32,70.66,1.91,2018,8,8.25
2018-08-26,9.84,32.08,24.75,28.23,72.82,1.4,2018,8,7.329999999999998
2018-08-27,0.0,32.24,23.63,27.8,73.45,2.82,2018,8,8.610000000000003
2018-08-28,0.0,32.89,24.3,28.68,67.47,1.93,2018,8,8.59
2018-08-29,0.06,32.98,24.28,28.87,68.13,1.99,2018,8,8.699999999999996
2018-08-30,0.19,33.44,24.26,28.95,69.95,1.79,2018,8,9.179999999999996
2018-08-31,0.12,34.09,24.6,29.4,68.03,1.67,2018,8,9.490000000000002
2018-09-01,0.59,33.31,25.62,29.21,67.95,1.62,2018,9,7.690000000000001
2018-09-02,7.77,32.26,24.18,28.3,70.71,1.63,2018,9,8.079999999999998
2018-09-03,2.35,31.7,23.14,27.57,72.53,1.51,2018,9,8.559999999999999
2018-09-04,0.0,32.19,23.24,27.88,71.72,1.48,2018,9,8.95
2018-09-05,0.0,33.2,24.85,29.09,63.52,1.49,2018,9,8.350000000000001
2018-09-06,0.05,34.89,23.87,29.77,57.93,1.61,2018,9,11.02
2018-09-07,0.16,34.13,23.64,28.73,65.25,2.0,2018,9,10.490000000000002
2018-09-08,0.03,33.73,23.66,28.44,64.8,1.79,2018,9,10.069999999999997
2018-09-09,0.31,33.65,23.76,28.42,66.19,1.65,2018,9,9.889999999999997
2018-09-10,2.83,32.47,24.22,28.21,69.93,1.71,2018,9,8.25
2018-09-11,4.15,33.02,24.77,28.2,71.45,1.49,2018,9,8.250000000000004
2018-09-12,0.09,33.7,23.43,28.22,65.17,2.0,2018,9,10.270000000000003
2018-09-13,7.66,33.81,22.7,27.59,63.5,2.36,2018,9,11.110000000000003
2018-09-14,5.13,31.25,22.56,26.23,66.91,3.76,2018,9,8.690000000000001
2018-09-15,5.03,27.28,21.38,23.86,76.49,2.3,2018,9,5.900000000000002
2018-09-16,0.05,29.76,20.42,25.09,64.81,2.03,2018,9,9.34
2018-09-17,0.0,31.68,19.46,25.55,56.12,2.33,2018,9,12.219999999999999
2018-09-18,0.0,32.09,19.79,25.45,55.77,2.08,2018,9,12.300000000000004
2018-09-19,0.0,33.14,20.19,26.84,51.49,1.69,2018,9,12.95
2018-09-20,0.0,34.06,20.64,27.09,53.07,2.21,2018,9,13.420000000000002
2018-09-21,0.0,33.98,20.75,27.17,56.8,2.0,2018,9,13.229999999999997
2018-09-22,0.6,33.1,22.05,26.76,62.49,2.07,2018,9,11.05
2018-09-23,0.27,30.72,20.59,24.65,74.04,2.07,2018,9,10.129999999999999
2018-09-24,0.04,31.49,19.63,25.5,70.54,2.04,2018,9,11.86
2018-09-25,0.0,31.76,20.59,26.04,68.0,2.11,2018,9,11.170000000000002
2018-09-26,0.0,33.32,22.18,27.58,53.52,1.55,2018,9,11.14
2018-09-27,0.01,34.44,21.16,26.89,54.4,2.17,2018,9,13.279999999999998
2018-09-28,2.28,33.38,20.91,26.81,53.64,2.03,2018,9,12.470000000000002
2018-09-29,1.19,32.59,20.38,26.26,53.74,1.47,2018,9,12.210000000000004
2018-09-30,0.08,32.91,21.04,26.23,52.35,2.14,2018,9,11.869999999999997
2018-10-01,0.04,33.66,21.18,26.59,50.45,2.09,2018,10,12.479999999999997
2018-10-02,0.69,33.51,21.23,26.9,50.9,1.81,2018,10,12.279999999999998
2018-10-03,5.56,32.69,19.65,25.73,58.25,1.93,2018,10,13.04
2018-10-04,1.0,30.74,19.7,24.55,56.75,1.83,2018,10,11.04
2018-10-05,0.05,30.88,17.62,23.23,52.94,3.08,2018,10,13.259999999999998
2018-10-06,0.06,32.22,17.26,23.93,47.34,2.75,2018,10,14.959999999999997
2018-10-07,0.0,32.01,17.55,24.03,44.41,2.49,2018,10,14.459999999999997
2018-10-08,0.3,31.79,17.28,24.51,44.67,2.02,2018,10,14.509999999999998
2018-10-09,20.42,29.2,17.41,22.84,55.93,2.44,2018,10,11.79
2018-10-10,0.02,30.05,16.46,22.76,43.51,1.82,2018,10,13.59
2018-10-11,0.01,28.76,17.82,22.76,51.87,1.74,2018,10,10.940000000000001
2018-10-12,0.0,29.27,16.94,21.8,53.8,2.41,2018,10,12.329999999999998
2018-10-13,0.0,29.06,15.99,21.4,47.53,2.57,2018,10,13.069999999999999
2018-10-14,0.0,29.04,17.07,21.89,45.27,2.37,2018,10,11.969999999999999
2018-10-15,0.06,29.46,14.78,21.57,47.0,2.28,2018,10,14.680000000000001
2018-10-16,7.74,28.11,15.33,20.48,60.16,3.6,2018,10,12.78
2018-10-17,0.01,28.38,14.96,20.62,56.83,2.62,2018,10,13.419999999999998
2018-10-18,0.0,28.63,16.21,21.22,45.52,2.35,2018,10,12.419999999999998
2018-10-19,0.0,29.26,14.18,20.96,43.03,2.61,2018,10,15.080000000000002
2018-10-20,0.0,29.03,15.12,21.37,40.94,2.46,2018,10,13.910000000000002
2018-10-21,0.0,29.01,15.0,21.63,40.42,2.24,2018,10,14.010000000000002
2018-10-22,0.0,29.18,15.63,21.4,38.34,2.46,2018,10,13.549999999999999
2018-10-23,0.0,28.34,13.4,20.44,39.35,2.22,2018,10,14.94
2018-10-24,0.0,28.17,13.43,20.29,40.31,2.33,2018,10,14.740000000000002
2018-10-25,0.0,28.39,13.22,20.58,40.59,2.39,2018,10,15.17
2018-10-26,0.0,29.03,13.73,20.85,44.95,2.5,2018,10,15.3
2018-10-27,0.0,29.23,14.97,21.27,45.71,2.38,2018,10,14.26
2018-10-28,0.0,29.39,14.58,21.25,46.57,2.25,2018,10,14.81
2018-10-29,0.0,30.3,16.5,22.62,44.49,2.0,2018,10,13.8
2018-10-30,0.0,29.42,17.4,21.95,50.22,2.23,2018,10,12.020000000000003
2018-10-31,0.02,28.03,16.92,21.41,56.51,1.97,2018,10,11.11
2018-11-01,2.46,26.1,16.25,20.4,59.18,2.85,2018,11,9.850000000000001
2018-11-02,11.5,23.71,14.74,18.43,67.46,2.79,2018,11,8.97
2018-11-03,1.69,22.22,11.39,15.67,59.27,3.4,2018,11,10.829999999999998
2018-11-04,0.08,24.23,9.46,16.28,46.1,2.25,2018,11,14.77
2018-11-05,0.0,24.25,11.02,15.77,46.19,3.12,2018,11,13.23
2018-11-06,0.0,25.44,7.69,15.27,40.03,3.62,2018,11,17.75
2018-11-07,0.0,25.64,7.6,16.04,34.56,2.69,2018,11,18.04
2018-11-08,0.0,24.82,9.95,17.01,35.55,2.21,2018,11,14.870000000000001
2018-11-09,0.0,24.77,13.57,17.67,39.76,2.1,2018,11,11.2
2018-11-10,0.0,24.44,11.5,17.55,40.77,2.21,2018,11,12.940000000000001
2018-11-11,0.0,24.56,13.51,17.85,45.07,1.9,2018,11,11.049999999999999
2018-11-12,0.28,24.95,13.19,18.35,51.72,2.11,2018,11,11.76
2018-11-13,4.12,24.86,12.1,17.46,57.29,2.74,2018,11,12.76
2018-11-14,5.69,21.66,11.38,16.05,60.5,2.65,2018,11,10.28
2018-11-15,0.0,23.13,10.33,15.12,59.16,2.78,2018,11,12.799999999999999
2018-11-16,0.0,24.03,9.38,15.32,46.88,3.67,2018,11,14.65
2018-11-17,0.0,25.14,11.7,16.72,40.14,2.48,2018,11,13.440000000000001
2018-11-18,0.0,25.21,10.86,17.42,37.92,2.33,2018,11,14.350000000000001
2018-11-19,0.6,25.53,11.25,16.98,49.32,2.62,2018,11,14.280000000000001
2018-11-20,0.03,25.35,11.96,17.04,50.14,3.11,2018,11,13.39
2018-11-21,0.0,25.81,11.8,16.87,46.25,3.1,2018,11,14.009999999999998
2018-11-22,0.0,20.15,10.57,15.11,51.09,2.37,2018,11,9.579999999999998
2018-11-23,0.0,23.8,9.35,14.6,52.61,3.55,2018,11,14.450000000000001
2018-11-24,0.0,26.06,9.85,16.1,42.12,3.2,2018,11,16.21
2018-11-25,0.0,27.14,13.7,18.75,37.26,2.12,2018,11,13.440000000000001
2018-11-26,0.0,27.02,13.45,18.48,39.77,2.48,2018,11,13.57
2018-11-27,0.0,24.87,11.29,17.26,45.93,2.7,2018,11,13.580000000000002
2018-11-28,0.0,24.31,12.14,17.16,48.43,2.5,2018,11,12.169999999999998
2018-11-29,0.0,24.29,11.64,15.67,52.44,3.13,2018,11,12.649999999999999
2018-11-30,0.0,24.74,10.86,16.0,40.42,2.87,2018,11,13.879999999999999
2018-12-01,0.0,24.38,11.24,16.6,33.28,2.19,2018,12,13.139999999999999
2018-12-02,0.0,23.38,9.12,15.08,38.57,2.28,2018,12,14.26
2018-12-03,0.0,21.94,9.81,14.21,43.13,2.24,2018,12,12.13
2018-12-04,0.0,22.45,10.82,14.89,41.46,1.77,2018,12,11.629999999999999
2018-12-05,0.0,21.15,9.3,14.38,45.01,1.98,2018,12,11.849999999999998
2018-12-06,0.0,21.06,8.46,13.04,52.32,2.81,2018,12,12.599999999999998
2018-12-07,0.0,20.75,8.29,13.11,46.12,1.98,2018,12,12.46
2018-12-08,0.0,20.68,9.87,14.37,39.37,1.38,2018,12,10.81
2018-12-09,5.15,21.12,10.39,15.06,43.59,1.75,2018,12,10.73
2018-12-10,17.86,16.53,6.87,11.21,77.75,4.17,2018,12,9.66
2018-12-11,2.2,16.38,8.73,11.73,71.39,1.64,2018,12,7.649999999999999
2018-12-12,0.64,16.48,7.2,10.98,66.68,1.72,2018,12,9.280000000000001
2018-12-13,0.02,16.3,5.96,9.65,68.71,2.94,2018,12,10.34
2018-12-14,0.0,17.95,5.47,9.69,53.55,3.05,2018,12,12.48
2018-12-15,0.0,19.21,4.89,10.05,42.63,2.9,2018,12,14.32
2018-12-16,0.0,20.61,3.33,10.64,37.35,2.65,2018,12,17.28
2018-12-17,0.0,20.71,5.01,11.45,36.45,2.72,2018,12,15.700000000000001
2018-12-18,0.0,21.29,7.15,12.71,34.09,2.59,2018,12,14.139999999999999
2018-12-19,0.0,20.18,7.69,13.34,33.71,1.92,2018,12,12.489999999999998
2018-12-20,0.0,20.36,6.73,12.18,36.58,2.25,2018,12,13.629999999999999
2018-12-21,0.0,20.77,6.16,11.52,40.23,2.7,2018,12,14.61
2018-12-22,0.0,20.49,5.49,11.88,35.83,2.13,2018,12,14.999999999999998
2018-12-23,0.0,17.31,4.79,9.63,45.37,2.72,2018,12,12.52
2018-12-24,0.0,17.81,5.54,9.89,44.72,2.4,2018,12,12.27
2018-12-25,0.0,18.38,6.58,10.52,39.81,2.21,2018,12,11.799999999999999
2018-12-26,0.0,15.69,3.64,9.08,41.42,1.85,2018,12,12.049999999999999
2018-12-27,0.0,17.45,3.78,8.54,44.8,3.09,2018,12,13.67
2018-12-28,0.0,19.71,2.87,9.38,37.07,3.04,2018,12,16.84
2018-12-29,0.0,19.4,5.53,11.3,31.28,2.14,2018,12,13.869999999999997
2018-12-30,0.0,18.19,6.2,11.07,38.74,1.89,2018,12,11.990000000000002
2018-12-31,0.0,19.07,7.33,11.45,37.6,2.03,2018,12,11.74
2019-01-01,4.22,14.84,7.97,10.78,49.79,1.81,2019,1,6.87
2019-01-02,16.56,15.47,5.77,9.85,75.88,2.19,2019,1,9.700000000000001
2019-01-03,0.0,18.04,3.33,8.87,60.95,3.22,2019,1,14.709999999999999
2019-01-04,6.09,12.28,4.78,7.91,61.39,4.05,2019,1,7.499999999999999
2019-01-05,3.9,14.56,5.47,9.06,76.82,3.72,2019,1,9.09
2019-01-06,0.0,16.39,4.39,8.68,64.19,2.98,2019,1,12.0
2019-01-07,0.0,15.58,2.69,8.28,53.68,2.4,2019,1,12.89
2019-01-08,0.01,15.66,5.79,9.59,56.48,2.23,2019,1,9.870000000000001
2019-01-09,0.0,18.26,4.36,9.56,58.2,3.44,2019,1,13.900000000000002
2019-01-10,0.64,15.09,6.1,9.46,53.19,3.04,2019,1,8.99
2019-01-11,2.48,12.06,4.61,8.03,78.51,2.82,2019,1,7.45
2019-01-12,6.83,15.37,6.16,9.56,75.04,2.56,2019,1,9.209999999999999
2019-01-13,0.27,13.93,2.83,7.72,69.22,2.28,2019,1,11.1
2019-01-14,0.0,17.91,-0.24,6.92,43.57,3.96,2019,1,18.15
2019-01-15,0.0,20.89,2.63,10.21,39.28,2.45,2019,1,18.26
2019-01-16,0.01,19.97,8.71,12.78,39.27,1.8,2019,1,11.259999999999998
2019-01-17,0.09,19.73,3.63,10.3,47.82,3.25,2019,1,16.1
2019-01-18,0.07,15.79,4.21,9.71,46.45,2.06,2019,1,11.579999999999998
2019-01-19,0.41,18.04,6.59,11.12,64.3,1.99,2019,1,11.45
2019-01-20,8.26,15.43,7.04,10.3,79.89,2.6,2019,1,8.39
2019-01-21,29.03,10.82,7.93,9.11,90.76,2.08,2019,1,2.8900000000000006
2019-01-22,8.36,11.64,6.93,8.43,89.33,4.26,2019,1,4.710000000000001
2019-01-23,0.2,13.94,5.43,8.88,75.31,1.66,2019,1,8.51
2019-01-24,0.03,13.78,3.76,8.1,70.92,2.15,2019,1,10.02
2019-01-25,0.17,14.16,4.7,8.51,57.77,1.94,2019,1,9.46
2019-01-26,0.0,14.52,2.2,7.22,60.47,2.41,2019,1,12.32
2019-01-27,0.0,16.06,0.89,6.89,51.63,2.89,2019,1,15.169999999999998
2019-01-28,0.0,17.0,0.11,6.86,45.78,3.66,2019,1,16.89
2019-01-29,0.0,17.99,1.01,9.24,42.15,2.99,2019,1,16.979999999999997
2019-01-30,4.71,15.1,6.42,9.55,68.49,1.93,2019,1,8.68
2019-01-31,17.53,9.64,6.24,7.57,92.98,2.46,2019,1,3.4000000000000004
2019-02-01,0.19,16.17,4.2,9.48,71.25,2.23,2019,2,11.970000000000002
2019-02-02,0.0,18.77,4.89,10.22,59.17,2.47,2019,2,13.879999999999999
2019-02-03,0.0,20.22,4.78,11.13,55.46,2.62,2019,2,15.439999999999998
2019-02-04,0.0,17.26,6.73,11.4,54.78,2.17,2019,2,10.530000000000001
2019-02-05,0.75,19.08,9.5,13.35,55.08,2.27,2019,2,9.579999999999998
2019-02-06,10.08,15.55,6.12,10.53,76.3,2.99,2019,2,9.43
2019-02-07,7.53,13.78,5.75,9.22,81.47,2.97,2019,2,8.03
2019-02-08,10.42,11.76,3.39,7.54,83.01,3.13,2019,2,8.37
2019-02-09,0.0,18.54,1.12,9.11,54.46,2.92,2019,2,17.419999999999998
2019-02-10,0.0,18.78,7.74,12.37,45.12,1.75,2019,2,11.040000000000001
2019-02-11,0.0,19.88,7.64,12.99,49.74,1.68,2019,2,12.239999999999998
2019-02-12,1.4,17.8,9.05,12.8,65.92,2.26,2019,2,8.75
2019-02-13,0.12,20.46,9.95,14.3,70.5,3.4,2019,2,10.510000000000002
2019-02-14,5.19,14.29,7.9,11.61,77.93,1.78,2019,2,6.389999999999999
2019-02-15,0.01,17.26,6.02,10.57,74.74,2.42,2019,2,11.240000000000002
2019-02-16,0.0,18.8,5.24,11.04,59.96,2.56,2019,2,13.56
2019-02-17,0.8,17.65,6.75,10.88,60.53,2.04,2019,2,10.899999999999999
2019-02-18,6.89,16.55,5.83,10.03,73.99,3.91,2019,2,10.72
2019-02-19,0.68,16.29,4.98,10.13,68.83,2.58,2019,2,11.309999999999999
2019-02-20,22.09,17.53,7.09,11.42,76.93,3.08,2019,2,10.440000000000001
2019-02-21,23.24,15.65,8.46,11.75,85.47,3.16,2019,2,7.1899999999999995
2019-02-22,0.55,17.88,6.12,10.95,74.68,2.45,2019,2,11.759999999999998
2019-02-23,0.0,18.7,4.7,11.17,59.28,2.48,2019,2,14.0
2019-02-24,0.01,18.46,8.15,12.71,50.99,1.71,2019,2,10.31
2019-02-25,0.55,17.82,6.13,11.22,61.88,2.47,2019,2,11.690000000000001
2019-02-26,7.68,14.57,5.32,9.62,75.69,2.93,2019,2,9.25
2019-02-27,0.0,14.92,4.27,9.06,67.37,2.87,2019,2,10.65
2019-02-28,0.0,17.45,4.12,10.0,63.6,2.37,2019,2,13.329999999999998
2019-03-01,0.41,15.17,5.99,9.97,72.33,2.3,2019,3,9.18
2019-03-02,14.32,12.49,8.05,9.51,88.5,4.82,2019,3,4.4399999999999995
2019-03-03,3.27,15.28,7.14,10.95,82.71,2.4,2019,3,8.14
2019-03-04,0.41,17.39,7.42,12.11,74.45,1.68,2019,3,9.97
2019-03-05,0.56,20.11,8.36,13.89,63.83,1.9,2019,3,11.75
2019-03-06,0.06,20.35,9.13,14.31,56.73,2.4,2019,3,11.22
2019-03-07,3.82,18.93,8.65,13.33,62.89,2.03,2019,3,10.28
2019-03-08,0.0,21.12,8.34,13.71,61.64,2.64,2019,3,12.780000000000001
2019-03-09,0.0,21.29,10.06,14.85,57.58,2.49,2019,3,11.229999999999999
2019-03-10,0.0,22.56,9.53,15.26,57.33,2.44,2019,3,13.03
2019-03-11,13.89,13.66,9.08,11.13,83.04,3.63,2019,3,4.58
2019-03-12,1.34,19.81,8.51,13.23,72.32,2.08,2019,3,11.299999999999999
2019-03-13,0.08,19.6,9.31,14.07,66.36,3.39,2019,3,10.290000000000001
2019-03-14,0.28,16.42,9.19,12.1,77.21,2.09,2019,3,7.230000000000002
2019-03-15,0.01,20.99,8.48,14.46,64.13,1.84,2019,3,12.509999999999998
2019-03-16,0.0,22.88,9.74,15.89,61.4,2.32,2019,3,13.139999999999999
2019-03-17,0.0,24.69,12.5,18.54,53.12,1.59,2019,3,12.190000000000001
2019-03-18,0.0,25.02,10.26,18.02,55.99,2.07,2019,3,14.76
2019-03-19,6.78,17.85,11.97,14.71,75.51,3.37,2019,3,5.880000000000001
2019-03-20,9.34,18.66,10.89,14.4,78.95,2.17,2019,3,7.77
2019-03-21,0.02,23.29,9.64,16.14,63.81,2.49,2019,3,13.649999999999999
2019-03-22,0.02,23.69,10.57,16.99,56.92,2.85,2019,3,13.120000000000001
2019-03-23,0.03,22.81,14.39,17.75,60.54,1.76,2019,3,8.419999999999998
2019-03-24,0.0,24.06,11.71,18.02,64.77,2.15,2019,3,12.349999999999998
2019-03-25,0.0,25.98,11.42,18.42,57.58,3.23,2019,3,14.56
2019-03-26,0.0,27.16,11.96,19.61,48.46,3.02,2019,3,15.2
2019-03-27,0.0,29.83,15.28,21.57,50.19,2.15,2019,3,14.549999999999999
2019-03-28,0.0,30.21,16.16,22.98,55.6,2.75,2019,3,14.05
2019-03-29,0.39,29.01,17.5,22.02,61.78,2.7,2019,3,11.510000000000002
2019-03-30,8.08,28.37,13.78,21.2,55.2,3.69,2019,3,14.590000000000002
2019-03-31,0.0,27.54,11.38,19.13,49.54,3.91,2019,3,16.159999999999997
2019-04-01,0.0,30.34,14.11,21.57,40.28,2.68,2019,4,16.23
2019-04-02,0.0,31.18,16.05,23.72,38.19,2.26,2019,4,15.129999999999999
2019-04-03,0.0,32.76,16.59,24.79,48.02,2.83,2019,4,16.169999999999998
2019-04-04,0.0,33.79,20.15,27.4,43.44,2.79,2019,4,13.64
2019-04-05,0.0,33.64,18.79,26.36,53.18,2.37,2019,4,14.850000000000001
2019-04-06,0.0,32.89,19.98,26.0,52.62,2.42,2019,4,12.91
2019-04-07,0.0,33.33,19.0,25.94,50.67,2.46,2019,4,14.329999999999998
2019-04-08,0.03,31.48,20.0,25.06,47.7,3.79,2019,4,11.48
2019-04-09,7.29,33.96,17.75,25.78,51.17,2.67,2019,4,16.21
2019-04-10,0.48,31.85,18.4,25.21,51.45,2.69,2019,4,13.450000000000003
2019-04-11,0.11,32.25,19.03,24.37,55.01,3.29,2019,4,13.219999999999999
2019-04-12,4.03,29.8,18.17,23.78,62.9,2.51,2019,4,11.629999999999999
2019-04-13,11.06,27.42,17.92,22.2,70.03,2.23,2019,4,9.5
2019-04-14,0.51,28.68,18.59,23.05,59.7,2.36,2019,4,10.09
2019-04-15,0.17,29.85,18.06,23.76,58.3,2.27,2019,4,11.790000000000003
2019-04-16,15.69,23.15,16.28,19.25,82.22,3.17,2019,4,6.869999999999997
2019-04-17,10.09,20.02,15.03,17.46,80.58,2.94,2019,4,4.99
2019-04-18,0.01,26.19,13.76,20.2,56.62,1.48,2019,4,12.430000000000001
2019-04-19,0.0,28.64,14.01,21.84,54.79,1.81,2019,4,14.63
2019-04-20,0.0,30.56,16.8,23.93,55.82,2.22,2019,4,13.759999999999998
2019-04-21,0.0,31.96,18.05,25.32,54.07,2.67,2019,4,13.91
2019-04-22,0.0,33.73,18.78,26.16,53.88,3.05,2019,4,14.949999999999996
2019-04-23,0.02,36.54,19.8,28.3,46.73,2.35,2019,4,16.74
2019-04-24,7.19,31.74,20.62,25.03,59.67,3.3,2019,4,11.119999999999997
2019-04-25,0.91,34.03,19.25,26.48,50.09,2.66,2019,4,14.780000000000001
2019-04-26,2.76,34.2,20.59,27.77,47.03,1.89,2019,4,13.610000000000003
2019-04-27,0.0,34.16,21.6,27.64,39.12,1.96,2019,4,12.559999999999995
2019-04-28,0.0,35.43,21.28,27.96,34.69,2.04,2019,4,14.149999999999999
2019-04-29,0.0,34.64,18.89,26.49,39.04,2.6,2019,4,15.75
2019-04-30,3.59,30.9,18.11,23.99,48.3,4.14,2019,4,12.79
2019-05-01,0.0,33.62,16.9,25.41,41.58,3.32,2019,5,16.72
2019-05-02,0.88,32.8,17.13,24.35,42.33,3.87,2019,5,15.669999999999998
2019-05-03,0.21,32.86,16.79,24.6,44.96,3.07,2019,5,16.07
2019-05-04,0.46,34.49,16.66,25.37,39.49,2.93,2019,5,17.830000000000002
2019-05-05,0.0,36.21,18.06,26.78,33.74,3.28,2019,5,18.150000000000002
2019-05-06,0.0,36.55,17.06,27.15,31.72,3.02,2019,5,19.49
2019-05-07,0.0,37.28,19.68,28.36,32.81,2.79,2019,5,17.6
2019-05-08,0.0,38.27,19.77,28.77,35.06,3.29,2019,5,18.500000000000004
2019-05-09,0.0,38.15,20.27,29.31,35.53,3.16,2019,5,17.88
2019-05-10,0.54,34.41,21.87,27.92,39.07,3.58,2019,5,12.539999999999996
2019-05-11,2.77,35.92,21.29,28.45,42.54,2.96,2019,5,14.630000000000003
2019-05-12,0.12,35.57,21.23,28.39,42.37,2.25,2019,5,14.34
2019-05-13,0.08,36.12,22.97,29.62,41.27,2.13,2019,5,13.149999999999999
2019-05-14,2.82,34.55,21.48,28.11,48.1,2.44,2019,5,13.069999999999997
2019-05-15,0.56,36.44,22.11,29.05,44.73,2.33,2019,5,14.329999999999998
2019-05-16,0.74,28.21,22.22,25.15,61.51,1.53,2019,5,5.990000000000002
2019-05-17,5.31,28.08,21.01,24.06,65.38,1.63,2019,5,7.069999999999997
2019-05-18,0.97,33.15,19.2,26.05,51.69,2.5,2019,5,13.95
2019-05-19,3.06,35.64,20.73,27.75,44.69,2.9,2019,5,14.91
2019-05-20,0.47,36.25,20.7,28.57,40.77,2.76,2019,5,15.55
2019-05-21,0.0,38.01,20.97,30.04,32.71,2.27,2019,5,17.04
2019-05-22,1.43,38.84,24.64,31.29,30.43,2.07,2019,5,14.200000000000003
2019-05-23,1.41,35.97,23.11,27.91,50.29,2.86,2019,5,12.86
2019-05-24,22.24,28.79,21.4,25.03,60.03,2.01,2019,5,7.390000000000001
2019-05-25,0.0,33.41,19.63,27.13,47.64,1.7,2019,5,13.779999999999998
2019-05-26,0.0,36.62,21.91,29.24,34.75,2.97,2019,5,14.709999999999997
2019-05-27,0.05,37.01,19.8,28.59,31.93,3.26,2019,5,17.209999999999997
2019-05-28,0.0,39.03,20.33,30.06,30.18,3.22,2019,5,18.700000000000003
2019-05-29,0.0,41.04,22.05,31.59,30.31,3.3,2019,5,18.99
2019-05-30,0.0,41.98,24.05,33.56,27.24,3.01,2019,5,17.929999999999996
2019-05-31,0.0,43.39,24.58,34.53,25.3,2.65,2019,5,18.810000000000002
2019-06-01,0.03,43.88,27.95,35.79,23.22,2.9,2019,6,15.930000000000003
2019-06-02,0.0,44.11,26.15,36.24,21.8,2.39,2019,6,17.96
2019-06-03,0.35,44.82,28.58,36.41,16.86,3.71,2019,6,16.240000000000002
2019-06-04,3.47,41.25,23.82,33.59,23.05,2.63,2019,6,17.43
2019-06-05,0.78,41.2,25.05,33.12,24.9,3.51,2019,6,16.150000000000002
2019-06-06,0.3,40.14,25.48,32.91,26.35,2.29,2019,6,14.66
2019-06-07,2.56,40.48,24.5,33.11,28.51,2.26,2019,6,15.979999999999997
2019-06-08,0.02,42.22,28.3,35.19,22.35,2.13,2019,6,13.919999999999998
2019-06-09,0.01,43.54,25.81,34.83,21.83,3.05,2019,6,17.73
2019-06-10,0.26,44.89,26.02,36.05,16.81,2.83,2019,6,18.87
2019-06-11,12.51,42.93,27.19,34.51,26.36,5.33,2019,6,15.739999999999998
2019-06-12,4.89,36.64,23.09,29.51,36.84,5.11,2019,6,13.55
2019-06-13,0.0,39.56,20.22,30.38,29.71,2.8,2019,6,19.340000000000003
2019-06-14,0.0,41.6,23.88,33.27,22.64,2.2,2019,6,17.720000000000002
2019-06-15,0.05,42.28,24.92,34.5,24.51,2.13,2019,6,17.36
2019-06-16,0.06,40.88,27.64,34.33,22.06,3.43,2019,6,13.240000000000002
2019-06-17,0.0,42.09,26.6,34.97,19.21,2.26,2019,6,15.490000000000002
2019-06-18,0.15,38.12,26.35,32.53,30.06,2.99,2019,6,11.769999999999996
2019-06-19,4.07,38.72,26.8,33.22,35.83,1.27,2019,6,11.919999999999998
2019-06-20,7.59,38.96,24.76,32.49,40.8,1.76,2019,6,14.2
2019-06-21,1.35,37.41,23.43,30.64,50.48,1.83,2019,6,13.979999999999997
2019-06-22,0.03,39.65,26.0,33.2,38.74,1.7,2019,6,13.649999999999999
2019-06-23,3.71,38.51,28.21,33.29,36.73,2.4,2019,6,10.299999999999997
2019-06-24,2.82,34.24,26.18,30.33,49.59,2.97,2019,6,8.060000000000002
2019-06-25,0.1,39.57,25.46,32.32,43.44,2.86,2019,6,14.11
2019-06-26,0.08,41.38,25.62,33.98,33.11,2.29,2019,6,15.760000000000002
2019-06-27,0.07,42.3,28.77,35.55,30.06,2.02,2019,6,13.529999999999998
2019-06-28,0.04,42.75,28.52,35.63,25.47,2.11,2019,6,14.23
2019-06-29,0.0,44.11,27.33,36.42,21.36,2.45,2019,6,16.78
2019-06-30,4.96,42.05,30.48,35.95,32.26,1.55,2019,6,11.569999999999997
2019-07-01,0.06,43.49,29.31,36.33,28.1,2.12,2019,7,14.180000000000003
2019-07-02,0.46,43.56,29.57,36.87,26.28,1.58,2019,7,13.990000000000002
2019-07-03,0.0,44.61,30.17,37.56,26.17,1.79,2019,7,14.439999999999998
2019-07-04,0.51,45.49,29.84,37.99,23.93,2.46,2019,7,15.650000000000002
2019-07-05,6.8,40.39,27.96,34.22,41.46,3.0,2019,7,12.43
2019-07-06,0.63,41.21,27.64,34.77,40.84,2.24,2019,7,13.57
2019-07-07,0.54,41.94,29.71,35.52,38.49,2.0,2019,7,12.229999999999997
2019-07-08,21.27,41.02,29.25,34.94,42.82,1.8,2019,7,11.770000000000003
2019-07-09,19.14,38.29,28.72,33.16,55.6,2.16,2019,7,9.57
2019-07-10,0.96,39.59,27.08,33.5,54.08,2.05,2019,7,12.510000000000005
2019-07-11,21.4,39.4,27.9,33.24,57.13,2.11,2019,7,11.5
2019-07-12,6.31,38.62,28.43,33.13,56.25,1.5,2019,7,10.189999999999998
2019-07-13,7.3,37.48,28.18,32.58,58.16,1.79,2019,7,9.299999999999997
2019-07-14,6.09,35.79,26.91,30.42,66.32,2.62,2019,7,8.879999999999999
2019-07-15,6.02,35.72,25.3,30.22,65.05,2.86,2019,7,10.419999999999998
2019-07-16,2.58,35.41,25.03,30.11,64.92,2.8,2019,7,10.379999999999995
2019-07-17,7.73,33.44,23.66,28.14,74.46,3.29,2019,7,9.779999999999998
2019-07-18,16.11,32.69,24.49,28.66,75.37,2.28,2019,7,8.2
2019-07-19,2.97,34.01,26.03,29.62,69.6,2.15,2019,7,7.979999999999997
2019-07-20,2.8,35.79,25.14,30.71,63.76,1.25,2019,7,10.649999999999999
2019-07-21,1.28,35.1,25.3,30.43,66.75,2.29,2019,7,9.8
2019-07-22,7.73,34.44,26.27,30.69,65.75,1.48,2019,7,8.169999999999998
2019-07-23,0.96,37.0,26.96,32.04,61.47,1.78,2019,7,10.04
2019-07-24,17.2,37.5,27.14,32.95,58.43,1.24,2019,7,10.36
2019-07-25,17.42,33.78,25.9,30.05,72.82,3.28,2019,7,7.880000000000003
2019-07-26,8.46,31.89,25.19,27.96,80.14,3.2,2019,7,6.699999999999999
2019-07-27,29.34,30.19,24.89,26.72,86.21,4.17,2019,7,5.300000000000001
2019-07-28,11.13,29.59,24.54,26.65,85.04,3.46,2019,7,5.050000000000001
2019-07-29,0.9,30.48,24.5,27.1,81.89,2.69,2019,7,5.98
2019-07-30,0.46,32.44,24.6,28.74,77.09,1.78,2019,7,7.839999999999996
2019-07-31,6.61,32.88,25.98,29.35,75.63,2.21,2019,7,6.900000000000002
2019-08-01,6.24,33.18,24.98,28.81,79.48,2.31,2019,8,8.2
2019-08-02,4.19,31.74,25.1,28.12,82.51,2.17,2019,8,6.639999999999997
2019-08-03,3.58,33.17,24.85,29.07,76.13,1.43,2019,8,8.32
2019-08-04,0.35,34.46,24.83,29.51,74.28,1.68,2019,8,9.630000000000003
2019-08-05,4.47,34.87,25.56,30.23,72.34,1.99,2019,8,9.309999999999999
2019-08-06,6.96,33.97,25.44,29.72,74.36,2.58,2019,8,8.529999999999998
2019-08-07,28.73,32.18,25.6,28.48,81.89,2.93,2019,8,6.579999999999998
2019-08-08,0.26,33.03,24.38,28.66,76.49,2.11,2019,8,8.650000000000002
2019-08-09,8.25,31.06,25.46,28.29,79.7,2.89,2019,8,5.599999999999998
2019-08-10,6.72,32.02,25.25,28.75,76.41,0.94,2019,8,6.770000000000003
2019-08-11,3.66,32.49,25.2,28.61,79.45,1.67,2019,8,7.290000000000003
2019-08-12,1.0,33.98,25.27,29.78,74.24,1.79,2019,8,8.709999999999997
2019-08-13,0.91,34.41,26.1,30.37,72.59,2.13,2019,8,8.309999999999995
2019-08-14,12.31,33.21,25.59,29.09,77.44,3.12,2019,8,7.620000000000001
2019-08-15,0.12,33.71,25.35,29.55,74.55,1.73,2019,8,8.36
2019-08-16,0.87,33.36,25.63,29.27,75.12,2.94,2019,8,7.73
2019-08-17,16.27,32.13,24.33,28.06,79.24,2.13,2019,8,7.800000000000004
2019-08-18,0.59,32.36,23.07,27.78,76.8,1.93,2019,8,9.29
2019-08-19,6.5,32.11,23.49,27.84,73.01,1.58,2019,8,8.620000000000001
2019-08-20,0.15,31.75,23.05,27.44,67.54,1.54,2019,8,8.7
2019-08-21,0.0,34.18,22.14,28.38,61.19,1.61,2019,8,12.04
2019-08-22,0.0,34.79,22.49,28.95,59.4,1.47,2019,8,12.3
2019-08-23,0.0,34.75,23.51,29.34,63.59,1.69,2019,8,11.239999999999998
2019-08-24,0.11,36.19,24.03,30.24,63.05,1.68,2019,8,12.159999999999997
2019-08-25,2.65,34.72,24.73,29.77,65.95,1.66,2019,8,9.989999999999998
2019-08-26,12.61,32.69,24.71,27.85,76.98,2.15,2019,8,7.979999999999997
2019-08-27,0.0,35.61,23.87,29.54,68.57,1.72,2019,8,11.739999999999998
2019-08-28,0.01,35.67,25.55,30.7,65.03,1.85,2019,8,10.120000000000001
2019-08-29,0.11,36.3,25.12,31.14,62.1,1.61,2019,8,11.179999999999996
2019-08-30,1.77,35.44,25.89,30.14,66.44,2.04,2019,8,9.549999999999997
2019-08-31,0.12,35.89,24.86,30.53,60.16,1.79,2019,8,11.030000000000001
2019-09-01,0.54,36.88,25.02,31.31,57.58,1.58,2019,9,11.860000000000003
2019-09-02,0.46,36.05,25.39,30.26,62.99,1.91,2019,9,10.659999999999997
2019-09-03,0.0,36.97,24.6,31.04,57.62,1.58,2019,9,12.369999999999997
2019-09-04,0.01,37.05,25.38,31.42,59.45,1.53,2019,9,11.669999999999998
2019-09-05,27.03,34.89,26.3,30.45,65.01,2.12,2019,9,8.59
2019-09-06,3.38,34.23,25.05,30.13,65.39,1.7,2019,9,9.179999999999996
2019-09-07,6.81,34.33,25.25,29.92,63.98,1.76,2019,9,9.079999999999998
2019-09-08,0.23,35.29,23.47,29.44,61.12,2.17,2019,9,11.82
2019-09-09,0.0,36.74,23.57,30.2,55.61,2.1,2019,9,13.170000000000002
2019-09-10,0.0,36.76,23.72,30.06,54.44,2.3,2019,9,13.04
2019-09-11,0.0,37.26,24.65,30.71,55.7,2.38,2019,9,12.61
2019-09-12,0.0,37.78,24.9,31.26,53.68,2.08,2019,9,12.880000000000003
2019-09-13,0.29,36.12,23.9,30.27,57.31,1.88,2019,9,12.219999999999999
2019-09-14,0.05,36.98,25.21,31.15,49.99,1.62,2019,9,11.769999999999996
2019-09-15,1.26,35.81,25.11,30.34,54.18,1.71,2019,9,10.700000000000003
2019-09-16,20.55,33.94,24.5,29.12,61.6,1.87,2019,9,9.439999999999998
2019-09-17,0.54,33.8,22.41,28.45,57.57,1.46,2019,9,11.389999999999997
2019-09-18,0.0,34.75,22.11,28.37,57.83,1.75,2019,9,12.64
2019-09-19,1.76,32.01,22.21,26.8,69.82,2.75,2019,9,9.799999999999997
2019-09-20,4.2,29.93,22.99,25.42,78.35,2.59,2019,9,6.940000000000001
2019-09-21,0.0,32.48,21.45,26.88,61.85,1.72,2019,9,11.029999999999998
2019-09-22,0.01,34.17,21.17,27.55,58.96,1.72,2019,9,13.0
2019-09-23,0.01,33.38,21.89,27.77,61.9,1.89,2019,9,11.490000000000002
2019-09-24,0.04,32.81,22.65,27.42,67.42,1.69,2019,9,10.160000000000004
2019-09-25,0.36,32.36,23.51,27.48,68.79,1.99,2019,9,8.849999999999998
2019-09-26,10.28,31.92,23.36,27.36,68.63,1.85,2019,9,8.560000000000002
2019-09-27,43.39,29.92,23.29,26.52,73.1,1.44,2019,9,6.630000000000003
2019-09-28,5.4,29.79,22.34,25.76,76.31,1.76,2019,9,7.449999999999999
2019-09-29,3.42,26.49,21.0,23.2,87.52,2.83,2019,9,5.489999999999998
2019-09-30,3.3,28.08,19.48,23.81,77.87,1.01,2019,9,8.599999999999998
2019-10-01,14.98,26.99,19.73,23.23,78.98,1.27,2019,10,7.259999999999998
2019-10-02,0.03,29.07,19.22,23.67,67.27,1.34,2019,10,9.850000000000001
2019-10-03,2.34,25.17,18.85,21.5,74.85,2.02,2019,10,6.32
2019-10-04,1.06,24.0,16.66,20.36,77.18,2.02,2019,10,7.34
2019-10-05,0.0,26.74,16.05,21.07,62.26,1.65,2019,10,10.689999999999998
2019-10-06,0.11,26.34,17.22,20.84,67.39,2.05,2019,10,9.120000000000001
2019-10-07,0.12,27.36,16.52,20.93,64.46,2.36,2019,10,10.84
2019-10-08,0.0,29.6,16.03,22.78,56.96,2.24,2019,10,13.57
2019-10-09,0.01,29.94,17.74,23.52,56.09,1.75,2019,10,12.200000000000003
2019-10-10,0.0,29.0,17.98,22.71,56.83,1.94,2019,10,11.02
2019-10-11,0.0,29.7,17.61,23.1,52.7,1.93,2019,10,12.09
2019-10-12,0.0,29.84,17.29,23.18,57.91,1.95,2019,10,12.55
2019-10-13,0.0,29.89,17.28,23.12,59.05,2.13,2019,10,12.61
2019-10-14,0.0,30.58,18.74,24.28,54.76,2.04,2019,10,11.84
2019-10-15,0.0,30.43,17.74,23.68,60.84,1.97,2019,10,12.690000000000001
2019-10-16,0.0,30.07,19.26,24.21,62.31,1.54,2019,10,10.809999999999999
2019-10-17,2.19,27.5,18.52,22.52,72.09,1.85,2019,10,8.98
2019-10-18,6.22,25.46,17.49,20.81,74.18,1.68,2019,10,7.970000000000002
2019-10-19,0.0,25.96,16.98,20.65,60.83,1.64,2019,10,8.98
2019-10-20,0.0,28.67,14.57,21.41,50.39,1.87,2019,10,14.100000000000001
2019-10-21,0.0,28.58,16.09,21.33,51.48,2.0,2019,10,12.489999999999998
2019-10-22,0.0,28.91,15.24,22.03,48.41,2.31,2019,10,13.67
2019-10-23,0.01,29.19,16.72,22.15,50.17,1.84,2019,10,12.470000000000002
2019-10-24,0.0,28.74,15.55,21.09,52.01,2.56,2019,10,13.189999999999998
2019-10-25,0.0,28.7,14.95,20.58,51.32,2.43,2019,10,13.75
2019-10-26,0.0,29.11,14.9,21.25,51.44,2.45,2019,10,14.209999999999999
2019-10-27,0.0,29.33,16.67,22.25,50.63,2.66,2019,10,12.659999999999997
2019-10-28,0.0,30.44,17.12,22.79,48.3,2.23,2019,10,13.32
2019-10-29,0.0,30.37,17.57,22.88,46.9,2.03,2019,10,12.8
2019-10-30,0.0,29.32,17.39,22.29,49.04,2.43,2019,10,11.93
2019-10-31,0.09,29.8,15.82,21.9,52.25,2.43,2019,10,13.98
2019-11-01,0.39,27.11,17.71,20.86,57.83,2.5,2019,11,9.399999999999999
2019-11-02,0.14,27.89,14.75,20.57,58.56,2.49,2019,11,13.14
2019-11-03,2.15,26.25,15.47,20.18,59.59,1.23,2019,11,10.78
2019-11-04,0.0,26.93,14.6,19.7,61.18,2.41,2019,11,12.33
2019-11-05,0.29,27.8,13.81,20.64,52.44,2.33,2019,11,13.99
2019-11-06,24.71,23.67,14.79,18.44,69.53,4.09,2019,11,8.880000000000003
2019-11-07,12.42,20.56,12.18,15.54,79.07,3.66,2019,11,8.379999999999999
2019-11-08,0.68,22.57,11.77,15.71,65.61,1.86,2019,11,10.8
2019-11-09,0.0,25.96,9.68,17.25,46.0,2.26,2019,11,16.28
2019-11-10,0.0,24.97,10.05,16.87,50.84,2.65,2019,11,14.919999999999998
2019-11-11,0.0,23.51,11.6,17.25,52.07,1.91,2019,11,11.910000000000002
2019-11-12,0.0,23.77,12.11,17.44,48.78,1.69,2019,11,11.66
2019-11-13,0.0,24.24,12.93,17.59,57.72,2.36,2019,11,11.309999999999999
2019-11-14,0.11,23.3,14.28,16.79,68.29,3.13,2019,11,9.020000000000001
2019-11-15,3.24,21.5,13.09,16.18,76.04,2.47,2019,11,8.41
2019-11-16,3.9,21.14,12.63,16.01,72.98,2.29,2019,11,8.51
2019-11-17,0.0,24.74,12.43,16.8,64.74,2.65,2019,11,12.309999999999999
2019-11-18,0.0,25.16,12.68,17.24,49.94,2.77,2019,11,12.48
2019-11-19,0.0,25.0,11.03,16.86,46.73,2.42,2019,11,13.97
2019-11-20,0.0,22.37,13.21,16.95,46.76,1.78,2019,11,9.16
2019-11-21,1.57,17.35,11.45,13.98,67.16,2.79,2019,11,5.900000000000002
2019-11-22,2.85,18.73,12.02,14.58,78.92,2.41,2019,11,6.710000000000001
2019-11-23,0.28,19.07,11.92,14.61,78.99,1.63,2019,11,7.15
2019-11-24,0.08,20.67,11.73,15.73,68.02,1.94,2019,11,8.940000000000001
2019-11-25,0.01,22.59,10.92,15.65,62.59,1.95,2019,11,11.67
2019-11-26,0.04,20.85,11.01,15.3,61.09,1.95,2019,11,9.840000000000002
2019-11-27,4.47,20.03,8.51,14.27,66.99,2.1,2019,11,11.520000000000001
2019-11-28,1.14,19.81,9.05,13.75,63.72,1.86,2019,11,10.759999999999998
2019-11-29,0.04,19.91,7.98,12.61,55.98,2.02,2019,11,11.93
2019-11-30,0.0,21.25,7.26,12.6,53.86,2.26,2019,11,13.99
2019-12-01,0.0,21.07,5.97,12.43,43.99,2.51,2019,12,15.100000000000001
2019-12-02,0.0,21.54,5.76,12.35,42.51,3.02,2019,12,15.78
2019-12-03,0.0,22.84,4.98,12.52,42.85,3.17,2019,12,17.86
2019-12-04,0.0,23.13,6.18,13.25,39.3,2.43,2019,12,16.95
2019-12-05,0.0,21.42,7.25,13.51,41.48,2.2,2019,12,14.170000000000002
2019-12-06,0.0,21.94,9.08,13.46,42.82,2.26,2019,12,12.860000000000001
2019-12-07,0.0,23.12,7.99,13.41,41.3,2.53,2019,12,15.13
2019-12-08,0.0,22.39,5.37,13.03,39.96,2.41,2019,12,17.02
2019-12-09,0.0,20.96,9.68,13.96,39.27,1.9,2019,12,11.280000000000001
2019-12-10,0.93,20.85,9.38,13.95,43.34,1.89,2019,12,11.47
2019-12-11,0.23,18.8,7.52,12.23,65.99,2.36,2019,12,11.280000000000001
2019-12-12,4.09,16.4,8.67,11.84,71.6,3.08,2019,12,7.729999999999999
2019-12-13,9.98,12.58,8.24,10.18,84.52,1.01,2019,12,4.34
2019-12-14,2.52,14.79,6.09,10.05,82.94,2.37,2019,12,8.7
2019-12-15,0.0,16.42,4.27,9.25,68.77,2.1,2019,12,12.150000000000002
2019-12-16,0.0,18.22,3.41,9.47,53.87,2.36,2019,12,14.809999999999999
2019-12-17,0.0,18.02,2.23,8.72,47.15,3.21,2019,12,15.79
2019-12-18,0.0,16.24,4.77,9.88,43.98,1.85,2019,12,11.469999999999999
2019-12-19,0.0,18.97,9.19,12.85,43.87,1.58,2019,12,9.78
2019-12-20,0.1,17.09,7.45,11.07,56.55,2.01,2019,12,9.64
2019-12-21,0.01,18.31,6.25,10.53,59.67,2.59,2019,12,12.059999999999999
2019-12-22,0.0,18.76,5.74,10.04,51.7,2.92,2019,12,13.020000000000001
2019-12-23,0.0,18.81,3.96,10.57,45.21,2.43,2019,12,14.849999999999998
2019-12-24,0.0,16.66,3.57,9.38,49.82,2.5,2019,12,13.09
2019-12-25,0.0,17.15,3.26,8.86,52.01,2.65,2019,12,13.889999999999999
2019-12-26,0.0,18.64,1.45,8.49,45.45,2.94,2019,12,17.19
2019-12-27,0.0,16.58,2.01,8.45,39.56,2.06,2019,12,14.569999999999999
2019-12-28,0.0,15.62,5.78,9.43,37.8,1.46,2019,12,9.84
2019-12-29,0.0,15.62,4.88,8.84,41.92,1.3,2019,12,10.739999999999998
2019-12-30,0.0,16.92,3.93,8.77,47.85,2.21,2019,12,12.990000000000002
2019-12-31,0.0,13.91,2.94,7.48,54.65,2.53,2019,12,10.97
2020-01-01,0.0,15.67,4.22,8.69,52.16,2.52,2020,1,11.45
2020-01-02,0.01,15.22,6.14,10.36,51.8,1.79,2020,1,9.080000000000002
2020-01-03,0.22,15.7,6.98,9.84,58.62,1.77,2020,1,8.719999999999999
2020-01-04,0.15,14.83,4.22,8.85,63.84,2.16,2020,1,10.61
2020-01-05,0.35,12.73,2.87,7.02,67.22,2.77,2020,1,9.86
2020-01-06,9.12,8.17,5.4,6.33,88.28,2.26,2020,1,2.7699999999999996
2020-01-07,3.0,10.66,5.27,7.43,85.89,1.06,2020,1,5.390000000000001
2020-01-08,2.53,11.12,2.84,7.09,79.87,1.76,2020,1,8.28
2020-01-09,0.0,15.9,1.27,6.77,54.61,3.09,2020,1,14.63
2020-01-10,0.0,17.31,-0.44,6.93,42.58,2.85,2020,1,17.75
2020-01-11,0.05,16.35,4.55,9.46,37.93,1.47,2020,1,11.8
2020-01-12,1.13,16.42,5.21,9.88,62.03,2.87,2020,1,11.21
2020-01-13,44.36,7.82,3.33,5.16,90.74,4.26,2020,1,4.49
2020-01-14,0.25,14.04,2.34,7.55,77.57,2.3,2020,1,11.7
2020-01-15,0.23,15.36,4.42,9.28,64.63,2.23,2020,1,10.94
2020-01-16,0.04,18.0,4.74,10.64,62.64,2.0,2020,1,13.26
2020-01-17,0.06,16.65,3.33,8.95,60.25,2.32,2020,1,13.319999999999999
2020-01-18,0.0,15.51,3.75,8.96,60.67,2.34,2020,1,11.76
2020-01-19,0.0,15.55,1.27,7.95,56.01,2.75,2020,1,14.280000000000001
2020-01-20,0.02,15.03,5.29,10.34,54.48,1.29,2020,1,9.739999999999998
2020-01-21,3.48,8.02,3.61,6.36,90.35,2.83,2020,1,4.41
2020-01-22,0.01,15.74,3.64,8.14,69.01,2.49,2020,1,12.1
2020-01-23,0.0,16.75,1.79,7.68,58.19,3.16,2020,1,14.96
2020-01-24,0.0,17.94,1.89,9.06,47.26,3.06,2020,1,16.05
2020-01-25,0.0,18.93,7.34,12.38,56.7,2.41,2020,1,11.59
2020-01-26,0.0,18.1,7.07,11.08,61.51,2.2,2020,1,11.030000000000001
2020-01-27,2.28,11.9,6.75,8.77,72.34,2.66,2020,1,5.15
2020-01-28,15.51,12.38,6.74,8.68,84.65,3.39,2020,1,5.640000000000001
2020-01-29,6.11,12.59,5.54,9.29,87.86,4.6,2020,1,7.05
2020-01-30,0.0,15.84,4.41,9.24,71.78,2.12,2020,1,11.43
2020-01-31,0.01,15.86,4.02,9.2,56.78,1.8,2020,1,11.84
2020-02-01,0.06,16.39,5.15,9.76,58.43,2.08,2020,2,11.24
2020-02-02,0.0,17.52,3.87,9.76,55.04,2.64,2020,2,13.649999999999999
2020-02-03,0.0,17.77,2.94,9.96,51.17,2.43,2020,2,14.83
2020-02-04,0.03,12.1,3.46,7.91,73.76,2.25,2020,2,8.64
2020-02-05,0.0,16.79,2.34,8.36,64.11,2.31,2020,2,14.45
2020-02-06,0.4,16.92,5.39,10.59,55.67,1.55,2020,2,11.530000000000001
2020-02-07,0.04,17.71,4.65,9.55,66.6,2.81,2020,2,13.06
2020-02-08,0.0,18.64,1.23,9.7,47.09,2.34,2020,2,17.41
2020-02-09,0.0,19.64,5.73,12.05,43.09,1.93,2020,2,13.91
2020-02-10,0.0,20.0,7.12,12.4,45.74,2.16,2020,2,12.879999999999999
2020-02-11,0.74,18.1,7.74,11.92,60.81,2.37,2020,2,10.360000000000001
2020-02-12,0.52,19.24,8.74,13.58,67.25,1.9,2020,2,10.499999999999998
2020-02-13,0.56,21.04,10.48,15.1,72.73,2.62,2020,2,10.559999999999999
2020-02-14,0.0,21.64,6.94,13.08,61.13,4.36,2020,2,14.7
2020-02-15,0.0,23.92,4.22,13.89,38.92,3.13,2020,2,19.700000000000003
2020-02-16,0.0,24.47,9.82,15.49,41.21,2.59,2020,2,14.649999999999999
2020-02-17,0.0,23.93,6.22,14.11,42.63,3.19,2020,2,17.71
2020-02-18,0.0,24.21,6.92,15.43,39.81,2.39,2020,2,17.29
2020-02-19,14.91,20.97,8.92,14.53,51.7,6.19,2020,2,12.049999999999999
2020-02-20,18.42,21.69,11.7,15.57,58.8,4.74,2020,2,9.990000000000002
2020-02-21,0.53,21.02,7.96,14.32,64.74,2.29,2020,2,13.059999999999999
2020-02-22,0.0,21.22,8.99,14.47,64.41,2.54,2020,2,12.229999999999999
2020-02-23,0.0,22.3,9.61,15.62,61.72,2.24,2020,2,12.690000000000001
2020-02-24,409.7,20.88,10.86,15.61,63.88,1.85,2020,2,10.02
2020-02-25,2.06,21.75,10.4,15.68,68.23,2.27,2020,2,11.35
2020-02-26,0.0,23.51,10.44,16.72,68.31,2.64,2020,2,13.070000000000002
2020-02-27,1.31,23.03,13.42,17.28,72.01,2.62,2020,2,9.610000000000001
2020-02-28,74.82,19.13,12.16,15.28,82.87,2.43,2020,2,6.969999999999999
2020-02-29,43.04,20.46,12.24,15.66,79.71,3.11,2020,2,8.22
2020-03-01,12.33,20.73,11.09,15.69,76.82,1.75,2020,3,9.64
2020-03-02,0.0,22.7,10.7,16.48,64.78,1.78,2020,3,12.0
2020-03-03,0.04,22.7,11.67,16.73,67.71,2.05,2020,3,11.03
2020-03-04,2.94,18.37,11.4,14.61,86.1,3.02,2020,3,6.970000000000001
2020-03-05,18.53,16.28,10.87,13.48,90.69,3.97,2020,3,5.410000000000002
2020-03-06,28.04,15.91,10.81,13.13,90.99,3.67,2020,3,5.1
2020-03-07,28.21,14.37,8.45,11.7,86.54,4.64,2020,3,5.92
2020-03-08,32.51,17.58,9.38,13.19,86.0,4.05,2020,3,8.199999999999998
2020-03-09,0.0,18.72,7.2,12.22,70.79,3.31,2020,3,11.52
2020-03-10,136.82,20.81,9.26,14.46,61.48,2.09,2020,3,11.549999999999999
2020-03-11,6.0,19.5,10.33,14.64,73.22,3.39,2020,3,9.17
2020-03-12,36.35,16.38,9.13,13.01,80.77,4.79,2020,3,7.249999999999998
2020-03-13,0.2,18.86,6.32,12.68,68.93,1.81,2020,3,12.54
2020-03-14,0.03,20.5,8.58,14.06,68.96,2.14,2020,3,11.92
2020-03-15,1.1,20.67,9.08,14.76,70.32,2.67,2020,3,11.590000000000002
2020-03-16,0.03,21.17,10.03,15.82,72.33,2.27,2020,3,11.140000000000002
2020-03-17,0.01,23.04,12.32,17.7,71.7,2.19,2020,3,10.719999999999999
2020-03-18,0.12,22.92,14.54,18.35,73.09,2.36,2020,3,8.380000000000003
2020-03-19,0.0,23.9,13.82,19.09,67.8,1.63,2020,3,10.079999999999998
2020-03-20,2.1,21.97,14.32,17.55,79.38,1.96,2020,3,7.649999999999999
2020-03-21,13.27,21.42,14.8,17.48,85.15,2.33,2020,3,6.620000000000001
2020-03-22,0.23,22.59,12.73,17.48,77.92,2.62,2020,3,9.86
2020-03-23,4.51,24.06,13.07,18.04,75.63,2.08,2020,3,10.989999999999998
2020-03-24,26.71,20.65,14.29,17.33,90.83,3.74,2020,3,6.359999999999999
2020-03-25,9.89,20.71,12.93,16.4,78.49,2.08,2020,3,7.780000000000001
2020-03-26,0.02,22.5,13.53,17.74,72.7,1.97,2020,3,8.97
2020-03-27,93.75,16.83,11.79,14.53,84.6,2.46,2020,3,5.039999999999999
2020-03-28,11.17,20.53,10.73,16.28,80.72,3.4,2020,3,9.8
2020-03-29,0.9,21.3,12.27,16.59,72.49,2.97,2020,3,9.030000000000001
2020-03-30,0.08,20.49,11.68,15.89,70.15,2.31,2020,3,8.809999999999999
2020-03-31,24.85,17.31,13.66,15.53,84.75,2.93,2020,3,3.6499999999999986
2020-04-01,6.14,21.84,12.52,17.69,78.19,1.72,2020,4,9.32
2020-04-02,2.7,22.05,12.64,17.83,67.63,2.02,2020,4,9.41
2020-04-03,0.0,22.59,10.45,17.07,69.87,3.35,2020,4,12.14
2020-04-04,0.0,24.85,13.95,19.8,64.15,2.11,2020,4,10.900000000000002
2020-04-05,1.94,20.44,15.01,17.67,81.36,2.39,2020,4,5.4300000000000015
2020-04-06,0.92,24.02,14.24,18.83,76.7,2.1,2020,4,9.78
2020-04-07,11.53,21.38,13.63,16.85,82.78,3.31,2020,4,7.749999999999998
2020-04-08,0.02,25.54,12.77,18.82,65.62,2.0,2020,4,12.77
2020-04-09,4.62,24.03,14.31,18.76,73.21,2.51,2020,4,9.72
2020-04-10,0.38,26.73,15.27,20.5,74.93,2.55,2020,4,11.46
2020-04-11,0.0,29.01,15.16,22.21,66.39,2.54,2020,4,13.850000000000001
2020-04-12,0.0,30.35,18.82,24.92,63.1,2.6,2020,4,11.530000000000001
2020-04-13,0.01,30.41,20.36,25.67,64.39,2.45,2020,4,10.05
2020-04-14,7.06,29.53,19.46,24.69,69.28,2.76,2020,4,10.07
2020-04-15,0.57,29.24,18.98,24.24,68.63,2.45,2020,4,10.259999999999998
2020-04-16,0.03,27.7,17.9,22.63,64.57,2.37,2020,4,9.8
2020-04-17,22.51,22.02,15.18,18.73,75.52,2.65,2020,4,6.84
2020-04-18,50.5,22.69,14.62,18.51,81.69,2.47,2020,4,8.070000000000002
2020-04-19,0.57,24.92,14.53,19.81,74.15,2.14,2020,4,10.390000000000002
2020-04-20,0.04,25.57,15.87,21.12,65.92,1.81,2020,4,9.700000000000001
2020-04-21,5.6,24.69,16.24,20.76,68.07,1.9,2020,4,8.450000000000003
2020-04-22,0.0,27.17,15.33,21.57,71.24,2.58,2020,4,11.840000000000002
2020-04-23,0.0,28.0,16.31,22.42,71.23,2.73,2020,4,11.690000000000001
2020-04-24,0.0,29.33,17.61,23.55,66.62,1.96,2020,4,11.719999999999999
2020-04-25,3.39,28.29,19.7,24.43,65.93,1.56,2020,4,8.59
2020-04-26,1.5,27.34,18.94,22.84,75.05,2.42,2020,4,8.399999999999999
2020-04-27,8.09,23.01,17.63,20.25,79.99,4.08,2020,4,5.380000000000003
2020-04-28,5.3,23.76,16.61,20.29,79.81,2.57,2020,4,7.150000000000002
2020-04-29,0.2,28.92,17.28,23.83,73.04,2.36,2020,4,11.64
2020-04-30,0.45,29.66,19.85,24.71,72.27,2.74,2020,4,9.809999999999999
2020-05-01,0.31,30.69,20.62,25.16,71.48,2.77,2020,5,10.07
2020-05-02,3.39,29.24,20.02,24.78,73.18,2.61,2020,5,9.219999999999999
2020-05-03,11.94,27.81,17.32,23.45,70.51,2.22,2020,5,10.489999999999998
2020-05-04,11.99,27.02,19.67,23.1,70.51,1.82,2020,5,7.349999999999998
2020-05-05,0.84,27.45,17.86,22.9,69.5,2.91,2020,5,9.59
2020-05-06,0.01,28.77,17.67,23.39,60.63,2.44,2020,5,11.099999999999998
2020-05-07,0.06,28.76,15.57,22.31,67.37,2.69,2020,5,13.190000000000001
2020-05-08,0.03,30.34,18.72,24.26,70.48,2.74,2020,5,11.620000000000001
2020-05-09,1.35,30.51,18.82,25.25,66.16,2.91,2020,5,11.690000000000001
2020-05-10,12.55,31.43,20.27,26.07,68.06,2.68,2020,5,11.16
2020-05-11,15.41,27.26,19.41,22.84,78.54,2.8,2020,5,7.850000000000001
2020-05-12,0.01,29.74,18.99,24.88,61.34,1.48,2020,5,10.75
2020-05-13,168.2,28.58,19.7,24.62,72.3,2.29,2020,5,8.879999999999999
2020-05-14,344.59,27.57,19.78,24.09,73.05,1.23,2020,5,7.789999999999999
2020-05-15,0.14,27.08,18.36,22.75,74.49,2.65,2020,5,8.719999999999999
2020-05-16,0.0,30.5,18.52,24.77,64.7,2.22,2020,5,11.98
2020-05-17,0.0,31.07,17.74,24.2,65.95,2.91,2020,5,13.330000000000002
2020-05-18,0.1,29.28,19.36,24.14,60.87,2.56,2020,5,9.920000000000002
2020-05-19,0.82,29.04,17.13,22.8,63.88,2.22,2020,5,11.91
2020-05-20,0.91,30.98,16.9,24.52,58.51,3.31,2020,5,14.080000000000002
2020-05-21,0.0,33.25,18.87,26.86,52.62,3.24,2020,5,14.379999999999999
2020-05-22,0.17,35.51,22.74,29.23,50.64,2.22,2020,5,12.77
2020-05-23,3.44,35.24,22.0,28.99,59.93,2.56,2020,5,13.240000000000002
2020-05-24,1.88,33.51,20.62,27.64,58.6,3.19,2020,5,12.889999999999997
2020-05-25,0.0,34.83,22.67,29.4,55.89,2.74,2020,5,12.159999999999997
2020-05-26,0.0,36.89,22.99,30.38,47.64,2.67,2020,5,13.900000000000002
2020-05-27,0.0,37.96,25.59,31.42,46.09,2.21,2020,5,12.370000000000001
2020-05-28,0.03,35.32,21.7,29.76,50.6,2.33,2020,5,13.620000000000001
2020-05-29,0.75,32.25,22.28,28.09,60.51,3.45,2020,5,9.969999999999999
2020-05-30,13.13,27.5,21.74,24.38,77.58,2.45,2020,5,5.760000000000002
2020-05-31,2.93,26.63,20.75,23.61,78.79,2.31,2020,5,5.879999999999999
2020-06-01,4.4,26.21,19.65,23.33,76.55,2.09,2020,6,6.560000000000002
2020-06-02,4.23,26.89,20.48,23.82,74.32,2.04,2020,6,6.41
2020-06-03,1.63,24.66,19.86,22.33,79.54,2.1,2020,6,4.800000000000001
2020-06-04,1.8,29.57,18.66,25.15,66.59,2.03,2020,6,10.91
2020-06-05,0.06,30.65,22.05,26.74,64.11,1.7,2020,6,8.599999999999998
2020-06-06,1.58,29.02,21.84,25.25,76.08,3.31,2020,6,7.18
2020-06-07,2.04,29.84,21.46,25.92,74.38,2.06,2020,6,8.379999999999999
2020-06-08,1.01,31.77,21.81,27.22,72.2,2.08,2020,6,9.96
2020-06-09,4.72,31.66,23.13,27.79,71.38,2.73,2020,6,8.530000000000001
2020-06-10,1.56,33.08,24.5,28.53,69.99,2.47,2020,6,8.579999999999998
2020-06-11,1.66,33.59,23.69,29.23,63.32,2.0,2020,6,9.900000000000002
2020-06-12,165.06,33.53,24.95,29.0,68.2,2.41,2020,6,8.580000000000002
2020-06-13,294.49,32.73,23.8,28.22,70.02,2.26,2020,6,8.929999999999996
2020-06-14,0.01,33.05,22.52,27.92,63.69,2.17,2020,6,10.529999999999998
2020-06-15,0.0,35.85,22.22,29.36,58.67,2.27,2020,6,13.630000000000003
2020-06-16,0.0,35.32,23.36,29.78,52.83,2.21,2020,6,11.96
2020-06-17,0.0,36.05,22.25,29.96,53.14,2.22,2020,6,13.799999999999997
2020-06-18,0.0,36.69,23.42,30.65,55.16,2.28,2020,6,13.269999999999996
2020-06-19,0.52,36.37,23.54,30.01,58.79,2.23,2020,6,12.829999999999998
2020-06-20,450.57,33.73,24.85,29.34,62.44,2.21,2020,6,8.879999999999995
2020-06-21,0.04,35.07,24.65,30.16,65.11,2.23,2020,6,10.420000000000002
2020-06-22,0.05,34.56,24.06,30.09,66.64,1.87,2020,6,10.500000000000004
2020-06-23,0.51,33.43,25.14,29.73,72.85,2.31,2020,6,8.29
2020-06-24,20.08,32.0,25.61,28.41,78.76,2.75,2020,6,6.390000000000001
2020-06-25,0.31,31.96,24.4,27.97,78.2,2.06,2020,6,7.560000000000002
2020-06-26,16.43,32.74,23.14,28.46,74.63,1.88,2020,6,9.600000000000001
2020-06-27,2.62,33.41,24.51,29.43,70.69,2.01,2020,6,8.899999999999995
2020-06-28,16.94,33.72,24.09,29.55,63.79,2.02,2020,6,9.629999999999999
2020-06-29,0.85,33.58,23.5,28.35,61.97,2.51,2020,6,10.079999999999998
2020-06-30,0.0,33.9,23.44,29.4,65.97,2.09,2020,6,10.459999999999997
2020-07-01,0.0,33.77,25.67,29.76,72.17,1.85,2020,7,8.100000000000001
2020-07-02,0.0,35.54,25.03,30.9,65.56,2.28,2020,7,10.509999999999998
2020-07-03,0.03,36.52,26.94,32.03,59.85,2.13,2020,7,9.580000000000002
2020-07-04,1.25,36.5,25.64,31.0,61.74,2.97,2020,7,10.86
2020-07-05,6.05,31.16,23.36,27.25,72.84,2.55,2020,7,7.800000000000001
2020-07-06,0.03,32.66,23.67,28.37,68.12,2.07,2020,7,8.989999999999995
2020-07-07,0.01,34.37,25.14,30.45,57.6,1.33,2020,7,9.229999999999997
2020-07-08,0.09,33.68,24.34,29.43,70.2,2.19,2020,7,9.34
2020-07-09,4.97,32.5,26.32,29.42,72.43,1.99,2020,7,6.18
2020-07-10,0.51,34.57,25.61,30.51,68.01,2.11,2020,7,8.96
2020-07-11,0.31,35.21,25.58,30.83,64.54,1.78,2020,7,9.630000000000003
2020-07-12,24.5,31.17,24.96,27.9,74.26,2.5,2020,7,6.210000000000001
2020-07-13,0.81,31.47,23.69,27.67,75.1,1.82,2020,7,7.779999999999998
2020-07-14,0.0,34.02,24.05,29.57,66.23,2.11,2020,7,9.970000000000002
2020-07-15,0.62,35.99,24.98,30.85,59.35,1.57,2020,7,11.010000000000002
2020-07-16,2.45,33.81,25.22,30.35,64.61,1.52,2020,7,8.590000000000003
2020-07-17,9.61,33.55,26.6,29.98,68.69,1.32,2020,7,6.949999999999996
2020-07-18,1.09,33.99,25.71,30.11,68.9,2.37,2020,7,8.280000000000001
2020-07-19,6.04,33.99,26.48,30.18,70.08,2.01,2020,7,7.510000000000002
2020-07-20,4.25,34.07,25.48,29.9,71.4,2.32,2020,7,8.59
2020-07-21,57.56,30.63,24.07,26.87,84.74,4.0,2020,7,6.559999999999999
2020-07-22,17.06,30.4,21.99,26.55,72.3,2.61,2020,7,8.41
2020-07-23,0.0,31.97,22.01,27.69,69.83,1.79,2020,7,9.959999999999997
2020-07-24,1.02,32.47,23.9,28.81,72.9,1.85,2020,7,8.57
2020-07-25,9.75,33.31,25.9,29.81,72.21,1.45,2020,7,7.410000000000004
2020-07-26,59.81,31.6,25.58,28.71,77.06,1.65,2020,7,6.020000000000003
2020-07-27,4.63,32.78,25.38,29.61,74.13,1.57,2020,7,7.400000000000002
2020-07-28,6.61,34.43,25.76,30.53,72.28,1.7,2020,7,8.669999999999998
2020-07-29,13.1,34.34,26.54,30.5,72.77,2.04,2020,7,7.800000000000004
2020-07-30,2.14,30.92,24.8,27.42,86.29,2.71,2020,7,6.120000000000001
2020-07-31,10.37,31.92,24.52,28.43,83.6,1.98,2020,7,7.400000000000002
2020-08-01,6.89,32.33,25.26,28.89,80.44,2.05,2020,8,7.069999999999997
2020-08-02,2.33,33.15,25.36,29.48,77.03,1.77,2020,8,7.789999999999999
2020-08-03,2.7,33.84,25.82,30.1,74.38,1.8,2020,8,8.020000000000003
2020-08-04,4.69,34.6,25.5,30.56,69.05,1.85,2020,8,9.100000000000001
2020-08-05,0.07,34.91,25.77,31.04,65.02,1.43,2020,8,9.139999999999997
2020-08-06,0.12,34.7,26.08,30.74,70.67,1.62,2020,8,8.620000000000005
2020-08-07,3.87,32.2,26.14,29.14,80.96,2.24,2020,8,6.060000000000002
2020-08-08,14.84,32.29,25.51,28.84,82.29,2.07,2020,8,6.779999999999998
2020-08-09,8.17,33.01,26.52,30.16,77.5,1.78,2020,8,6.489999999999998
2020-08-10,13.34,32.44,26.38,29.64,78.59,1.9,2020,8,6.059999999999999
2020-08-11,1.57,33.19,26.09,30.05,76.53,1.39,2020,8,7.099999999999998
2020-08-12,17.11,33.55,26.84,30.65,77.19,1.6,2020,8,6.709999999999997
2020-08-13,24.28,34.08,27.23,30.72,76.0,1.43,2020,8,6.849999999999998
2020-08-14,2.19,33.2,26.44,29.59,81.29,1.58,2020,8,6.760000000000002
2020-08-15,1.26,32.95,25.74,29.42,80.04,1.33,2020,8,7.210000000000004
2020-08-16,1.48,32.92,26.62,29.77,78.43,1.64,2020,8,6.300000000000001
2020-08-17,11.95,33.61,26.88,30.21,77.82,1.55,2020,8,6.73
2020-08-18,10.15,33.15,25.91,29.22,82.65,1.98,2020,8,7.239999999999998
2020-08-19,32.21,31.89,26.41,28.64,85.85,2.89,2020,8,5.48
2020-08-20,19.31,29.59,24.51,26.9,88.08,2.29,2020,8,5.079999999999998
2020-08-21,3.87,29.77,22.86,26.03,84.68,2.29,2020,8,6.91
2020-08-22,0.22,32.2,22.53,28.11,71.98,1.15,2020,8,9.670000000000002
2020-08-23,0.0,32.66,24.26,28.69,73.43,1.31,2020,8,8.399999999999995
2020-08-24,0.23,32.34,23.79,28.03,81.92,2.22,2020,8,8.550000000000004
2020-08-25,25.03,30.65,24.31,27.16,87.89,2.69,2020,8,6.34
2020-08-26,55.35,29.55,24.47,26.84,87.22,1.78,2020,8,5.080000000000002
2020-08-27,46.13,28.39,24.11,26.28,90.31,1.6,2020,8,4.280000000000001
2020-08-28,17.59,28.77,23.09,25.66,89.34,3.18,2020,8,5.68
2020-08-29,1.19,30.5,22.54,26.72,80.69,1.57,2020,8,7.960000000000001
2020-08-30,0.16,31.45,22.65,27.28,73.9,1.42,2020,8,8.8
2020-08-31,56.24,28.61,22.97,25.79,87.48,2.63,2020,8,5.640000000000001
2020-09-01,41.22,27.9,23.99,25.98,89.79,3.54,2020,9,3.91
2020-09-02,6.66,30.22,23.98,27.27,83.6,2.17,2020,9,6.239999999999998
2020-09-03,12.71,29.86,24.26,26.9,84.64,2.31,2020,9,5.599999999999998
2020-09-04,19.42,30.17,23.71,26.82,83.9,1.39,2020,9,6.460000000000001
2020-09-05,5.96,29.94,23.22,26.74,82.98,1.59,2020,9,6.720000000000002
2020-09-06,1.89,30.31,23.32,27.23,78.18,1.76,2020,9,6.989999999999998
2020-09-07,6.64,29.93,23.16,26.62,80.39,1.62,2020,9,6.77
2020-09-08,0.0,30.57,22.29,26.23,80.28,2.11,2020,9,8.280000000000001
2020-09-09,0.0,31.14,22.22,26.77,76.18,1.8,2020,9,8.920000000000002
2020-09-10,0.0,31.19,22.34,26.96,73.13,1.5,2020,9,8.850000000000001
2020-09-11,0.0,31.76,21.43,27.32,69.34,1.62,2020,9,10.330000000000002
2020-09-12,0.0,32.26,23.58,28.07,69.29,1.63,2020,9,8.68
2020-09-13,0.0,31.97,22.72,27.75,71.62,1.65,2020,9,9.25
2020-09-14,0.0,31.68,23.22,27.53,73.82,1.73,2020,9,8.46
2020-09-15,0.01,31.73,23.51,27.41,75.33,2.47,2020,9,8.219999999999999
2020-09-16,0.0,32.0,22.31,27.42,72.33,1.91,2020,9,9.690000000000001
2020-09-17,0.0,33.45,23.61,28.24,63.52,2.04,2020,9,9.840000000000003
2020-09-18,0.0,33.95,23.55,29.09,56.11,1.62,2020,9,10.400000000000002
2020-09-19,0.0,33.69,23.49,28.05,55.72,1.88,2020,9,10.2
2020-09-20,0.0,31.47,20.75,25.8,64.91,2.46,2020,9,10.719999999999999
2020-09-21,0.0,32.07,20.38,26.27,62.41,2.01,2020,9,11.690000000000001
2020-09-22,0.0,32.53,21.51,26.69,63.41,1.99,2020,9,11.02
2020-09-23,0.0,31.36,21.19,26.38,63.59,2.29,2020,9,10.169999999999998
2020-09-24,0.0,31.46,21.09,25.94,69.16,2.35,2020,9,10.370000000000001
2020-09-25,0.01,31.04,21.67,26.58,64.87,1.69,2020,9,9.369999999999997
2020-09-26,2.18,29.03,20.41,24.27,73.93,2.73,2020,9,8.620000000000001
2020-09-27,0.0,29.73,19.63,24.54,62.35,1.92,2020,9,10.100000000000001
2020-09-28,0.0,30.01,19.55,25.19,60.08,1.73,2020,9,10.46
2020-09-29,0.0,30.56,21.13,25.57,58.58,1.58,2020,9,9.43
2020-09-30,0.0,29.76,19.58,24.5,63.05,1.94,2020,9,10.180000000000003
2020-10-01,0.0,29.69,19.49,24.01,62.92,2.48,2020,10,10.200000000000003
2020-10-02,0.0,30.41,18.32,24.01,57.54,2.27,2020,10,12.09
2020-10-03,0.0,29.84,18.53,23.56,53.64,2.54,2020,10,11.309999999999999
2020-10-04,0.0,30.77,17.24,23.52,50.4,2.14,2020,10,13.530000000000001
2020-10-05,0.0,30.74,17.93,23.54,50.8,2.51,2020,10,12.809999999999999
2020-10-06,0.0,30.77,16.93,23.46,47.99,2.07,2020,10,13.84
2020-10-07,0.0,30.01,16.73,23.04,51.78,2.24,2020,10,13.280000000000001
2020-10-08,0.0,29.77,17.01,23.17,53.49,2.09,2020,10,12.759999999999998
2020-10-09,0.0,30.02,18.44,24.14,51.64,1.68,2020,10,11.579999999999998
2020-10-10,0.0,30.46,19.78,24.4,52.68,1.94,2020,10,10.68
2020-10-11,0.0,30.86,17.15,23.8,50.5,2.03,2020,10,13.71
2020-10-12,0.0,31.12,17.84,24.13,49.23,1.83,2020,10,13.280000000000001
2020-10-13,0.0,29.2,17.81,22.64,56.51,2.13,2020,10,11.39
2020-10-14,0.0,28.76,16.94,22.1,54.53,2.57,2020,10,11.82
2020-10-15,0.0,29.66,17.73,22.59,47.32,2.14,2020,10,11.93
2020-10-16,0.0,28.97,16.28,22.08,49.42,2.22,2020,10,12.689999999999998
2020-10-17,0.0,29.29,17.81,23.23,45.71,1.61,2020,10,11.48
2020-10-18,0.0,28.86,18.27,22.61,47.69,2.28,2020,10,10.59
2020-10-19,0.0,28.74,16.22,22.27,44.48,1.77,2020,10,12.52
2020-10-20,0.0,27.81,14.59,21.21,50.56,2.02,2020,10,13.219999999999999
2020-10-21,0.0,26.76,14.68,20.41,56.81,2.24,2020,10,12.080000000000002
2020-10-22,0.0,27.03,15.48,20.44,54.72,2.29,2020,10,11.55
2020-10-23,0.0,27.14,15.21,20.74,51.92,2.08,2020,10,11.93
2020-10-24,0.0,27.02,16.15,21.2,49.4,1.78,2020,10,10.870000000000001
2020-10-25,7.94,25.69,13.74,18.97,60.64,2.48,2020,10,11.950000000000001
2020-10-26,0.07,25.63,11.94,17.63,58.06,3.25,2020,10,13.69
2020-10-27,0.0,26.14,13.16,18.81,45.39,2.23,2020,10,12.98
2020-10-28,0.0,25.45,12.18,18.62,50.95,2.33,2020,10,13.27
2020-10-29,0.0,25.39,12.99,18.58,54.16,2.56,2020,10,12.4
2020-10-30,0.0,26.38,12.51,18.66,50.83,2.62,2020,10,13.87
2020-10-31,0.0,26.12,12.09,17.95,47.9,2.58,2020,10,14.030000000000001
2020-11-01,0.01,26.54,13.9,18.71,44.15,2.57,2020,11,12.639999999999999
2020-11-02,0.51,27.49,14.37,20.08,43.89,1.83,2020,11,13.12
2020-11-03,0.0,26.46,13.11,19.14,48.47,2.19,2020,11,13.350000000000001
2020-11-04,0.0,25.97,11.6,18.23,51.16,2.46,2020,11,14.37
2020-11-05,0.0,26.14,11.21,18.18,48.15,2.42,2020,11,14.93
2020-11-06,0.0,25.68,11.48,17.56,49.92,2.88,2020,11,14.2
2020-11-07,0.0,25.9,10.95,17.86,45.14,2.73,2020,11,14.95
2020-11-08,0.0,25.68,11.76,18.41,43.34,2.07,2020,11,13.92
2020-11-09,0.0,25.06,13.01,18.13,47.76,1.88,2020,11,12.049999999999999
2020-11-10,0.0,24.18,14.42,18.48,50.0,1.58,2020,11,9.76
2020-11-11,0.0,23.8,14.28,17.69,49.8,2.0,2020,11,9.520000000000001
2020-11-12,0.0,24.87,11.5,17.37,49.16,2.24,2020,11,13.370000000000001
2020-11-13,0.01,24.65,13.33,17.82,52.34,2.42,2020,11,11.319999999999999
2020-11-14,2.71,19.56,13.58,16.11,65.26,2.59,2020,11,5.979999999999999
2020-11-15,65.11,15.62,9.93,12.63,85.78,3.61,2020,11,5.6899999999999995
2020-11-16,2.84,18.1,8.28,12.59,77.01,1.84,2020,11,9.820000000000002
2020-11-17,0.03,19.59,7.13,11.87,64.34,2.69,2020,11,12.46
2020-11-18,0.0,19.6,8.91,13.1,53.85,1.87,2020,11,10.690000000000001
2020-11-19,1.23,17.75,8.21,12.41,63.81,2.15,2020,11,9.54
2020-11-20,0.08,18.07,6.33,10.66,63.09,3.65,2020,11,11.74
2020-11-21,0.0,18.02,5.95,10.26,50.68,3.41,2020,11,12.07
2020-11-22,0.04,17.66,7.76,12.02,48.2,1.98,2020,11,9.9
2020-11-23,3.48,13.92,8.23,10.68,84.87,2.87,2020,11,5.6899999999999995
2020-11-24,1.3,16.98,8.25,11.27,82.25,2.32,2020,11,8.73
2020-11-25,21.03,13.0,8.28,10.01,86.38,2.82,2020,11,4.720000000000001
2020-11-26,0.62,16.97,5.61,9.96,80.07,3.3,2020,11,11.36
2020-11-27,0.0,20.15,4.45,10.56,57.62,3.36,2020,11,15.7
2020-11-28,0.0,22.39,8.12,13.38,55.11,3.19,2020,11,14.270000000000001
2020-11-29,0.0,23.09,11.06,15.29,49.46,2.27,2020,11,12.03
2020-11-30,0.0,21.71,8.56,14.45,56.23,2.51,2020,11,13.15
2020-12-01,0.0,22.3,11.51,16.08,51.96,2.17,2020,12,10.790000000000001
2020-12-02,0.15,22.47,10.74,15.1,58.63,3.03,2020,12,11.729999999999999
2020-12-03,0.0,23.78,10.42,16.04,50.94,2.47,2020,12,13.360000000000001
2020-12-04,0.02,22.24,12.17,16.21,52.31,1.94,2020,12,10.069999999999999
2020-12-05,0.02,21.08,11.53,15.25,62.59,2.71,2020,12,9.549999999999999
2020-12-06,0.0,21.89,12.16,15.52,62.83,2.08,2020,12,9.73
2020-12-07,1.71,21.96,12.06,16.19,57.86,1.99,2020,12,9.9
2020-12-08,15.84,17.03,10.27,12.98,81.0,2.85,2020,12,6.760000000000002
2020-12-09,0.62,20.87,11.52,14.77,66.25,1.9,2020,12,9.350000000000001
2020-12-10,0.02,19.38,8.25,12.47,76.22,2.09,2020,12,11.129999999999999
2020-12-11,7.66,18.06,6.53,11.87,72.75,2.28,2020,12,11.529999999999998
2020-12-12,13.95,13.48,4.56,9.11,85.94,2.44,2020,12,8.920000000000002
2020-12-13,73.28,15.56,7.35,10.53,80.03,1.45,2020,12,8.21
2020-12-14,11.06,14.99,5.86,10.03,74.0,1.42,2020,12,9.129999999999999
2020-12-15,0.0,14.43,4.13,8.21,66.24,1.87,2020,12,10.3
2020-12-16,0.0,13.87,2.74,7.37,61.69,2.26,2020,12,11.129999999999999
2020-12-17,0.0,14.5,-0.13,5.74,59.2,3.35,2020,12,14.63
2020-12-18,0.0,15.58,0.5,6.35,54.92,3.52,2020,12,15.08
2020-12-19,0.0,18.07,1.11,8.13,49.94,3.12,2020,12,16.96
2020-12-20,0.0,19.2,5.36,10.72,52.39,2.53,2020,12,13.84
2020-12-21,0.0,20.01,7.81,12.51,64.36,2.59,2020,12,12.200000000000003
2020-12-22,0.0,19.24,8.55,12.23,63.54,2.35,2020,12,10.689999999999998
2020-12-23,0.0,18.61,7.89,11.59,57.16,2.05,2020,12,10.719999999999999
2020-12-24,0.0,18.7,6.91,11.19,54.08,2.1,2020,12,11.79
2020-12-25,0.0,17.5,4.73,10.07,56.47,2.41,2020,12,12.77
2020-12-26,0.0,17.95,5.7,10.9,52.94,2.36,2020,12,12.25
2020-12-27,2.63,13.31,4.75,7.89,74.3,2.68,2020,12,8.56
2020-12-28,0.25,11.57,2.97,7.15,83.01,2.26,2020,12,8.6
2020-12-29,0.0,14.37,3.78,7.62,73.23,3.09,2020,12,10.59
2020-12-30,0.03,16.38,1.14,7.47,55.5,2.89,2020,12,15.239999999999998
2020-12-31,0.0,18.08,0.79,7.83,52.5,3.34,2020,12,17.29
2021-01-01,0.0,18.48,2.63,9.56,47.4,2.49,2021,1,15.850000000000001
2021-01-02,0.0,18.45,5.36,10.32,49.17,2.11,2021,1,13.09
2021-01-03,1.02,16.36,5.1,10.38,62.71,2.44,2021,1,11.26
2021-01-04,5.97,17.46,9.23,12.8,87.64,2.7,2021,1,8.23
2021-01-05,48.03,14.2,11.11,12.4,94.06,3.22,2021,1,3.09
2021-01-06,4.32,15.89,8.03,11.81,83.47,2.45,2021,1,7.860000000000001
2021-01-07,0.03,16.69,7.7,11.87,67.8,1.45,2021,1,8.990000000000002
2021-01-08,0.21,15.74,6.95,10.81,75.43,1.54,2021,1,8.79
2021-01-09,0.0,16.77,5.34,9.84,65.18,2.33,2021,1,11.43
2021-01-10,0.11,17.58,6.41,10.38,58.41,2.38,2021,1,11.169999999999998
2021-01-11,0.0,18.69,4.13,9.89,58.89,3.04,2021,1,14.560000000000002
2021-01-12,0.0,19.17,2.1,8.8,56.05,3.49,2021,1,17.07
2021-01-13,0.0,18.52,2.08,8.8,55.09,3.42,2021,1,16.439999999999998
2021-01-14,0.0,19.62,2.64,10.07,55.0,2.81,2021,1,16.98
2021-01-15,0.0,18.83,7.63,11.76,46.76,1.82,2021,1,11.2
2021-01-16,0.0,18.87,4.18,10.66,54.82,3.0,2021,1,14.690000000000001
2021-01-17,0.0,17.83,4.93,10.4,59.74,2.97,2021,1,12.899999999999999
2021-01-18,0.0,16.71,7.19,10.51,60.18,1.97,2021,1,9.52
2021-01-19,0.0,19.13,7.15,11.26,56.41,2.53,2021,1,11.979999999999999
2021-01-20,0.0,19.71,5.95,10.94,58.26,3.68,2021,1,13.760000000000002
2021-01-21,0.0,20.92,3.07,11.27,51.21,3.22,2021,1,17.85
2021-01-22,0.46,16.17,7.34,11.11,59.81,3.53,2021,1,8.830000000000002
2021-01-23,4.62,15.89,7.19,10.75,69.03,3.32,2021,1,8.7
2021-01-24,0.0,17.48,3.25,9.25,59.57,2.39,2021,1,14.23
2021-01-25,0.0,18.36,2.94,9.94,50.51,2.44,2021,1,15.42
2021-01-26,0.0,18.02,6.09,10.78,51.18,1.99,2021,1,11.93
2021-01-27,0.0,17.95,3.6,9.62,55.25,2.71,2021,1,14.35
2021-01-28,0.0,18.51,5.39,11.19,43.9,1.97,2021,1,13.120000000000001
2021-01-29,0.0,17.51,5.15,10.1,52.05,2.63,2021,1,12.360000000000001
2021-01-30,0.0,18.45,3.22,9.43,54.3,3.21,2021,1,15.229999999999999
2021-01-31,0.01,19.06,6.8,12.09,47.98,2.1,2021,1,12.259999999999998
2021-02-01,0.0,19.42,6.59,11.83,64.44,2.75,2021,2,12.830000000000002
2021-02-02,0.0,19.13,7.6,11.75,60.21,2.43,2021,2,11.53
2021-02-03,0.36,19.17,7.51,12.72,63.39,2.58,2021,2,11.660000000000002
2021-02-04,0.15,17.25,7.2,11.5,63.81,2.33,2021,2,10.05
2021-02-05,0.0,17.07,5.75,10.44,68.48,2.22,2021,2,11.32
2021-02-06,0.0,17.73,4.96,10.43,63.48,2.79,2021,2,12.77
2021-02-07,0.0,19.6,5.82,12.46,53.9,2.55,2021,2,13.780000000000001
2021-02-08,414.3,20.39,10.54,14.19,56.11,1.86,2021,2,9.850000000000001
2021-02-09,0.0,20.92,10.77,15.76,56.79,1.34,2021,2,10.150000000000002
2021-02-10,0.0,22.37,10.74,14.87,65.45,2.64,2021,2,11.63
2021-02-11,0.0,22.82,11.55,15.95,55.74,1.92,2021,2,11.27
2021-02-12,0.0,23.38,9.87,15.75,53.6,2.27,2021,2,13.51
2021-02-13,0.0,23.38,11.99,16.47,53.25,1.91,2021,2,11.389999999999999
2021-02-14,0.0,22.3,11.03,15.76,57.72,2.22,2021,2,11.270000000000001
2021-02-15,0.0,21.97,11.56,16.21,57.81,1.78,2021,2,10.409999999999998
2021-02-16,0.0,23.29,10.45,15.93,59.12,2.47,2021,2,12.84
2021-02-17,0.0,22.62,10.29,15.35,54.86,2.31,2021,2,12.330000000000002
2021-02-18,0.0,22.3,9.67,15.09,58.64,2.18,2021,2,12.63
2021-02-19,0.0,22.65,10.16,16.18,56.46,2.17,2021,2,12.489999999999998
2021-02-20,0.0,22.18,12.77,16.69,58.36,1.7,2021,2,9.41
2021-02-21,0.0,23.59,12.28,16.37,61.54,2.49,2021,2,11.31
2021-02-22,0.27,23.01,14.17,17.8,57.53,2.16,2021,2,8.840000000000002
2021-02-23,0.55,23.06,12.38,17.69,57.47,2.2,2021,2,10.679999999999998
2021-02-24,0.06,24.22,12.52,18.28,55.46,2.12,2021,2,11.7
2021-02-25,0.63,24.14,12.22,18.39,61.55,2.43,2021,2,11.92
2021-02-26,25.44,23.17,13.33,17.71,70.27,3.16,2021,2,9.840000000000002
2021-02-27,0.33,21.85,10.94,16.83,62.01,2.2,2021,2,10.910000000000002
2021-02-28,0.01,22.89,10.71,15.79,60.01,2.45,2021,2,12.18
2021-03-01,0.0,23.33,10.48,15.46,57.47,2.95,2021,3,12.849999999999998
2021-03-02,0.0,23.67,9.12,16.0,52.28,3.21,2021,3,14.550000000000002
2021-03-03,0.0,25.39,11.38,17.91,47.99,2.34,2021,3,14.01
2021-03-04,0.0,25.52,11.95,17.7,56.12,2.65,2021,3,13.57
2021-03-05,0.0,25.07,11.39,17.01,57.99,3.75,2021,3,13.68
2021-03-06,0.17,20.58,11.3,15.08,59.9,3.72,2021,3,9.279999999999998
2021-03-07,0.31,22.64,11.68,17.09,70.38,3.08,2021,3,10.96
2021-03-08,2.09,25.51,13.3,18.05,66.97,2.83,2021,3,12.21
2021-03-09,0.01,26.23,12.19,18.82,54.81,2.08,2021,3,14.040000000000001
2021-03-10,0.09,25.33,13.03,18.15,61.6,3.12,2021,3,12.299999999999999
2021-03-11,13.83,23.39,13.83,17.8,66.52,2.83,2021,3,9.56
2021-03-12,10.94,23.19,13.07,16.11,72.07,5.05,2021,3,10.120000000000001
2021-03-13,1.35,24.97,11.53,17.54,64.02,2.68,2021,3,13.44
2021-03-14,2.66,22.46,13.1,17.43,70.21,2.39,2021,3,9.360000000000001
2021-03-15,0.15,24.97,12.35,17.93,69.62,2.83,2021,3,12.62
2021-03-16,0.0,25.45,13.58,18.95,66.52,2.78,2021,3,11.87
2021-03-17,0.0,25.65,13.54,19.1,64.86,2.94,2021,3,12.11
2021-03-18,0.0,27.28,12.78,19.41,62.71,3.04,2021,3,14.500000000000002
2021-03-19,0.0,27.17,13.83,19.89,59.51,3.4,2021,3,13.340000000000002
2021-03-20,0.0,27.58,15.66,20.66,54.57,2.46,2021,3,11.919999999999998
2021-03-21,25.88,18.99,13.66,16.59,80.13,4.04,2021,3,5.329999999999998
2021-03-22,17.81,20.82,12.06,15.67,83.55,3.13,2021,3,8.76
2021-03-23,30.71,17.89,13.61,15.35,89.22,5.02,2021,3,4.280000000000001
2021-03-24,0.9,21.75,11.63,16.13,76.68,1.85,2021,3,10.12
2021-03-25,0.0,24.34,11.27,17.5,62.78,2.94,2021,3,13.07
2021-03-26,0.0,25.94,12.82,19.53,60.52,3.03,2021,3,13.120000000000001
2021-03-27,0.0,28.09,15.19,21.08,64.39,3.8,2021,3,12.9
2021-03-28,4.53,28.63,14.56,21.28,62.46,3.52,2021,3,14.069999999999999
2021-03-29,0.53,27.06,15.26,20.26,63.57,3.73,2021,3,11.799999999999999
2021-03-30,3.87,26.63,11.55,18.58,55.92,4.25,2021,3,15.079999999999998
2021-03-31,0.0,24.89,7.4,15.79,54.43,5.03,2021,3,17.490000000000002
2021-04-01,0.0,24.2,7.87,15.47,49.68,6.65,2021,4,16.33
2021-04-02,0.0,24.57,4.78,14.75,50.18,4.8,2021,4,19.79
2021-04-03,0.0,26.97,9.11,18.1,41.01,3.0,2021,4,17.86
2021-04-04,0.37,23.89,13.81,18.15,58.18,3.42,2021,4,10.08
2021-04-05,0.41,25.64,13.13,18.77,64.16,1.93,2021,4,12.51
2021-04-06,10.3,25.63,14.78,18.99,76.29,2.69,2021,4,10.85
2021-04-07,4.09,24.91,12.64,18.44,68.91,2.29,2021,4,12.27
2021-04-08,0.0,25.31,11.3,18.14,52.41,2.94,2021,4,14.009999999999998
2021-04-09,0.0,27.35,12.33,19.65,48.59,3.14,2021,4,15.020000000000001
2021-04-10,0.0,28.37,14.6,21.11,51.25,3.03,2021,4,13.770000000000001
2021-04-11,0.92,28.2,16.12,21.72,58.79,3.28,2021,4,12.079999999999998
2021-04-12,0.6,29.06,16.25,22.53,56.39,3.03,2021,4,12.809999999999999
2021-04-13,0.02,29.71,17.24,22.62,54.82,3.14,2021,4,12.470000000000002
2021-04-14,0.23,31.61,17.69,23.77,58.61,3.13,2021,4,13.919999999999998
2021-04-15,5.42,29.76,17.89,22.98,60.34,2.58,2021,4,11.870000000000001
2021-04-16,2.32,24.02,16.05,19.21,70.18,2.42,2021,4,7.969999999999999
2021-04-17,10.48,21.28,14.24,17.46,76.93,2.42,2021,4,7.040000000000001
2021-04-18,6.25,25.32,13.72,19.48,70.61,2.38,2021,4,11.6
2021-04-19,0.0,26.97,13.11,19.69,60.83,3.34,2021,4,13.86
2021-04-20,0.01,30.29,14.26,21.84,52.04,2.57,2021,4,16.03
2021-04-21,1.15,26.22,13.25,20.26,62.17,2.13,2021,4,12.969999999999999
2021-04-22,8.66,28.46,13.99,20.99,60.28,3.44,2021,4,14.47
2021-04-23,2.77,25.79,14.24,19.9,60.77,2.53,2021,4,11.549999999999999
2021-04-24,0.0,28.68,13.53,20.67,51.86,3.31,2021,4,15.15
2021-04-25,0.0,32.3,14.7,23.7,40.79,3.15,2021,4,17.599999999999998
2021-04-26,0.0,33.55,17.2,25.37,43.53,3.0,2021,4,16.349999999999998
2021-04-27,0.01,35.48,20.45,27.41,43.68,2.78,2021,4,15.029999999999998
2021-04-28,0.0,35.3,19.89,27.09,47.7,3.22,2021,4,15.409999999999997
2021-04-29,0.0,36.67,19.79,27.95,44.56,2.54,2021,4,16.880000000000003
2021-04-30,0.93,35.36,20.44,27.52,49.22,2.98,2021,4,14.919999999999998
2021-05-01,0.07,35.65,21.44,28.72,46.02,2.31,2021,5,14.209999999999997
2021-05-02,0.73,36.19,22.11,28.84,44.37,2.4,2021,5,14.079999999999998
2021-05-03,0.01,35.96,21.64,28.74,46.98,2.53,2021,5,14.32
2021-05-04,0.97,35.71,21.67,28.23,48.41,2.99,2021,5,14.04
2021-05-05,3.84,31.14,20.34,24.53,60.5,3.3,2021,5,10.8
2021-05-06,0.19,32.62,19.36,25.73,55.38,2.29,2021,5,13.259999999999998
2021-05-07,0.25,32.77,20.04,26.1,52.35,2.36,2021,5,12.730000000000004
2021-05-08,0.34,33.81,19.47,26.58,50.5,2.49,2021,5,14.340000000000003
2021-05-09,3.43,34.41,19.92,26.96,51.58,2.87,2021,5,14.489999999999995
2021-05-10,0.56,35.63,20.68,29.13,46.21,1.9,2021,5,14.950000000000003
2021-05-11,15.68,32.05,21.93,26.81,55.97,2.2,2021,5,10.119999999999997
2021-05-12,5.14,33.18,20.9,27.12,50.94,2.41,2021,5,12.280000000000001
2021-05-13,0.54,31.72,20.94,26.1,52.0,2.41,2021,5,10.779999999999998
2021-05-14,3.05,30.56,19.63,25.34,55.81,2.25,2021,5,10.93
2021-05-15,1.22,32.76,19.21,25.83,50.22,2.56,2021,5,13.549999999999997
2021-05-16,0.07,34.06,20.93,26.48,48.84,3.61,2021,5,13.130000000000003
2021-05-17,0.13,35.39,19.71,27.3,43.27,3.36,2021,5,15.68
2021-05-18,0.04,37.15,19.88,28.95,40.37,2.83,2021,5,17.27
2021-05-19,2.12,35.44,20.55,27.93,44.6,2.7,2021,5,14.889999999999997
2021-05-20,0.02,35.51,20.18,28.46,40.31,2.83,2021,5,15.329999999999998
2021-05-21,1.59,35.31,19.83,27.75,41.08,2.48,2021,5,15.480000000000004
2021-05-22,0.08,35.65,20.42,28.21,40.42,2.4,2021,5,15.229999999999997
2021-05-23,3.73,33.22,21.14,26.74,42.32,2.1,2021,5,12.079999999999998
2021-05-24,1.6,33.84,18.82,26.22,43.06,3.5,2021,5,15.020000000000003
2021-05-25,0.0,36.09,18.8,27.62,36.7,3.6,2021,5,17.290000000000003
2021-05-26,0.0,37.61,21.24,29.35,33.35,2.76,2021,5,16.37
2021-05-27,0.0,39.33,21.57,30.19,32.53,3.6,2021,5,17.759999999999998
2021-05-28,0.0,41.06,22.08,31.66,32.62,3.03,2021,5,18.980000000000004
2021-05-29,0.04,42.12,25.56,33.63,32.11,3.0,2021,5,16.56
2021-05-30,0.45,40.52,24.4,32.14,36.75,3.21,2021,5,16.120000000000005
2021-05-31,0.22,39.45,24.16,31.68,32.56,3.02,2021,5,15.290000000000003
2021-06-01,2.83,37.26,23.8,30.4,35.86,3.33,2021,6,13.459999999999997
2021-06-02,24.54,35.72,22.82,29.94,43.5,2.0,2021,6,12.899999999999999
2021-06-03,24.43,35.09,24.62,29.35,52.92,1.53,2021,6,10.470000000000002
2021-06-04,3.86,35.25,23.11,29.9,50.41,1.39,2021,6,12.14
2021-06-05,0.0,36.05,25.6,31.26,48.56,1.24,2021,6,10.449999999999996
2021-06-06,2.07,36.12,24.95,31.03,56.44,1.91,2021,6,11.169999999999998
2021-06-07,0.0,39.68,27.4,33.48,48.44,2.29,2021,6,12.280000000000001
2021-06-08,0.0,41.6,25.29,33.98,42.37,2.47,2021,6,16.310000000000002
2021-06-09,0.0,43.46,27.58,35.7,37.36,2.45,2021,6,15.880000000000003
2021-06-10,0.0,42.51,28.08,35.37,33.75,2.16,2021,6,14.43
2021-06-11,0.01,41.71,27.41,34.99,40.17,2.27,2021,6,14.3
2021-06-12,7.74,39.37,28.71,33.69,48.64,2.07,2021,6,10.659999999999997
2021-06-13,18.29,38.68,25.99,32.56,48.61,2.66,2021,6,12.690000000000001
2021-06-14,11.17,36.44,23.53,30.5,44.88,1.74,2021,6,12.909999999999997
2021-06-15,1.06,36.8,22.79,30.27,44.58,2.17,2021,6,14.009999999999998
2021-06-16,2.14,35.36,25.57,30.39,47.16,1.59,2021,6,9.79
2021-06-17,8.66,34.38,23.08,28.74,57.21,2.11,2021,6,11.300000000000004
2021-06-18,0.01,37.0,24.18,30.79,40.92,2.2,2021,6,12.82
2021-06-19,0.0,38.0,22.88,31.26,37.39,2.43,2021,6,15.120000000000001
2021-06-20,3.14,36.87,23.57,31.03,43.4,2.39,2021,6,13.299999999999997
2021-06-21,0.93,37.53,25.38,31.07,46.84,2.18,2021,6,12.150000000000002
2021-06-22,0.06,38.87,24.85,31.83,41.31,2.39,2021,6,14.019999999999996
2021-06-23,0.0,40.33,24.91,32.4,40.34,2.44,2021,6,15.419999999999998
2021-06-24,0.07,39.66,24.35,32.62,36.22,1.84,2021,6,15.309999999999995
2021-06-25,0.11,38.89,24.07,32.07,38.1,1.98,2021,6,14.82
2021-06-26,18.22,35.99,25.74,30.89,47.44,1.72,2021,6,10.250000000000004
2021-06-27,0.0,38.17,24.24,31.22,46.8,2.6,2021,6,13.930000000000003
2021-06-28,0.0,40.1,24.81,32.61,42.59,3.03,2021,6,15.290000000000003
2021-06-29,0.0,40.95,26.52,33.97,37.71,2.49,2021,6,14.430000000000003
2021-06-30,0.0,42.6,26.75,34.95,35.28,2.53,2021,6,15.850000000000001
2021-07-01,0.0,42.81,26.74,35.12,32.01,2.78,2021,7,16.070000000000004
2021-07-02,2.29,41.92,25.48,34.26,36.87,2.63,2021,7,16.44
2021-07-03,4.79,39.68,27.73,33.49,38.11,1.83,2021,7,11.95
2021-07-04,0.27,40.22,25.84,33.53,42.45,2.22,2021,7,14.379999999999999
2021-07-05,12.37,37.57,26.95,32.03,51.43,2.02,2021,7,10.620000000000001
2021-07-06,0.0,39.85,25.81,32.92,44.76,2.42,2021,7,14.040000000000003
2021-07-07,0.07,40.98,26.01,33.72,40.9,2.54,2021,7,14.969999999999995
2021-07-08,1.05,42.13,27.14,34.99,40.95,2.18,2021,7,14.990000000000002
2021-07-09,0.15,40.75,27.61,34.24,43.66,2.63,2021,7,13.14
2021-07-10,30.68,37.24,28.44,33.05,55.6,1.83,2021,7,8.8
2021-07-11,11.83,36.7,28.02,31.89,62.66,2.1,2021,7,8.680000000000003
2021-07-12,52.47,33.52,26.36,30.12,73.76,2.15,2021,7,7.160000000000004
2021-07-13,17.14,32.0,25.36,28.34,79.47,1.67,2021,7,6.640000000000001
2021-07-14,17.27,31.84,24.61,27.91,79.63,2.33,2021,7,7.23
2021-07-15,0.07,33.51,24.75,29.53,68.14,1.42,2021,7,8.759999999999998
2021-07-16,0.0,33.99,25.44,30.23,65.94,1.4,2021,7,8.55
2021-07-17,0.0,35.56,26.03,31.49,65.11,1.9,2021,7,9.530000000000001
2021-07-18,7.93,37.69,27.48,33.08,63.2,1.83,2021,7,10.209999999999997
2021-07-19,18.48,35.21,27.31,31.13,71.45,2.73,2021,7,7.900000000000002
2021-07-20,42.56,30.7,25.45,27.56,85.63,4.37,2021,7,5.25
2021-07-21,3.89,31.66,24.21,28.18,75.47,1.48,2021,7,7.449999999999999
2021-07-22,3.53,33.77,24.51,29.38,66.68,1.99,2021,7,9.260000000000002
2021-07-23,0.01,34.35,24.02,29.94,64.04,1.85,2021,7,10.330000000000002
2021-07-24,0.0,35.18,26.35,31.11,65.33,1.24,2021,7,8.829999999999998
2021-07-25,0.65,35.51,26.37,31.13,69.21,1.87,2021,7,9.139999999999997
2021-07-26,5.45,35.18,27.63,31.79,68.04,1.52,2021,7,7.550000000000001
2021-07-27,27.61,35.18,27.74,31.55,71.25,1.79,2021,7,7.440000000000001
2021-07-28,16.31,33.55,25.69,29.8,76.91,2.13,2021,7,7.859999999999996
2021-07-29,18.92,31.7,24.47,27.81,81.31,2.46,2021,7,7.23
2021-07-30,4.69,32.17,24.74,28.3,80.03,2.03,2021,7,7.430000000000003
2021-07-31,10.88,31.66,24.31,27.94,81.93,3.05,2021,7,7.350000000000001
2021-08-01,10.8,32.0,24.4,28.57,78.25,2.12,2021,8,7.600000000000001
2021-08-02,2.03,33.57,25.66,30.15,71.89,1.27,2021,8,7.91
2021-08-03,4.17,32.98,25.77,29.71,76.39,1.81,2021,8,7.209999999999997
2021-08-04,2.56,32.55,26.0,29.59,73.49,1.55,2021,8,6.549999999999997
2021-08-05,6.47,32.8,24.77,29.13,73.58,1.23,2021,8,8.029999999999998
2021-08-06,10.89,33.26,25.0,29.35,71.63,1.61,2021,8,8.259999999999998
2021-08-07,0.01,33.65,23.93,29.47,65.64,1.25,2021,8,9.719999999999999
2021-08-08,8.3,32.85,25.27,29.12,73.58,1.72,2021,8,7.580000000000002
2021-08-09,12.05,32.22,24.87,28.64,76.36,1.64,2021,8,7.349999999999998
2021-08-10,0.09,32.37,24.18,28.61,74.32,1.69,2021,8,8.189999999999998
2021-08-11,0.15,33.59,24.57,29.48,73.08,1.92,2021,8,9.020000000000003
2021-08-12,0.33,33.62,25.67,29.73,75.32,1.89,2021,8,7.949999999999996
2021-08-13,2.4,33.71,26.13,29.74,74.16,2.29,2021,8,7.580000000000002
2021-08-14,11.71,32.98,25.77,28.97,75.93,1.71,2021,8,7.209999999999997
2021-08-15,25.71,31.55,24.22,27.91,74.12,1.69,2021,8,7.330000000000002
2021-08-16,1.3,32.4,23.06,27.86,69.47,1.83,2021,8,9.34
2021-08-17,0.0,33.01,23.25,28.6,68.39,1.98,2021,8,9.759999999999998
2021-08-18,0.0,33.63,24.12,28.81,70.4,1.91,2021,8,9.510000000000002
2021-08-19,0.04,33.72,23.71,28.94,69.51,1.69,2021,8,10.009999999999998
2021-08-20,2.16,33.98,24.16,29.34,68.24,1.86,2021,8,9.819999999999997
2021-08-21,1.98,32.77,24.01,28.61,71.37,1.71,2021,8,8.760000000000002
2021-08-22,0.06,32.88,24.27,28.68,70.78,1.2,2021,8,8.610000000000003
2021-08-23,0.0,32.65,23.8,28.46,71.36,1.62,2021,8,8.849999999999998
2021-08-24,0.0,33.95,24.24,29.22,69.78,2.0,2021,8,9.710000000000004
2021-08-25,0.11,35.32,25.33,30.64,65.75,1.79,2021,8,9.990000000000002
2021-08-26,0.06,35.17,25.76,30.44,65.27,1.9,2021,8,9.41
2021-08-27,5.25,36.15,25.98,30.95,60.74,1.39,2021,8,10.169999999999998
2021-08-28,12.34,33.52,24.77,28.84,66.07,2.13,2021,8,8.750000000000004
2021-08-29,18.33,32.05,23.69,27.64,67.92,1.9,2021,8,8.359999999999996
2021-08-30,16.18,31.62,23.82,27.46,70.67,1.94,2021,8,7.800000000000001
2021-08-31,9.76,29.93,22.87,26.29,75.39,1.65,2021,8,7.059999999999999
2021-09-01,0.04,29.98,22.43,25.74,74.71,1.53,2021,9,7.550000000000001
2021-09-02,0.0,31.95,22.18,27.14,67.25,2.29,2021,9,9.77
2021-09-03,0.05,32.88,22.12,27.53,69.98,2.1,2021,9,10.760000000000002
2021-09-04,0.85,32.13,23.17,27.45,75.66,1.95,2021,9,8.96
2021-09-05,0.0,33.47,23.25,28.19,69.86,2.17,2021,9,10.219999999999999
2021-09-06,0.35,33.78,24.02,28.91,69.06,1.93,2021,9,9.760000000000002
2021-09-07,8.35,33.07,24.66,28.91,71.1,1.66,2021,9,8.41
2021-09-08,82.28,30.52,24.19,27.41,82.66,1.62,2021,9,6.329999999999998
2021-09-09,17.28,29.77,22.58,26.29,82.1,1.71,2021,9,7.190000000000001
2021-09-10,11.27,30.16,23.94,26.47,84.84,2.02,2021,9,6.219999999999999
2021-09-11,19.6,29.55,22.08,25.17,82.93,2.73,2021,9,7.470000000000002
2021-09-12,1.54,29.89,21.49,25.79,74.62,1.51,2021,9,8.400000000000002
2021-09-13,0.02,30.63,20.91,26.18,74.64,1.51,2021,9,9.719999999999999
2021-09-14,0.0,31.19,22.63,26.94,75.09,1.81,2021,9,8.560000000000002
2021-09-15,0.0,30.93,22.77,26.72,77.41,2.42,2021,9,8.16
2021-09-16,0.0,31.4,23.06,27.03,75.89,2.57,2021,9,8.34
2021-09-17,0.03,32.07,22.74,27.48,74.21,1.9,2021,9,9.330000000000002
2021-09-18,0.67,30.32,22.49,26.54,79.16,1.95,2021,9,7.830000000000002
2021-09-19,0.32,32.04,23.92,27.65,78.08,2.13,2021,9,8.119999999999997
2021-09-20,7.49,31.44,24.53,27.59,76.96,1.72,2021,9,6.91
2021-09-21,43.86,30.48,23.59,26.68,79.09,1.52,2021,9,6.890000000000001
2021-09-22,30.03,29.7,22.91,25.84,79.61,1.37,2021,9,6.789999999999999
2021-09-23,22.54,28.89,21.89,24.98,84.31,1.35,2021,9,7.0
2021-09-24,0.14,29.63,20.92,24.86,80.7,1.78,2021,9,8.709999999999997
2021-09-25,0.01,29.86,21.1,25.37,77.78,2.46,2021,9,8.759999999999998
2021-09-26,0.01,29.95,21.86,25.57,79.29,2.31,2021,9,8.09
2021-09-27,0.0,29.26,20.81,24.75,80.49,2.42,2021,9,8.450000000000003
2021-09-28,0.06,31.15,21.28,26.34,71.92,2.0,2021,9,9.869999999999997
2021-09-29,1.3,30.73,22.76,26.42,74.68,1.62,2021,9,7.969999999999999
2021-09-30,2.06,30.18,22.88,26.43,77.36,1.57,2021,9,7.300000000000001
2021-10-01,6.32,29.62,23.22,26.11,79.58,1.58,2021,10,6.400000000000002
2021-10-02,29.3,29.6,22.2,25.84,80.79,1.58,2021,10,7.400000000000002
2021-10-03,11.91,29.2,22.58,25.39,81.32,1.97,2021,10,6.620000000000001
2021-10-04,4.39,30.88,21.55,25.89,71.67,1.61,2021,10,9.329999999999998
2021-10-05,1.07,28.98,20.64,24.38,75.57,1.92,2021,10,8.34
2021-10-06,0.0,29.01,19.9,23.72,74.09,2.97,2021,10,9.110000000000003
2021-10-07,0.0,30.25,19.38,24.38,67.33,2.68,2021,10,10.870000000000001
2021-10-08,0.0,30.12,19.42,24.65,64.86,2.15,2021,10,10.7
2021-10-09,0.0,29.37,18.99,23.77,65.85,2.39,2021,10,10.380000000000003
2021-10-10,14.0,29.34,18.65,23.81,67.53,2.64,2021,10,10.690000000000001
2021-10-11,12.77,27.45,18.81,23.0,71.54,1.96,2021,10,8.64
2021-10-12,0.4,29.03,18.35,23.08,67.13,2.06,2021,10,10.68
2021-10-13,0.06,29.06,18.62,23.05,57.47,1.96,2021,10,10.439999999999998
2021-10-14,0.0,28.7,17.68,22.25,57.1,2.62,2021,10,11.02
2021-10-15,0.0,30.14,16.84,22.86,50.7,2.29,2021,10,13.3
2021-10-16,0.0,30.86,17.87,24.32,44.78,1.84,2021,10,12.989999999999998
2021-10-17,2.09,29.59,19.11,23.87,61.46,2.05,2021,10,10.48
2021-10-18,59.36,25.33,17.45,20.84,78.68,1.88,2021,10,7.879999999999999
2021-10-19,0.0,26.6,16.38,20.79,71.48,2.88,2021,10,10.220000000000002
2021-10-20,0.0,28.42,17.24,22.35,55.39,2.42,2021,10,11.180000000000003
2021-10-21,0.0,28.03,15.81,21.32,57.15,2.66,2021,10,12.22
2021-10-22,0.77,25.37,14.93,19.98,68.05,3.47,2021,10,10.440000000000001
2021-10-23,13.03,22.31,14.32,18.06,83.27,3.29,2021,10,7.989999999999998
2021-10-24,20.02,16.9,12.31,14.59,83.43,4.51,2021,10,4.589999999999998
2021-10-25,0.05,23.36,12.21,16.57,71.85,2.6,2021,10,11.149999999999999
2021-10-26,0.0,23.84,11.77,17.2,56.98,2.25,2021,10,12.07
2021-10-27,0.03,24.52,12.45,17.38,60.41,2.79,2021,10,12.07
2021-10-28,0.0,24.69,11.95,17.68,55.15,2.37,2021,10,12.740000000000002
2021-10-29,0.0,25.62,13.79,18.33,57.05,2.6,2021,10,11.830000000000002
2021-10-30,0.0,24.69,12.56,17.22,61.11,3.39,2021,10,12.13
2021-10-31,0.0,25.62,11.65,17.78,52.06,2.57,2021,10,13.97
2021-11-01,0.0,24.4,11.72,17.6,53.94,2.47,2021,11,12.679999999999998
2021-11-02,0.0,24.69,12.37,17.6,57.45,2.56,2021,11,12.320000000000002
2021-11-03,0.0,23.45,11.78,16.46,62.24,2.6,2021,11,11.67
2021-11-04,0.02,23.39,10.71,16.57,56.83,2.06,2021,11,12.68
2021-11-05,0.66,23.7,12.41,16.61,64.72,2.86,2021,11,11.29
2021-11-06,0.04,23.93,10.47,15.42,62.72,3.65,2021,11,13.459999999999999
2021-11-07,0.0,24.19,12.19,17.05,47.19,2.78,2021,11,12.000000000000002
2021-11-08,0.0,24.78,11.43,16.89,55.83,3.2,2021,11,13.350000000000001
2021-11-09,0.0,25.59,13.54,18.44,50.86,2.47,2021,11,12.05
2021-11-10,0.0,25.07,11.64,17.18,57.76,2.69,2021,11,13.43
2021-11-11,0.0,24.05,12.44,16.69,57.03,3.1,2021,11,11.610000000000001
2021-11-12,0.0,23.85,12.28,16.48,51.52,2.74,2021,11,11.570000000000002
2021-11-13,0.0,23.63,11.97,16.42,48.81,2.8,2021,11,11.659999999999998
2021-11-14,0.0,23.05,10.23,15.72,47.73,2.2,2021,11,12.82
2021-11-15,0.0,21.76,8.72,14.09,56.46,3.03,2021,11,13.040000000000001
2021-11-16,0.0,22.35,10.41,15.1,49.0,2.63,2021,11,11.940000000000001
2021-11-17,0.0,23.06,12.05,16.38,42.14,1.66,2021,11,11.009999999999998
2021-11-18,0.0,22.24,12.19,15.77,50.84,2.54,2021,11,10.049999999999999
2021-11-19,0.0,21.91,11.81,15.46,49.56,2.23,2021,11,10.1
2021-11-20,0.0,22.04,12.55,15.79,49.45,2.25,2021,11,9.489999999999998
2021-11-21,0.0,22.69,9.46,15.08,51.82,2.8,2021,11,13.23
2021-11-22,0.0,22.22,10.38,14.63,51.81,3.18,2021,11,11.839999999999998
2021-11-23,0.0,23.15,8.94,15.82,43.46,2.16,2021,11,14.209999999999999
2021-11-24,0.0,22.98,10.57,15.8,47.25,2.15,2021,11,12.41
2021-11-25,0.0,21.4,10.22,14.55,54.99,2.79,2021,11,11.179999999999998
2021-11-26,0.0,22.45,10.4,15.27,53.67,2.5,2021,11,12.049999999999999
2021-11-27,0.0,20.5,10.52,14.72,59.1,1.91,2021,11,9.98
2021-11-28,0.0,21.54,10.77,14.68,60.98,2.35,2021,11,10.77
2021-11-29,0.0,20.8,10.03,13.82,61.19,2.91,2021,11,10.770000000000001
2021-11-30,0.0,21.38,9.85,14.51,52.54,2.43,2021,11,11.53
2021-12-01,0.0,21.37,9.95,14.74,47.93,1.69,2021,12,11.420000000000002
2021-12-02,0.0,21.26,10.37,14.75,48.74,1.7,2021,12,10.890000000000002
2021-12-03,0.0,20.86,9.21,14.13,53.61,2.42,2021,12,11.649999999999999
2021-12-04,0.01,23.42,13.23,16.88,56.87,1.8,2021,12,10.190000000000001
2021-12-05,8.25,19.64,10.82,14.46,72.53,2.5,2021,12,8.82
2021-12-06,0.0,18.61,8.01,12.25,71.53,3.14,2021,12,10.6
2021-12-07,0.0,20.1,7.56,12.04,60.87,3.03,2021,12,12.540000000000003
2021-12-08,0.0,20.17,8.2,13.2,44.76,2.45,2021,12,11.970000000000002
2021-12-09,0.0,20.8,8.33,12.79,50.09,2.54,2021,12,12.47
2021-12-10,0.0,20.41,7.27,11.64,50.44,3.27,2021,12,13.14
2021-12-11,0.0,20.02,7.59,12.48,37.74,2.21,2021,12,12.43
2021-12-12,0.0,17.64,7.78,12.01,39.01,1.72,2021,12,9.86
2021-12-13,0.0,17.96,7.67,11.44,45.55,2.01,2021,12,10.290000000000001
2021-12-14,0.04,16.54,7.04,10.86,49.67,1.87,2021,12,9.5
2021-12-15,0.38,16.32,4.84,9.36,61.04,2.3,2021,12,11.48
2021-12-16,8.69,15.71,4.16,8.54,58.51,2.28,2021,12,11.55
2021-12-17,138.72,14.39,2.41,7.1,59.45,2.59,2021,12,11.98
2021-12-18,0.0,14.85,0.27,6.18,50.85,2.85,2021,12,14.58
2021-12-19,0.0,15.74,0.12,7.0,48.12,2.75,2021,12,15.620000000000001
2021-12-20,0.0,17.89,5.74,10.92,45.69,2.44,2021,12,12.15
2021-12-21,0.0,17.67,8.13,12.08,45.16,1.6,2021,12,9.540000000000001
2021-12-22,0.01,18.32,9.17,12.57,54.25,2.23,2021,12,9.15
2021-12-23,0.08,19.5,7.85,12.82,58.07,2.06,2021,12,11.65
2021-12-24,0.4,18.37,6.55,11.5,64.16,2.54,2021,12,11.82
2021-12-25,0.0,19.17,7.84,12.61,59.58,2.22,2021,12,11.330000000000002
2021-12-26,2.63,17.56,9.12,12.69,60.76,2.1,2021,12,8.44
2021-12-27,5.19,15.41,6.47,9.91,73.58,2.39,2021,12,8.940000000000001
2021-12-28,0.0,17.03,3.85,8.75,65.4,2.81,2021,12,13.180000000000001
2021-12-29,0.0,17.17,3.25,8.38,54.55,2.99,2021,12,13.920000000000002
2021-12-30,0.0,14.99,2.07,7.86,46.17,2.46,2021,12,12.92
2021-12-31,0.0,16.73,6.69,10.66,45.06,2.3,2021,12,10.04
2022-01-01,0.02,15.89,6.8,10.59,54.45,1.95,2022,1,9.09
2022-01-02,0.0,18.13,6.85,10.74,58.29,2.35,2022,1,11.28
2022-01-03,0.45,17.11,7.94,11.36,65.45,2.82,2022,1,9.169999999999998
2022-01-04,9.97,12.89,7.61,9.79,88.03,3.06,2022,1,5.28
2022-01-05,40.73,10.75,5.17,8.27,89.1,1.94,2022,1,5.58
2022-01-06,0.52,15.22,4.46,9.32,84.0,2.13,2022,1,10.760000000000002
2022-01-07,21.92,14.84,5.55,9.9,87.89,3.3,2022,1,9.29
2022-01-08,50.12,12.82,6.12,10.47,93.43,4.22,2022,1,6.7
2022-01-09,0.24,14.34,5.62,8.76,84.34,2.05,2022,1,8.719999999999999
2022-01-10,0.03,15.02,4.91,8.59,73.22,1.53,2022,1,10.11
2022-01-11,0.0,16.6,2.86,8.29,63.66,2.54,2022,1,13.740000000000002
2022-01-12,0.0,17.29,1.29,8.53,58.21,2.97,2022,1,16.0
2022-01-13,0.0,17.09,5.68,10.48,54.39,1.98,2022,1,11.41
2022-01-14,0.0,16.85,5.01,9.38,58.33,2.58,2022,1,11.840000000000002
2022-01-15,0.0,18.25,1.79,9.26,57.66,2.5,2022,1,16.46
2022-01-16,0.0,18.49,6.84,10.82,57.16,2.14,2022,1,11.649999999999999
2022-01-17,0.11,16.11,8.49,11.79,54.72,1.56,2022,1,7.619999999999999
2022-01-18,0.24,17.84,8.6,11.76,62.85,2.34,2022,1,9.24
2022-01-19,2.14,13.63,6.14,10.78,74.07,1.37,2022,1,7.490000000000001
2022-01-20,0.0,16.09,5.08,9.79,81.48,2.79,2022,1,11.01
2022-01-21,1.27,15.39,6.31,9.84,74.88,2.02,2022,1,9.080000000000002
2022-01-22,18.73,14.23,6.42,9.31,82.4,2.35,2022,1,7.8100000000000005
2022-01-23,22.8,12.87,5.97,8.98,83.8,1.95,2022,1,6.8999999999999995
2022-01-24,4.46,13.08,5.47,8.89,80.26,1.55,2022,1,7.61
2022-01-25,0.88,14.75,4.72,8.52,75.71,2.62,2022,1,10.030000000000001
2022-01-26,0.02,14.82,2.86,8.13,64.2,2.39,2022,1,11.96
2022-01-27,0.0,15.63,2.5,8.0,62.52,3.07,2022,1,13.13
2022-01-28,0.0,17.44,1.47,8.35,57.78,2.93,2022,1,15.97
2022-01-29,0.0,17.64,6.74,10.67,55.58,2.19,2022,1,10.9
2022-01-30,0.0,16.82,3.97,9.55,63.12,3.11,2022,1,12.85
2022-01-31,0.07,18.13,4.83,11.59,54.94,2.17,2022,1,13.299999999999999
2022-02-01,0.01,18.04,5.23,10.33,68.6,3.25,2022,2,12.809999999999999
2022-02-02,2.95,18.81,6.62,12.21,56.09,1.78,2022,2,12.189999999999998
2022-02-03,2.4,14.82,5.17,9.86,78.28,2.15,2022,2,9.65
2022-02-04,0.24,14.83,4.22,8.85,79.7,1.63,2022,2,10.61
2022-02-05,0.0,15.52,3.62,9.53,68.14,2.36,2022,2,11.899999999999999
2022-02-06,1.05,17.04,7.41,12.17,56.58,1.88,2022,2,9.629999999999999
2022-02-07,0.37,17.31,5.11,10.46,72.0,2.94,2022,2,12.2
2022-02-08,0.02,17.54,5.64,10.86,61.8,2.42,2022,2,11.899999999999999
2022-02-09,0.48,17.03,5.59,10.24,64.2,2.83,2022,2,11.440000000000001
2022-02-10,0.13,17.9,4.92,9.91,61.72,3.44,2022,2,12.979999999999999
2022-02-11,0.0,19.6,2.91,10.26,56.52,3.75,2022,2,16.69
2022-02-12,0.0,19.68,5.38,12.31,49.46,2.54,2022,2,14.3
2022-02-13,0.0,20.28,6.59,12.81,57.79,2.53,2022,2,13.690000000000001
2022-02-14,0.0,18.73,10.81,14.01,56.89,1.77,2022,2,7.92
2022-02-15,0.05,19.42,9.6,14.05,59.43,1.86,2022,2,9.820000000000002
2022-02-16,0.11,19.21,9.1,13.28,69.38,2.42,2022,2,10.110000000000001
2022-02-17,0.02,20.25,9.08,13.43,64.85,2.45,2022,2,11.17
2022-02-18,0.01,19.55,7.12,12.46,62.03,3.42,2022,2,12.43
2022-02-19,0.0,20.51,7.65,12.93,57.54,2.96,2022,2,12.860000000000001
2022-02-20,0.0,20.53,5.85,11.99,58.71,4.53,2022,2,14.680000000000001
2022-02-21,0.0,22.19,4.37,13.1,48.36,3.11,2022,2,17.82
2022-02-22,13.05,21.14,10.0,14.31,61.7,3.59,2022,2,11.14
2022-02-23,2.65,16.76,8.87,12.33,85.46,4.91,2022,2,7.890000000000002
2022-02-24,1.84,18.21,8.91,12.63,78.34,2.25,2022,2,9.3
2022-02-25,13.52,17.9,6.36,11.99,79.0,2.65,2022,2,11.54
2022-02-26,0.82,17.1,5.72,11.06,72.44,2.07,2022,2,11.380000000000003
2022-02-27,0.03,18.78,5.62,11.23,66.22,2.84,2022,2,13.16
2022-02-28,11.58,17.83,6.29,12.06,61.17,2.83,2022,2,11.54
2022-03-01,2.88,20.72,8.08,14.08,65.98,2.57,2022,3,12.639999999999999
2022-03-02,1.11,21.77,9.21,14.91,66.87,2.38,2022,3,12.559999999999999
2022-03-03,29.52,16.86,8.89,12.53,83.14,2.56,2022,3,7.969999999999999
2022-03-04,0.0,20.77,7.72,13.16,71.63,3.2,2022,3,13.05
2022-03-05,0.01,21.59,8.85,15.01,64.12,2.8,2022,3,12.74
2022-03-06,13.28,21.23,12.75,17.25,67.65,1.95,2022,3,8.48
2022-03-07,16.9,20.11,9.56,13.65,79.1,3.64,2022,3,10.549999999999999
2022-03-08,4.96,24.8,8.59,15.65,66.28,2.88,2022,3,16.21
2022-03-09,0.01,24.47,13.54,17.87,64.53,2.91,2022,3,10.93
2022-03-10,0.0,24.57,11.59,17.52,68.29,3.2,2022,3,12.98
2022-03-11,0.0,25.88,13.93,19.21,57.03,3.16,2022,3,11.95
2022-03-12,0.0,26.31,14.32,19.33,65.06,3.27,2022,3,11.989999999999998
2022-03-13,0.0,28.74,14.85,21.37,62.01,3.2,2022,3,13.889999999999999
2022-03-14,0.0,30.83,17.11,23.89,55.31,2.6,2022,3,13.719999999999999
2022-03-15,0.0,29.02,16.82,22.02,64.64,3.44,2022,3,12.2
2022-03-16,0.0,29.56,15.35,21.13,60.57,4.27,2022,3,14.209999999999999
2022-03-17,0.0,32.88,16.03,23.96,49.27,2.93,2022,3,16.85
2022-03-18,0.48,29.01,16.31,22.59,63.21,3.63,2022,3,12.700000000000003
2022-03-19,8.03,29.76,17.43,22.89,66.35,2.5,2022,3,12.330000000000002
2022-03-20,0.03,29.46,18.09,22.75,62.98,2.47,2022,3,11.370000000000001
2022-03-21,0.32,29.54,15.59,21.66,58.78,2.76,2022,3,13.95
2022-03-22,0.0,29.6,14.03,21.04,55.22,3.41,2022,3,15.570000000000002
2022-03-23,0.01,29.14,15.94,22.18,51.11,2.49,2022,3,13.200000000000001
2022-03-24,1.49,28.11,16.02,20.97,61.06,2.96,2022,3,12.09
2022-03-25,0.0,27.88,14.03,20.24,59.62,3.41,2022,3,13.85
2022-03-26,0.0,29.57,13.9,21.22,48.28,3.69,2022,3,15.67
2022-03-27,0.0,31.19,14.71,22.97,44.17,2.66,2022,3,16.48
2022-03-28,0.0,30.21,15.96,23.23,46.18,3.08,2022,3,14.25
2022-03-29,0.0,31.22,16.02,23.49,48.46,2.94,2022,3,15.2
2022-03-30,0.0,32.4,17.85,24.48,44.89,2.28,2022,3,14.549999999999997
2022-03-31,0.0,31.23,16.18,22.79,48.62,2.98,2022,3,15.05
2022-04-01,0.0,31.79,16.6,24.56,41.93,2.98,2022,4,15.189999999999998
2022-04-02,0.0,32.21,16.55,23.77,44.85,3.49,2022,4,15.66
2022-04-03,0.05,31.96,17.35,23.5,43.91,2.61,2022,4,14.61
2022-04-04,0.0,31.85,15.78,23.61,42.95,3.55,2022,4,16.07
2022-04-05,0.0,33.0,17.43,24.97,39.0,2.53,2022,4,15.57
2022-04-06,0.0,33.96,19.71,26.51,37.02,2.59,2022,4,14.25
2022-04-07,0.0,35.11,17.74,26.34,40.25,3.01,2022,4,17.37
2022-04-08,0.0,35.63,17.99,26.58,40.45,2.9,2022,4,17.640000000000004
2022-04-09,0.01,35.34,19.35,26.61,42.62,3.05,2022,4,15.990000000000002
2022-04-10,0.0,36.21,18.44,26.96,41.74,3.43,2022,4,17.77
2022-04-11,0.0,36.83,19.36,28.1,39.07,2.78,2022,4,17.47
2022-04-12,1.21,37.2,21.11,28.69,39.79,2.55,2022,4,16.090000000000003
2022-04-13,1.0,34.05,18.19,25.73,49.31,2.96,2022,4,15.859999999999996
2022-04-14,0.03,33.45,19.84,25.96,44.2,3.25,2022,4,13.610000000000003
2022-04-15,0.07,32.96,18.27,25.7,41.31,2.18,2022,4,14.690000000000001
2022-04-16,0.0,34.33,17.85,26.16,41.07,2.87,2022,4,16.479999999999997
2022-04-17,0.0,35.5,17.94,26.89,39.12,2.76,2022,4,17.56
2022-04-18,0.0,36.42,21.47,27.83,39.61,3.2,2022,4,14.950000000000003
2022-04-19,0.86,35.66,20.8,27.21,47.1,3.24,2022,4,14.859999999999996
2022-04-20,0.21,31.37,20.37,25.2,52.74,4.11,2022,4,11.0
2022-04-21,8.48,32.26,19.57,24.27,49.96,3.94,2022,4,12.689999999999998
2022-04-22,1.62,31.92,18.71,24.57,46.95,2.9,2022,4,13.21
2022-04-23,0.01,32.8,16.89,24.43,46.25,3.44,2022,4,15.909999999999997
2022-04-24,0.04,34.02,17.36,25.73,43.81,3.79,2022,4,16.660000000000004
2022-04-25,0.21,33.26,20.06,25.76,48.21,3.86,2022,4,13.2
2022-04-26,0.0,35.88,18.95,27.09,37.58,3.17,2022,4,16.930000000000003
2022-04-27,0.0,38.32,19.78,28.67,34.58,3.38,2022,4,18.54
2022-04-28,0.01,40.13,21.67,30.61,33.17,2.47,2022,4,18.46
2022-04-29,0.98,39.8,22.25,30.38,35.14,3.28,2022,4,17.549999999999997
2022-04-30,0.0,38.83,24.27,30.99,36.77,2.39,2022,4,14.559999999999999
2022-05-01,0.0,40.42,23.36,31.45,34.47,2.53,2022,5,17.060000000000002
2022-05-02,0.0,39.73,22.78,31.96,33.63,2.51,2022,5,16.949999999999996
2022-05-03,14.21,35.13,23.67,28.86,44.32,3.14,2022,5,11.46
2022-05-04,7.18,34.31,21.01,27.02,50.77,3.59,2022,5,13.3
2022-05-05,0.0,34.19,20.12,26.65,49.71,2.74,2022,5,14.069999999999997
2022-05-06,0.05,36.49,20.31,28.07,43.56,2.87,2022,5,16.180000000000003
2022-05-07,0.01,38.25,21.01,29.46,37.71,3.26,2022,5,17.24
2022-05-08,0.0,39.81,21.8,30.75,33.93,2.46,2022,5,18.01
2022-05-09,0.0,38.91,22.49,30.88,36.23,2.47,2022,5,16.419999999999998
2022-05-10,5.45,38.38,22.47,30.09,42.31,3.2,2022,5,15.910000000000004
2022-05-11,0.0,40.0,23.42,31.65,37.06,2.97,2022,5,16.58
2022-05-12,0.0,40.93,23.73,31.78,31.83,3.22,2022,5,17.2
2022-05-13,0.0,40.53,22.34,31.13,25.13,4.1,2022,5,18.19
2022-05-14,0.0,42.67,22.94,32.62,20.72,3.74,2022,5,19.73
2022-05-15,0.0,43.57,25.55,34.78,16.82,3.21,2022,5,18.02
2022-05-16,0.13,40.83,25.91,32.7,20.59,3.65,2022,5,14.919999999999998
2022-05-17,0.01,41.04,24.35,32.64,20.77,3.06,2022,5,16.689999999999998
2022-05-18,8.16,37.67,21.99,30.01,34.14,3.04,2022,5,15.680000000000003
2022-05-19,0.0,40.89,22.64,32.27,30.53,2.24,2022,5,18.25
2022-05-20,4.04,38.79,24.1,31.09,37.92,3.38,2022,5,14.689999999999998
2022-05-21,1.13,37.61,22.64,29.96,37.77,3.33,2022,5,14.969999999999999
2022-05-22,0.0,38.9,22.0,30.61,26.08,3.64,2022,5,16.9
2022-05-23,0.75,33.21,19.2,26.18,32.54,3.2,2022,5,14.010000000000002
2022-05-24,0.02,34.62,18.6,26.93,34.14,2.33,2022,5,16.019999999999996
2022-05-25,0.0,36.96,19.75,29.06,38.02,2.38,2022,5,17.21
2022-05-26,0.0,39.22,22.99,31.82,28.53,2.21,2022,5,16.23
2022-05-27,0.28,40.62,24.3,33.06,28.68,2.93,2022,5,16.319999999999997
2022-05-28,3.35,39.89,25.83,32.36,29.94,2.81,2022,5,14.060000000000002
2022-05-29,2.2,40.41,23.41,31.99,30.39,2.92,2022,5,16.999999999999996
2022-05-30,0.2,38.85,23.88,31.29,37.13,2.14,2022,5,14.970000000000002
2022-05-31,1.01,39.24,23.86,31.86,29.54,2.45,2022,5,15.380000000000003
2022-06-01,1.47,39.57,22.6,31.45,26.93,3.06,2022,6,16.97
2022-06-02,0.33,40.44,22.86,32.05,21.35,2.96,2022,6,17.58
2022-06-03,0.0,41.7,23.73,33.12,16.6,3.21,2022,6,17.970000000000002
2022-06-04,0.0,42.09,23.72,33.68,15.21,2.5,2022,6,18.370000000000005
2022-06-05,0.0,43.03,25.67,34.63,13.93,3.17,2022,6,17.36
2022-06-06,0.0,43.18,26.24,34.93,13.74,3.31,2022,6,16.94
2022-06-07,0.01,44.21,27.46,35.98,13.07,3.13,2022,6,16.75
2022-06-08,0.0,44.27,26.81,35.72,15.31,3.22,2022,6,17.460000000000004
2022-06-09,0.01,43.98,27.68,36.09,14.32,2.62,2022,6,16.299999999999997
2022-06-10,1.44,43.98,27.32,35.9,15.66,2.94,2022,6,16.659999999999997
2022-06-11,0.92,42.9,27.35,35.59,16.94,3.3,2022,6,15.549999999999997
2022-06-12,0.02,43.15,27.42,35.89,16.14,2.22,2022,6,15.729999999999997
2022-06-13,9.38,40.39,25.58,33.15,31.27,2.91,2022,6,14.810000000000002
2022-06-14,0.16,42.7,25.92,34.67,31.29,2.28,2022,6,16.78
2022-06-15,0.02,43.99,28.55,36.26,29.31,2.59,2022,6,15.440000000000001
2022-06-16,0.2,41.92,27.78,35.22,28.9,3.1,2022,6,14.14
2022-06-17,29.63,35.3,26.29,31.79,44.24,3.37,2022,6,9.009999999999998
2022-06-18,6.33,33.98,24.89,29.2,56.78,2.56,2022,6,9.089999999999996
2022-06-19,30.46,30.76,22.52,26.1,66.76,2.51,2022,6,8.240000000000002
2022-06-20,8.48,26.44,20.52,23.33,73.34,2.73,2022,6,5.920000000000002
2022-06-21,27.93,25.04,20.07,22.09,76.96,4.27,2022,6,4.969999999999999
2022-06-22,39.32,28.68,19.83,23.86,76.29,2.59,2022,6,8.850000000000001
2022-06-23,0.0,32.98,19.06,26.23,58.45,2.81,2022,6,13.919999999999998
2022-06-24,0.0,35.45,21.66,29.42,44.03,1.97,2022,6,13.790000000000003
2022-06-25,0.0,36.75,22.46,30.63,45.04,2.05,2022,6,14.29
2022-06-26,0.0,36.56,23.79,31.05,47.45,2.12,2022,6,12.770000000000003
2022-06-27,0.0,37.96,24.9,32.08,48.43,1.88,2022,6,13.060000000000002
2022-06-28,0.0,38.72,25.96,33.01,48.98,2.0,2022,6,12.759999999999998
2022-06-29,0.0,38.8,26.52,33.04,50.33,1.85,2022,6,12.279999999999998
2022-06-30,0.02,37.6,26.91,32.27,56.38,2.94,2022,6,10.690000000000001
2022-07-01,17.55,32.76,26.32,29.78,68.06,2.39,2022,7,6.439999999999998
2022-07-02,11.43,34.37,25.08,29.8,73.37,1.48,2022,7,9.29
2022-07-03,0.9,35.12,27.1,30.97,70.42,1.42,2022,7,8.019999999999996
2022-07-04,4.59,35.32,26.97,30.93,71.92,1.59,2022,7,8.350000000000001
2022-07-05,41.22,33.45,26.19,29.65,79.85,1.76,2022,7,7.260000000000002
2022-07-06,10.04,33.82,27.18,30.16,77.24,1.61,2022,7,6.640000000000001
2022-07-07,23.68,30.72,26.35,28.11,85.77,1.78,2022,7,4.369999999999997
2022-07-08,11.02,33.11,26.23,30.29,73.48,1.55,2022,7,6.879999999999999
2022-07-09,32.08,33.69,25.6,30.17,69.81,1.35,2022,7,8.089999999999996
2022-07-10,33.53,31.5,25.76,28.89,73.75,1.35,2022,7,5.739999999999998
2022-07-11,12.71,31.81,24.79,28.42,77.64,1.88,2022,7,7.02
2022-07-12,28.18,32.56,24.58,28.59,76.14,1.89,2022,7,7.980000000000004
2022-07-13,56.22,33.0,25.98,29.63,77.71,1.7,2022,7,7.02
2022-07-14,14.55,32.13,25.43,28.91,74.43,1.41,2022,7,6.700000000000003
2022-07-15,9.09,31.73,24.07,27.69,76.24,2.22,2022,7,7.66
2022-07-16,0.65,34.44,23.96,30.12,62.0,1.36,2022,7,10.479999999999997
2022-07-17,2.89,31.29,24.8,28.3,75.01,1.65,2022,7,6.489999999999998
2022-07-18,0.04,33.81,25.36,29.78,70.01,1.31,2022,7,8.450000000000003
2022-07-19,0.38,33.71,25.34,29.78,72.54,1.61,2022,7,8.370000000000001
2022-07-20,11.87,33.6,26.34,30.49,74.82,1.41,2022,7,7.260000000000002
2022-07-21,26.06,30.31,25.5,28.05,86.8,2.78,2022,7,4.809999999999999
2022-07-22,9.05,30.69,23.98,27.08,83.93,1.6,2022,7,6.710000000000001
2022-07-23,2.49,28.98,23.59,26.32,83.13,2.16,2022,7,5.390000000000001
2022-07-24,3.35,29.65,24.39,26.51,87.02,2.1,2022,7,5.259999999999998
2022-07-25,32.5,29.98,24.55,26.72,86.86,2.49,2022,7,5.43
2022-07-26,3.99,29.8,24.8,27.14,84.89,1.51,2022,7,5.0
2022-07-27,2.05,30.71,24.22,27.55,84.85,1.61,2022,7,6.490000000000002
2022-07-28,23.39,30.74,24.8,27.26,88.42,3.07,2022,7,5.939999999999998
2022-07-29,100.03,29.98,24.17,26.81,90.28,3.79,2022,7,5.809999999999999
2022-07-30,29.32,31.14,24.18,27.77,85.17,1.75,2022,7,6.960000000000001
2022-07-31,18.41,30.88,24.6,27.55,84.93,1.69,2022,7,6.279999999999998
2022-08-01,21.08,30.82,23.85,27.19,82.73,1.41,2022,8,6.969999999999999
2022-08-02,2.05,31.13,23.41,27.8,78.86,1.76,2022,8,7.719999999999999
2022-08-03,0.03,31.95,24.41,28.35,78.23,1.68,2022,8,7.539999999999999
2022-08-04,2.35,32.75,24.67,29.19,73.8,1.59,2022,8,8.079999999999998
2022-08-05,1.35,31.68,25.34,28.77,78.66,1.81,2022,8,6.34
2022-08-06,4.86,30.09,24.48,27.32,84.88,1.78,2022,8,5.609999999999999
2022-08-07,0.1,31.62,24.13,28.27,80.26,1.64,2022,8,7.490000000000002
2022-08-08,2.07,31.18,24.68,28.37,82.17,1.64,2022,8,6.5
2022-08-09,7.28,32.01,25.41,28.8,81.67,1.77,2022,8,6.599999999999998
2022-08-10,1.75,32.9,25.5,29.17,79.67,2.13,2022,8,7.399999999999999
2022-08-11,3.44,32.51,21.44,27.62,82.46,3.73,2022,8,11.069999999999997
2022-08-12,1.74,32.98,21.98,27.45,72.41,2.86,2022,8,10.999999999999996
2022-08-13,0.84,33.14,24.84,29.42,70.97,1.93,2022,8,8.3
2022-08-14,10.58,32.64,25.26,29.42,79.41,1.5,2022,8,7.379999999999999
2022-08-15,34.77,29.5,24.78,27.08,90.62,2.83,2022,8,4.719999999999999
2022-08-16,0.79,31.38,23.34,27.8,75.66,1.73,2022,8,8.04
2022-08-17,20.55,31.63,24.57,27.79,77.13,1.78,2022,8,7.059999999999999
2022-08-18,2.04,31.56,23.29,27.31,78.92,2.33,2022,8,8.27
2022-08-19,0.45,32.11,23.97,28.43,76.02,1.84,2022,8,8.14
2022-08-20,12.08,31.03,24.37,27.95,81.67,1.9,2022,8,6.66
2022-08-21,4.73,30.15,23.81,26.78,83.18,2.02,2022,8,6.34
2022-08-22,0.06,32.07,22.46,27.47,76.89,2.15,2022,8,9.61
2022-08-23,3.35,33.47,24.11,29.13,72.85,1.36,2022,8,9.36
2022-08-24,37.35,28.68,23.8,26.21,87.29,3.24,2022,8,4.879999999999999
2022-08-25,42.68,29.27,23.52,26.34,86.38,2.44,2022,8,5.75
2022-08-26,9.91,30.51,23.46,26.72,83.84,1.73,2022,8,7.050000000000001
2022-08-27,3.61,30.75,23.2,26.76,81.55,2.36,2022,8,7.550000000000001
2022-08-28,3.06,31.08,23.03,27.15,77.68,1.88,2022,8,8.049999999999997
2022-08-29,2.84,31.74,23.23,27.87,73.59,1.65,2022,8,8.509999999999998
2022-08-30,0.73,31.91,23.4,28.04,71.54,1.6,2022,8,8.510000000000002
2022-08-31,0.18,32.11,23.71,28.23,74.32,1.91,2022,8,8.399999999999999
2022-09-01,0.0,32.41,24.84,29.01,70.92,1.36,2022,9,7.569999999999997
2022-09-02,0.02,32.08,25.89,28.87,73.16,1.53,2022,9,6.189999999999998
2022-09-03,0.96,31.37,25.35,28.16,77.95,1.78,2022,9,6.02
2022-09-04,13.85,30.06,23.95,27.32,79.26,1.35,2022,9,6.109999999999999
2022-09-05,33.96,29.19,22.15,25.81,80.92,2.21,2022,9,7.040000000000003
2022-09-06,4.54,31.21,21.63,26.82,71.44,1.32,2022,9,9.580000000000002
2022-09-07,0.0,31.2,22.67,27.12,79.6,1.53,2022,9,8.529999999999998
2022-09-08,0.01,31.43,24.33,27.76,79.75,1.76,2022,9,7.100000000000001
2022-09-09,1.21,31.59,23.99,27.59,79.67,1.66,2022,9,7.600000000000001
2022-09-10,14.22,30.93,25.04,27.54,79.52,1.47,2022,9,5.890000000000001
2022-09-11,57.88,29.67,23.08,26.57,79.99,1.27,2022,9,6.590000000000003
2022-09-12,19.46,30.04,22.13,25.68,80.43,1.96,2022,9,7.91
2022-09-13,0.16,30.34,22.01,25.91,78.62,1.94,2022,9,8.329999999999998
2022-09-14,0.0,30.67,22.55,26.49,76.43,1.65,2022,9,8.120000000000001
2022-09-15,0.0,30.29,22.47,26.42,77.17,2.02,2022,9,7.82
2022-09-16,12.71,28.39,23.12,25.92,81.24,2.06,2022,9,5.27
2022-09-17,23.89,29.12,22.49,25.71,80.81,1.49,2022,9,6.630000000000003
2022-09-18,0.05,29.29,20.54,25.16,76.04,2.3,2022,9,8.75
2022-09-19,0.0,30.61,21.03,26.05,74.57,1.73,2022,9,9.579999999999998
2022-09-20,0.0,30.38,22.07,26.18,76.58,1.62,2022,9,8.309999999999999
2022-09-21,0.01,31.04,22.81,26.56,76.99,1.95,2022,9,8.23
2022-09-22,1.53,30.73,22.23,26.65,76.07,1.82,2022,9,8.5
2022-09-23,0.06,30.9,22.88,26.78,74.02,1.41,2022,9,8.02
2022-09-24,4.09,30.12,22.08,25.61,80.93,1.68,2022,9,8.040000000000003
2022-09-25,12.19,28.39,20.6,24.49,85.45,1.68,2022,9,7.789999999999999
2022-09-26,0.56,28.48,20.87,24.71,81.93,1.85,2022,9,7.609999999999999
2022-09-27,0.0,28.1,21.82,24.54,80.39,1.61,2022,9,6.280000000000001
2022-09-28,0.0,29.06,20.68,24.8,78.97,1.66,2022,9,8.379999999999999
2022-09-29,0.0,29.04,21.48,24.66,80.28,2.07,2022,9,7.559999999999999
2022-09-30,0.0,29.45,19.96,24.53,78.48,1.92,2022,9,9.489999999999998
2022-10-01,12.68,29.48,20.7,25.07,76.65,1.74,2022,10,8.780000000000001
2022-10-02,3.63,30.02,20.91,25.19,72.34,1.58,2022,10,9.11
2022-10-03,0.0,29.51,19.66,24.38,69.58,1.92,2022,10,9.850000000000001
2022-10-04,0.05,30.12,21.02,25.09,65.94,1.99,2022,10,9.100000000000001
2022-10-05,0.0,30.72,20.1,24.95,59.0,1.8,2022,10,10.619999999999997
2022-10-06,0.11,28.68,18.53,23.38,70.18,2.31,2022,10,10.149999999999999
2022-10-07,1.43,28.3,18.63,22.89,71.01,2.42,2022,10,9.670000000000002
2022-10-08,0.0,28.13,17.57,22.76,73.44,2.41,2022,10,10.559999999999999
2022-10-09,0.0,27.91,17.59,23.13,71.45,1.85,2022,10,10.32
2022-10-10,0.31,28.21,19.32,23.47,70.85,1.84,2022,10,8.89
2022-10-11,2.6,26.95,19.85,23.18,70.18,1.58,2022,10,7.099999999999998
2022-10-12,4.2,25.81,17.78,21.54,77.37,1.88,2022,10,8.029999999999998
2022-10-13,0.01,26.18,16.84,21.12,73.1,2.36,2022,10,9.34
2022-10-14,0.0,26.33,16.51,21.05,70.32,2.42,2022,10,9.819999999999997
2022-10-15,0.0,26.74,16.84,21.37,62.18,2.55,2022,10,9.899999999999999
2022-10-16,0.0,27.83,16.59,21.72,59.54,2.11,2022,10,11.239999999999998
2022-10-17,0.0,27.67,16.71,21.73,60.11,2.08,2022,10,10.96
2022-10-18,0.02,27.43,16.25,21.58,61.87,2.09,2022,10,11.18
2022-10-19,5.75,26.53,15.75,20.72,68.11,2.21,2022,10,10.780000000000001
2022-10-20,5.82,25.43,15.6,20.45,68.21,1.91,2022,10,9.83
2022-10-21,0.06,25.31,13.2,18.35,61.92,2.82,2022,10,12.11
2022-10-22,0.0,25.71,12.55,18.28,58.78,2.73,2022,10,13.16
2022-10-23,0.0,26.23,12.92,19.12,58.27,2.23,2022,10,13.31
2022-10-24,0.0,26.13,13.53,19.57,59.63,2.64,2022,10,12.6
2022-10-25,0.0,25.78,14.67,19.74,59.94,2.98,2022,10,11.110000000000001
2022-10-26,0.0,27.18,15.19,20.89,55.53,2.21,2022,10,11.99
2022-10-27,0.0,26.39,14.59,19.79,62.93,2.93,2022,10,11.8
2022-10-28,0.0,26.59,13.65,19.74,60.22,2.68,2022,10,12.94
2022-10-29,0.0,25.63,14.77,19.74,57.4,2.47,2022,10,10.86
2022-10-30,0.0,26.2,14.24,19.69,62.77,2.64,2022,10,11.959999999999999
2022-10-31,0.0,26.53,14.87,20.05,61.62,2.01,2022,10,11.660000000000002
2022-11-01,0.6,26.21,14.7,19.92,65.12,2.39,2022,11,11.510000000000002
2022-11-02,0.0,26.88,14.46,19.61,67.41,3.04,2022,11,12.419999999999998
2022-11-03,0.0,26.28,15.83,19.9,65.4,2.68,2022,11,10.450000000000001
2022-11-04,0.0,27.28,17.13,21.32,60.86,2.2,2022,11,10.150000000000002
2022-11-05,12.73,25.58,18.25,21.12,70.67,1.92,2022,11,7.329999999999998
2022-11-06,17.2,23.01,16.19,18.98,83.6,2.04,2022,11,6.82
2022-11-07,25.32,22.37,12.3,17.34,77.16,2.29,2022,11,10.07
2022-11-08,0.21,23.07,11.61,17.14,72.07,2.35,2022,11,11.46
2022-11-09,1.53,21.64,12.88,16.31,74.6,2.82,2022,11,8.76
2022-11-10,4.34,21.88,11.79,15.94,72.42,2.33,2022,11,10.09
2022-11-11,0.0,21.87,10.27,14.74,61.84,3.13,2022,11,11.600000000000001
2022-11-12,0.0,22.52,9.98,15.06,56.01,2.97,2022,11,12.54
2022-11-13,0.22,20.06,9.92,14.11,63.38,3.03,2022,11,10.139999999999999
2022-11-14,29.04,15.08,10.39,12.71,87.42,3.55,2022,11,4.6899999999999995
2022-11-15,0.31,20.65,8.59,13.95,72.02,1.88,2022,11,12.059999999999999
2022-11-16,0.71,20.37,10.52,14.43,67.07,2.18,2022,11,9.850000000000001
2022-11-17,0.0,19.71,9.24,13.45,67.09,3.58,2022,11,10.47
2022-11-18,0.0,22.29,9.2,14.79,50.75,2.04,2022,11,13.09
2022-11-19,0.1,20.06,11.1,14.57,60.32,2.53,2022,11,8.959999999999999
2022-11-20,0.08,20.29,9.5,13.47,68.14,2.83,2022,11,10.79
2022-11-21,0.0,22.42,8.92,14.01,62.23,2.9,2022,11,13.500000000000002
2022-11-22,0.0,21.56,8.89,13.69,59.6,3.49,2022,11,12.669999999999998
2022-11-23,0.0,22.24,6.5,13.09,56.52,3.44,2022,11,15.739999999999998
2022-11-24,0.0,22.49,7.77,15.07,49.81,2.47,2022,11,14.719999999999999
2022-11-25,0.0,22.93,11.92,16.47,47.77,1.88,2022,11,11.01
2022-11-26,0.0,22.33,11.74,15.94,54.32,2.25,2022,11,10.589999999999998
2022-11-27,0.0,22.15,11.15,15.58,55.89,2.17,2022,11,10.999999999999998
2022-11-28,0.0,22.56,10.95,16.1,53.04,1.71,2022,11,11.61
2022-11-29,0.0,21.51,12.38,15.52,57.92,2.24,2022,11,9.13
2022-11-30,0.0,22.44,11.89,15.36,57.67,2.2,2022,11,10.55
2022-12-01,0.0,22.6,12.01,16.12,56.01,2.08,2022,12,10.590000000000002
2022-12-02,0.0,20.92,11.64,15.76,56.21,1.63,2022,12,9.280000000000001
2022-12-03,0.0,20.35,9.66,13.82,63.92,2.14,2022,12,10.690000000000001
2022-12-04,0.0,21.11,11.03,14.7,57.19,2.05,2022,12,10.08
2022-12-05,0.0,20.91,9.73,14.8,55.54,2.04,2022,12,11.18
2022-12-06,0.0,20.9,9.95,14.58,56.48,2.29,2022,12,10.95
2022-12-07,0.0,20.0,8.61,12.84,60.92,3.32,2022,12,11.39
2022-12-08,0.0,18.84,10.24,13.14,60.31,2.35,2022,12,8.6
2022-12-09,0.63,20.96,8.54,14.22,66.44,2.48,2022,12,12.420000000000002
2022-12-10,1.28,21.06,10.03,14.41,67.17,2.36,2022,12,11.03
2022-12-11,0.0,21.47,8.37,13.2,65.31,2.76,2022,12,13.1
2022-12-12,0.0,20.16,9.5,13.41,59.21,2.15,2022,12,10.66
2022-12-13,0.0,19.51,7.85,12.15,67.6,3.47,2022,12,11.660000000000002
2022-12-14,0.0,19.74,7.82,12.26,57.62,3.04,2022,12,11.919999999999998
2022-12-15,0.0,21.28,9.7,13.65,51.86,2.84,2022,12,11.580000000000002
2022-12-16,0.0,21.37,9.84,14.8,47.43,2.04,2022,12,11.530000000000001
2022-12-17,0.0,20.65,11.08,14.3,50.57,2.44,2022,12,9.569999999999999
2022-12-18,0.0,20.51,9.86,14.21,47.2,1.88,2022,12,10.650000000000002
2022-12-19,0.0,19.38,9.95,13.61,51.66,1.8,2022,12,9.43
2022-12-20,0.0,19.37,9.64,13.24,56.09,1.96,2022,12,9.73
2022-12-21,0.0,19.21,7.53,12.33,60.43,2.19,2022,12,11.68
2022-12-22,0.0,18.76,7.64,11.76,57.11,2.14,2022,12,11.120000000000001
2022-12-23,0.0,17.58,7.74,11.55,49.38,1.64,2022,12,9.839999999999998
2022-12-24,0.0,16.17,5.74,9.38,61.62,2.37,2022,12,10.430000000000001
2022-12-25,0.0,14.48,5.36,9.5,60.08,2.16,2022,12,9.120000000000001
2022-12-26,0.0,18.46,6.47,10.91,58.65,2.48,2022,12,11.990000000000002
2022-12-27,0.0,17.26,6.46,10.45,59.06,2.81,2022,12,10.8
2022-12-28,0.0,17.83,7.37,12.01,51.51,1.98,2022,12,10.459999999999997
2022-12-29,7.74,18.79,9.58,13.07,66.71,1.57,2022,12,9.209999999999999
2022-12-30,1.83,14.82,6.51,9.82,83.81,2.06,2022,12,8.31
2022-12-31,0.0,16.93,5.71,9.87,69.16,2.88,2022,12,11.219999999999999
2023-01-01,0.0,17.45,5.67,11.01,52.7,1.92,2023,1,11.78
2023-01-02,0.0,16.73,5.93,10.08,54.69,2.05,2023,1,10.8
2023-01-03,0.0,15.9,4.62,8.89,57.09,2.58,2023,1,11.280000000000001
2023-01-04,0.0,17.56,4.73,9.3,55.6,2.97,2023,1,12.829999999999998
2023-01-05,0.0,18.68,4.28,10.79,45.6,1.9,2023,1,14.399999999999999
2023-01-06,0.0,15.17,6.33,9.69,54.46,1.69,2023,1,8.84
2023-01-07,0.0,17.04,5.74,10.78,57.03,2.83,2023,1,11.299999999999999
2023-01-08,1.73,18.13,7.7,11.87,68.85,2.35,2023,1,10.43
2023-01-09,0.01,17.84,7.68,12.14,69.42,2.25,2023,1,10.16
2023-01-10,0.04,17.03,9.17,12.41,67.79,1.94,2023,1,7.860000000000001
2023-01-11,16.29,12.54,7.63,10.44,86.57,2.3,2023,1,4.909999999999999
2023-01-12,12.61,10.71,2.68,8.1,87.94,2.56,2023,1,8.030000000000001
2023-01-13,2.26,12.76,1.99,6.45,69.34,2.12,2023,1,10.77
2023-01-14,0.19,14.14,0.63,6.16,70.03,2.35,2023,1,13.51
2023-01-15,0.0,14.65,3.5,7.37,57.99,2.37,2023,1,11.15
2023-01-16,0.0,14.56,2.66,7.33,60.58,2.5,2023,1,11.9
2023-01-17,0.0,15.64,3.66,7.92,55.73,2.85,2023,1,11.98
2023-01-18,0.0,15.31,1.68,8.06,55.97,2.39,2023,1,13.63
2023-01-19,0.08,16.28,6.44,10.47,46.06,1.45,2023,1,9.84
2023-01-20,0.69,15.23,4.06,8.98,61.75,2.11,2023,1,11.170000000000002
2023-01-21,4.06,14.31,4.04,8.34,73.16,2.13,2023,1,10.27
2023-01-22,0.49,13.95,4.5,8.34,70.47,1.92,2023,1,9.45
2023-01-23,0.7,14.52,2.96,8.34,72.31,2.2,2023,1,11.559999999999999
2023-01-24,5.57,14.86,5.38,9.53,70.48,1.77,2023,1,9.48
2023-01-25,2.39,14.25,2.86,7.71,76.95,2.35,2023,1,11.39
2023-01-26,0.08,16.07,3.46,8.54,69.99,2.29,2023,1,12.61
2023-01-27,0.01,18.31,4.71,9.82,57.75,2.43,2023,1,13.599999999999998
2023-01-28,0.0,20.09,4.88,11.01,55.04,2.64,2023,1,15.21
2023-01-29,0.47,17.25,6.52,11.03,63.7,3.62,2023,1,10.73
2023-01-30,27.91,12.08,5.52,8.76,88.92,3.22,2023,1,6.5600000000000005
2023-01-31,0.03,17.22,5.71,9.97,76.44,2.81,2023,1,11.509999999999998
2023-02-01,0.01,19.27,3.47,10.34,57.46,3.62,2023,2,15.799999999999999
2023-02-02,0.0,19.35,8.33,12.7,56.49,2.62,2023,2,11.020000000000001
2023-02-03,0.0,16.7,8.37,11.58,66.37,3.04,2023,2,8.33
2023-02-04,0.0,20.15,9.33,13.25,67.62,3.18,2023,2,10.819999999999999
2023-02-05,0.36,20.38,6.5,13.45,59.22,2.54,2023,2,13.879999999999999
2023-02-06,5.74,17.7,7.74,11.67,77.39,3.39,2023,2,9.959999999999999
2023-02-07,0.0,19.53,6.33,11.51,65.7,3.06,2023,2,13.200000000000001
2023-02-08,0.0,17.1,7.78,12.02,54.7,2.22,2023,2,9.32
2023-02-09,8.58,13.09,7.09,10.14,75.52,3.87,2023,2,6.0
2023-02-10,0.29,16.66,6.2,10.68,79.19,3.34,2023,2,10.46
2023-02-11,0.02,16.09,4.44,9.29,57.95,3.72,2023,2,11.649999999999999
2023-02-12,0.12,16.61,3.56,8.66,51.76,2.91,2023,2,13.049999999999999
2023-02-13,0.0,18.31,2.33,9.94,51.5,3.73,2023,2,15.979999999999999
2023-02-14,0.0,22.79,8.81,14.13,52.5,2.78,2023,2,13.979999999999999
2023-02-15,0.0,23.77,11.06,16.43,54.99,3.18,2023,2,12.709999999999999
2023-02-16,0.0,26.12,13.18,18.03,57.04,2.37,2023,2,12.940000000000001
2023-02-17,0.0,25.51,12.36,19.18,51.68,1.99,2023,2,13.150000000000002
2023-02-18,0.0,25.76,12.21,18.38,51.46,2.23,2023,2,13.55
2023-02-19,0.04,23.0,14.01,17.59,59.89,2.65,2023,2,8.99
2023-02-20,1.03,22.82,12.92,17.08,62.04,2.57,2023,2,9.9
2023-02-21,0.0,23.49,11.0,15.89,59.64,2.74,2023,2,12.489999999999998
2023-02-22,0.0,22.26,9.28,15.39,53.59,2.06,2023,2,12.980000000000002
2023-02-23,0.0,24.29,8.32,15.07,56.46,3.45,2023,2,15.969999999999999
2023-02-24,0.0,24.96,11.97,18.0,45.29,2.33,2023,2,12.99
2023-02-25,0.05,24.94,11.0,17.31,55.4,2.86,2023,2,13.940000000000001
2023-02-26,1.16,23.85,12.55,17.47,68.93,2.92,2023,2,11.3
2023-02-27,0.0,24.04,11.76,16.93,64.5,3.04,2023,2,12.28
2023-02-28,1.12,20.41,13.15,15.91,66.68,2.18,2023,2,7.26
2023-03-01,1.99,19.86,11.57,15.4,74.06,1.21,2023,3,8.29
2023-03-02,2.32,17.87,10.97,14.47,78.21,1.52,2023,3,6.9
2023-03-03,0.34,22.91,9.65,15.62,68.65,2.47,2023,3,13.26
2023-03-04,0.02,23.01,12.98,17.72,59.84,1.79,2023,3,10.030000000000001
2023-03-05,0.0,24.4,10.91,16.87,64.86,3.14,2023,3,13.489999999999998
2023-03-06,0.0,25.2,11.91,17.84,58.0,2.72,2023,3,13.29
2023-03-07,0.0,25.37,13.15,18.22,56.81,2.46,2023,3,12.22
2023-03-08,0.0,26.33,12.27,19.03,52.39,2.18,2023,3,14.059999999999999
2023-03-09,0.0,25.94,11.67,18.36,57.5,2.61,2023,3,14.270000000000001
2023-03-10,0.0,26.56,14.0,19.52,52.85,2.44,2023,3,12.559999999999999
2023-03-11,0.0,27.51,13.45,20.3,54.39,2.01,2023,3,14.060000000000002
2023-03-12,0.05,27.3,14.73,20.51,61.71,2.61,2023,3,12.57
2023-03-13,0.0,27.94,14.92,20.87,58.04,3.06,2023,3,13.020000000000001
2023-03-14,0.0,28.35,15.27,21.11,54.3,2.72,2023,3,13.080000000000002
2023-03-15,0.0,28.47,14.99,21.24,52.85,2.2,2023,3,13.479999999999999
2023-03-16,7.46,24.51,15.4,18.78,68.54,3.04,2023,3,9.110000000000001
2023-03-17,5.06,23.91,14.29,17.75,69.93,3.11,2023,3,9.620000000000001
2023-03-18,0.43,22.96,13.03,17.46,71.76,2.28,2023,3,9.930000000000001
2023-03-19,3.96,20.75,12.17,16.79,74.96,1.98,2023,3,8.58
2023-03-20,2.03,24.2,12.02,17.77,66.83,2.08,2023,3,12.18
2023-03-21,9.38,22.75,13.25,17.54,68.51,2.36,2023,3,9.5
2023-03-22,1.01,23.09,12.62,17.26,69.01,2.33,2023,3,10.47
2023-03-23,4.74,21.54,13.6,16.96,73.43,2.03,2023,3,7.9399999999999995
2023-03-24,16.16,17.58,13.03,14.43,79.72,3.46,2023,3,4.549999999999999
2023-03-25,10.49,17.64,10.01,14.26,83.93,2.61,2023,3,7.630000000000001
2023-03-26,0.04,23.23,9.12,16.08,63.35,1.95,2023,3,14.110000000000001
2023-03-27,0.02,24.29,11.5,17.53,60.65,2.68,2023,3,12.79
2023-03-28,0.99,24.05,12.86,18.53,60.53,2.74,2023,3,11.190000000000001
2023-03-29,0.19,25.53,14.25,19.1,68.52,2.55,2023,3,11.280000000000001
2023-03-30,2.97,26.56,14.61,19.82,68.92,2.59,2023,3,11.95
2023-03-31,22.51,18.77,13.55,16.08,85.1,2.57,2023,3,5.219999999999999
2023-04-01,6.44,20.08,12.63,16.02,83.64,1.77,2023,4,7.4499999999999975
2023-04-02,1.2,22.63,11.64,17.51,75.36,2.26,2023,4,10.989999999999998
2023-04-03,7.42,23.56,15.2,19.02,69.87,1.39,2023,4,8.36
2023-04-04,0.11,22.05,13.19,17.28,72.55,2.46,2023,4,8.860000000000001
2023-04-05,0.01,24.68,12.4,18.56,57.89,1.99,2023,4,12.28
2023-04-06,2.2,25.06,12.67,18.65,64.42,2.03,2023,4,12.389999999999999
2023-04-07,0.0,26.83,12.68,19.14,56.37,3.0,2023,4,14.149999999999999
2023-04-08,0.0,29.43,13.48,21.91,46.5,2.08,2023,4,15.95
2023-04-09,0.0,30.19,14.91,23.32,46.63,1.98,2023,4,15.280000000000001
2023-04-10,0.0,30.75,17.64,24.27,49.23,2.38,2023,4,13.11
2023-04-11,0.0,30.29,19.21,24.58,50.46,2.3,2023,4,11.079999999999998
2023-04-12,0.0,32.28,17.77,25.02,50.96,2.74,2023,4,14.510000000000002
2023-04-13,0.0,33.09,17.5,25.01,47.68,3.02,2023,4,15.590000000000003
2023-04-14,0.0,34.11,17.36,26.27,40.77,2.5,2023,4,16.75
2023-04-15,0.01,35.21,18.15,27.16,40.61,2.44,2023,4,17.060000000000002
2023-04-16,0.51,33.75,19.16,25.18,50.5,4.42,2023,4,14.59
2023-04-17,0.53,33.75,18.62,25.89,51.22,2.71,2023,4,15.129999999999999
2023-04-18,12.41,26.26,18.9,22.41,67.86,2.98,2023,4,7.360000000000003
2023-04-19,20.46,24.84,16.82,20.85,71.5,1.53,2023,4,8.02
2023-04-20,6.47,24.75,15.5,19.89,69.25,2.79,2023,4,9.25
2023-04-21,0.44,26.32,13.75,19.68,59.52,2.7,2023,4,12.57
2023-04-22,0.2,28.02,13.47,20.74,53.12,2.55,2023,4,14.549999999999999
2023-04-23,0.89,31.34,12.93,21.72,46.43,2.94,2023,4,18.41
2023-04-24,0.0,31.62,13.87,23.3,41.53,2.73,2023,4,17.75
2023-04-25,0.0,31.25,15.44,23.67,44.74,2.67,2023,4,15.81
2023-04-26,1.92,32.6,17.55,24.89,47.06,2.56,2023,4,15.05
2023-04-27,1.22,32.57,17.86,25.26,49.64,3.55,2023,4,14.71
2023-04-28,12.06,29.11,18.24,23.44,62.44,1.92,2023,4,10.870000000000001
2023-04-29,0.04,31.72,16.88,24.01,53.4,2.59,2023,4,14.84
2023-04-30,0.0,31.31,17.23,25.03,48.77,2.18,2023,4,14.079999999999998
2023-05-01,2.75,24.47,18.03,21.59,74.28,2.03,2023,5,6.439999999999998
2023-05-02,15.44,20.85,16.45,18.57,87.34,2.8,2023,5,4.400000000000002
2023-05-03,1.27,25.31,16.27,20.12,75.78,1.85,2023,5,9.04
2023-05-04,4.6,27.2,16.78,22.22,68.51,1.92,2023,5,10.419999999999998
2023-05-05,3.26,28.63,18.64,23.89,60.55,1.82,2023,5,9.989999999999998
2023-05-06,1.33,30.55,18.7,24.47,57.03,2.48,2023,5,11.850000000000001
2023-05-07,4.32,26.52,18.64,22.0,66.09,2.34,2023,5,7.879999999999999
2023-05-08,2.31,29.23,16.71,22.4,52.1,3.01,2023,5,12.52
2023-05-09,0.03,30.37,14.3,22.25,47.64,2.98,2023,5,16.07
2023-05-10,0.0,33.89,15.09,24.15,43.45,4.09,2023,5,18.8
2023-05-11,0.0,36.88,18.5,27.77,33.97,2.64,2023,5,18.380000000000003
2023-05-12,0.0,36.81,21.18,29.24,36.19,1.65,2023,5,15.630000000000003
2023-05-13,0.18,36.9,22.34,28.37,45.67,4.83,2023,5,14.559999999999999
2023-05-14,0.61,34.42,21.13,27.39,47.18,2.91,2023,5,13.290000000000003
2023-05-15,0.7,36.48,19.28,27.74,42.6,2.96,2023,5,17.199999999999996
2023-05-16,0.01,32.27,21.39,26.36,50.44,3.87,2023,5,10.880000000000003
2023-05-17,0.0,37.05,21.65,29.21,43.23,2.13,2023,5,15.399999999999999
2023-05-18,7.35,31.67,21.41,26.7,56.47,2.1,2023,5,10.260000000000002
2023-05-19,0.0,35.27,19.55,27.53,47.64,3.46,2023,5,15.720000000000002
2023-05-20,0.02,37.51,19.8,28.55,37.48,3.34,2023,5,17.709999999999997
2023-05-21,0.0,39.83,21.23,30.43,34.2,3.23,2023,5,18.599999999999998
2023-05-22,0.0,40.79,22.74,31.18,37.32,3.64,2023,5,18.05
2023-05-23,2.93,37.62,23.61,30.99,43.54,2.58,2023,5,14.009999999999998
2023-05-24,3.55,33.53,23.22,28.32,55.66,3.34,2023,5,10.310000000000002
2023-05-25,5.97,32.35,21.63,26.82,61.27,2.94,2023,5,10.720000000000002
2023-05-26,4.85,32.27,19.93,24.94,63.07,3.11,2023,5,12.340000000000003
2023-05-27,0.09,33.42,18.29,26.45,48.38,2.24,2023,5,15.130000000000003
2023-05-28,0.3,34.97,19.49,27.95,42.72,1.8,2023,5,15.48
2023-05-29,4.05,31.59,21.64,26.33,58.88,1.98,2023,5,9.95
2023-05-30,3.14,25.51,19.9,21.98,72.37,3.07,2023,5,5.610000000000003
2023-05-31,16.73,25.39,19.54,21.98,78.32,2.94,2023,5,5.850000000000001
2023-06-01,30.9,22.31,17.25,19.66,83.52,3.25,2023,6,5.059999999999999
2023-06-02,0.07,30.96,16.53,24.58,60.69,2.38,2023,6,14.43
2023-06-03,0.03,32.49,19.28,26.39,55.25,1.27,2023,6,13.21
2023-06-04,0.06,34.91,21.89,28.31,52.2,2.21,2023,6,13.019999999999996
2023-06-05,0.03,35.52,21.83,28.51,51.42,2.1,2023,6,13.690000000000005
2023-06-06,0.34,36.61,25.39,30.69,42.74,2.01,2023,6,11.219999999999999
2023-06-07,11.47,33.17,22.11,28.04,58.8,2.69,2023,6,11.060000000000002
2023-06-08,0.85,35.87,22.31,29.31,57.52,1.79,2023,6,13.559999999999999
2023-06-09,0.0,38.42,24.33,31.15,50.48,1.86,2023,6,14.090000000000003
2023-06-10,4.41,38.95,25.27,32.2,49.84,1.84,2023,6,13.680000000000003
2023-06-11,1.89,37.84,27.62,32.43,48.4,1.61,2023,6,10.220000000000002
2023-06-12,0.0,38.57,25.38,32.3,46.57,1.52,2023,6,13.190000000000001
2023-06-13,0.69,39.26,26.05,32.45,48.35,2.42,2023,6,13.209999999999997
2023-06-14,8.78,38.59,24.72,32.04,51.64,2.73,2023,6,13.870000000000005
2023-06-15,7.65,34.37,25.87,30.01,63.06,2.17,2023,6,8.499999999999996
2023-06-16,0.24,34.8,25.7,30.27,61.66,1.65,2023,6,9.099999999999998
2023-06-17,0.54,37.35,26.84,32.5,51.34,1.07,2023,6,10.510000000000002
2023-06-18,6.01,37.54,26.78,32.97,51.53,1.7,2023,6,10.759999999999998
2023-06-19,3.01,38.16,25.97,32.15,56.9,2.2,2023,6,12.189999999999998
2023-06-20,0.0,39.63,26.09,32.85,51.75,2.47,2023,6,13.540000000000003
2023-06-21,0.0,40.69,27.08,34.01,50.37,2.03,2023,6,13.61
2023-06-22,0.0,42.5,27.88,35.89,46.2,1.9,2023,6,14.620000000000001
2023-06-23,0.0,42.79,28.77,36.17,46.58,1.72,2023,6,14.02
2023-06-24,0.46,40.91,29.29,35.11,51.37,1.85,2023,6,11.619999999999997
2023-06-25,18.0,38.17,29.52,33.81,56.41,2.3,2023,6,8.650000000000002
2023-06-26,40.34,32.03,25.34,28.31,77.4,4.72,2023,6,6.690000000000001
2023-06-27,1.09,34.57,24.84,29.36,68.94,1.78,2023,6,9.73
2023-06-28,9.32,34.58,25.32,30.05,68.76,1.52,2023,6,9.259999999999998
2023-06-29,8.42,34.43,25.64,30.3,68.5,1.65,2023,6,8.79
2023-06-30,26.41,33.38,26.58,30.09,65.98,1.15,2023,6,6.800000000000004
2023-07-01,0.81,34.55,24.42,30.18,61.9,1.57,2023,7,10.129999999999995
2023-07-02,0.06,36.93,26.32,31.93,58.46,1.72,2023,7,10.61
2023-07-03,29.84,35.22,27.03,31.69,62.87,1.21,2023,7,8.189999999999998
2023-07-04,18.15,34.78,25.34,30.14,71.67,3.04,2023,7,9.440000000000001
2023-07-05,1.83,32.48,23.17,28.19,74.83,2.76,2023,7,9.309999999999995
2023-07-06,7.34,32.78,24.44,28.66,75.09,1.55,2023,7,8.34
2023-07-07,14.55,32.44,24.72,28.53,70.04,1.47,2023,7,7.719999999999999
2023-07-08,18.15,31.75,23.94,27.41,75.39,2.15,2023,7,7.809999999999999
2023-07-09,1.59,32.65,22.96,27.64,72.24,1.86,2023,7,9.689999999999998
2023-07-10,1.17,33.15,23.77,28.67,72.04,1.22,2023,7,9.379999999999999
2023-07-11,0.0,34.84,24.65,30.04,65.75,1.94,2023,7,10.190000000000005
2023-07-12,0.02,34.92,24.25,30.44,67.62,2.16,2023,7,10.670000000000002
2023-07-13,3.35,35.9,25.95,30.9,72.52,2.23,2023,7,9.95
2023-07-14,1.96,33.15,26.35,29.73,75.57,2.2,2023,7,6.799999999999997
2023-07-15,35.14,29.2,25.22,27.26,85.42,1.74,2023,7,3.9800000000000004
2023-07-16,16.16,33.21,25.9,29.74,73.3,1.14,2023,7,7.310000000000002
2023-07-17,3.92,34.5,25.53,30.19,74.32,1.36,2023,7,8.969999999999999
2023-07-18,8.41,33.72,25.84,29.82,79.89,2.03,2023,7,7.879999999999999
2023-07-19,84.69,27.85,25.59,26.91,94.7,3.25,2023,7,2.2600000000000016
2023-07-20,7.72,31.27,25.21,28.36,83.11,2.59,2023,7,6.059999999999999
2023-07-21,2.26,31.01,25.82,27.92,87.01,3.4,2023,7,5.190000000000001
2023-07-22,37.44,31.33,25.19,27.69,88.79,4.41,2023,7,6.139999999999997
2023-07-23,11.37,31.34,24.35,28.18,79.31,2.19,2023,7,6.989999999999998
2023-07-24,33.69,31.75,24.79,28.86,76.98,1.53,2023,7,6.960000000000001
2023-07-25,10.47,32.47,26.12,29.27,76.89,1.63,2023,7,6.349999999999998
2023-07-26,5.72,32.17,25.16,28.6,82.42,2.18,2023,7,7.010000000000002
2023-07-27,21.97,31.4,24.77,27.99,85.02,2.48,2023,7,6.629999999999999
2023-07-28,21.33,31.1,24.6,27.84,83.12,2.15,2023,7,6.5
2023-07-29,21.75,31.1,24.63,27.79,84.25,1.85,2023,7,6.470000000000002
2023-07-30,0.05,32.24,24.31,28.5,78.86,1.71,2023,7,7.930000000000003
2023-07-31,5.87,32.32,25.54,29.04,74.74,1.52,2023,7,6.780000000000001
2023-08-01,2.25,33.31,25.04,29.39,75.02,1.64,2023,8,8.270000000000003
2023-08-02,3.43,33.61,25.53,30.17,76.38,1.89,2023,8,8.079999999999998
2023-08-03,10.78,32.88,26.1,29.63,79.87,2.12,2023,8,6.780000000000001
2023-08-04,10.47,33.26,26.12,29.84,79.2,2.1,2023,8,7.139999999999997
2023-08-05,13.78,32.85,25.84,29.61,79.7,2.05,2023,8,7.010000000000002
2023-08-06,17.0,33.09,27.22,30.13,73.61,1.64,2023,8,5.8700000000000045
2023-08-07,9.03,32.17,25.14,29.03,78.14,1.62,2023,8,7.030000000000001
2023-08-08,1.27,33.31,25.84,30.04,69.06,1.89,2023,8,7.470000000000002
2023-08-09,0.73,33.07,25.89,30.2,73.77,1.55,2023,8,7.18
2023-08-10,0.4,33.35,26.19,29.8,79.02,1.67,2023,8,7.16
2023-08-11,7.5,30.85,25.21,27.56,83.34,1.39,2023,8,5.640000000000001
2023-08-12,0.01,33.71,25.27,29.74,74.15,1.72,2023,8,8.440000000000001
2023-08-13,0.08,33.65,25.91,29.98,74.62,2.05,2023,8,7.739999999999998
2023-08-14,12.08,32.62,25.67,29.13,82.02,2.8,2023,8,6.949999999999996
2023-08-15,23.61,31.7,24.55,28.32,80.77,2.44,2023,8,7.149999999999999
2023-08-16,1.27,31.66,24.91,28.91,76.38,1.59,2023,8,6.75
2023-08-17,8.05,31.91,26.2,29.0,78.15,1.54,2023,8,5.710000000000001
2023-08-18,1.89,32.94,25.38,29.54,76.15,1.51,2023,8,7.559999999999999
2023-08-19,0.05,33.77,25.49,29.99,74.15,1.22,2023,8,8.280000000000005
2023-08-20,0.01,33.29,25.8,29.88,71.56,1.23,2023,8,7.489999999999998
2023-08-21,0.0,33.44,25.59,29.58,76.09,1.87,2023,8,7.849999999999998
2023-08-22,0.0,33.87,26.51,30.44,76.3,2.2,2023,8,7.359999999999996
2023-08-23,4.66,34.47,26.91,30.82,74.55,1.71,2023,8,7.559999999999999
2023-08-24,12.86,31.87,25.63,28.72,78.55,1.98,2023,8,6.240000000000002
2023-08-25,10.82,32.33,24.68,28.51,72.59,1.75,2023,8,7.649999999999999
2023-08-26,2.38,30.97,23.43,27.53,73.73,1.52,2023,8,7.539999999999999
2023-08-27,2.6,31.09,23.81,27.66,72.46,1.8,2023,8,7.280000000000001
2023-08-28,3.66,31.43,24.88,28.01,71.26,1.23,2023,8,6.550000000000001
2023-08-29,0.14,31.23,23.85,27.43,77.46,1.74,2023,8,7.379999999999999
2023-08-30,0.0,31.97,23.6,27.89,73.91,1.98,2023,8,8.369999999999997
2023-08-31,0.0,32.62,23.99,28.54,73.47,1.75,2023,8,8.629999999999999
2023-09-01,0.0,32.92,24.92,29.04,73.12,1.53,2023,9,8.0
2023-09-02,1.2,32.94,25.21,28.95,72.34,1.64,2023,9,7.729999999999997
2023-09-03,0.01,31.89,23.78,27.94,72.52,1.6,2023,9,8.11
2023-09-04,0.47,32.58,23.92,28.27,73.94,1.85,2023,9,8.659999999999997
2023-09-05,13.4,29.02,23.47,26.07,82.46,2.23,2023,9,5.550000000000001
2023-09-06,0.0,32.0,23.28,27.41,74.93,1.95,2023,9,8.719999999999999
2023-09-07,0.0,32.29,24.04,27.85,73.57,2.15,2023,9,8.25
2023-09-08,1.52,32.51,23.19,27.8,73.35,2.0,2023,9,9.319999999999997
2023-09-09,15.41,32.09,23.84,27.88,77.48,2.13,2023,9,8.250000000000004
2023-09-10,1.95,31.94,23.36,27.77,76.1,2.15,2023,9,8.580000000000002
2023-09-11,0.62,31.99,23.83,28.01,77.82,2.26,2023,9,8.16
2023-09-12,0.04,32.26,25.02,28.32,77.01,1.91,2023,9,7.239999999999998
2023-09-13,0.04,33.13,24.19,28.62,76.46,1.77,2023,9,8.940000000000001
2023-09-14,4.09,33.5,25.94,29.54,73.14,1.46,2023,9,7.559999999999999
2023-09-15,7.09,33.45,25.19,29.18,75.58,1.74,2023,9,8.260000000000002
2023-09-16,38.14,31.29,24.52,27.72,80.32,1.64,2023,9,6.77
2023-09-17,8.71,31.27,24.3,27.43,81.99,1.57,2023,9,6.969999999999999
2023-09-18,1.06,30.17,23.58,26.63,81.82,1.87,2023,9,6.590000000000003
2023-09-19,0.07,30.49,23.12,26.83,77.56,1.48,2023,9,7.369999999999997
2023-09-20,0.02,31.1,23.17,26.99,77.74,1.21,2023,9,7.93
2023-09-21,2.11,30.94,23.29,26.96,78.47,1.62,2023,9,7.650000000000002
2023-09-22,7.35,30.24,23.46,26.68,80.6,1.99,2023,9,6.779999999999998
2023-09-23,21.79,29.91,23.44,26.46,82.22,2.28,2023,9,6.469999999999999
2023-09-24,5.07,28.79,22.4,25.55,80.09,1.62,2023,9,6.390000000000001
2023-09-25,13.88,27.62,20.42,23.85,80.62,1.85,2023,9,7.199999999999999
2023-09-26,0.0,29.69,18.77,24.18,64.81,2.01,2023,9,10.920000000000002
2023-09-27,0.0,29.97,19.65,24.5,62.01,2.22,2023,9,10.32
2023-09-28,0.0,30.37,19.86,24.78,60.27,1.78,2023,9,10.510000000000002
2023-09-29,0.91,29.24,19.01,23.73,63.87,1.96,2023,9,10.229999999999997
2023-09-30,0.02,28.22,16.83,22.51,63.48,2.59,2023,9,11.39
2023-10-01,0.0,30.72,18.79,24.36,48.5,1.74,2023,10,11.93
2023-10-02,0.01,29.09,19.44,23.81,53.93,1.54,2023,10,9.649999999999999
2023-10-03,0.02,28.98,18.85,23.51,56.53,2.15,2023,10,10.129999999999999
2023-10-04,0.0,30.36,17.28,23.73,55.43,2.32,2023,10,13.079999999999998
2023-10-05,0.0,31.37,18.69,24.76,48.59,2.49,2023,10,12.68
2023-10-06,0.0,30.97,18.65,24.57,49.68,2.03,2023,10,12.32
2023-10-07,0.0,31.07,19.72,24.9,55.97,1.89,2023,10,11.350000000000001
2023-10-08,0.0,30.13,20.99,25.34,62.55,2.27,2023,10,9.14
2023-10-09,6.95,29.26,20.67,24.6,72.84,1.94,2023,10,8.59
2023-10-10,3.06,27.51,17.91,22.54,74.03,2.24,2023,10,9.600000000000001
2023-10-11,0.0,28.8,16.33,22.47,61.03,2.85,2023,10,12.470000000000002
2023-10-12,0.0,29.39,18.32,23.08,56.89,2.13,2023,10,11.07
2023-10-13,0.14,28.35,17.99,22.42,66.49,2.39,2023,10,10.360000000000003
2023-10-14,10.95,26.99,18.26,22.29,71.53,1.44,2023,10,8.729999999999997
2023-10-15,4.64,25.89,17.4,21.27,67.98,2.15,2023,10,8.490000000000002
2023-10-16,17.91,20.75,16.6,18.49,83.85,1.82,2023,10,4.149999999999999
2023-10-17,10.58,21.57,13.68,17.84,85.42,2.23,2023,10,7.890000000000001
2023-10-18,0.0,24.03,12.63,17.69,66.5,2.56,2023,10,11.4
2023-10-19,0.0,25.01,13.77,19.21,59.09,1.99,2023,10,11.240000000000002
2023-10-20,0.0,25.34,15.15,20.02,61.07,1.47,2023,10,10.19
2023-10-21,0.0,25.94,16.17,20.43,66.95,1.96,2023,10,9.77
2023-10-22,4.78,23.56,15.32,19.32,76.88,1.71,2023,10,8.239999999999998
2023-10-23,0.0,25.21,14.15,19.28,67.67,2.13,2023,10,11.06
2023-10-24,0.01,25.88,14.46,20.21,62.51,1.69,2023,10,11.419999999999998
2023-10-25,0.05,26.95,14.93,20.38,59.85,2.53,2023,10,12.02
2023-10-26,0.0,27.72,15.45,20.87,57.61,2.5,2023,10,12.27
2023-10-27,0.0,26.44,16.21,20.99,60.45,2.24,2023,10,10.23
2023-10-28,0.0,27.08,16.71,21.38,61.73,2.22,2023,10,10.369999999999997
2023-10-29,0.0,27.28,16.25,21.19,64.57,1.85,2023,10,11.030000000000001
2023-10-30,0.0,26.56,16.91,20.9,68.6,1.61,2023,10,9.649999999999999
2023-10-31,0.0,26.4,16.56,21.15,66.86,1.45,2023,10,9.84
2023-11-01,0.26,25.3,16.99,20.41,72.57,1.71,2023,11,8.310000000000002
2023-11-02,1.43,25.22,16.41,20.32,69.36,1.54,2023,11,8.809999999999999
2023-11-03,0.0,25.95,14.35,19.55,62.65,2.46,2023,11,11.6
2023-11-04,0.0,26.2,13.93,19.41,58.51,2.09,2023,11,12.27
2023-11-05,0.0,25.95,14.06,19.21,56.62,2.45,2023,11,11.889999999999999
2023-11-06,0.0,25.83,15.09,19.8,59.8,1.49,2023,11,10.739999999999998
2023-11-07,0.0,24.47,16.22,19.05,72.8,2.08,2023,11,8.25
2023-11-08,0.0,24.65,16.42,19.92,67.9,1.71,2023,11,8.229999999999997
2023-11-09,12.06,24.81,16.23,19.71,63.28,1.5,2023,11,8.579999999999998
2023-11-10,46.52,21.82,11.69,16.59,79.65,1.72,2023,11,10.13
2023-11-11,0.09,21.37,10.89,15.24,64.76,2.44,2023,11,10.48
2023-11-12,0.0,22.25,11.23,16.01,56.61,2.22,2023,11,11.02
2023-11-13,0.0,22.46,12.32,16.68,51.95,1.66,2023,11,10.14
2023-11-14,0.0,23.82,11.79,16.96,51.35,2.11,2023,11,12.030000000000001
2023-11-15,0.0,24.24,11.62,17.15,52.73,2.35,2023,11,12.62
2023-11-16,0.0,24.96,13.55,18.34,48.1,1.7,2023,11,11.41
2023-11-17,0.0,24.75,13.28,18.04,48.34,1.97,2023,11,11.47
2023-11-18,0.0,23.47,14.02,17.73,53.21,1.88,2023,11,9.45
2023-11-19,0.0,23.58,14.57,18.5,52.25,1.28,2023,11,9.009999999999998
2023-11-20,0.0,22.11,11.74,16.53,59.46,1.91,2023,11,10.37
2023-11-21,0.0,22.64,11.92,16.06,58.14,2.7,2023,11,10.72
2023-11-22,0.0,22.37,11.35,15.89,57.99,2.37,2023,11,11.020000000000001
2023-11-23,0.0,22.07,11.59,15.88,60.47,2.03,2023,11,10.48
2023-11-24,0.0,22.71,11.62,15.34,62.14,2.88,2023,11,11.090000000000002
2023-11-25,0.0,24.61,11.75,17.46,44.62,1.54,2023,11,12.86
2023-11-26,0.0,19.89,12.81,15.6,66.0,1.97,2023,11,7.08
2023-11-27,0.0,23.74,12.55,16.96,57.42,1.86,2023,11,11.189999999999998
2023-11-28,0.0,23.91,11.64,16.88,59.66,2.37,2023,11,12.27
2023-11-29,0.01,23.45,12.85,17.32,59.53,2.15,2023,11,10.6
2023-11-30,5.59,18.48,11.59,14.45,79.94,2.03,2023,11,6.890000000000001
2023-12-01,0.41,21.18,10.0,14.23,74.27,2.91,2023,12,11.18
2023-12-02,0.0,22.02,9.31,14.68,58.27,2.15,2023,12,12.709999999999999
2023-12-03,0.0,22.5,12.47,16.26,53.89,1.9,2023,12,10.03
2023-12-04,0.0,21.81,9.99,14.67,57.49,2.75,2023,12,11.819999999999999
2023-12-05,0.0,20.91,8.55,13.52,53.96,2.44,2023,12,12.36
2023-12-06,0.0,20.94,9.26,13.36,51.13,2.35,2023,12,11.680000000000001
2023-12-07,0.0,21.56,10.06,14.55,43.83,1.94,2023,12,11.499999999999998
2023-12-08,0.0,19.74,9.5,14.06,45.13,1.77,2023,12,10.239999999999998
2023-12-09,0.0,20.63,10.1,13.82,50.72,2.28,2023,12,10.53
2023-12-10,0.0,21.13,7.61,12.54,54.85,3.43,2023,12,13.52
2023-12-11,0.0,20.03,7.67,12.85,44.26,2.05,2023,12,12.360000000000001
2023-12-12,0.0,18.63,7.85,12.12,51.7,1.79,2023,12,10.78
2023-12-13,0.0,18.63,7.76,11.88,50.4,1.69,2023,12,10.87
2023-12-14,0.0,18.93,8.26,12.38,49.47,2.01,2023,12,10.67
2023-12-15,0.0,19.48,8.09,12.76,50.97,2.24,2023,12,11.39
2023-12-16,0.49,16.67,6.89,11.1,59.2,1.86,2023,12,9.780000000000001
2023-12-17,0.02,18.53,6.71,10.51,63.47,2.66,2023,12,11.82
2023-12-18,0.0,20.18,6.75,11.19,53.71,3.04,2023,12,13.43
2023-12-19,0.0,21.25,7.89,12.32,43.63,2.67,2023,12,13.36
2023-12-20,0.0,21.59,9.44,13.34,42.39,2.76,2023,12,12.15
2023-12-21,0.0,21.93,10.01,14.77,37.07,2.38,2023,12,11.92
2023-12-22,0.0,22.16,10.15,14.78,41.86,2.08,2023,12,12.01
2023-12-23,0.47,22.35,9.66,14.95,45.37,1.74,2023,12,12.690000000000001
2023-12-24,0.82,22.33,9.86,13.67,55.3,2.61,2023,12,12.469999999999999
2023-12-25,0.0,23.48,9.87,15.22,53.37,2.55,2023,12,13.610000000000001
2023-12-26,0.0,22.59,11.55,15.59,47.99,1.97,2023,12,11.04
2023-12-27,0.0,21.43,10.13,14.12,49.48,2.22,2023,12,11.299999999999999
2023-12-28,0.0,22.68,8.44,13.63,52.6,3.23,2023,12,14.24
2023-12-29,0.0,19.74,7.64,12.99,58.01,2.03,2023,12,12.099999999999998
2023-12-30,0.0,17.26,9.11,12.93,56.34,1.37,2023,12,8.150000000000002
2023-12-31,0.0,20.39,8.44,13.12,51.24,1.78,2023,12,11.950000000000001
2024-01-01,0.0,19.23,8.68,12.11,53.84,1.99,2024,1,10.55
2024-01-02,0.0,17.58,8.16,11.69,53.72,1.4,2024,1,9.419999999999998
2024-01-03,0.0,17.9,7.47,11.25,56.06,2.03,2024,1,10.43
2024-01-04,0.0,19.22,6.12,12.35,48.72,1.66,2024,1,13.099999999999998
2024-01-05,0.0,17.98,8.62,12.14,48.64,1.27,2024,1,9.360000000000001
2024-01-06,0.0,18.42,7.59,11.84,47.37,1.48,2024,1,10.830000000000002
2024-01-07,0.0,19.39,8.0,12.05,51.51,1.53,2024,1,11.39
2024-01-08,0.0,18.01,7.61,11.39,58.59,1.89,2024,1,10.400000000000002
2024-01-09,0.0,19.36,8.21,12.89,51.79,1.23,2024,1,11.149999999999999
2024-01-10,0.0,17.92,6.49,11.14,53.61,2.01,2024,1,11.430000000000001
2024-01-11,0.0,19.54,6.31,11.77,46.52,1.97,2024,1,13.23
2024-01-12,0.0,17.97,6.74,11.79,51.37,2.19,2024,1,11.229999999999999
2024-01-13,0.0,20.49,9.01,13.77,41.54,1.41,2024,1,11.479999999999999
2024-01-14,0.0,20.28,7.92,12.94,41.04,1.58,2024,1,12.360000000000001
2024-01-15,0.0,19.58,6.48,12.43,41.69,1.84,2024,1,13.099999999999998
2024-01-16,0.0,18.45,6.33,11.11,48.44,2.06,2024,1,12.12
2024-01-17,0.0,19.06,6.54,11.83,46.29,1.66,2024,1,12.52
2024-01-18,0.0,18.93,7.92,12.24,47.73,1.62,2024,1,11.01
2024-01-19,0.0,18.38,8.44,12.17,49.86,1.88,2024,1,9.94
2024-01-20,0.0,17.94,7.11,11.14,53.52,1.96,2024,1,10.830000000000002
2024-01-21,0.0,19.2,5.77,10.97,52.6,2.41,2024,1,13.43
2024-01-22,0.0,17.75,6.67,11.45,45.2,1.48,2024,1,11.08
2024-01-23,0.0,18.17,5.95,10.65,48.27,1.87,2024,1,12.220000000000002
2024-01-24,0.0,16.78,5.89,10.36,48.85,1.95,2024,1,10.89
2024-01-25,0.02,16.74,7.03,10.88,48.91,1.6,2024,1,9.709999999999997
2024-01-26,0.07,18.29,5.55,11.04,60.48,2.31,2024,1,12.739999999999998
2024-01-27,0.0,19.9,7.18,12.14,59.36,2.88,2024,1,12.719999999999999
2024-01-28,2.35,20.33,9.27,12.62,69.33,3.01,2024,1,11.059999999999999
2024-01-29,0.74,17.95,9.15,12.8,65.82,3.06,2024,1,8.799999999999999
2024-01-30,8.52,19.12,8.28,12.71,69.7,2.12,2024,1,10.840000000000002
2024-01-31,20.55,15.54,9.89,11.95,83.21,3.19,2024,1,5.649999999999999
2024-02-01,5.02,14.1,4.07,10.21,69.24,1.93,2024,2,10.03
2024-02-02,0.0,16.27,1.02,7.71,52.84,3.34,2024,2,15.25
2024-02-03,3.17,13.71,4.91,8.85,67.27,2.74,2024,2,8.8
2024-02-04,2.79,13.87,4.34,8.69,77.67,2.69,2024,2,9.53
2024-02-05,0.02,15.46,3.95,9.07,57.14,1.68,2024,2,11.510000000000002
2024-02-06,0.34,16.35,4.61,9.58,50.81,2.05,2024,2,11.740000000000002
2024-02-07,0.0,16.87,3.97,9.01,50.95,3.18,2024,2,12.9
2024-02-08,0.0,21.04,1.33,10.05,43.08,4.15,2024,2,19.71
2024-02-09,0.0,21.73,4.3,12.41,36.75,2.38,2024,2,17.43
2024-02-10,0.0,21.72,4.93,12.33,43.83,2.99,2024,2,16.79
2024-02-11,0.0,22.23,6.11,13.62,40.4,2.45,2024,2,16.12
2024-02-12,0.0,21.19,7.38,13.49,44.26,2.15,2024,2,13.810000000000002
2024-02-13,0.0,22.99,10.16,15.44,40.17,1.68,2024,2,12.829999999999998
2024-02-14,0.0,22.94,7.74,13.8,44.18,3.37,2024,2,15.200000000000001
2024-02-15,0.0,23.4,8.32,15.21,35.99,2.19,2024,2,15.079999999999998
2024-02-16,0.0,24.33,9.33,15.5,39.71,2.14,2024,2,14.999999999999998
2024-02-17,0.0,23.72,10.0,16.7,39.62,2.06,2024,2,13.719999999999999
2024-02-18,6.21,17.08,10.34,13.12,61.92,4.84,2024,2,6.739999999999998
2024-02-19,32.73,15.73,8.75,11.78,81.98,6.68,2024,2,6.98
2024-02-20,3.03,18.83,6.31,11.79,64.47,3.07,2024,2,12.52
2024-02-21,0.14,18.54,4.31,10.64,56.49,3.11,2024,2,14.23
2024-02-22,0.16,17.56,3.4,9.64,54.07,3.14,2024,2,14.159999999999998
2024-02-23,0.0,18.94,4.84,10.76,48.32,3.07,2024,2,14.100000000000001
2024-02-24,0.01,18.75,7.29,12.12,42.03,2.14,2024,2,11.46
2024-02-25,0.01,19.24,6.94,12.6,50.91,2.12,2024,2,12.299999999999997
2024-02-26,0.1,19.07,7.57,11.86,54.52,2.7,2024,2,11.5
2024-02-27,0.0,19.44,6.42,12.7,55.46,2.23,2024,2,13.020000000000001
2024-02-28,0.0,21.92,8.02,13.84,58.69,3.18,2024,2,13.900000000000002
2024-02-29,0.0,20.33,9.35,13.93,56.62,2.21,2024,2,10.979999999999999
2024-03-01,14.32,14.99,9.39,12.04,78.72,5.32,2024,3,5.6
2024-03-02,40.15,15.79,8.32,12.64,90.11,6.87,2024,3,7.469999999999999
2024-03-03,2.41,15.4,5.84,10.0,68.37,4.59,2024,3,9.56
2024-03-04,0.04,16.6,3.16,9.3,56.93,2.31,2024,3,13.440000000000001
2024-03-05,0.0,18.33,3.45,10.36,55.49,2.86,2024,3,14.879999999999999
2024-03-06,0.0,17.71,6.19,11.86,50.67,1.74,2024,3,11.52
2024-03-07,0.01,19.15,5.55,12.46,54.09,2.29,2024,3,13.599999999999998
2024-03-08,0.0,20.85,7.76,13.43,57.55,2.87,2024,3,13.090000000000002
2024-03-09,0.0,23.51,7.51,14.81,54.92,3.56,2024,3,16.0
2024-03-10,0.0,24.03,10.75,17.62,45.65,2.11,2024,3,13.280000000000001
2024-03-11,0.0,22.02,11.83,16.29,56.84,2.47,2024,3,10.19
2024-03-12,0.0,24.49,10.54,17.54,53.63,2.22,2024,3,13.95
2024-03-13,34.1,19.61,10.24,14.9,69.74,2.12,2024,3,9.37
2024-03-14,0.02,20.99,8.46,13.91,69.63,2.62,2024,3,12.529999999999998
2024-03-15,0.0,22.78,7.68,14.67,54.98,3.67,2024,3,15.100000000000001
2024-03-16,0.0,24.4,10.98,16.97,45.22,2.49,2024,3,13.419999999999998
2024-03-17,0.0,24.82,10.03,16.9,53.38,3.35,2024,3,14.790000000000001
2024-03-18,0.0,26.08,12.35,18.96,49.71,2.67,2024,3,13.729999999999999
2024-03-19,0.0,26.51,12.55,18.91,55.77,2.99,2024,3,13.96
2024-03-20,0.0,28.8,13.03,20.71,52.2,2.51,2024,3,15.770000000000001
2024-03-21,4.52,26.21,14.84,19.59,60.07,3.0,2024,3,11.370000000000001
2024-03-22,0.96,25.19,14.69,19.31,67.02,2.52,2024,3,10.500000000000002
2024-03-23,0.0,27.9,13.27,20.02,59.52,3.25,2024,3,14.629999999999999
2024-03-24,0.0,27.62,15.31,20.39,56.15,3.29,2024,3,12.31
2024-03-25,0.0,27.63,14.46,20.66,57.79,3.2,2024,3,13.169999999999998
2024-03-26,0.0,30.53,14.77,21.93,57.53,3.46,2024,3,15.760000000000002
2024-03-27,4.09,27.94,17.64,21.74,63.44,2.54,2024,3,10.3
2024-03-28,0.29,25.86,17.03,20.69,72.91,2.0,2024,3,8.829999999999998
2024-03-29,8.94,27.86,17.35,22.1,63.88,1.86,2024,3,10.509999999999998
2024-03-30,31.37,25.09,15.47,20.23,70.78,1.98,2024,3,9.62
2024-03-31,0.08,24.33,13.06,17.73,72.32,2.6,2024,3,11.269999999999998
2024-04-01,0.0,25.72,11.83,18.59,57.82,2.91,2024,4,13.889999999999999
2024-04-02,0.0,27.32,12.6,19.77,51.44,2.87,2024,4,14.72
2024-04-03,2.7,26.88,14.39,20.67,53.15,2.49,2024,4,12.489999999999998
2024-04-04,0.03,27.88,13.45,20.32,52.66,2.83,2024,4,14.43
2024-04-05,0.0,27.9,14.23,20.33,50.3,3.62,2024,4,13.669999999999998
2024-04-06,0.0,29.09,13.25,20.95,46.61,3.07,2024,4,15.84
2024-04-07,0.0,30.82,14.75,22.31,44.88,2.7,2024,4,16.07
2024-04-08,0.0,31.36,14.59,22.78,42.01,3.07,2024,4,16.77
2024-04-09,0.0,32.39,15.09,23.76,40.82,2.81,2024,4,17.3
2024-04-10,0.15,32.96,18.06,24.76,43.3,2.74,2024,4,14.900000000000002
2024-04-11,3.16,31.51,17.23,23.89,49.93,3.04,2024,4,14.280000000000001
2024-04-12,1.17,32.27,16.95,24.53,50.95,2.67,2024,4,15.320000000000004
2024-04-13,3.53,26.73,17.26,20.66,68.79,2.95,2024,4,9.469999999999999
2024-04-14,6.02,24.43,16.03,19.87,75.28,3.26,2024,4,8.399999999999999
2024-04-15,29.29,25.56,17.11,20.46,80.85,3.05,2024,4,8.45
2024-04-16,2.54,26.57,15.6,20.41,74.15,2.71,2024,4,10.97
2024-04-17,0.0,29.57,14.51,22.02,53.09,2.6,2024,4,15.06
2024-04-18,14.56,28.97,16.91,22.51,53.4,2.06,2024,4,12.059999999999999
2024-04-19,18.24,29.18,17.35,22.45,63.82,3.48,2024,4,11.829999999999998
2024-04-20,1.21,27.21,16.79,21.52,66.48,2.03,2024,4,10.420000000000002
2024-04-21,0.24,28.93,16.03,22.23,60.8,2.42,2024,4,12.899999999999999
2024-04-22,1.22,28.65,16.6,22.3,61.06,2.36,2024,4,12.049999999999997
2024-04-23,3.11,29.95,16.4,23.75,52.52,2.12,2024,4,13.55
2024-04-24,0.0,30.25,16.97,23.5,56.2,2.71,2024,4,13.280000000000001
2024-04-25,0.0,32.03,17.76,24.8,56.5,2.99,2024,4,14.27
2024-04-26,2.1,28.18,17.95,22.19,68.82,2.97,2024,4,10.23
2024-04-27,12.34,23.0,16.69,19.67,76.23,2.24,2024,4,6.309999999999999
2024-04-28,9.55,25.93,16.66,20.84,71.34,3.17,2024,4,9.27
2024-04-29,17.45,25.71,14.8,20.55,69.53,3.13,2024,4,10.91
2024-04-30,0.25,23.55,11.99,17.81,67.46,4.05,2024,4,11.56
2024-05-01,0.0,27.13,11.59,19.67,58.17,3.12,2024,5,15.54
2024-05-02,0.0,30.2,14.77,22.36,50.89,2.99,2024,5,15.43
2024-05-03,0.06,30.33,16.94,22.84,53.54,2.63,2024,5,13.389999999999997
2024-05-04,0.36,31.11,16.27,22.96,62.39,3.37,2024,5,14.84
2024-05-05,0.0,31.87,17.46,24.41,58.4,3.99,2024,5,14.41
2024-05-06,0.0,34.88,18.87,26.57,52.33,2.72,2024,5,16.01
2024-05-07,0.0,36.42,20.05,28.03,45.82,2.94,2024,5,16.37
2024-05-08,0.0,37.85,20.45,28.98,43.87,2.84,2024,5,17.400000000000002
2024-05-09,0.01,37.43,20.8,29.0,47.42,3.06,2024,5,16.63
2024-05-10,13.74,36.06,22.17,28.48,56.54,2.8,2024,5,13.89
2024-05-11,1.92,33.69,23.89,28.2,59.96,1.6,2024,5,9.799999999999997
2024-05-12,7.04,30.63,19.72,25.23,59.94,4.43,2024,5,10.91
2024-05-13,0.0,32.47,17.52,25.0,48.64,3.38,2024,5,14.95
2024-05-14,0.0,34.81,17.68,26.55,46.73,3.5,2024,5,17.130000000000003
2024-05-15,0.0,38.03,21.11,29.85,42.57,2.06,2024,5,16.92
2024-05-16,0.0,38.3,23.22,30.45,45.0,2.9,2024,5,15.079999999999998
2024-05-17,0.0,39.31,24.34,31.11,44.19,3.01,2024,5,14.970000000000002
2024-05-18,0.0,38.07,23.21,30.5,46.22,3.84,2024,5,14.86
2024-05-19,0.12,37.97,24.63,30.84,44.82,3.22,2024,5,13.34
2024-05-20,0.0,39.84,23.16,31.25,42.05,3.05,2024,5,16.680000000000003
2024-05-21,0.0,38.51,23.09,30.38,39.23,3.5,2024,5,15.419999999999998
2024-05-22,0.0,41.4,23.49,31.96,38.34,2.85,2024,5,17.91
2024-05-23,0.0,41.21,23.44,31.98,36.6,2.9,2024,5,17.77
2024-05-24,0.08,40.22,24.48,31.87,38.53,3.08,2024,5,15.739999999999998
2024-05-25,1.6,39.33,23.65,31.36,41.31,4.08,2024,5,15.68
2024-05-26,0.0,40.38,23.42,31.4,34.49,3.62,2024,5,16.96
2024-05-27,0.0,41.95,23.53,32.31,30.74,3.63,2024,5,18.42
2024-05-28,0.0,41.64,23.64,32.29,28.83,2.98,2024,5,18.0
2024-05-29,0.0,40.96,23.27,32.07,29.14,2.46,2024,5,17.69
2024-05-30,0.0,41.51,23.91,32.43,24.89,3.41,2024,5,17.599999999999998
2024-05-31,0.0,41.99,24.71,33.05,22.08,2.36,2024,5,17.28
2024-06-01,0.07,42.23,23.91,32.71,23.14,3.11,2024,6,18.319999999999997
2024-06-02,0.0,42.51,24.07,33.35,20.07,3.17,2024,6,18.439999999999998
2024-06-03,0.0,43.92,25.68,34.8,21.24,3.19,2024,6,18.240000000000002
2024-06-04,0.04,42.59,26.66,34.95,21.7,2.8,2024,6,15.930000000000003
2024-06-05,7.17,42.34,28.17,34.92,24.9,4.47,2024,6,14.170000000000002
2024-06-06,1.25,36.41,24.49,30.16,46.37,1.59,2024,6,11.919999999999998
2024-06-07,0.24,36.34,23.34,29.91,42.66,2.7,2024,6,13.000000000000004
2024-06-08,0.05,38.36,22.94,30.64,32.38,2.82,2024,6,15.419999999999998
2024-06-09,0.05,39.64,23.29,31.66,27.73,3.26,2024,6,16.35
2024-06-10,0.0,41.83,23.65,32.88,24.25,3.17,2024,6,18.18
2024-06-11,0.89,42.05,24.54,33.72,24.49,2.78,2024,6,17.509999999999998
2024-06-12,0.01,45.03,26.51,35.84,20.21,2.87,2024,6,18.52
2024-06-13,0.06,45.05,27.21,36.25,18.86,2.85,2024,6,17.839999999999996
2024-06-14,1.31,43.79,27.26,35.99,22.3,2.52,2024,6,16.529999999999998
2024-06-15,0.0,44.34,28.05,36.16,21.97,3.18,2024,6,16.290000000000003
2024-06-16,0.01,45.47,27.79,36.87,20.18,3.1,2024,6,17.68
2024-06-17,0.0,46.2,29.35,37.95,19.02,2.49,2024,6,16.85
2024-06-18,6.12,43.51,29.88,36.2,27.12,2.79,2024,6,13.629999999999999
2024-06-19,3.0,42.54,26.89,35.02,30.13,2.71,2024,6,15.649999999999999
2024-06-20,3.07,41.2,26.12,34.56,30.69,2.38,2024,6,15.080000000000002
2024-06-21,7.08,35.38,25.13,30.34,42.49,3.29,2024,6,10.250000000000004
2024-06-22,0.34,38.99,23.78,31.64,45.95,2.08,2024,6,15.21
2024-06-23,1.41,40.69,26.88,33.89,38.05,2.38,2024,6,13.809999999999999
2024-06-24,0.68,42.33,27.1,34.87,33.52,2.35,2024,6,15.229999999999997
2024-06-25,0.0,44.18,27.86,36.19,27.92,2.69,2024,6,16.32
2024-06-26,0.14,43.83,30.68,37.27,27.27,1.63,2024,6,13.149999999999999
2024-06-27,0.1,43.85,31.14,37.43,28.86,3.51,2024,6,12.71
2024-06-28,1.15,42.95,30.17,36.37,33.07,2.9,2024,6,12.780000000000001
2024-06-29,2.63,41.47,30.12,35.73,37.24,2.15,2024,6,11.349999999999998
2024-06-30,0.0,42.59,30.0,36.73,34.46,1.93,2024,6,12.590000000000003
2024-07-01,0.03,43.37,32.76,37.95,35.14,1.7,2024,7,10.61
2024-07-02,1.87,44.88,31.88,38.31,33.04,1.77,2024,7,13.000000000000004
2024-07-03,1.05,44.97,32.03,38.47,35.88,2.25,2024,7,12.939999999999998
2024-07-04,22.08,38.72,28.92,33.76,54.83,3.67,2024,7,9.799999999999997
2024-07-05,2.41,37.94,28.23,32.53,59.84,2.44,2024,7,9.709999999999997
2024-07-06,40.85,34.34,26.71,30.21,70.5,3.81,2024,7,7.630000000000003
2024-07-07,7.19,34.65,25.31,30.18,64.13,1.98,2024,7,9.34
2024-07-08,2.37,38.27,25.23,31.92,56.57,1.93,2024,7,13.040000000000003
2024-07-09,1.22,36.9,27.03,31.58,63.14,1.45,2024,7,9.869999999999997
2024-07-10,19.94,36.7,27.52,32.36,62.49,1.83,2024,7,9.180000000000003
2024-07-11,16.81,36.98,28.35,32.47,61.78,2.12,2024,7,8.629999999999995
2024-07-12,2.89,38.23,27.0,32.49,61.27,2.24,2024,7,11.229999999999997
2024-07-13,28.99,34.13,26.17,30.48,66.37,1.51,2024,7,7.960000000000001
2024-07-14,0.09,34.05,26.46,30.5,62.87,1.16,2024,7,7.589999999999996
2024-07-15,0.11,37.22,26.73,32.27,52.02,1.47,2024,7,10.489999999999998
2024-07-16,0.07,38.79,25.76,32.82,51.93,2.04,2024,7,13.029999999999998
2024-07-17,0.01,37.46,27.53,32.23,55.1,1.56,2024,7,9.93
2024-07-18,21.6,34.0,25.66,29.65,71.75,2.59,2024,7,8.34
2024-07-19,0.03,37.14,25.68,32.17,58.55,2.03,2024,7,11.46
2024-07-20,0.02,37.95,28.34,33.63,55.2,1.44,2024,7,9.610000000000003
2024-07-21,0.08,39.17,27.94,33.89,56.56,1.89,2024,7,11.23
2024-07-22,7.56,38.45,27.8,33.46,59.57,1.56,2024,7,10.650000000000002
2024-07-23,31.12,37.39,27.63,32.43,65.94,2.01,2024,7,9.760000000000002
2024-07-24,314.83,34.67,27.63,31.52,69.95,1.58,2024,7,7.040000000000003
2024-07-25,31.17,34.94,28.23,31.71,72.02,2.06,2024,7,6.709999999999997
2024-07-26,4.08,35.24,27.63,31.86,71.32,1.61,2024,7,7.610000000000003
2024-07-27,0.47,35.14,27.02,31.53,72.82,1.54,2024,7,8.120000000000001
2024-07-28,24.92,32.8,27.37,29.95,81.57,2.44,2024,7,5.429999999999996
2024-07-29,35.04,31.74,27.25,28.96,86.48,3.03,2024,7,4.489999999999998
2024-07-30,40.95,34.56,26.77,30.66,78.32,1.22,2024,7,7.790000000000003
2024-07-31,15.66,34.44,27.86,31.18,78.85,1.66,2024,7,6.579999999999998
2024-08-01,26.4,33.17,26.2,30.0,81.46,2.93,2024,8,6.970000000000002
2024-08-02,17.06,32.04,23.62,28.01,78.96,2.24,2024,8,8.419999999999998
2024-08-03,1.31,32.47,25.84,29.06,80.12,2.44,2024,8,6.629999999999999
2024-08-04,11.78,31.86,25.93,28.65,83.14,2.14,2024,8,5.93
2024-08-05,27.09,31.64,25.38,28.74,81.89,1.56,2024,8,6.260000000000002
2024-08-06,125.4,32.36,25.76,29.14,83.55,1.96,2024,8,6.599999999999998
2024-08-07,29.01,32.82,26.03,29.67,82.43,1.89,2024,8,6.789999999999999
2024-08-08,28.56,32.27,26.33,29.39,81.53,1.5,2024,8,5.940000000000005
2024-08-09,48.84,32.14,26.31,29.45,80.94,1.6,2024,8,5.830000000000002
2024-08-10,11.82,32.33,25.97,29.51,83.21,1.46,2024,8,6.359999999999999
2024-08-11,33.58,32.43,26.48,29.18,85.82,1.81,2024,8,5.949999999999999
2024-08-12,1.38,30.92,25.33,27.85,86.97,1.79,2024,8,5.590000000000003
2024-08-13,0.01,32.55,24.99,29.26,79.74,1.23,2024,8,7.559999999999999
2024-08-14,6.92,32.57,25.88,29.63,82.87,1.56,2024,8,6.690000000000001
2024-08-15,3.07,33.29,26.61,29.91,83.3,1.25,2024,8,6.68
2024-08-16,15.41,31.17,26.36,28.2,82.54,2.14,2024,8,4.810000000000002
2024-08-17,31.05,29.58,24.6,26.87,88.88,2.72,2024,8,4.979999999999997
2024-08-18,21.6,31.58,24.38,28.08,80.12,1.38,2024,8,7.199999999999999
2024-08-19,9.26,31.27,25.69,28.28,85.87,1.65,2024,8,5.579999999999998
2024-08-20,14.29,31.1,25.03,28.1,84.98,1.77,2024,8,6.07
2024-08-21,9.64,31.14,25.14,28.03,82.07,1.36,2024,8,6.0
2024-08-22,4.54,31.13,24.39,28.37,79.87,1.63,2024,8,6.739999999999998
2024-08-23,0.39,31.11,26.08,28.52,77.93,1.1,2024,8,5.030000000000001
2024-08-24,1.53,32.42,24.5,29.01,73.85,0.89,2024,8,7.920000000000002
2024-08-25,0.68,32.27,24.7,28.91,78.89,1.49,2024,8,7.570000000000004
2024-08-26,1.88,33.17,25.7,29.64,75.75,1.13,2024,8,7.470000000000002
2024-08-27,20.83,29.59,24.03,26.45,88.53,3.32,2024,8,5.559999999999999
2024-08-28,20.66,28.73,24.11,26.26,77.95,1.48,2024,8,4.620000000000001
2024-08-29,33.9,30.79,22.92,26.1,82.99,3.06,2024,8,7.869999999999997
2024-08-30,37.82,29.57,22.17,25.43,81.07,3.65,2024,8,7.399999999999999
2024-08-31,0.0,30.56,22.03,26.72,74.66,1.9,2024,8,8.529999999999998
2024-09-01,0.0,32.24,24.35,28.66,71.0,1.32,2024,9,7.890000000000001
2024-09-02,4.2,31.38,24.59,27.76,83.55,2.01,2024,9,6.789999999999999
2024-09-03,10.3,30.58,23.72,27.22,81.06,1.41,2024,9,6.859999999999999
2024-09-04,0.47,30.71,23.08,27.12,80.15,1.33,2024,9,7.630000000000003
2024-09-05,0.08,30.31,23.32,26.82,80.09,1.61,2024,9,6.989999999999998
2024-09-06,6.68,31.4,23.85,28.18,73.27,0.77,2024,9,7.549999999999997
2024-09-07,20.66,30.51,23.94,27.68,78.24,1.0,2024,9,6.57
2024-09-08,0.91,31.11,24.14,27.63,78.48,1.38,2024,9,6.969999999999999
2024-09-09,0.0,31.52,24.43,28.06,77.12,1.62,2024,9,7.09
2024-09-10,0.48,31.95,24.78,28.52,72.47,1.89,2024,9,7.169999999999998
2024-09-11,1.27,32.22,23.83,27.95,70.51,1.89,2024,9,8.39
2024-09-12,0.06,31.7,22.6,26.83,76.4,2.83,2024,9,9.099999999999998
2024-09-13,3.04,30.85,23.15,27.18,79.69,2.54,2024,9,7.700000000000003
2024-09-14,4.45,29.82,22.77,25.95,79.88,1.96,2024,9,7.050000000000001
2024-09-15,0.3,29.79,21.98,25.81,75.06,1.8,2024,9,7.809999999999999
2024-09-16,0.0,30.15,21.39,25.94,74.61,1.98,2024,9,8.759999999999998
2024-09-17,0.0,30.51,21.78,26.2,72.66,1.76,2024,9,8.73
2024-09-18,0.0,32.77,22.47,27.55,62.73,1.59,2024,9,10.300000000000004
2024-09-19,0.0,32.97,22.09,27.32,69.22,1.75,2024,9,10.879999999999999
2024-09-20,0.0,34.2,22.8,28.61,63.67,1.68,2024,9,11.400000000000002
2024-09-21,0.0,33.68,23.81,28.67,66.55,1.44,2024,9,9.870000000000001
2024-09-22,0.0,31.89,23.64,27.58,76.77,1.81,2024,9,8.25
2024-09-23,0.0,32.36,23.98,27.94,78.11,2.12,2024,9,8.379999999999999
2024-09-24,0.01,32.14,24.22,28.03,78.17,1.94,2024,9,7.920000000000002
2024-09-25,0.01,32.99,24.64,28.61,74.85,1.65,2024,9,8.350000000000001
2024-09-26,6.14,30.49,24.73,27.58,79.57,1.57,2024,9,5.759999999999998
2024-09-27,17.95,29.8,23.21,26.24,83.73,2.28,2024,9,6.59
2024-09-28,7.4,28.79,21.63,25.34,81.34,1.83,2024,9,7.16
2024-09-29,0.06,30.14,22.08,25.75,75.49,1.6,2024,9,8.060000000000002
2024-09-30,0.0,29.58,21.43,25.29,78.02,3.26,2024,9,8.149999999999999
2024-10-01,0.0,30.84,22.25,26.39,67.36,2.54,2024,10,8.59
2024-10-02,0.0,32.37,20.99,26.13,60.98,2.21,2024,10,11.379999999999999
2024-10-03,0.0,32.19,20.52,25.73,59.48,2.37,2024,10,11.669999999999998
2024-10-04,0.0,31.71,19.6,25.88,61.88,2.03,2024,10,12.11
2024-10-05,9.13,30.95,20.47,25.32,69.5,1.88,2024,10,10.48
2024-10-06,26.57,28.27,19.59,23.73,76.12,1.69,2024,10,8.68
2024-10-07,0.0,30.35,18.6,24.42,63.93,1.77,2024,10,11.75
2024-10-08,0.43,27.57,20.0,23.6,70.55,2.0,2024,10,7.57
2024-10-09,0.13,26.73,18.31,21.84,73.21,3.06,2024,10,8.420000000000002
2024-10-10,0.0,28.22,17.75,22.64,59.68,2.28,2024,10,10.469999999999999
2024-10-11,0.0,29.08,18.14,23.1,58.55,2.58,2024,10,10.939999999999998
2024-10-12,0.0,29.3,17.69,23.58,53.83,1.78,2024,10,11.61
2024-10-13,0.0,29.42,17.75,23.42,51.07,1.49,2024,10,11.670000000000002
2024-10-14,0.0,29.06,17.41,22.66,59.71,2.17,2024,10,11.649999999999999
2024-10-15,0.0,29.1,18.0,22.77,62.55,2.65,2024,10,11.100000000000001
2024-10-16,0.0,28.31,17.77,22.73,61.86,2.28,2024,10,10.54
2024-10-17,0.0,29.19,17.33,23.04,60.61,2.19,2024,10,11.860000000000003
2024-10-18,0.0,28.99,17.59,23.03,59.76,2.29,2024,10,11.399999999999999
2024-10-19,0.0,28.69,18.06,22.54,62.23,2.61,2024,10,10.630000000000003
2024-10-20,0.0,27.86,17.78,22.26,62.8,2.03,2024,10,10.079999999999998
2024-10-21,0.0,27.22,17.35,21.55,72.42,2.48,2024,10,9.869999999999997
2024-10-22,0.47,27.54,16.91,21.89,68.55,2.15,2024,10,10.629999999999999
2024-10-23,0.26,27.08,17.65,21.16,71.41,3.02,2024,10,9.43
2024-10-24,0.0,26.93,17.09,21.26,63.56,2.77,2024,10,9.84
2024-10-25,0.0,30.63,16.2,22.15,55.1,3.0,2024,10,14.43
2024-10-26,0.0,28.29,16.84,22.01,57.1,3.45,2024,10,11.45
2024-10-27,0.0,31.52,18.37,24.37,50.17,2.23,2024,10,13.149999999999999
2024-10-28,0.3,27.98,18.92,23.27,59.52,1.74,2024,10,9.059999999999999
2024-10-29,3.49,28.61,18.36,22.42,67.68,2.33,2024,10,10.25
2024-10-30,0.19,28.4,17.35,21.62,65.77,2.7,2024,10,11.049999999999997
2024-10-31,0.0,28.02,15.77,20.98,59.99,3.11,2024,10,12.25
2024-11-01,0.0,28.14,15.52,21.0,49.66,2.8,2024,11,12.620000000000001
2024-11-02,0.0,27.82,16.49,21.19,46.43,2.26,2024,11,11.330000000000002
2024-11-03,0.0,27.9,16.33,21.1,51.76,2.05,2024,11,11.57
2024-11-04,0.0,26.98,14.9,20.61,55.54,2.82,2024,11,12.08
2024-11-05,0.0,28.38,16.6,21.48,55.17,1.91,2024,11,11.779999999999998
2024-11-06,0.0,26.72,16.65,21.04,61.5,2.74,2024,11,10.07
2024-11-07,0.0,27.3,18.48,22.15,55.69,1.59,2024,11,8.82
2024-11-08,0.0,26.94,18.07,21.41,59.01,2.25,2024,11,8.870000000000001
2024-11-09,0.0,26.46,16.85,21.05,57.84,1.88,2024,11,9.61
2024-11-10,0.0,26.35,16.89,20.66,59.42,2.01,2024,11,9.46
2024-11-11,2.57,24.83,15.15,19.21,68.31,2.09,2024,11,9.679999999999998
2024-11-12,0.0,24.59,13.99,18.11,65.9,2.26,2024,11,10.6
2024-11-13,0.0,24.66,12.67,18.2,58.84,1.98,2024,11,11.99
2024-11-14,0.01,23.87,13.48,17.91,64.2,2.15,2024,11,10.39
2024-11-15,2.08,23.66,13.51,17.53,69.36,2.9,2024,11,10.15
2024-11-16,0.08,22.79,12.02,16.3,66.22,2.85,2024,11,10.77
2024-11-17,0.04,23.42,11.52,15.99,59.58,2.71,2024,11,11.900000000000002
2024-11-18,0.0,23.56,11.39,16.08,50.05,2.7,2024,11,12.169999999999998
2024-11-19,0.0,24.01,11.33,16.23,45.76,2.52,2024,11,12.680000000000001
2024-11-20,0.0,23.08,11.11,16.19,44.42,2.52,2024,11,11.969999999999999
2024-11-21,0.0,23.66,12.81,16.62,47.94,2.78,2024,11,10.85
2024-11-22,0.0,23.35,12.89,16.97,49.02,2.08,2024,11,10.46
2024-11-23,0.05,23.07,12.51,17.17,53.18,2.24,2024,11,10.56
2024-11-24,0.4,22.96,11.64,15.87,62.08,2.74,2024,11,11.32
2024-11-25,0.0,22.68,10.77,15.03,58.03,3.12,2024,11,11.91
2024-11-26,0.0,22.84,10.4,15.13,51.21,2.62,2024,11,12.44
2024-11-27,0.0,22.97,9.78,15.03,47.78,2.61,2024,11,13.19
2024-11-28,0.0,22.68,10.43,15.57,43.22,2.2,2024,11,12.25
2024-11-29,0.0,22.64,11.69,16.35,46.26,1.84,2024,11,10.950000000000001
2024-11-30,0.0,22.63,10.78,14.87,55.7,2.83,2024,11,11.85
2024-12-01,0.01,22.13,10.79,15.2,58.61,2.35,2024,12,11.34
2024-12-02,0.02,22.37,10.73,14.83,59.09,2.71,2024,12,11.64
2024-12-03,0.17,22.57,10.79,15.04,61.26,2.95,2024,12,11.780000000000001
2024-12-04,0.0,22.2,8.81,13.72,52.74,3.23,2024,12,13.389999999999999
2024-12-05,0.0,20.93,10.05,14.09,37.12,1.92,2024,12,10.879999999999999
2024-12-06,0.0,20.79,7.61,12.22,43.77,3.14,2024,12,13.18
2024-12-07,0.0,19.44,8.3,13.63,34.23,1.63,2024,12,11.14
2024-12-08,0.02,17.53,6.75,10.86,49.02,2.49,2024,12,10.780000000000001
2024-12-09,0.0,16.79,3.94,8.74,48.62,2.79,2024,12,12.85
2024-12-10,0.0,17.43,4.28,9.03,43.29,2.26,2024,12,13.149999999999999
2024-12-11,0.0,17.34,7.23,11.09,35.95,1.75,2024,12,10.11
2024-12-12,0.05,16.89,5.51,9.72,46.34,2.25,2024,12,11.38
2024-12-13,0.0,20.34,3.69,9.7,48.43,3.92,2024,12,16.65
2024-12-14,0.0,19.75,4.27,10.77,40.17,2.94,2024,12,15.48
2024-12-15,0.0,19.36,8.88,12.96,36.24,1.63,2024,12,10.479999999999999
2024-12-16,0.0,20.42,9.35,13.1,34.42,1.86,2024,12,11.070000000000002
2024-12-17,0.0,19.62,9.17,12.61,40.69,2.33,2024,12,10.450000000000001
2024-12-18,0.0,17.4,8.01,11.68,40.88,2.17,2024,12,9.389999999999999
2024-12-19,0.0,19.5,6.59,11.11,42.64,2.59,2024,12,12.91
2024-12-20,0.0,19.58,6.38,10.91,47.21,2.36,2024,12,13.2
2024-12-21,0.0,19.2,6.12,11.22,44.96,2.13,2024,12,13.079999999999998
2024-12-22,0.0,17.56,9.81,12.75,41.85,1.33,2024,12,7.749999999999998
2024-12-23,0.78,16.91,5.81,10.92,59.6,2.45,2024,12,11.100000000000001
2024-12-24,0.05,18.34,4.48,9.52,61.58,2.58,2024,12,13.86
2024-12-25,0.0,19.23,5.64,10.29,46.66,2.98,2024,12,13.59
2024-12-26,0.0,20.1,6.12,11.87,38.36,2.39,2024,12,13.98
2024-12-27,0.02,18.48,7.75,11.95,48.73,2.12,2024,12,10.73
2024-12-28,1.64,17.32,6.48,10.69,59.67,1.54,2024,12,10.84
2024-12-29,0.02,18.83,5.07,10.01,58.16,2.96,2024,12,13.759999999999998
2024-12-30,0.0,19.43,6.86,11.99,39.98,2.29,2024,12,12.57
2024-12-31,0.0,19.45,7.45,12.09,39.31,1.93,2024,12,12.0
2025-01-01,0.52,18.85,7.47,11.36,50.62,2.63,2025,1,11.380000000000003
2025-01-02,0.18,21.55,10.08,14.32,55.66,2.12,2025,1,11.47
2025-01-03,0.19,22.97,10.6,15.63,57.43,2.4,2025,1,12.37
2025-01-04,0.18,21.29,9.16,14.25,58.6,3.68,2025,1,12.129999999999999
2025-01-05,0.42,19.95,9.42,13.59,57.79,1.89,2025,1,10.53
2025-01-06,1.64,18.6,7.11,11.47,64.17,2.75,2025,1,11.490000000000002
2025-01-07,0.21,19.83,4.92,10.63,49.01,3.16,2025,1,14.909999999999998
2025-01-08,0.0,20.47,5.15,10.77,41.15,3.57,2025,1,15.319999999999999
2025-01-09,0.0,21.05,3.98,11.68,35.01,2.44,2025,1,17.07
2025-01-10,0.0,21.74,4.25,12.2,33.16,2.35,2025,1,17.49
2025-01-11,0.0,16.36,5.93,9.95,43.96,2.73,2025,1,10.43
2025-01-12,0.0,17.54,5.18,9.86,55.92,2.62,2025,1,12.36
2025-01-13,0.0,18.47,5.02,9.69,47.68,2.75,2025,1,13.45
2025-01-14,0.0,19.14,6.02,11.78,41.29,2.03,2025,1,13.120000000000001
2025-01-15,0.0,19.38,6.98,11.88,39.57,2.09,2025,1,12.399999999999999
2025-01-16,0.47,17.4,6.17,10.41,50.15,2.47,2025,1,11.229999999999999
2025-01-17,0.02,19.44,4.11,10.26,53.49,2.85,2025,1,15.330000000000002
2025-01-18,0.0,20.13,6.88,12.78,39.4,2.28,2025,1,13.25
2025-01-19,0.04,19.04,6.8,11.61,44.23,2.16,2025,1,12.239999999999998
2025-01-20,1.31,20.7,6.71,11.87,54.29,3.27,2025,1,13.989999999999998
2025-01-21,0.13,19.75,6.48,11.7,57.61,3.0,2025,1,13.27
2025-01-22,0.01,19.58,7.96,12.11,49.88,2.53,2025,1,11.619999999999997
2025-01-23,0.0,20.74,6.48,11.92,48.73,3.37,2025,1,14.259999999999998
2025-01-24,0.0,23.82,4.61,11.84,36.01,4.17,2025,1,19.21
2025-01-25,0.0,23.21,1.28,10.93,30.05,3.57,2025,1,21.93
2025-01-26,0.0,23.6,6.37,13.68,28.87,3.02,2025,1,17.23
2025-01-27,0.0,23.59,8.65,14.2,30.15,2.94,2025,1,14.94
2025-01-28,0.0,24.26,7.59,14.94,31.15,2.28,2025,1,16.67
2025-01-29,0.27,16.18,7.46,10.87,53.13,3.47,2025,1,8.719999999999999
2025-01-30,0.04,20.45,5.25,11.24,52.14,2.81,2025,1,15.2
2025-01-31,0.02,20.34,5.98,12.14,43.34,2.37,2025,1,14.36
2025-02-01,5.06,19.59,7.73,12.1,55.0,2.53,2025,2,11.86
2025-02-02,0.0,20.96,7.41,12.69,53.62,2.14,2025,2,13.55
2025-02-03,0.0,21.79,7.47,12.67,44.96,3.62,2025,2,14.32
2025-02-04,0.0,19.17,5.73,12.05,43.19,2.86,2025,2,13.440000000000001
2025-02-05,0.0,19.55,7.73,12.59,40.5,1.99,2025,2,11.82
2025-02-06,0.18,19.39,5.11,10.97,47.22,2.75,2025,2,14.280000000000001
2025-02-07,0.0,21.83,5.25,12.0,38.3,3.12,2025,2,16.58
2025-02-08,0.0,24.36,7.68,15.09,33.99,2.53,2025,2,16.68
2025-02-09,0.0,24.67,10.32,16.42,39.69,2.25,2025,2,14.350000000000001
2025-02-10,0.0,23.76,11.4,16.55,41.96,2.24,2025,2,12.360000000000001
2025-02-11,0.75,21.97,9.64,14.2,56.98,3.22,2025,2,12.329999999999998
2025-02-12,0.0,21.61,7.3,13.73,47.38,3.15,2025,2,14.309999999999999
2025-02-13,0.0,21.26,6.62,13.18,41.43,2.62,2025,2,14.64
2025-02-14,0.0,23.81,10.14,15.4,36.08,2.71,2025,2,13.669999999999998
2025-02-15,0.0,24.48,11.1,17.02,36.99,2.66,2025,2,13.38
2025-02-16,0.41,24.37,11.38,16.74,47.31,2.83,2025,2,12.99
2025-02-17,0.05,24.03,9.98,16.08,51.19,2.65,2025,2,14.05
2025-02-18,0.01,24.74,10.36,16.17,45.38,2.48,2025,2,14.379999999999999
2025-02-19,0.06,23.99,11.2,15.99,41.36,2.22,2025,2,12.79
2025-02-20,28.0,14.1,7.51,10.92,82.07,3.0,2025,2,6.59
2025-02-21,0.0,21.18,5.98,12.71,62.79,2.47,2025,2,15.2
2025-02-22,0.0,22.46,9.23,14.85,47.3,2.09,2025,2,13.23
2025-02-23,0.06,24.08,8.65,16.29,43.37,1.9,2025,2,15.429999999999998
2025-02-24,0.0,25.34,9.76,17.41,45.05,2.22,2025,2,15.58
2025-02-25,11.89,17.16,11.91,14.58,66.17,2.89,2025,2,5.25
2025-02-26,4.32,21.06,12.52,15.73,78.97,4.99,2025,2,8.54
2025-02-27,30.35,21.0,11.74,15.64,79.35,3.3,2025,2,9.26
2025-02-28,4.27,18.54,8.99,13.25,71.35,2.48,2025,2,9.549999999999999
2025-03-01,0.01,21.37,8.2,13.66,55.34,2.6,2025,3,13.170000000000002
2025-03-02,0.01,22.82,5.85,14.34,42.71,2.48,2025,3,16.97
2025-03-03,28.08,15.99,8.35,11.13,79.2,3.42,2025,3,7.640000000000001
2025-03-04,1.73,17.16,6.95,11.49,70.79,2.67,2025,3,10.21
2025-03-05,0.0,22.11,4.86,12.63,49.65,4.21,2025,3,17.25
2025-03-06,0.0,24.82,8.79,16.41,38.9,2.95,2025,3,16.03
2025-03-07,0.0,24.11,9.22,15.57,48.68,2.71,2025,3,14.889999999999999
2025-03-08,0.0,26.32,10.28,17.68,45.18,3.27,2025,3,16.04
2025-03-09,0.01,26.26,10.35,18.72,46.57,2.68,2025,3,15.910000000000002
2025-03-10,2.16,24.23,13.73,18.07,60.31,3.14,2025,3,10.5
2025-03-11,1.65,26.02,12.57,18.81,62.31,2.76,2025,3,13.45
2025-03-12,1.54,24.56,13.36,18.69,65.49,2.87,2025,3,11.2
2025-03-13,1.4,24.0,13.3,18.83,62.13,2.4,2025,3,10.7
2025-03-14,0.88,20.19,12.22,15.3,70.49,2.96,2025,3,7.970000000000001
2025-03-15,3.21,16.93,11.58,14.18,79.23,1.86,2025,3,5.35
2025-03-16,2.33,24.1,11.12,16.85,67.18,2.69,2025,3,12.980000000000002
2025-03-17,0.0,26.24,10.68,18.25,51.98,2.51,2025,3,15.559999999999999
2025-03-18,0.0,27.12,13.29,19.55,50.42,2.65,2025,3,13.830000000000002
2025-03-19,0.01,28.12,14.55,20.0,54.35,3.06,2025,3,13.57
2025-03-20,0.0,27.86,12.47,19.59,51.74,3.0,2025,3,15.389999999999999
2025-03-21,0.0,28.74,12.48,19.97,47.12,3.44,2025,3,16.259999999999998
2025-03-22,0.0,32.37,12.68,21.62,36.71,3.3,2025,3,19.689999999999998
2025-03-23,0.0,31.67,13.04,22.4,34.85,2.55,2025,3,18.630000000000003
2025-03-24,0.0,31.14,14.96,22.63,42.58,2.59,2025,3,16.18
2025-03-25,0.0,29.55,17.21,22.09,48.04,2.53,2025,3,12.34
2025-03-26,0.01,32.29,17.01,23.65,44.9,5.42,2025,3,15.279999999999998
2025-03-27,0.99,29.11,10.93,21.13,49.29,4.0,2025,3,18.18
2025-03-28,0.0,23.38,6.8,14.86,40.43,3.06,2025,3,16.58
2025-03-29,0.0,26.83,8.07,16.89,37.34,4.15,2025,3,18.759999999999998
2025-03-30,0.0,29.08,12.43,19.57,35.83,3.23,2025,3,16.65
2025-03-31,0.0,30.53,12.27,20.7,37.65,2.9,2025,3,18.26
2025-04-01,0.0,30.36,14.08,21.34,36.09,3.44,2025,4,16.28
2025-04-02,0.0,31.9,15.5,23.83,28.89,1.62,2025,4,16.4
2025-04-03,1.05,29.12,15.34,21.32,42.84,2.32,2025,4,13.780000000000001
2025-04-04,0.01,30.84,14.57,21.92,43.05,3.28,2025,4,16.27
2025-04-05,0.0,34.39,16.37,24.81,38.71,3.26,2025,4,18.02
2025-04-06,0.45,36.28,17.94,27.17,40.27,3.17,2025,4,18.34
2025-04-07,0.0,37.63,20.18,28.72,41.33,2.41,2025,4,17.450000000000003
2025-04-08,4.67,35.37,21.59,27.96,46.11,2.62,2025,4,13.779999999999998
2025-04-09,5.61,34.54,20.8,27.18,50.68,3.23,2025,4,13.739999999999998
2025-04-10,0.01,34.76,19.98,27.03,52.11,2.35,2025,4,14.779999999999998
2025-04-11,10.19,25.87,17.34,22.14,58.52,3.62,2025,4,8.530000000000001
2025-04-12,0.0,31.72,15.9,23.81,49.94,2.53,2025,4,15.819999999999999
2025-04-13,0.0,34.79,18.44,26.41,46.34,2.26,2025,4,16.349999999999998
2025-04-14,0.0,36.94,20.25,28.45,43.2,1.86,2025,4,16.689999999999998
2025-04-15,0.0,37.76,20.67,29.42,40.65,2.31,2025,4,17.089999999999996
2025-04-16,7.36,37.17,22.21,29.13,40.9,2.65,2025,4,14.96
2025-04-17,0.01,36.31,19.89,28.52,44.01,3.16,2025,4,16.42
2025-04-18,6.5,36.94,21.77,28.91,43.74,2.61,2025,4,15.169999999999998
2025-04-19,5.39,34.46,20.21,26.79,50.4,5.41,2025,4,14.25
2025-04-20,4.18,34.26,19.96,26.26,49.03,4.9,2025,4,14.299999999999997
2025-04-21,0.17,34.73,16.5,25.65,36.82,2.56,2025,4,18.229999999999997
2025-04-22,0.0,35.47,17.19,26.0,33.35,3.04,2025,4,18.279999999999998
2025-04-23,0.0,35.06,17.84,26.29,32.32,2.81,2025,4,17.220000000000002
2025-04-24,0.0,36.27,18.44,27.08,33.52,3.12,2025,4,17.830000000000002
2025-04-25,0.0,36.65,19.85,27.79,29.72,2.47,2025,4,16.799999999999997
2025-04-26,0.0,37.31,19.05,27.52,29.0,3.04,2025,4,18.26
2025-04-27,0.0,38.59,17.6,27.84,30.63,3.2,2025,4,20.990000000000002
2025-04-28,0.0,40.5,19.84,29.92,27.81,3.4,2025,4,20.66
2025-04-29,0.0,40.72,21.41,31.26,24.95,2.14,2025,4,19.31
2025-04-30,0.0,40.35,21.54,31.66,26.61,1.96,2025,4,18.810000000000002
2025-05-01,3.52,38.12,23.11,28.87,40.69,3.72,2025,5,15.009999999999998
2025-05-02,5.94,35.41,22.82,26.77,59.51,3.43,2025,5,12.589999999999996
2025-05-03,0.16,26.38,21.6,23.74,70.28,2.71,2025,5,4.779999999999998
2025-05-04,6.96,29.86,20.81,24.89,61.03,2.42,2025,5,9.05
2025-05-05,1.25,27.74,20.76,23.55,69.77,2.96,2025,5,6.979999999999997
2025-05-06,0.0,31.15,21.77,26.2,56.31,1.61,2025,5,9.379999999999999
2025-05-07,2.87,34.03,21.53,27.7,54.2,1.91,2025,5,12.5
2025-05-08,11.13,28.18,22.5,25.21,71.02,2.45,2025,5,5.68
2025-05-09,19.55,32.02,21.72,26.77,62.66,1.66,2025,5,10.300000000000004
2025-05-10,0.22,36.19,21.51,29.5,46.36,1.65,2025,5,14.679999999999996
2025-05-11,0.41,37.0,22.18,30.34,42.21,2.15,2025,5,14.82
2025-05-12,13.2,34.02,22.52,28.15,51.41,2.73,2025,5,11.500000000000004
2025-05-13,0.04,36.76,21.91,29.33,44.5,2.27,2025,5,14.849999999999998
2025-05-14,0.0,38.71,21.09,29.9,40.97,3.09,2025,5,17.62
2025-05-15,0.0,39.92,23.01,31.63,37.63,3.32,2025,5,16.91
2025-05-16,0.0,40.36,23.47,32.62,31.99,2.6,2025,5,16.89
2025-05-17,0.0,40.82,24.03,32.3,31.8,2.79,2025,5,16.79
2025-05-18,0.26,42.08,23.4,33.05,32.33,3.36,2025,5,18.68
2025-05-19,1.82,40.83,26.27,32.69,32.62,4.1,2025,5,14.559999999999999
2025-05-20,0.0,41.18,24.14,32.63,35.0,3.09,2025,5,17.04
2025-05-21,0.0,42.5,25.7,34.21,31.71,2.45,2025,5,16.8
2025-05-22,0.0,43.19,24.66,34.71,28.01,2.25,2025,5,18.529999999999998
2025-05-23,0.0,40.23,24.1,32.98,34.97,2.67,2025,5,16.129999999999995
2025-05-24,25.09,38.91,26.73,31.84,52.61,2.69,2025,5,12.179999999999996
2025-05-25,2.47,36.21,25.07,30.63,50.56,1.73,2025,5,11.14
2025-05-26,0.0,37.91,23.27,31.01,47.89,2.24,2025,5,14.639999999999997
2025-05-27,4.95,39.6,25.59,32.96,46.93,2.02,2025,5,14.010000000000002
2025-05-28,0.87,39.68,26.03,32.4,47.24,2.51,2025,5,13.649999999999999
2025-05-29,0.0,40.07,24.31,32.54,39.19,1.86,2025,5,15.760000000000002
2025-05-30,9.74,37.61,24.9,30.76,45.06,1.98,2025,5,12.71
2025-05-31,9.14,34.04,22.87,28.28,50.99,2.68,2025,5,11.169999999999998
2025-06-01,1.57,34.51,20.95,28.07,44.78,1.78,2025,6,13.559999999999999
2025-06-02,0.06,36.77,20.42,29.13,37.4,2.28,2025,6,16.35
2025-06-03,1.56,35.51,20.63,28.57,42.41,3.61,2025,6,14.879999999999999
2025-06-04,1.85,34.46,21.35,27.9,46.98,2.73,2025,6,13.11
2025-06-05,0.0,36.03,23.07,29.82,46.42,1.83,2025,6,12.96
2025-06-06,0.0,39.65,25.94,32.94,41.07,1.63,2025,6,13.709999999999997
2025-06-07,0.02,41.66,25.83,33.87,41.96,2.7,2025,6,15.829999999999998
2025-06-08,2.13,41.67,27.43,34.1,38.41,2.88,2025,6,14.240000000000002
2025-06-09,0.0,43.6,25.82,34.89,33.36,2.88,2025,6,17.78
2025-06-10,0.0,44.86,27.22,36.04,26.81,2.63,2025,6,17.64
2025-06-11,0.0,46.06,28.05,37.37,23.14,2.27,2025,6,18.01
2025-06-12,0.0,45.39,29.79,37.72,21.42,2.06,2025,6,15.600000000000001
2025-06-13,0.0,44.7,31.21,38.31,22.04,1.74,2025,6,13.490000000000002
2025-06-14,0.11,43.63,30.26,36.68,23.36,2.68,2025,6,13.370000000000001
2025-06-15,0.05,44.69,28.35,37.09,20.17,2.11,2025,6,16.339999999999996
2025-06-16,0.04,41.53,30.12,35.64,22.41,2.08,2025,6,11.41
2025-06-17,0.02,41.82,28.69,35.17,30.37,2.08,2025,6,13.129999999999999
2025-06-18,0.0,42.13,27.72,35.27,37.93,2.73,2025,6,14.410000000000004
2025-06-19,0.0,44.54,30.62,37.6,28.47,2.11,2025,6,13.919999999999998
2025-06-20,0.18,44.75,30.97,38.45,31.15,2.2,2025,6,13.780000000000001
2025-06-21,5.27,43.21,32.63,38.02,37.82,2.42,2025,6,10.579999999999998
2025-06-22,38.84,36.13,29.34,32.74,62.0,2.38,2025,6,6.790000000000003
2025-06-23,6.54,39.33,28.65,33.45,60.95,1.9,2025,6,10.68
2025-06-24,1.56,40.06,28.33,33.88,59.73,2.31,2025,6,11.730000000000004
2025-06-25,38.05,35.02,28.08,31.2,73.73,3.65,2025,6,6.940000000000005
2025-06-26,43.19,32.22,26.22,28.37,84.98,3.84,2025,6,6.0
2025-06-27,12.22,31.88,25.92,28.21,85.24,3.28,2025,6,5.959999999999997
2025-06-28,2.54,33.71,25.97,30.14,75.45,1.73,2025,6,7.740000000000002
2025-06-29,1.91,35.72,27.43,31.63,71.26,1.95,2025,6,8.29
2025-06-30,13.65,34.95,27.4,31.23,71.65,1.82,2025,6,7.550000000000004
2025-07-01,17.22,34.73,27.49,31.04,75.74,2.07,2025,7,7.239999999999998
2025-07-02,31.35,33.07,25.78,29.02,84.19,3.09,2025,7,7.289999999999999
2025-07-03,18.39,31.91,25.76,28.93,81.91,3.04,2025,7,6.149999999999999
2025-07-04,14.81,34.58,25.54,30.65,76.67,1.48,2025,7,9.04
2025-07-05,13.96,34.08,28.25,31.52,76.53,1.33,2025,7,5.829999999999998
2025-07-06,30.03,33.73,27.96,30.82,78.7,1.44,2025,7,5.769999999999996
2025-07-07,5.45,32.82,26.58,29.45,82.46,1.79,2025,7,6.240000000000002
2025-07-08,4.32,32.71,26.68,29.5,80.76,1.34,2025,7,6.030000000000001
2025-07-09,38.19,31.16,25.84,28.19,87.64,3.14,2025,7,5.32
2025-07-10,24.11,29.92,23.8,27.07,86.5,3.27,2025,7,6.120000000000001
2025-07-11,2.12,32.34,22.27,27.18,78.08,2.05,2025,7,10.070000000000004
2025-07-12,0.03,33.48,24.88,29.84,72.94,1.61,2025,7,8.599999999999998
2025-07-13,1.4,33.6,25.71,30.25,70.9,1.34,2025,7,7.890000000000001
2025-07-14,7.48,31.55,25.94,28.8,76.02,2.32,2025,7,5.609999999999999
2025-07-15,13.6,31.86,24.69,27.79,77.58,1.84,2025,7,7.169999999999998
2025-07-16,87.94,29.74,24.5,26.82,85.48,2.85,2025,7,5.239999999999998
2025-07-17,31.04,28.16,24.47,26.23,90.54,4.91,2025,7,3.6900000000000013
2025-07-18,17.6,31.68,25.0,28.16,86.53,2.32,2025,7,6.68
2025-07-19,0.0,33.48,25.63,29.61,79.88,1.21,2025,7,7.849999999999998
2025-07-20,0.53,33.93,26.51,30.54,77.34,1.94,2025,7,7.419999999999998
2025-07-21,8.19,33.46,26.57,29.73,82.93,2.34,2025,7,6.890000000000001
2025-07-22,35.68,32.13,25.56,28.35,88.15,3.16,2025,7,6.570000000000004
2025-07-23,19.19,32.12,25.73,28.69,83.52,1.53,2025,7,6.389999999999997
2025-07-24,9.64,31.87,25.17,28.83,77.78,1.17,2025,7,6.699999999999999
2025-07-25,0.96,33.61,25.41,29.89,72.9,1.0,2025,7,8.2
2025-07-26,3.02,34.13,25.83,30.55,75.07,1.74,2025,7,8.300000000000004
2025-07-27,0.38,34.57,26.93,31.17,72.96,1.4,2025,7,7.640000000000001
2025-07-28,0.0,34.23,26.55,30.61,73.82,2.34,2025,7,7.679999999999996
2025-07-29,4.51,33.91,27.27,30.6,77.72,1.78,2025,7,6.639999999999997
2025-07-30,27.29,31.9,25.9,28.46,86.8,2.85,2025,7,6.0
2025-07-31,0.88,32.01,25.13,28.71,80.49,1.24,2025,7,6.879999999999999
2025-08-01,5.22,31.97,25.24,28.42,83.08,2.17,2025,8,6.73
2025-08-02,9.66,32.0,23.91,28.28,79.96,1.59,2025,8,8.09
2025-08-03,5.89,32.87,26.04,29.87,75.64,1.3,2025,8,6.829999999999998
2025-08-04,5.91,33.65,26.15,30.65,73.62,1.65,2025,8,7.5
2025-08-05,6.83,33.71,26.24,30.33,76.13,1.9,2025,8,7.470000000000002
2025-08-06,2.02,33.39,26.09,29.72,77.49,1.51,2025,8,7.300000000000001
2025-08-07,18.35,31.27,26.35,28.58,83.46,1.99,2025,8,4.919999999999998
2025-08-08,52.05,31.34,25.65,28.54,82.76,2.15,2025,8,5.690000000000001
2025-08-09,4.12,32.35,24.99,28.98,77.2,1.65,2025,8,7.360000000000003
2025-08-10,0.0,32.44,25.19,29.15,76.69,1.19,2025,8,7.2499999999999964
2025-08-11,0.01,33.03,26.56,29.99,76.05,1.75,2025,8,6.470000000000002
2025-08-12,1.55,31.55,25.77,27.99,86.03,3.15,2025,8,5.780000000000001
2025-08-13,1.16,32.77,25.11,28.82,79.42,1.54,2025,8,7.660000000000004
2025-08-14,18.86,31.51,24.57,27.78,84.5,2.87,2025,8,6.940000000000001
2025-08-15,17.68,30.93,23.92,27.34,84.57,1.89,2025,8,7.009999999999998
2025-08-16,13.23,31.57,25.49,28.73,79.29,1.36,2025,8,6.080000000000002
2025-08-17,33.35,31.92,26.24,28.9,84.48,1.82,2025,8,5.680000000000003
2025-08-18,19.04,29.41,24.89,27.01,91.82,3.72,2025,8,4.52
2025-08-19,17.64,30.88,24.01,27.66,81.09,1.27,2025,8,6.869999999999997
2025-08-20,3.16,31.65,25.37,28.59,76.66,0.9,2025,8,6.279999999999998
2025-08-21,1.18,32.11,24.0,28.33,80.13,1.21,2025,8,8.11
2025-08-22,13.54,31.68,25.27,28.85,78.84,1.83,2025,8,6.41
2025-08-23,60.25,32.14,26.2,29.06,80.82,1.89,2025,8,5.940000000000001
2025-08-24,40.95,30.94,20.8,26.08,88.63,3.22,2025,8,10.14
2025-08-25,1.4,28.77,20.86,25.55,77.98,2.56,2025,8,7.91
2025-08-26,14.31,30.09,23.34,26.11,87.75,2.7,2025,8,6.75
2025-08-27,2.99,32.06,23.45,27.68,81.73,1.68,2025,8,8.610000000000003
2025-08-28,0.59,32.51,24.42,28.58,79.02,1.03,2025,8,8.089999999999996
2025-08-29,12.29,32.19,25.26,28.73,81.3,1.24,2025,8,6.929999999999996
2025-08-30,34.49,27.97,23.1,25.46,91.12,3.43,2025,8,4.869999999999997
2025-08-31,3.28,26.83,23.07,24.56,91.68,3.61,2025,8,3.759999999999998
2025-09-01,13.67,29.67,22.11,25.48,86.02,2.38,2025,9,7.560000000000002
2025-09-02,3.64,28.36,21.97,24.76,89.05,2.73,2025,9,6.390000000000001
2025-09-03,6.58,29.63,21.74,25.3,88.08,2.21,2025,9,7.890000000000001
2025-09-04,2.35,29.16,22.05,25.78,83.98,1.93,2025,9,7.109999999999999
2025-09-05,2.79,32.0,22.55,27.12,79.18,1.58,2025,9,9.45
2025-09-06,1.2,32.04,23.7,28.03,73.55,1.56,2025,9,8.34
2025-09-07,22.74,30.14,24.22,26.29,83.25,1.21,2025,9,5.920000000000002
2025-09-08,27.54,30.26,23.06,26.63,79.42,1.32,2025,9,7.200000000000003
2025-09-09,1.24,31.05,23.88,27.19,79.87,1.54,2025,9,7.170000000000002
2025-09-10,0.13,31.29,22.47,27.2,81.5,1.85,2025,9,8.82
2025-09-11,0.0,30.97,22.73,27.0,80.6,1.69,2025,9,8.239999999999998
2025-09-12,0.0,30.42,22.28,26.51,83.92,2.16,2025,9,8.14
2025-09-13,0.69,31.12,23.48,27.34,80.56,1.52,2025,9,7.640000000000001
2025-09-14,0.07,30.63,24.67,27.57,81.01,1.46,2025,9,5.959999999999997
2025-09-15,0.44,30.87,23.84,27.3,83.16,2.1,2025,9,7.030000000000001
2025-09-16,2.57,31.66,25.28,28.39,75.41,1.29,2025,9,6.379999999999999
2025-09-17,3.05,31.35,24.13,27.5,76.79,2.13,2025,9,7.220000000000002
2025-09-18,0.18,31.32,24.26,27.68,74.36,1.48,2025,9,7.059999999999999
2025-09-19,0.33,30.86,23.4,26.92,74.75,1.81,2025,9,7.460000000000001
2025-09-20,0.0,30.46,22.61,26.17,77.39,2.06,2025,9,7.850000000000001
2025-09-21,0.15,30.77,22.3,26.4,74.72,2.0,2025,9,8.469999999999999
2025-09-22,0.01,31.78,23.0,27.06,71.26,1.98,2025,9,8.780000000000001
2025-09-23,0.0,31.7,23.45,27.12,75.72,1.94,2025,9,8.25
2025-09-24,0.0,31.13,22.98,26.94,76.53,2.02,2025,9,8.149999999999999
2025-09-25,2.59,31.93,23.26,27.52,70.26,1.56,2025,9,8.669999999999998
2025-09-26,0.24,32.08,22.36,26.59,69.28,2.77,2025,9,9.719999999999999
2025-09-27,0.0,33.34,21.39,26.89,61.81,2.03,2025,9,11.950000000000003
2025-09-28,0.0,33.28,21.73,27.0,61.15,2.01,2025,9,11.55
2025-09-29,0.0,31.7,21.81,26.49,63.71,1.95,2025,9,9.89
2025-09-30,0.0,30.79,22.69,26.62,62.51,1.99,2025,9,8.099999999999998
2025-10-01,0.17,31.09,22.45,26.24,68.66,1.93,2025,10,8.64
2025-10-02,5.47,30.23,22.98,26.37,71.99,1.68,2025,10,7.25
2025-10-03,7.05,30.06,21.55,25.27,74.08,1.89,2025,10,8.509999999999998
2025-10-04,0.5,29.67,21.23,24.75,73.67,2.15,2025,10,8.440000000000001
2025-10-05,8.24,26.57,17.24,21.3,74.69,2.75,2025,10,9.330000000000002
2025-10-06,27.79,22.73,13.92,18.93,82.23,2.44,2025,10,8.81
2025-10-07,5.56,23.48,11.89,18.01,72.76,2.06,2025,10,11.59
2025-10-08,0.0,25.67,13.93,19.51,70.01,2.35,2025,10,11.740000000000002
2025-10-09,0.0,26.64,16.19,21.36,63.33,1.62,2025,10,10.45
2025-10-10,0.0,26.48,16.46,21.47,64.89,1.65,2025,10,10.02
2025-10-11,0.0,27.39,17.48,21.82,64.23,2.05,2025,10,9.91
2025-10-12,0.0,27.03,15.51,21.51,64.21,2.18,2025,10,11.520000000000001
2025-10-13,0.0,27.31,17.02,21.95,64.26,2.12,2025,10,10.29
2025-10-14,0.0,26.86,17.82,21.87,65.42,2.14,2025,10,9.04
2025-10-15,0.0,27.01,17.65,22.22,65.58,1.66,2025,10,9.360000000000003
2025-10-16,0.0,27.72,17.8,22.57,66.94,2.19,2025,10,9.919999999999998
2025-10-17,0.0,27.71,18.58,22.5,68.46,2.14,2025,10,9.130000000000003
2025-10-18,0.0,27.48,19.0,22.56,62.6,2.13,2025,10,8.48
2025-10-19,0.0,28.3,18.47,23.12,59.13,1.93,2025,10,9.830000000000002
2025-10-20,0.0,28.12,18.62,22.83,55.21,1.5,2025,10,9.5
2025-10-21,0.0,27.47,17.77,21.91,58.23,1.79,2025,10,9.7
2025-10-22,0.0,28.07,17.21,21.85,58.12,2.23,2025,10,10.86
2025-10-23,0.0,28.16,17.2,21.97,53.12,2.08,2025,10,10.96
2025-10-24,0.0,27.81,17.42,21.82,54.29,2.21,2025,10,10.389999999999997
2025-10-25,0.0,27.49,15.51,21.19,55.89,2.12,2025,10,11.979999999999999
2025-10-26,0.0,26.72,14.73,21.12,57.48,1.96,2025,10,11.989999999999998
2025-10-27,0.0,26.93,16.12,21.18,60.29,2.01,2025,10,10.809999999999999
2025-10-28,0.0,26.24,16.2,21.07,62.98,1.89,2025,10,10.04
2025-10-29,0.0,26.17,16.77,20.75,64.84,2.31,2025,10,9.400000000000002
2025-10-30,0.0,27.55,15.72,20.71,62.61,2.3,2025,10,11.83
2025-10-31,0.0,26.83,16.01,20.78,55.77,2.13,2025,10,10.819999999999997
2025-11-01,0.0,26.52,15.99,20.55,56.0,2.15,2025,11,10.53
2025-11-02,0.0,26.27,16.3,20.35,53.78,2.37,2025,11,9.969999999999999
2025-11-03,0.0,25.56,13.83,19.65,52.14,2.69,2025,11,11.729999999999999
2025-11-04,1.19,23.68,13.0,18.05,65.17,2.61,2025,11,10.68
2025-11-05,2.74,23.12,10.87,16.24,65.25,2.43,2025,11,12.250000000000002
2025-11-06,0.0,24.6,8.79,16.01,51.78,2.54,2025,11,15.810000000000002
2025-11-07,0.0,24.7,10.57,17.01,41.01,2.1,2025,11,14.129999999999999
2025-11-08,0.0,24.27,13.02,17.67,40.77,1.86,2025,11,11.25
2025-11-09,0.0,23.35,11.86,16.77,43.97,2.27,2025,11,11.490000000000002
2025-11-10,0.0,22.73,12.67,17.02,41.37,1.89,2025,11,10.06
2025-11-11,0.0,23.45,12.07,16.76,45.24,2.08,2025,11,11.379999999999999
2025-11-12,0.0,23.28,12.07,16.68,44.35,2.27,2025,11,11.21
2025-11-13,0.0,23.35,10.63,16.07,47.87,2.39,2025,11,12.72
2025-11-14,0.0,23.1,11.71,16.46,41.99,2.02,2025,11,11.39
2025-11-15,0.0,22.93,11.82,16.21,44.49,2.2,2025,11,11.11
2025-11-16,0.0,23.81,11.08,16.34,47.72,2.4,2025,11,12.729999999999999
2025-11-17,0.0,23.92,11.76,16.95,46.32,2.08,2025,11,12.160000000000002
2025-11-18,0.0,22.98,13.53,16.8,47.25,2.11,2025,11,9.450000000000001
2025-11-19,0.0,23.0,12.42,16.5,49.08,1.58,2025,11,10.58
2025-11-20,0.0,22.88,13.03,17.0,48.21,1.67,2025,11,9.85
2025-11-21,0.0,23.01,11.95,16.22,55.4,1.85,2025,11,11.060000000000002
2025-11-22,0.0,21.19,10.54,14.98,55.13,2.37,2025,11,10.650000000000002
2025-11-23,0.0,21.04,8.86,14.13,50.63,2.01,2025,11,12.18
2025-11-24,0.0,21.69,9.86,14.47,46.9,1.89,2025,11,11.830000000000002
2025-11-25,0.0,21.06,9.98,14.15,49.87,2.27,2025,11,11.079999999999998
2025-11-26,0.0,21.31,6.68,13.85,48.66,1.74,2025,11,14.629999999999999
2025-11-27,0.0,22.05,10.83,14.58,44.75,1.79,2025,11,11.22
2025-11-28,0.0,22.04,9.85,14.66,41.93,1.84,2025,11,12.19
2025-11-29,0.0,21.6,10.25,14.16,44.74,2.24,2025,11,11.350000000000001
2025-11-30,0.0,21.07,9.51,13.96,41.24,1.92,2025,11,11.56
2025-12-01,0.0,21.34,8.8,14.16,40.59,1.66,2025,12,12.54
2025-12-02,0.0,20.14,7.66,13.29,49.4,1.69,2025,12,12.48
2025-12-03,0.0,20.14,9.03,13.48,47.46,1.58,2025,12,11.110000000000001
2025-12-04,0.0,21.32,8.7,14.42,48.67,1.92,2025,12,12.620000000000001
2025-12-05,0.0,21.35,10.83,15.15,42.99,1.3,2025,12,10.520000000000001
2025-12-06,0.0,23.03,8.88,14.29,48.68,2.75,2025,12,14.15
2025-12-07,0.0,20.91,10.02,14.12,44.28,2.43,2025,12,10.89
2025-12-08,0.0,22.46,7.6,13.74,43.83,2.68,2025,12,14.860000000000001
2025-12-09,0.0,22.97,8.76,15.04,42.94,2.73,2025,12,14.209999999999999
2025-12-10,0.0,23.34,12.17,16.06,42.77,2.62,2025,12,11.17
2025-12-11,0.0,23.99,12.05,16.17,45.49,2.83,2025,12,11.939999999999998
2025-12-12,0.0,24.28,11.65,16.27,49.91,2.51,2025,12,12.63
2025-12-13,0.0,18.25,12.84,14.92,53.28,1.59,2025,12,5.41
2025-12-14,0.0,21.13,12.68,15.6,50.45,1.47,2025,12,8.45
2025-12-15,0.0,21.93,10.1,14.69,52.51,2.48,2025,12,11.83
2025-12-16,0.0,23.14,11.67,15.81,46.77,2.85,2025,12,11.47
2025-12-17,0.0,23.9,14.5,17.96,44.59,1.89,2025,12,9.399999999999999
2025-12-18,0.0,21.77,12.44,16.31,51.91,1.83,2025,12,9.33
2025-12-19,0.0,24.21,13.56,17.53,41.5,1.79,2025,12,10.65
2025-12-20,0.1,22.58,12.02,16.52,52.11,1.46,2025,12,10.559999999999999
2025-12-21,1.52,18.89,11.67,14.37,65.97,2.43,2025,12,7.220000000000001
2025-12-22,11.9,19.21,10.58,13.8,75.47,2.57,2025,12,8.63
2025-12-23,0.01,21.29,9.44,13.66,68.22,2.49,2025,12,11.85
2025-12-24,0.0,21.17,8.11,13.23,51.9,2.87,2025,12,13.060000000000002
2025-12-25,0.0,21.08,10.12,14.39,39.55,1.78,2025,12,10.959999999999999
2025-12-26,0.0,21.07,11.25,14.78,44.18,1.71,2025,12,9.82
2025-12-27,0.0,21.16,9.17,13.46,43.55,2.24,2025,12,11.99
2025-12-28,0.0,20.12,10.22,14.43,36.15,1.28,2025,12,9.9
2025-12-29,0.0,21.7,8.54,14.44,47.94,1.84,2025,12,13.16
2025-12-30,0.03,18.19,10.15,13.12,58.78,2.07,2025,12,8.040000000000001
2025-12-31,8.13,11.91,7.64,9.77,79.13,2.48,2025,12,4.2700000000000005
