row,col,spatial_block,proxy_class,role
367,333,54,5,test
2,163,2,4,buffer
618,85,91,2,development
623,341,95,4,buffer
612,388,95,4,buffer
552,592,88,5,development
618,128,91,2,development
150,179,22,3,buffer
304,433,46,4,development
583,93,81,5,development
545,79,81,2,development
59,505,7,5,development
636,212,93,1,test
606,11,90,2,development
516,110,71,2,development
384,464,56,4,development
511,125,71,1,development
451,516,67,4,development
295,277,44,3,test
174,142,22,1,buffer
645,23,90,2,development
626,106,91,2,development
182,355,25,5,buffer
446,188,62,1,buffer
544,127,81,5,development
619,144,92,2,buffer
34,156,2,3,buffer
597,97,81,2,development
610,179,92,1,buffer
427,503,67,4,development
585,139,82,5,buffer
155,287,24,5,test
287,69,41,1,development
544,272,84,2,test
145,254,23,5,test
221,283,34,3,test
616,146,92,2,buffer
596,141,82,2,buffer
508,148,72,3,buffer
135,440,26,4,development
82,538,18,5,development
16,172,2,3,buffer
555,376,85,4,buffer
219,584,38,6,development
40,426,6,4,development
386,484,57,4,development
618,109,91,2,development
379,259,53,5,test
351,548,58,4,development
277,54,40,3,development
23,228,3,3,test
343,326,54,1,test
519,371,75,5,buffer
498,574,78,4,development
118,263,13,2,test
520,401,75,5,buffer
372,233,53,3,test
361,350,55,4,buffer
529,370,75,4,buffer
510,100,71,1,development
43,594,8,5,development
482,8,70,2,development
606,204,93,6,test
566,334,84,4,test
437,171,62,1,buffer
102,217,13,1,test
211,553,38,6,development
49,368,5,4,buffer
588,27,80,2,development
472,553,78,5,development
236,132,31,3,development
605,206,93,6,test
45,279,4,1,test
134,86,21,3,development
384,326,54,4,test
219,196,32,3,buffer
529,218,73,2,test
106,413,16,5,development
265,553,38,3,development
527,85,71,2,development
460,170,62,1,buffer
322,167,42,1,buffer
528,218,73,2,test
462,317,64,3,test
390,354,55,1,buffer
599,3,80,2,development
597,265,83,3,test
164,445,26,5,development
647,446,96,3,development
456,381,65,4,buffer
452,519,67,4,development
157,425,26,5,development
70,290,14,1,test
343,247,53,3,test
216,585,38,6,development
515,95,71,2,development
256,395,35,2,buffer
617,149,92,2,buffer
462,513,67,4,development
648,366,95,3,buffer
390,51,50,1,development
590,325,84,4,test
464,359,65,3,buffer
122,189,12,3,buffer
608,3,90,2,development
463,456,66,4,development
303,245,43,1,test
522,92,71,2,development
30,560,8,5,development
83,420,16,5,development
46,382,5,3,buffer
310,174,42,1,buffer
15,41,0,2,development
162,168,22,1,buffer
488,598,78,4,development
517,231,73,5,test
326,461,46,5,development
255,515,37,4,development
334,501,47,4,development
557,66,80,2,development
160,250,23,5,test
490,135,72,2,buffer
409,266,63,5,test
31,74,1,3,development
301,599,48,4,development
584,507,87,1,development
638,15,90,2,development
585,391,85,4,buffer
105,156,12,1,buffer
281,391,45,1,buffer
4,494,7,4,development
106,264,13,2,test
570,90,81,2,development
106,438,16,3,development
583,493,87,1,development
554,22,80,3,development
13,146,2,3,buffer
588,76,81,4,development
86,524,17,1,development
614,119,91,2,development
569,53,80,2,development
455,213,63,1,test
397,561,58,4,development
237,297,34,2,test
149,369,25,5,buffer
53,305,4,3,test
621,500,97,3,development
156,450,26,5,development
199,230,23,2,test
173,131,21,1,development
454,230,63,4,test
218,215,33,3,test
534,484,77,1,development
543,332,84,4,test
114,191,12,3,buffer
279,590,48,4,development
146,386,25,5,buffer
428,399,65,5,buffer
234,82,31,3,development
245,464,36,2,development
622,92,91,2,development
328,494,47,4,development
64,384,5,3,buffer
342,97,51,3,development
553,61,80,2,development
546,85,81,2,development
92,503,17,3,development
340,457,56,5,development
333,117,41,3,development
509,450,76,4,development
127,410,16,5,development
590,418,86,4,development
216,557,38,5,development
92,212,13,2,test
250,60,30,3,development
15,449,6,1,development
285,39,40,3,development
395,33,50,1,development
213,411,36,2,development
357,111,51,3,development
10,558,8,5,development
184,285,24,5,test
474,164,72,1,buffer
473,42,70,1,development
514,138,72,2,buffer
317,415,46,4,development
635,551,98,1,development
76,362,15,4,buffer
3,540,8,5,development
600,63,80,2,development
591,103,81,2,development
351,409,56,5,development
601,579,88,1,development
100,525,17,1,development
487,400,75,5,buffer
600,153,82,2,buffer
624,340,95,4,buffer
210,75,31,1,development
221,255,33,2,test
139,554,28,5,development
95,405,16,2,development
588,283,84,1,test
250,2,30,1,development
180,108,21,3,development
157,491,27,1,development
339,169,52,1,buffer
199,457,26,1,development
322,380,45,4,buffer
35,316,4,3,test
519,103,71,2,development
122,5,10,2,development
550,38,80,2,development
310,556,48,5,development
493,23,70,2,development
605,567,98,1,development
346,508,57,5,development
55,206,3,3,test
34,553,8,5,development
210,115,31,3,development
336,434,56,5,development
150,442,26,5,development
610,76,91,2,development
196,343,25,5,buffer
650,384,95,5,buffer
2,219,3,3,test
124,545,18,5,development
524,36,70,3,development
231,155,32,3,buffer
251,540,38,5,development
615,205,93,1,test
585,5,80,2,development
401,540,58,4,development
76,469,17,5,development
347,440,56,5,development
260,424,36,1,development
459,309,64,3,test
112,609,19,4,development
355,0,50,1,development
228,609,39,4,development
103,192,12,3,buffer
54,332,4,4,test
621,353,95,4,buffer
241,191,32,1,buffer
239,289,34,2,test
352,227,53,3,test
526,130,71,1,development
650,404,96,3,development
519,477,77,4,development
221,426,36,1,development
221,602,38,6,development
179,423,26,5,development
564,182,82,1,buffer
379,344,55,4,buffer
165,246,23,5,test
265,390,35,1,buffer
374,419,56,4,development
257,410,36,1,development
2,125,1,3,development
652,73,91,2,development
331,472,47,4,development
580,551,88,1,development
113,478,17,2,development
286,457,46,5,development
36,542,8,5,development
241,574,38,1,development
528,90,71,2,development
619,512,97,1,development
139,588,28,5,development
353,286,54,3,test
462,451,66,4,development
67,524,17,5,development
161,238,23,5,test
553,122,81,2,development
27,111,1,3,development
389,298,54,5,test
150,448,26,5,development
593,268,84,1,test
404,232,63,4,test
210,119,31,3,development
629,162,92,2,buffer
172,310,24,5,test
452,524,67,4,development
332,349,45,5,buffer
419,75,61,1,development
283,569,48,5,development
276,90,41,3,development
246,62,30,1,development
560,212,83,2,test
127,455,16,5,development
151,251,23,5,test
469,327,74,1,test
133,286,14,5,test
617,576,98,3,development
222,152,32,3,buffer
414,250,63,3,test
278,78,41,3,development
120,265,13,2,test
285,513,47,4,development
317,416,46,4,development
612,123,91,2,development
530,65,70,3,development
311,264,43,3,test
13,67,1,3,development
637,334,94,2,test
626,342,95,4,buffer
5,18,0,3,development
258,200,32,1,buffer
196,276,24,3,test
117,476,17,5,development
340,221,53,4,test
216,244,33,2,test
168,3,20,3,development
570,287,84,4,test
55,528,7,5,development
511,101,71,1,development
604,102,91,5,development
307,611,49,4,development
371,196,52,4,buffer
649,284,94,3,test
117,159,12,1,buffer
548,506,87,1,development
614,305,94,2,test
560,333,84,4,test
627,156,92,2,buffer
610,234,93,6,test
76,335,15,2,buffer
53,395,5,3,buffer
157,355,25,5,buffer
495,423,76,5,development
276,577,48,5,development
206,228,33,2,test
310,142,42,1,buffer
597,83,81,2,development
228,122,31,1,development
331,33,40,1,development
604,105,91,2,development
359,560,58,4,development
209,571,38,6,development
263,54,30,4,development
33,88,1,3,development
111,74,11,3,development
87,398,15,2,buffer
435,564,68,4,development
88,235,13,1,test
46,104,1,3,development
353,399,55,5,buffer
128,19,10,2,development
74,280,14,1,test
575,268,84,4,test
53,41,0,3,development
429,132,61,1,development
117,261,13,2,test
18,248,3,3,test
610,146,92,2,buffer
14,394,5,3,buffer
23,606,9,4,development
279,120,41,1,development
580,103,81,2,development
618,160,92,2,buffer
357,480,57,4,development
308,585,48,4,development
558,108,81,2,development
21,312,4,2,test
546,608,89,5,development
424,426,66,4,development
217,72,31,1,development
558,438,86,4,development
579,126,81,2,development
229,343,35,3,buffer
580,140,82,2,buffer
160,163,22,2,buffer
192,473,27,1,development
189,75,21,3,development
147,416,26,5,development
491,598,78,4,development
556,40,80,2,development
244,230,33,3,test
452,609,69,5,development
319,154,42,1,buffer
627,132,91,2,development
387,40,50,1,development
348,542,58,4,development
235,417,36,1,development
526,67,71,2,development
618,139,92,2,buffer
40,590,8,4,development
470,422,76,4,development
381,328,54,4,test
200,437,26,2,development
49,262,3,1,test
31,238,3,3,test
386,169,52,1,buffer
395,333,54,4,test
27,550,8,5,development
498,161,72,4,buffer
321,346,45,1,buffer
120,437,16,5,development
555,50,80,2,development
495,55,70,3,development
522,314,74,5,test
34,342,5,2,buffer
514,93,71,2,development
64,205,3,3,test
502,416,76,4,development
426,512,67,4,development
212,547,38,6,development
431,216,63,1,test
203,256,33,3,test
618,153,92,2,buffer
169,498,27,6,development
293,311,44,4,test
225,447,36,2,development
161,162,22,2,buffer
91,406,16,2,development
203,201,33,2,test
327,407,46,5,development
25,153,2,3,buffer
160,183,22,3,buffer
92,79,11,3,development
11,537,8,5,development
204,313,34,4,test
221,359,35,3,buffer
105,273,14,2,test
545,244,83,4,test
146,498,27,3,development
315,603,49,4,development
211,399,35,5,buffer
413,371,65,4,buffer
281,275,44,3,test
62,498,7,5,development
263,546,38,3,development
578,7,80,2,development
193,401,25,2,buffer
631,123,91,2,development
501,116,71,1,development
18,6,0,3,development
40,570,8,4,development
552,41,80,2,development
16,316,4,1,test
99,395,15,5,buffer
13,594,8,4,development
41,595,8,5,development
235,461,36,2,development
149,417,26,5,development
410,214,63,5,test
14,376,5,3,buffer
602,94,81,2,development
348,446,56,5,development
573,183,82,1,buffer
285,270,44,3,test
181,468,26,3,development
119,240,13,2,test
578,428,86,3,development
113,210,13,1,test
550,244,83,4,test
426,457,66,5,development
392,590,58,4,development
595,0,80,2,development
625,174,92,2,buffer
536,218,83,2,test
320,159,42,1,buffer
531,46,70,2,development
608,234,93,6,test
152,253,23,5,test
555,286,84,4,test
320,388,45,4,buffer
298,202,43,3,test
593,100,81,4,development
123,323,14,5,test
137,219,23,1,test
253,304,34,1,test
208,576,38,6,development
579,47,80,2,development
161,296,24,4,test
224,272,34,2,test
415,345,65,1,buffer
87,477,17,2,development
513,571,78,4,development
618,211,93,1,test
399,324,54,4,test
20,181,2,3,buffer
214,608,39,3,development
520,126,71,1,development
364,173,52,3,buffer
160,288,24,2,test
140,542,28,5,development
58,553,8,4,development
106,181,12,3,buffer
111,86,11,3,development
106,73,11,3,development
555,208,83,1,test
616,143,92,2,buffer
162,267,23,5,test
53,441,6,3,development
104,200,12,6,buffer
282,440,46,4,development
83,339,15,5,buffer
452,179,62,1,buffer
436,302,64,1,test
421,200,62,3,buffer
151,472,27,3,development
441,232,63,3,test
276,22,40,3,development
119,459,16,5,development
34,0,0,3,development
552,44,80,2,development
573,427,86,4,development
32,122,1,3,development
183,316,24,5,test
508,591,78,4,development
277,575,48,5,development
86,502,17,5,development
602,338,85,4,buffer
454,127,61,1,development
209,581,38,6,development
51,552,8,5,development
517,39,70,1,development
489,5,70,2,development
645,218,93,1,test
381,42,50,1,development
584,408,86,3,development
534,148,72,4,buffer
410,556,68,5,development
76,51,10,1,development
242,334,34,3,test
468,241,63,1,test
200,228,23,2,test
281,241,43,1,test
171,296,24,5,test
462,420,66,4,development
506,494,77,4,development
425,519,67,4,development
82,18,10,3,development
187,307,24,5,test
580,500,87,1,development
426,172,62,3,buffer
63,341,5,2,buffer
152,128,21,3,development
44,225,3,3,test
22,523,7,5,development
262,305,34,3,test
345,445,56,5,development
281,499,47,5,development
290,393,45,1,buffer
328,583,48,4,development
419,415,66,5,development
628,112,91,2,development
542,301,84,4,test
385,91,51,1,development
611,97,91,5,development
537,131,81,1,development
444,193,62,1,buffer
639,74,91,2,development
612,150,92,2,buffer
270,251,43,1,test
1,5,0,3,development
599,561,88,1,development
49,20,0,3,development
189,408,26,5,development
609,184,92,1,buffer
358,114,51,3,development
545,45,80,2,development
6,254,3,3,test
139,109,21,3,development
74,182,12,3,buffer
610,367,95,4,buffer
244,359,35,1,buffer
89,257,13,3,test
568,70,81,2,development
162,471,27,3,development
650,569,98,3,development
306,549,48,5,development
92,221,13,1,test
74,48,10,1,development
576,91,81,2,development
521,87,71,2,development
12,585,8,4,development
652,593,98,3,development
341,43,50,4,development
164,202,23,4,test
121,23,10,2,development
594,389,85,4,buffer
145,339,25,5,buffer
499,449,76,4,development
65,604,9,5,development
29,94,1,3,development
551,410,86,4,development
548,404,86,4,development
488,321,74,3,test
290,401,45,1,buffer
293,256,43,1,test
258,446,36,1,development
441,523,67,4,development
255,355,35,3,buffer
258,95,31,3,development
487,276,74,4,test
469,194,72,1,buffer
122,115,11,2,development
545,46,80,2,development
272,159,42,3,buffer
44,491,7,5,development
531,286,74,4,test
563,231,83,2,test
650,339,95,4,buffer
416,561,68,4,development
251,163,32,1,buffer
400,290,54,2,test
553,468,86,1,development
41,154,2,3,buffer
429,135,62,1,buffer
197,329,24,4,test
248,323,34,3,test
11,101,1,3,development
367,251,53,3,test
152,406,26,5,development
57,576,8,5,development
3,360,5,3,buffer
569,327,84,4,test
245,581,38,4,development
301,373,45,4,buffer
428,126,61,1,development
601,516,87,1,development
645,2,90,2,development
579,34,80,2,development
194,401,25,2,buffer
496,200,72,2,buffer
262,486,37,5,development
259,149,32,3,buffer
651,89,91,2,development
617,549,98,1,development
173,242,23,5,test
293,581,48,4,development
319,213,43,1,test
185,339,25,4,buffer
237,176,32,1,buffer
485,130,71,3,development
172,241,23,5,test
122,74,11,3,development
586,510,87,1,development
17,78,1,1,development
619,286,94,1,test
117,18,10,2,development
243,281,34,2,test
439,447,66,4,development
617,90,91,2,development
177,114,21,3,development
460,180,62,1,buffer
212,31,30,3,development
200,243,23,1,test
302,36,40,4,development
92,6,10,2,development
470,563,78,5,development
8,494,7,5,development
314,247,43,1,test
572,74,81,2,development
124,193,12,3,buffer
495,46,70,4,development
202,185,32,1,buffer
129,79,11,3,development
645,562,98,3,development
607,46,90,3,development
116,159,12,1,buffer
623,608,99,3,development
345,567,58,4,development
98,7,10,2,development
72,333,14,2,test
524,330,74,5,test
645,435,96,3,development
279,122,41,1,development
196,602,28,3,development
283,538,48,3,development
21,379,5,4,buffer
313,436,46,4,development
476,589,78,4,development
321,243,43,3,test
182,98,21,3,development
406,396,65,3,buffer
149,512,27,6,development
356,475,57,4,development
202,338,35,5,buffer
474,56,70,1,development
20,224,3,3,test
206,462,36,1,development
383,574,58,4,development
293,497,47,4,development
427,153,62,1,buffer
297,296,44,4,test
589,1,80,2,development
336,169,52,1,buffer
179,289,24,5,test
43,299,4,1,test
40,136,2,3,buffer
23,214,3,3,test
173,345,25,5,buffer
374,497,57,4,development
637,210,93,1,test
469,570,78,5,development
385,471,57,4,development
583,125,81,2,development
387,90,51,1,development
550,98,81,2,development
107,608,19,4,development
550,81,81,2,development
508,395,75,5,buffer
131,214,13,4,test
438,194,62,1,buffer
489,224,73,4,test
556,124,81,2,development
544,36,80,2,development
309,22,40,1,development
471,323,74,1,test
188,449,26,3,development
614,144,92,2,buffer
607,74,91,2,development
524,570,78,4,development
604,75,91,5,development
93,75,11,3,development
159,111,21,3,development
219,60,30,3,development
77,53,10,1,development
241,84,31,3,development
329,615,49,4,development
514,558,78,4,development
430,474,67,5,development
372,466,56,4,development
210,8,30,3,development
358,588,58,5,development
91,56,10,1,development
477,140,72,1,buffer
299,455,46,4,development
251,143,32,1,buffer
67,209,13,1,test
389,99,51,1,development
184,299,24,5,test
167,416,26,5,development
221,121,31,3,development
337,598,58,4,development
159,276,24,4,test
645,62,90,2,development
542,94,81,2,development
376,276,54,5,test
593,342,85,4,buffer
542,163,82,4,buffer
160,57,20,3,development
160,274,24,4,test
568,41,80,2,development
624,608,99,3,development
144,566,28,5,development
163,462,26,5,development
117,586,18,4,development
41,533,7,5,development
313,30,40,1,development
546,388,85,4,buffer
311,138,42,1,buffer
7,17,0,3,development
651,10,90,2,development
517,407,76,5,development
182,383,25,2,buffer
278,381,45,1,buffer
159,444,26,5,development
353,397,55,5,buffer
491,128,71,1,development
584,372,85,4,buffer
133,23,10,2,development
558,118,81,2,development
147,457,26,5,development
164,277,24,2,test
74,268,14,3,test
296,188,42,3,buffer
524,203,73,5,test
313,132,41,1,development
469,21,70,1,development
598,586,88,4,development
249,456,36,2,development
241,302,34,2,test
32,511,7,5,development
277,357,45,3,buffer
255,2,30,1,development
29,203,3,3,test
381,257,53,5,test
597,145,82,2,buffer
362,531,57,4,development
381,476,57,4,development
373,375,55,5,buffer
570,68,81,2,development
540,67,81,2,development
335,424,56,5,development
478,421,76,4,development
405,79,61,1,development
221,83,31,3,development
125,508,17,4,development
205,128,31,1,development
311,548,48,5,development
111,167,12,1,buffer
13,544,8,5,development
612,155,92,2,buffer
75,338,15,2,buffer
480,428,76,4,development
299,177,42,3,buffer
96,86,11,3,development
558,48,80,2,development
146,516,27,6,development
376,359,55,5,buffer
313,405,46,4,development
507,180,72,5,buffer
122,10,10,2,development
570,71,81,2,development
186,297,24,5,test
71,323,14,4,test
469,333,74,1,test
74,482,17,5,development
600,65,80,2,development
255,232,33,3,test
335,298,54,1,test
346,234,53,1,test
231,74,31,1,development
115,236,13,2,test
558,590,88,5,development
293,577,48,4,development
37,551,8,5,development
165,292,24,5,test
497,62,70,3,development
229,483,37,4,development
574,537,88,1,development
541,221,83,2,test
73,408,16,1,development
159,426,26,5,development
5,118,1,3,development
154,101,21,3,development
388,31,50,1,development
336,156,52,1,buffer
153,250,23,5,test
276,60,40,3,development
174,402,26,5,development
628,130,91,2,development
340,58,50,4,development
372,344,55,1,buffer
555,53,80,2,development
236,32,30,3,development
131,483,17,5,development
483,452,76,4,development
154,45,20,2,development
543,399,85,4,buffer
619,539,98,1,development
96,438,16,3,development
223,584,38,6,development
625,172,92,2,buffer
387,257,53,4,test
383,465,56,4,development
399,532,57,4,development
71,602,18,5,development
309,457,46,5,development
162,590,28,1,development
573,71,81,2,development
612,131,91,2,development
545,527,87,2,development
102,42,10,3,development
592,14,80,2,development
560,106,81,2,development
433,445,66,5,development
497,102,71,1,development
578,552,88,1,development
75,347,15,2,buffer
253,494,37,4,development
387,347,55,1,buffer
175,307,24,5,test
167,346,25,5,buffer
93,523,17,1,development
479,154,72,3,buffer
326,614,49,4,development
9,327,4,1,test
358,511,57,4,development
89,379,15,4,buffer
341,291,54,3,test
127,6,10,2,development
527,288,74,5,test
474,415,76,4,development
610,245,93,3,test
472,416,76,4,development
210,366,35,4,buffer
312,158,42,1,buffer
121,605,19,4,development
439,330,64,3,test
195,101,21,3,development
285,372,45,1,buffer
359,433,56,5,development
404,421,66,5,development
298,460,46,4,development
564,405,86,4,development
497,243,73,4,test
227,597,38,6,development
282,422,46,4,development
197,219,23,2,test
581,99,81,2,development
497,202,73,3,test
532,77,71,2,development
178,78,21,1,development
498,398,75,5,buffer
499,39,70,3,development
25,41,0,3,development
365,192,52,1,buffer
543,51,80,2,development
420,462,66,5,development
256,398,35,2,buffer
347,5,50,1,development
145,290,24,5,test
139,221,23,1,test
210,560,38,6,development
184,253,23,2,test
556,79,81,2,development
593,234,83,3,test
387,380,55,3,buffer
382,259,53,5,test
206,233,33,2,test
384,529,57,4,development
594,526,87,1,development
201,31,30,3,development
354,488,57,4,development
225,200,32,3,buffer
94,209,13,6,test
428,428,66,5,development
301,422,46,4,development
12,475,7,1,development
360,248,53,3,test
273,97,41,3,development
127,251,13,2,test
476,411,76,4,development
615,0,90,2,development
248,372,35,5,buffer
189,581,28,6,development
365,599,58,4,development
542,421,86,4,development
507,220,73,5,test
439,176,62,1,buffer
133,400,15,5,buffer
119,347,15,5,buffer
493,193,72,2,buffer
408,442,66,5,development
199,336,25,4,buffer
489,299,74,4,test
401,471,57,5,development
110,249,13,2,test
582,12,80,2,development
196,608,29,3,development
566,270,84,4,test
596,519,87,1,development
71,283,14,3,test
587,34,80,2,development
618,9,90,5,development
594,587,88,1,development
404,404,66,4,development
650,561,98,3,development
224,597,38,6,development
583,14,80,2,development
242,28,30,1,development
111,532,17,3,development
30,239,3,3,test
111,533,17,3,development
45,525,7,2,development
84,221,13,3,test
625,314,94,5,test
382,62,50,3,development
374,203,53,3,test
373,514,57,1,development
137,487,27,4,development
199,435,26,1,development
327,18,40,1,development
190,220,23,2,test
24,301,4,1,test
79,494,17,5,development
384,37,50,1,development
573,97,81,2,development
412,500,67,5,development
423,586,68,4,development
587,3,80,2,development
505,60,70,3,development
525,248,73,5,test
400,470,57,5,development
535,84,71,2,development
565,201,83,1,test
511,590,78,4,development
625,612,99,3,development
371,58,50,1,development
102,523,17,1,development
266,178,32,1,buffer
63,460,6,5,development
568,233,83,5,test
135,267,23,5,test
169,160,22,2,buffer
50,132,1,3,development
114,494,17,5,development
147,514,27,6,development
171,314,24,5,test
548,614,89,5,development
271,61,40,3,development
399,61,50,1,development
170,243,23,5,test
278,188,42,3,buffer
22,500,7,5,development
434,560,68,4,development
238,115,31,1,development
268,551,48,3,development
452,215,63,1,test
437,237,63,4,test
249,121,31,3,development
455,173,62,1,buffer
337,195,52,3,buffer
231,470,37,4,development
605,151,92,2,buffer
618,140,92,2,buffer
33,583,8,5,development
597,446,86,4,development
287,385,45,4,buffer
504,480,77,4,development
40,199,2,3,buffer
101,235,13,3,test
122,280,14,5,test
266,465,36,3,development
270,60,40,3,development
474,353,75,4,buffer
463,605,69,4,development
352,522,57,4,development
239,116,31,1,development
68,380,15,1,buffer
454,213,63,1,test
325,507,47,1,development
518,235,73,5,test
269,252,43,4,test
555,82,81,2,development
262,190,32,3,buffer
58,582,8,3,development
246,467,36,2,development
284,8,40,4,development
96,286,14,1,test
157,427,26,5,development
629,163,92,2,buffer
41,275,4,1,test
404,70,61,1,development
59,344,5,2,buffer
344,544,58,4,development
554,462,86,1,development
354,529,57,4,development
187,432,26,3,development
375,358,55,5,buffer
348,439,56,5,development
641,601,98,3,development
556,73,81,2,development
381,256,53,5,test
234,591,38,6,development
554,324,84,4,test
142,229,23,1,test
256,451,36,3,development
17,293,4,3,test
455,506,67,4,development
494,598,78,4,development
612,205,93,1,test
112,366,15,4,buffer
630,516,97,3,development
103,58,10,3,development
17,135,2,3,buffer
121,160,12,1,buffer
544,35,80,2,development
142,133,21,1,development
183,450,26,1,development
11,106,1,3,development
77,455,16,5,development
545,53,80,2,development
371,574,58,4,development
245,590,38,6,development
512,379,75,5,buffer
11,553,8,5,development
507,222,73,5,test
108,499,17,5,development
338,183,52,1,buffer
98,210,13,2,test
396,556,58,4,development
579,305,84,4,test
209,27,30,3,development
105,576,18,4,development
607,205,93,6,test
267,154,32,1,buffer
297,136,42,1,buffer
551,220,83,5,test
241,153,32,3,buffer
386,45,50,1,development
314,6,40,1,development
593,118,81,2,development
56,275,4,3,test
298,427,46,4,development
378,85,51,3,development
95,120,11,1,development
59,109,1,3,development
58,248,3,1,test
530,415,76,4,development
506,526,77,4,development
360,606,59,4,development
355,377,55,5,buffer
471,557,78,5,development
337,191,52,1,buffer
477,417,76,4,development
10,153,2,3,buffer
222,589,38,6,development
517,362,75,5,buffer
89,521,17,1,development
454,224,63,1,test
282,0,40,4,development
264,176,32,1,buffer
650,548,98,3,development
144,466,26,5,development
26,340,5,2,buffer
212,103,31,3,development
574,200,82,5,buffer
9,62,0,3,development
371,78,51,1,development
250,142,32,1,buffer
613,391,95,4,buffer
421,234,63,4,test
551,66,80,2,development
65,522,7,5,development
279,37,40,3,development
328,189,42,1,buffer
125,367,15,4,buffer
455,203,63,1,test
433,562,68,4,development
503,250,73,4,test
495,559,78,4,development
460,567,68,4,development
515,594,78,4,development
582,64,80,4,development
640,6,90,2,development
15,585,8,4,development
210,574,38,6,development
513,380,75,5,buffer
620,121,91,2,development
76,47,10,1,development
424,253,63,3,test
618,105,91,2,development
269,14,40,3,development
603,363,95,4,buffer
132,526,17,3,development
368,292,54,5,test
348,486,57,1,development
566,82,81,2,development
344,523,57,4,development
8,377,5,3,buffer
9,19,0,3,development
601,382,85,4,buffer
469,267,73,3,test
432,287,64,1,test
529,492,77,1,development
39,546,8,5,development
386,344,55,1,buffer
294,178,42,1,buffer
221,93,31,4,development
482,165,72,1,buffer
492,358,75,5,buffer
71,418,16,3,development
222,513,37,5,development
152,126,21,3,development
554,308,84,5,test
156,154,22,2,buffer
146,81,21,1,development
611,234,93,6,test
187,236,23,2,test
314,75,41,3,development
26,518,7,5,development
236,58,30,3,development
160,353,25,5,buffer
106,97,11,3,development
59,547,8,5,development
618,218,93,1,test
214,547,38,6,development
124,257,13,2,test
89,216,13,6,test
565,443,86,5,development
587,203,83,4,test
270,522,47,3,development
248,42,30,3,development
336,32,50,1,development
15,209,3,3,test
118,34,10,5,development
246,462,36,2,development
547,59,80,2,development
141,279,24,5,test
74,181,12,3,buffer
0,108,1,3,development
4,123,1,3,development
306,139,42,1,buffer
505,59,70,3,development
137,383,25,5,buffer
585,507,87,1,development
628,310,94,5,test
506,424,76,4,development
93,175,12,3,buffer
243,181,32,1,buffer
552,132,81,2,development
602,84,81,2,development
387,564,58,4,development
94,453,16,5,development
598,474,87,4,development
99,445,16,1,development
102,85,11,3,development
175,309,24,5,test
295,170,42,1,buffer
327,202,43,3,test
445,21,60,3,development
50,64,0,3,development
138,126,21,2,development
633,209,93,1,test
277,281,44,3,test
275,39,40,3,development
127,471,17,5,development
224,585,38,6,development
81,604,19,5,development
467,192,62,1,buffer
43,393,5,1,buffer
236,100,31,1,development
259,553,38,1,development
516,377,75,5,buffer
300,600,48,4,development
575,312,84,4,test
588,508,87,1,development
410,523,67,4,development
626,508,97,1,development
344,448,56,5,development
195,566,28,4,development
546,74,81,2,development
89,66,10,1,development
518,128,71,1,development
650,541,98,3,development
72,569,18,4,development
530,589,78,5,development
434,440,66,5,development
593,571,88,1,development
562,38,80,2,development
429,521,67,4,development
77,131,11,3,development
594,518,87,3,development
60,486,7,5,development
305,547,48,5,development
129,6,10,2,development
562,77,81,2,development
160,296,24,4,test
443,521,67,4,development
157,414,26,5,development
223,598,38,6,development
374,33,50,1,development
443,35,60,1,development
253,176,32,3,buffer
618,102,91,2,development
164,493,27,6,development
424,442,66,5,development
336,50,50,4,development
395,405,56,4,development
569,88,81,2,development
498,469,77,4,development
378,60,50,1,development
92,406,16,2,development
165,500,27,6,development
556,47,80,2,development
274,402,46,4,development
553,247,83,4,test
140,473,27,5,development
436,149,62,1,buffer
316,403,46,4,development
603,541,98,1,development
578,130,81,2,development
195,429,26,3,development
509,41,70,3,development
145,150,22,2,buffer
427,194,62,1,buffer
537,76,81,2,development
209,479,37,1,development
276,589,48,4,development
119,429,16,4,development
366,534,57,1,development
149,415,26,5,development
31,316,4,3,test
178,296,24,5,test
612,458,96,4,development
236,589,38,6,development
653,593,98,3,development
236,588,38,6,development
283,318,44,1,test
502,300,74,4,test
466,181,62,1,buffer
291,73,41,1,development
560,164,82,1,buffer
342,205,53,1,test
258,553,38,1,development
339,77,51,3,development
512,326,74,4,test
237,409,36,5,development
409,613,69,4,development
121,571,18,5,development
393,228,53,5,test
264,608,39,4,development
39,119,1,3,development
310,185,42,3,buffer
354,279,54,3,test
518,328,74,5,test
125,185,12,3,buffer
138,115,21,3,development
301,614,49,4,development
90,288,14,1,test
168,247,23,5,test
455,444,66,4,development
378,292,54,5,test
606,222,93,6,test
81,67,11,1,development
228,443,36,2,development
497,271,74,5,test
592,114,81,2,development
65,603,9,5,development
549,339,85,4,buffer
605,9,90,2,development
152,400,25,5,buffer
544,396,85,4,buffer
146,184,22,3,buffer
520,229,73,5,test
92,564,18,5,development
549,108,81,2,development
54,340,5,4,buffer
521,82,71,2,development
309,324,44,3,test
489,405,76,5,development
82,422,16,5,development
8,1,0,3,development
388,20,50,1,development
420,379,65,5,buffer
588,277,84,1,test
534,37,70,2,development
45,197,2,3,buffer
168,494,27,6,development
491,613,79,4,development
552,457,86,4,development
314,402,46,4,development
23,490,7,1,development
2,44,0,2,development
596,246,83,1,test
229,77,31,1,development
464,182,62,1,buffer
391,305,54,4,test
498,400,75,5,buffer
83,319,14,5,test
281,127,41,3,development
120,126,11,1,development
77,330,14,2,test
100,468,16,1,development
0,346,5,3,buffer
606,515,97,3,development
479,188,72,1,buffer
617,210,93,1,test
210,114,31,3,development
109,529,17,1,development
186,449,26,3,development
544,189,82,2,buffer
25,572,8,5,development
96,4,10,2,development
120,19,10,2,development
353,248,53,3,test
500,519,77,4,development
622,127,91,2,development
313,228,43,1,test
611,461,96,4,development
651,494,97,3,development
441,298,64,4,test
128,561,18,5,development
328,590,48,5,development
568,101,81,2,development
142,452,26,5,development
422,347,65,3,buffer
420,273,64,3,test
185,16,20,3,development
264,545,38,3,development
190,163,22,1,buffer
115,89,11,3,development
604,563,98,1,development
564,489,87,1,development
568,71,81,2,development
282,445,46,4,development
158,97,21,3,development
93,493,17,3,development
590,138,82,5,buffer
11,484,7,4,development
128,368,15,5,buffer
276,182,42,3,buffer
528,319,74,5,test
192,234,23,2,test
73,484,17,5,development
505,569,78,4,development
277,327,44,1,test
539,336,85,4,buffer
414,603,69,4,development
113,79,11,3,development
201,211,33,2,test
220,111,31,1,development
116,331,14,5,test
7,286,4,2,test
287,68,41,1,development
504,84,71,3,development
107,225,13,3,test
208,567,38,6,development
462,482,67,4,development
119,5,10,2,development
490,517,77,4,development
649,19,90,2,development
357,415,56,5,development
203,39,30,1,development
494,254,73,4,test
545,56,80,2,development
630,176,92,1,buffer
308,375,45,4,buffer
385,347,55,1,buffer
217,584,38,6,development
175,486,27,1,development
143,498,27,1,development
572,584,88,1,development
158,463,26,5,development
288,253,43,4,test
570,278,84,4,test
564,109,81,2,development
302,606,49,4,development
331,408,46,5,development
374,450,56,4,development
115,252,13,2,test
122,255,13,2,test
567,404,86,4,development
170,406,26,5,development
105,31,10,5,development
137,579,28,4,development
340,358,55,5,buffer
221,588,38,6,development
76,372,15,1,buffer
338,455,56,5,development
551,474,87,1,development
341,603,59,5,development
183,211,23,2,test
61,336,5,2,buffer
95,409,16,2,development
616,467,96,4,development
507,233,73,5,test
375,283,54,5,test
628,68,91,3,development
144,359,25,4,buffer
629,204,93,1,test
438,175,62,1,buffer
621,467,96,4,development
364,562,58,4,development
578,543,88,1,development
147,159,22,4,buffer
387,316,54,4,test
593,435,86,4,development
214,491,37,5,development
59,270,4,3,test
625,431,96,2,development
273,252,43,1,test
75,45,10,1,development
472,304,74,3,test
63,242,3,3,test
524,46,70,3,development
547,269,84,2,test
542,400,85,4,buffer
255,466,36,1,development
372,239,53,3,test
591,4,80,2,development
604,545,98,1,development
62,350,5,5,buffer
109,36,10,5,development
60,3,0,3,development
90,100,11,3,development
394,301,54,5,test
100,106,11,3,development
584,42,80,5,development
335,257,53,4,test
509,335,75,4,buffer
75,231,13,3,test
289,287,44,1,test
406,519,67,4,development
442,605,69,4,development
221,476,37,5,development
546,37,80,2,development
180,315,24,5,test
571,105,81,2,development
108,382,15,4,buffer
341,361,55,5,buffer
191,348,25,5,buffer
433,563,68,4,development
626,110,91,2,development
189,399,25,2,buffer
614,146,92,2,buffer
34,573,8,5,development
569,234,83,5,test
517,430,76,4,development
340,147,52,1,buffer
505,276,74,4,test
350,208,53,4,test
107,253,13,2,test
119,184,12,3,buffer
603,325,94,4,test
560,176,82,1,buffer
321,120,41,3,development
203,464,36,1,development
136,521,27,3,development
563,176,82,1,buffer
518,230,73,5,test
117,60,10,3,development
314,610,49,4,development
303,418,46,4,development
317,209,43,3,test
112,567,18,5,development
232,451,36,4,development
102,274,14,2,test
427,282,64,3,test
199,461,26,1,development
290,164,42,3,buffer
113,492,17,5,development
140,615,29,4,development
149,510,27,6,development
580,102,81,2,development
34,333,4,1,test
105,260,13,2,test
209,569,38,6,development
466,17,60,1,development
167,369,25,5,buffer
473,549,78,5,development
322,409,46,4,development
472,527,77,5,development
591,394,85,4,buffer
270,499,47,5,development
42,467,6,4,development
527,67,71,2,development
123,508,17,5,development
610,115,91,2,development
512,340,75,5,buffer
617,375,95,4,buffer
465,571,68,5,development
493,292,74,4,test
55,451,6,1,development
228,571,38,1,development
609,76,91,2,development
524,336,75,5,buffer
380,14,50,4,development
59,69,1,3,development
618,519,97,3,development
391,50,50,1,development
524,86,71,2,development
286,548,48,3,development
274,449,46,4,development
244,9,30,4,development
380,397,55,3,buffer
392,277,54,3,test
609,41,90,1,development
435,444,66,5,development
392,526,57,4,development
110,362,15,4,buffer
24,74,1,3,development
223,399,35,5,buffer
615,487,97,3,development
572,377,85,4,buffer
347,477,57,4,development
39,501,7,5,development
242,184,32,1,buffer
169,499,27,6,development
338,578,58,5,development
377,356,55,5,buffer
544,478,87,1,development
236,522,37,3,development
321,602,48,4,development
555,288,84,4,test
410,575,68,4,development
300,551,48,2,development
79,507,17,5,development
139,204,23,1,test
209,553,38,6,development
505,56,70,3,development
148,456,26,5,development
95,7,10,2,development
581,172,82,1,buffer
373,59,50,1,development
106,3,10,5,development
527,43,70,3,development
230,593,38,6,development
314,283,44,3,test
593,362,85,4,buffer
500,323,74,4,test
535,140,72,1,buffer
647,416,96,1,development
358,388,55,5,buffer
146,177,22,3,buffer
628,573,98,3,development
361,403,56,5,development
249,28,30,1,development
110,546,18,5,development
7,530,7,5,development
609,5,90,2,development
301,481,47,5,development
154,464,26,5,development
26,95,1,3,development
101,447,16,3,development
137,298,24,5,test
395,574,58,4,development
165,113,21,3,development
66,69,1,3,development
490,19,70,2,development
310,435,46,5,development
88,370,15,4,buffer
149,409,26,5,development
635,590,98,3,development
442,35,60,1,development
44,280,4,1,test
602,106,81,2,development
104,71,11,3,development
39,97,1,3,development
510,595,78,4,development
127,412,16,5,development
241,576,38,3,development
372,355,55,5,buffer
550,583,88,4,development
22,44,0,2,development
258,123,31,4,development
165,289,24,4,test
508,480,77,4,development
586,508,87,1,development
645,554,98,3,development
616,211,93,1,test
396,336,55,4,buffer
535,80,71,2,development
42,209,3,3,test
548,252,83,4,test
502,473,77,4,development
582,253,83,1,test
605,90,91,2,development
55,613,9,5,development
562,73,81,2,development
519,62,70,3,development
69,212,13,1,test
232,285,34,2,test
66,612,9,5,development
524,74,71,2,development
29,304,4,1,test
6,437,6,3,development
557,57,80,2,development
259,402,36,4,development
495,516,77,4,development
541,37,80,2,development
364,375,55,5,buffer
185,78,21,1,development
458,445,66,4,development
593,12,80,2,development
287,77,41,1,development
472,531,77,5,development
269,427,46,4,development
223,499,37,2,development
223,587,38,6,development
325,113,41,3,development
540,429,86,4,development
41,21,0,3,development
193,336,25,4,buffer
507,584,78,4,development
603,579,98,1,development
85,608,19,5,development
58,0,0,3,development
609,18,90,5,development
319,57,40,2,development
259,499,37,4,development
428,516,67,4,development
587,270,84,1,test
259,11,30,3,development
36,567,8,5,development
648,287,94,3,test
447,440,66,4,development
370,30,50,1,development
498,615,79,4,development
621,109,91,2,development
224,337,35,3,buffer
223,423,36,1,development
86,506,17,5,development
292,286,44,1,test
219,330,34,3,test
550,137,82,2,buffer
492,257,73,4,test
354,424,56,5,development
480,6,70,2,development
29,253,3,1,test
188,364,25,5,buffer
37,109,1,3,development
610,182,92,1,buffer
34,483,7,3,development
181,263,23,2,test
58,614,9,5,development
621,553,98,1,development
196,322,24,4,test
567,532,87,4,development
22,348,5,2,buffer
610,233,93,6,test
437,178,62,1,buffer
36,405,6,1,development
137,186,22,3,buffer
347,398,55,5,buffer
627,107,91,2,development
462,309,64,3,test
269,494,47,5,development
495,139,72,3,buffer
573,1,80,2,development
335,433,56,5,development
9,465,6,3,development
283,30,40,3,development
40,553,8,5,development
281,175,42,1,buffer
28,513,7,5,development
318,428,46,4,development
517,81,71,2,development
155,209,23,5,test
407,66,60,5,development
137,320,24,5,test
117,29,10,2,development
222,595,38,6,development
15,465,6,3,development
194,281,24,5,test
540,63,80,2,development
42,387,5,3,buffer
64,362,5,3,buffer
22,527,7,5,development
222,465,36,5,development
301,191,42,3,buffer
256,467,36,1,development
219,380,35,4,buffer
616,182,92,1,buffer
89,261,13,3,test
309,214,43,3,test
212,88,31,3,development
21,552,8,5,development
341,449,56,5,development
350,363,55,5,buffer
643,613,99,1,development
282,97,41,3,development
344,403,56,5,development
612,380,95,4,buffer
616,200,92,2,buffer
204,111,31,3,development
403,106,61,1,development
199,240,23,1,test
426,260,63,3,test
39,227,3,3,test
82,541,18,5,development
127,283,14,5,test
285,149,42,1,buffer
98,81,11,3,development
601,89,81,2,development
151,157,22,1,buffer
620,278,94,2,test
175,228,23,5,test
142,396,25,5,buffer
34,205,3,3,test
37,131,1,3,development
586,512,87,1,development
129,98,11,3,development
219,507,37,4,development
320,341,45,1,buffer
277,118,41,1,development
35,446,6,4,development
407,406,66,4,development
150,445,26,5,development
88,415,16,2,development
607,10,90,2,development
467,607,69,5,development
629,430,96,2,development
295,174,42,1,buffer
235,35,30,1,development
525,68,71,2,development
326,419,46,4,development
527,352,75,5,buffer
31,339,5,2,buffer
593,304,84,4,test
605,221,93,6,test
603,120,91,2,development
154,22,20,3,development
102,531,17,1,development
327,469,47,4,development
567,247,83,5,test
325,506,47,1,development
634,279,94,2,test
376,209,53,1,test
461,329,64,1,test
475,251,73,3,test
177,3,20,3,development
263,300,34,4,test
479,479,77,4,development
331,34,40,1,development
386,342,55,1,buffer
493,598,78,4,development
228,599,38,6,development
569,157,82,2,buffer
223,463,36,1,development
196,487,27,4,development
581,41,80,2,development
19,556,8,5,development
173,312,24,5,test
574,543,88,1,development
567,59,80,2,development
454,499,67,4,development
629,427,96,2,development
314,575,48,4,development
288,406,46,1,development
624,124,91,2,development
19,146,2,3,buffer
154,343,25,5,buffer
2,418,6,3,development
462,192,62,1,buffer
229,153,32,3,buffer
640,59,90,2,development
10,308,4,1,test
435,557,68,4,development
92,179,12,3,buffer
71,114,11,3,development
336,234,53,1,test
292,545,48,5,development
136,220,23,1,test
194,480,27,4,development
607,140,92,2,buffer
548,39,80,2,development
365,595,58,4,development
296,341,45,4,buffer
597,379,85,4,buffer
99,471,17,1,development
476,289,74,3,test
339,5,50,1,development
84,417,16,5,development
553,59,80,2,development
67,76,11,1,development
110,275,14,2,test
106,28,10,5,development
644,613,99,3,development
362,231,53,1,test
429,463,66,5,development
229,595,38,6,development
220,425,36,1,development
241,190,32,1,buffer
465,382,65,4,buffer
402,521,67,4,development
126,288,14,5,test
459,245,63,3,test
80,49,10,1,development
234,598,38,6,development
572,57,80,5,development
99,242,13,3,test
296,585,48,4,development
554,65,80,2,development
473,315,74,3,test
67,110,11,3,development
538,39,80,2,development
63,264,3,3,test
529,84,71,2,development
447,538,68,4,development
605,209,93,1,test
241,612,39,4,development
183,272,24,4,test
1,200,2,3,buffer
568,117,81,2,development
549,72,81,2,development
517,190,72,5,buffer
626,100,91,2,development
556,110,81,2,development
86,530,17,5,development
505,391,75,5,buffer
616,303,94,2,test
19,190,2,3,buffer
57,534,7,5,development
296,601,48,4,development
230,296,34,2,test
328,473,47,4,development
6,271,4,1,test
78,330,14,2,test
63,24,0,3,development
65,127,1,3,development
534,367,75,5,buffer
180,35,20,1,development
588,104,81,2,development
212,411,36,2,development
380,282,54,5,test
168,320,24,5,test
611,557,98,1,development
517,176,72,5,buffer
138,375,25,5,buffer
119,192,12,3,buffer
613,57,90,3,development
145,395,25,5,buffer
214,183,32,3,buffer
123,233,13,5,test
488,8,70,2,development
227,394,35,5,buffer
400,262,53,5,test
207,581,38,6,development
83,475,17,2,development
393,557,58,4,development
235,8,30,1,development
56,162,2,3,buffer
606,74,91,2,development
35,170,2,3,buffer
534,573,78,4,development
202,225,33,2,test
272,87,41,3,development
279,78,41,3,development
220,355,35,4,buffer
633,509,97,1,development
215,186,32,3,buffer
573,614,89,3,development
516,284,74,5,test
14,566,8,5,development
1,516,7,5,development
544,79,81,2,development
604,136,92,5,buffer
117,33,10,5,development
631,58,90,3,development
532,401,75,4,buffer
236,156,32,1,buffer
569,51,80,2,development
458,166,62,1,buffer
628,322,94,5,test
556,162,82,1,buffer
500,86,71,2,development
567,120,81,2,development
115,12,10,2,development
336,589,58,5,development
490,74,71,3,development
68,85,11,3,development
410,250,63,5,test
589,130,81,2,development
442,195,62,1,buffer
208,438,36,1,development
151,202,23,3,test
550,526,87,1,development
216,439,36,1,development
518,120,71,1,development
532,320,74,5,test
509,312,74,4,test
213,241,33,2,test
37,527,7,5,development
232,509,37,4,development
71,79,11,3,development
404,310,64,5,test
110,402,16,5,development
244,164,32,1,buffer
20,530,7,5,development
241,188,32,1,buffer
405,209,63,5,test
117,27,10,2,development
359,543,58,4,development
433,16,60,1,development
617,247,93,3,test
653,240,93,1,test
423,509,67,4,development
13,329,4,1,test
642,431,96,3,development
632,8,90,2,development
207,374,35,4,buffer
587,7,80,2,development
508,180,72,5,buffer
72,81,11,3,development
236,542,38,5,development
266,600,38,1,development
147,574,28,4,development
444,240,63,3,test
606,137,92,2,buffer
28,581,8,5,development
439,450,66,5,development
552,55,80,2,development
126,569,18,5,development
153,115,21,1,development
141,330,24,5,test
526,138,72,2,buffer
383,388,55,3,buffer
44,10,0,3,development
34,27,0,3,development
129,401,15,5,buffer
646,605,99,3,development
556,67,81,2,development
253,78,31,3,development
592,223,83,1,test
27,517,7,5,development
621,132,91,2,development
549,214,83,2,test
53,614,9,5,development
515,575,78,4,development
74,331,14,2,test
135,295,24,5,test
357,355,55,4,buffer
428,77,61,1,development
461,23,60,1,development
641,138,92,2,buffer
189,103,21,3,development
231,608,39,4,development
488,498,77,4,development
552,13,80,1,development
199,218,23,2,test
283,243,43,1,test
331,26,40,1,development
404,461,66,5,development
491,292,74,4,test
213,554,38,6,development
154,350,25,5,buffer
454,478,67,4,development
578,131,81,2,development
223,484,37,3,development
86,201,13,3,test
152,38,20,2,development
263,197,32,1,buffer
564,153,82,2,buffer
578,383,85,4,buffer
543,471,87,1,development
430,300,64,1,test
562,161,82,2,buffer
138,257,23,5,test
317,14,40,1,development
184,568,28,6,development
369,614,59,5,development
163,205,23,4,test
653,598,98,1,development
429,11,60,3,development
496,30,70,3,development
76,196,12,3,buffer
225,594,38,6,development
60,439,6,3,development
366,220,53,3,test
382,158,52,3,buffer
75,372,15,1,buffer
528,371,75,5,buffer
277,104,41,3,development
89,67,11,1,development
298,429,46,4,development
606,46,90,3,development
551,82,81,2,development
347,221,53,4,test
591,109,81,2,development
553,389,85,4,buffer
26,495,7,1,development
279,396,45,1,buffer
405,405,66,4,development
263,77,31,3,development
534,84,71,2,development
511,156,72,4,buffer
367,450,56,4,development
461,145,62,3,buffer
74,344,15,2,buffer
311,299,44,1,test
407,533,67,4,development
340,427,56,5,development
18,513,7,5,development
653,586,98,3,development
510,222,73,5,test
422,490,67,4,development
125,418,16,5,development
474,560,78,5,development
592,135,82,2,buffer
489,319,74,3,test
140,248,23,5,test
144,234,23,4,test
190,399,25,2,buffer
546,474,87,1,development
577,131,81,2,development
116,531,17,1,development
527,328,74,5,test
166,76,21,3,development
269,489,47,5,development
203,226,33,2,test
156,355,25,5,buffer
209,218,33,3,test
147,390,25,5,buffer
237,260,33,3,test
337,183,52,1,buffer
621,174,92,2,buffer
566,123,81,2,development
607,144,92,2,buffer
478,546,78,5,development
96,67,11,3,development
483,17,70,3,development
610,539,98,1,development
4,518,7,5,development
594,145,82,2,buffer
509,609,79,4,development
10,499,7,5,development
569,451,86,2,development
516,70,71,2,development
501,608,79,4,development
162,359,25,5,buffer
616,372,95,4,buffer
211,196,32,3,buffer
643,61,90,2,development
263,44,30,3,development
596,346,85,4,buffer
132,301,14,5,test
270,511,47,3,development
438,147,62,1,buffer
56,377,5,3,buffer
8,601,8,5,development
341,41,50,1,development
550,217,83,5,test
614,220,93,2,test
504,195,72,5,buffer
546,57,80,2,development
600,88,81,2,development
478,550,78,5,development
73,590,18,5,development
292,548,48,5,development
212,582,38,6,development
198,428,26,1,development
263,422,36,1,development
175,404,26,5,development
525,301,74,5,test
50,434,6,3,development
635,118,91,2,development
310,107,41,3,development
588,162,82,5,buffer
413,466,66,5,development
91,462,16,5,development
481,426,76,5,development
362,526,57,5,development
458,481,67,4,development
654,543,98,3,development
243,206,33,4,test
446,426,66,5,development
538,82,81,2,development
552,472,87,1,development
548,45,80,2,development
538,220,83,2,test
270,615,49,4,development
466,298,64,3,test
626,555,98,1,development
141,382,25,5,buffer
600,400,85,4,buffer
602,314,84,5,test
136,85,21,3,development
509,50,70,1,development
544,84,81,2,development
579,235,83,4,test
418,448,66,5,development
544,13,80,1,development
212,552,38,6,development
46,538,8,5,development
633,193,92,1,buffer
5,566,8,5,development
158,383,25,5,buffer
488,607,79,4,development
441,514,67,4,development
254,7,30,3,development
86,402,16,2,development
121,6,10,2,development
200,352,25,4,buffer
162,500,27,6,development
152,513,27,6,development
213,579,38,6,development
421,565,68,4,development
562,70,81,2,development
138,18,20,2,development
580,39,80,2,development
81,356,15,4,buffer
111,360,15,5,buffer
294,173,42,1,buffer
40,596,8,5,development
226,72,31,1,development
342,187,52,1,buffer
580,517,87,3,development
35,360,5,4,buffer
464,497,67,4,development
607,145,92,2,buffer
155,63,20,3,development
623,105,91,2,development
440,520,67,4,development
539,99,81,2,development
4,10,0,3,development
115,13,10,2,development
369,319,54,5,test
352,602,58,5,development
378,432,56,4,development
98,369,15,4,buffer
224,429,36,5,development
117,226,13,1,test
44,608,9,5,development
486,456,76,4,development
65,335,5,2,buffer
239,178,32,1,buffer
372,423,56,4,development
282,462,46,4,development
494,590,78,4,development
327,438,46,5,development
9,201,3,3,test
271,48,40,3,development
643,202,93,1,test
575,371,85,4,buffer
62,137,2,3,buffer
54,376,5,1,buffer
45,552,8,5,development
145,409,26,5,development
79,414,16,4,development
472,230,73,4,test
594,256,83,1,test
480,456,76,4,development
39,330,4,1,test
388,276,54,5,test
227,360,35,3,buffer
32,256,3,1,test
153,514,27,6,development
100,521,17,3,development
572,427,86,4,development
75,379,15,3,buffer
532,250,73,5,test
576,417,86,2,development
548,192,82,1,buffer
205,440,36,1,development
69,117,11,3,development
118,205,13,3,test
240,144,32,3,buffer
437,413,66,5,development
84,475,17,2,development
296,258,43,4,test
519,89,71,2,development
8,78,1,1,development
456,583,68,4,development
316,21,40,4,development
61,246,3,1,test
120,138,12,3,buffer
236,109,31,1,development
474,3,70,5,development
48,288,4,3,test
93,290,14,1,test
601,1,80,2,development
461,254,63,3,test
70,340,15,2,buffer
541,559,88,3,development
145,514,27,6,development
136,104,21,3,development
17,395,5,3,buffer
545,370,85,4,buffer
609,114,91,2,development
463,318,64,3,test
581,102,81,2,development
582,498,87,1,development
126,81,11,3,development
612,445,96,4,development
273,419,46,1,development
148,455,26,5,development
543,67,81,2,development
38,503,7,5,development
47,201,3,3,test
148,294,24,5,test
595,303,84,4,test
214,585,38,6,development
319,525,47,4,development
14,565,8,5,development
512,322,74,4,test
556,338,85,4,buffer
57,601,8,5,development
237,189,32,1,buffer
509,580,78,4,development
71,529,17,5,development
129,375,15,5,buffer
582,527,87,1,development
609,138,92,2,buffer
567,62,80,2,development
90,253,13,3,test
140,231,23,1,test
209,50,30,1,development
573,348,85,4,buffer
384,593,58,4,development
626,429,96,2,development
340,83,51,3,development
225,260,33,2,test
602,189,82,3,buffer
128,496,17,5,development
400,244,53,4,test
422,332,64,1,test
275,612,49,4,development
213,519,37,6,development
155,403,26,5,development
338,3,50,1,development
22,493,7,1,development
578,410,86,3,development
449,170,62,3,buffer
228,47,30,3,development
191,254,23,2,test
223,602,38,6,development
478,2,70,1,development
572,75,81,2,development
110,276,14,2,test
620,192,92,1,buffer
566,77,81,2,development
570,79,81,2,development
340,174,52,1,buffer
454,16,60,1,development
453,444,66,4,development
630,605,99,3,development
313,465,46,5,development
476,538,78,5,development
210,552,38,6,development
247,196,32,3,buffer
212,195,32,3,buffer
253,83,31,3,development
598,431,86,1,development
189,224,23,2,test
618,130,91,2,development
607,219,93,6,test
594,65,80,2,development
180,383,25,2,buffer
334,241,43,1,test
267,111,31,1,development
480,476,77,4,development
85,297,14,3,test
8,532,7,5,development
422,252,63,3,test
340,606,59,4,development
571,343,85,4,buffer
398,187,52,4,buffer
225,266,33,2,test
169,456,26,3,development
654,37,90,2,development
386,393,55,3,buffer
102,164,12,3,buffer
517,265,73,5,test
195,235,23,2,test
127,564,18,5,development
348,218,53,1,test
154,284,24,5,test
460,379,65,5,buffer
140,539,28,5,development
492,145,72,1,buffer
466,436,66,4,development
3,553,8,5,development
208,439,36,1,development
435,333,64,3,test
262,29,30,3,development
275,95,41,3,development
515,346,75,5,buffer
631,137,92,2,buffer
108,325,14,5,test
386,392,55,3,buffer
251,416,36,2,development
464,272,64,3,test
422,369,65,4,buffer
457,320,64,1,test
137,527,27,3,development
401,544,58,4,development
530,226,73,5,test
36,173,2,3,buffer
220,419,36,1,development
109,570,18,4,development
335,296,54,1,test
165,540,28,3,development
114,252,13,2,test
305,499,47,4,development
313,437,46,4,development
560,483,87,1,development
343,181,52,1,buffer
445,392,65,4,buffer
221,606,39,6,development
40,122,1,3,development
308,514,47,3,development
215,129,31,3,development
187,226,23,2,test
541,387,85,4,buffer
459,400,65,4,buffer
421,436,66,5,development
165,202,23,4,test
85,544,18,5,development
593,586,88,1,development
112,512,17,5,development
334,118,41,3,development
135,124,21,2,development
58,295,4,3,test
503,459,76,4,development
487,263,73,3,test
210,573,38,6,development
643,197,92,1,buffer
197,374,25,4,buffer
163,497,27,6,development
212,102,31,3,development
530,377,75,5,buffer
117,264,13,2,test
409,96,61,3,development
141,612,29,4,development
452,494,67,4,development
502,545,78,4,development
547,226,83,2,test
204,128,31,1,development
442,381,65,5,buffer
638,192,92,1,buffer
474,548,78,5,development
630,429,96,2,development
155,258,23,5,test
569,105,81,2,development
382,139,52,1,buffer
116,46,10,5,development
567,600,88,5,development
57,304,4,3,test
513,35,70,3,development
590,361,85,4,buffer
67,480,17,5,development
579,364,85,4,buffer
213,607,39,3,development
3,188,2,3,buffer
486,537,78,5,development
147,20,20,3,development
113,275,14,2,test
393,206,53,3,test
44,321,4,1,test
127,150,12,3,buffer
144,257,23,5,test
597,80,81,2,development
511,357,75,4,buffer
599,321,84,4,test
52,611,9,5,development
210,513,37,6,development
220,584,38,6,development
94,406,16,2,development
350,361,55,5,buffer
146,446,26,5,development
106,416,16,5,development
489,241,73,1,test
111,475,17,2,development
641,205,93,1,test
46,574,8,5,development
585,511,87,1,development
545,99,81,2,development
151,410,26,5,development
144,435,26,5,development
487,5,70,2,development
112,478,17,2,development
618,120,91,2,development
57,523,7,5,development
1,249,3,3,test
471,436,76,4,development
523,402,76,4,development
271,599,48,4,development
32,471,7,1,development
188,214,23,2,test
504,112,71,1,development
208,461,36,1,development
611,79,91,2,development
420,299,64,4,test
89,593,18,4,development
333,16,40,1,development
272,96,41,3,development
191,321,24,5,test
451,447,66,4,development
6,161,2,3,buffer
230,411,36,3,development
535,614,79,4,development
209,513,37,6,development
138,367,25,5,buffer
567,455,86,2,development
457,31,60,1,development
397,35,50,1,development
503,451,76,4,development
516,143,72,2,buffer
68,586,18,5,development
160,525,27,6,development
367,421,56,4,development
103,242,13,3,test
580,71,81,2,development
608,586,98,2,development
289,411,46,1,development
473,255,73,3,test
339,209,53,1,test
336,183,52,1,buffer
550,53,80,2,development
413,496,67,5,development
409,497,67,4,development
141,39,20,1,development
271,140,42,3,buffer
85,102,11,2,development
107,559,18,5,development
639,281,94,3,test
608,132,91,2,development
41,383,5,3,buffer
354,433,56,5,development
432,23,60,1,development
165,281,24,2,test
65,147,2,3,buffer
362,517,57,4,development
482,17,70,3,development
120,260,13,2,test
274,529,47,1,development
336,379,55,5,buffer
127,25,10,2,development
653,208,93,1,test
539,77,81,2,development
643,506,97,3,development
307,170,42,1,buffer
174,346,25,5,buffer
60,434,6,3,development
151,450,26,5,development
55,112,1,3,development
280,500,47,5,development
509,120,71,1,development
511,333,74,4,test
551,109,81,2,development
84,578,18,5,development
32,161,2,3,buffer
460,26,60,1,development
311,421,46,4,development
34,316,4,3,test
442,329,64,3,test
606,197,92,2,buffer
213,582,38,6,development
65,76,1,3,development
48,574,8,5,development
589,161,82,5,buffer
303,615,49,4,development
354,388,55,5,buffer
541,232,83,5,test
320,8,40,1,development
141,42,20,1,development
243,492,37,1,development
589,97,81,2,development
221,595,38,6,development
576,250,83,4,test
295,169,42,1,buffer
243,48,30,1,development
416,574,68,4,development
537,216,83,2,test
172,461,26,1,development
30,192,2,3,buffer
606,577,98,1,development
624,118,91,2,development
188,248,23,2,test
225,239,33,3,test
329,38,40,1,development
363,152,52,1,buffer
349,585,58,5,development
511,219,73,5,test
273,594,48,4,development
534,80,71,2,development
433,495,67,4,development
593,11,80,2,development
586,26,80,2,development
549,353,85,4,buffer
551,139,82,2,buffer
633,157,92,2,buffer
20,178,2,3,buffer
619,128,91,2,development
523,439,76,5,development
505,157,72,1,buffer
162,459,26,5,development
482,129,71,1,development
255,306,34,3,test
340,591,58,5,development
648,417,96,1,development
7,439,6,3,development
563,480,87,1,development
13,405,6,3,development
68,589,18,5,development
615,594,98,3,development
126,497,17,5,development
582,435,86,4,development
59,338,5,2,buffer
176,145,22,3,buffer
132,317,14,5,test
624,336,95,4,buffer
636,454,96,3,development
227,596,38,6,development
24,328,4,4,test
571,76,81,2,development
522,372,75,5,buffer
569,37,80,2,development
133,478,17,5,development
61,335,5,2,buffer
411,434,66,5,development
101,200,12,6,buffer
489,546,78,4,development
459,600,68,4,development
517,293,74,5,test
354,386,55,5,buffer
229,327,34,3,test
522,480,77,4,development
490,178,72,1,buffer
185,90,21,3,development
515,79,71,2,development
215,502,37,4,development
573,315,84,4,test
291,561,48,4,development
225,472,37,1,development
164,387,25,5,buffer
37,60,0,2,development
60,545,8,5,development
573,70,81,2,development
505,124,71,1,development
242,520,37,3,development
65,594,8,5,development
3,221,3,3,test
639,411,96,3,development
222,600,38,6,development
508,288,74,5,test
381,79,51,3,development
607,107,91,2,development
220,41,30,3,development
261,560,38,3,development
31,410,6,1,development
588,30,80,2,development
46,484,7,1,development
275,540,48,1,development
615,382,95,4,buffer
471,457,76,4,development
442,459,66,4,development
621,221,93,1,test
358,237,53,3,test
314,4,40,1,development
507,580,78,4,development
315,394,45,1,buffer
541,275,84,2,test
267,81,31,3,development
643,607,99,3,development
169,553,28,6,development
482,237,73,4,test
554,182,82,2,buffer
355,206,53,1,test
465,481,67,4,development
617,120,91,2,development
192,419,26,5,development
229,249,33,4,test
6,567,8,5,development
384,347,55,1,buffer
400,462,56,5,development
643,602,98,3,development
250,207,33,3,test
314,27,40,1,development
80,96,11,3,development
500,99,71,2,development
314,540,48,5,development
153,43,20,2,development
170,192,22,3,buffer
120,285,14,5,test
540,201,83,2,test
609,364,95,4,buffer
583,368,85,4,buffer
352,508,57,4,development
528,305,74,5,test
580,312,84,4,test
177,229,23,5,test
647,37,90,2,development
639,229,93,1,test
479,336,75,4,buffer
190,22,20,3,development
250,287,34,1,test
83,266,13,3,test
626,127,91,2,development
395,347,55,1,buffer
156,178,22,3,buffer
316,457,46,5,development
380,204,53,3,test
112,258,13,2,test
578,6,80,2,development
212,575,38,6,development
257,409,36,1,development
344,39,50,1,development
172,192,22,4,buffer
141,222,23,1,test
347,40,50,1,development
114,20,10,2,development
456,288,64,4,test
612,116,91,2,development
568,451,86,2,development
536,597,88,4,development
538,28,80,2,development
148,256,23,5,test
559,54,80,2,development
230,68,31,3,development
548,107,81,2,development
567,147,82,2,buffer
162,604,29,6,development
424,508,67,4,development
66,332,4,2,test
610,78,91,2,development
88,397,15,2,buffer
214,546,38,6,development
206,465,36,1,development
217,461,36,1,development
259,296,34,4,test
215,463,36,1,development
623,19,90,3,development
183,236,23,2,test
325,201,43,3,test
612,357,95,4,buffer
249,31,30,3,development
76,74,11,1,development
271,503,47,5,development
188,345,25,5,buffer
67,230,13,3,test
31,64,0,2,development
254,34,30,3,development
300,174,42,1,buffer
64,505,7,5,development
563,90,81,2,development
111,547,18,5,development
88,216,13,6,test
491,238,73,4,test
205,575,38,6,development
370,23,50,1,development
620,566,98,2,development
198,498,27,4,development
266,141,32,1,buffer
109,379,15,4,buffer
373,447,56,4,development
547,477,87,1,development
490,353,75,5,buffer
279,299,44,4,test
203,118,31,3,development
99,421,16,5,development
391,293,54,5,test
513,232,73,5,test
21,346,5,2,buffer
76,593,18,5,development
513,204,73,5,test
314,203,43,1,test
538,306,84,4,test
146,456,26,5,development
250,461,36,2,development
95,546,18,5,development
181,230,23,2,test
208,290,34,1,test
588,85,81,2,development
442,336,65,1,buffer
89,405,16,2,development
225,446,36,2,development
511,68,71,3,development
557,64,80,2,development
534,192,72,2,buffer
520,92,71,2,development
553,366,85,4,buffer
258,472,37,4,development
335,151,52,1,buffer
257,541,38,1,development
654,278,94,3,test
179,393,25,5,buffer
638,211,93,1,test
141,567,28,5,development
561,124,81,2,development
581,1,80,2,development
647,359,95,3,buffer
393,354,55,1,buffer
47,86,1,2,development
599,115,81,5,development
114,164,12,1,buffer
17,458,6,3,development
519,11,70,3,development
542,147,82,1,buffer
550,57,80,2,development
213,559,38,4,development
630,142,92,2,buffer
618,384,95,2,buffer
543,209,83,2,test
536,214,83,2,test
149,553,28,4,development
162,8,20,3,development
451,322,64,1,test
118,513,17,5,development
227,413,36,1,development
82,471,17,2,development
252,133,31,3,development
492,122,71,1,development
362,199,52,1,buffer
391,54,50,4,development
151,290,24,5,test
111,352,15,4,buffer
466,182,62,1,buffer
585,393,85,4,buffer
605,139,92,2,buffer
450,16,60,1,development
168,232,23,5,test
446,246,63,3,test
410,557,68,5,development
585,301,84,4,test
71,247,13,1,test
81,205,13,3,test
417,536,68,4,development
429,264,63,3,test
579,4,80,2,development
512,88,71,2,development
514,292,74,5,test
539,309,84,4,test
243,375,35,5,buffer
550,119,81,5,development
540,203,83,2,test
557,527,87,1,development
51,136,2,3,buffer
40,510,7,5,development
131,422,16,5,development
151,288,24,5,test
429,426,66,5,development
519,101,71,2,development
313,31,40,1,development
236,468,36,2,development
540,209,83,2,test
188,378,25,4,buffer
557,107,81,2,development
647,69,91,2,development
54,505,7,5,development
353,576,58,5,development
371,288,54,5,test
167,419,26,5,development
141,251,23,5,test
173,408,26,5,development
361,405,56,5,development
21,277,4,1,test
240,104,31,3,development
554,245,83,4,test
163,34,20,3,development
590,104,81,2,development
57,141,2,3,buffer
136,464,26,5,development
67,45,10,3,development
472,394,75,4,buffer
258,413,36,4,development
5,334,4,3,test
591,111,81,2,development
33,60,0,2,development
400,380,55,3,buffer
544,87,81,2,development
2,549,8,5,development
486,7,70,2,development
88,191,12,3,buffer
491,173,72,1,buffer
52,37,0,3,development
641,547,98,3,development
186,387,25,2,buffer
122,266,13,2,test
173,314,24,5,test
614,130,91,2,development
624,140,92,2,buffer
184,214,23,2,test
72,500,17,5,development
567,346,85,4,buffer
66,325,4,5,test
23,614,9,4,development
337,234,53,1,test
122,368,15,4,buffer
188,197,22,1,buffer
548,29,80,3,development
487,177,72,1,buffer
123,102,11,3,development
609,390,95,4,buffer
429,432,66,5,development
511,181,72,5,buffer
109,250,13,2,test
510,495,77,4,development
28,259,3,3,test
503,160,72,1,buffer
331,496,47,4,development
387,608,59,4,development
213,181,32,1,buffer
336,7,50,1,development
291,520,47,3,development
373,347,55,4,buffer
410,281,64,3,test
249,337,35,4,buffer
647,595,98,3,development
75,344,15,2,buffer
307,85,41,3,development
192,239,23,2,test
42,79,1,2,development
40,448,6,2,development
628,106,91,2,development
353,58,50,4,development
222,125,31,1,development
544,104,81,2,development
430,5,60,3,development
453,190,62,1,buffer
209,570,38,6,development
547,486,87,4,development
578,233,83,4,test
285,51,40,3,development
143,299,24,5,test
218,430,36,1,development
165,498,27,6,development
140,64,20,3,development
622,126,91,2,development
408,325,64,4,test
223,176,32,3,buffer
384,207,53,3,test
247,447,36,2,development
365,110,51,3,development
476,87,71,1,development
35,59,0,2,development
594,531,87,3,development
206,581,38,6,development
310,601,48,4,development
627,102,91,5,development
284,499,47,5,development
505,114,71,1,development
229,196,32,3,buffer
55,334,4,4,test
282,407,46,4,development
463,192,62,1,buffer
582,9,80,2,development
597,351,85,4,buffer
572,112,81,2,development
108,475,17,2,development
641,12,90,2,development
22,155,2,3,buffer
88,527,17,1,development
295,232,43,4,test
586,277,84,1,test
650,9,90,2,development
91,185,12,3,buffer
514,267,73,5,test
565,304,84,4,test
215,155,32,3,buffer
484,385,75,4,buffer
548,273,84,2,test
407,331,64,4,test
641,504,97,3,development
292,396,45,1,buffer
301,235,43,3,test
626,472,97,2,development
617,151,92,2,buffer
181,415,26,5,development
55,542,8,5,development
560,213,83,2,test
173,106,21,3,development
92,246,13,3,test
156,480,27,3,development
114,273,14,2,test
600,67,81,2,development
626,605,99,3,development
431,429,66,5,development
314,424,46,4,development
299,432,46,4,development
154,394,25,5,buffer
332,563,48,5,development
227,106,31,1,development
445,421,66,5,development
649,560,98,3,development
292,76,41,1,development
302,146,42,1,buffer
25,464,6,3,development
277,402,46,4,development
449,280,64,4,test
609,219,93,6,test
551,54,80,2,development
234,52,30,3,development
643,1,90,2,development
222,594,38,6,development
354,588,58,5,development
301,93,41,3,development
392,39,50,1,development
5,530,7,5,development
501,211,73,5,test
30,13,0,3,development
428,71,61,5,development
644,39,90,2,development
516,556,78,4,development
423,453,66,5,development
168,394,25,4,buffer
67,55,10,1,development
556,356,85,4,buffer
463,297,64,3,test
637,24,90,2,development
644,204,93,1,test
556,107,81,2,development
324,231,43,1,test
111,493,17,5,development
59,340,5,2,buffer
582,113,81,2,development
154,106,21,1,development
70,524,17,5,development
583,511,87,1,development
538,222,83,2,test
217,170,32,1,buffer
82,52,10,1,development
430,477,67,4,development
353,427,56,5,development
411,567,68,4,development
3,571,8,5,development
569,116,81,2,development
546,269,84,2,test
1,437,6,3,development
456,582,68,4,development
115,250,13,2,test
173,296,24,5,test
98,174,12,3,buffer
80,530,17,5,development
376,363,55,5,buffer
568,98,81,2,development
536,187,82,1,buffer
538,139,82,1,buffer
549,270,84,2,test
359,427,56,5,development
610,248,93,3,test
91,59,10,1,development
278,122,41,1,development
5,68,1,3,development
412,428,66,5,development
223,586,38,6,development
636,8,90,2,development
620,173,92,2,buffer
363,266,53,4,test
348,176,52,4,buffer
290,354,45,4,buffer
483,345,75,4,buffer
428,78,61,1,development
72,260,13,3,test
406,243,63,3,test
30,102,1,3,development
583,559,88,1,development
125,430,16,5,development
622,98,91,2,development
629,114,91,2,development
512,405,76,4,development
86,323,14,5,test
596,302,84,4,test
1,435,6,3,development
653,40,90,2,development
271,529,47,3,development
98,215,13,1,test
6,613,9,4,development
628,353,95,5,buffer
140,264,23,5,test
506,47,70,1,development
387,53,50,1,development
102,26,10,5,development
17,596,8,4,development
642,473,97,4,development
529,222,73,5,test
234,99,31,1,development
219,129,31,3,development
332,17,40,1,development
388,47,50,1,development
614,307,94,2,test
529,593,78,5,development
42,116,1,3,development
144,268,24,5,test
537,85,81,2,development
77,403,16,4,development
584,156,82,5,buffer
637,413,96,3,development
218,459,36,1,development
111,610,19,4,development
493,606,79,4,development
269,374,45,4,buffer
434,400,65,5,buffer
304,391,45,4,buffer
35,163,2,3,buffer
653,47,90,2,development
328,73,41,3,development
206,455,36,1,development
89,426,16,5,development
478,161,72,1,buffer
582,588,88,1,development
594,117,81,2,development
399,117,51,1,development
249,268,34,4,test
183,229,23,2,test
174,178,22,1,buffer
515,22,70,3,development
510,402,76,4,development
408,432,66,5,development
415,542,68,5,development
346,35,50,4,development
81,587,18,5,development
612,79,91,2,development
572,183,82,1,buffer
595,47,80,2,development
290,350,45,4,buffer
234,183,32,1,buffer
112,475,17,2,development
329,530,47,5,development
535,603,79,5,development
637,6,90,2,development
459,314,64,3,test
213,111,31,3,development
346,382,55,5,buffer
460,436,66,3,development
606,62,90,2,development
408,498,67,4,development
371,327,54,5,test
135,276,24,5,test
160,373,25,5,buffer
567,563,88,1,development
36,437,6,3,development
93,547,18,5,development
495,156,72,1,buffer
290,575,48,4,development
238,74,31,3,development
599,465,86,4,development
76,493,17,5,development
514,304,74,4,test
621,186,92,1,buffer
49,395,5,3,buffer
212,579,38,6,development
492,502,77,4,development
509,409,76,4,development
320,25,40,1,development
133,194,12,3,buffer
573,443,86,4,development
635,480,97,2,development
350,382,55,5,buffer
217,583,38,6,development
631,549,98,1,development
482,176,72,1,buffer
582,565,88,1,development
44,66,0,2,development
388,35,50,1,development
225,592,38,6,development
269,508,47,3,development
596,91,81,2,development
246,242,33,3,test
413,104,61,3,development
614,140,92,2,buffer
335,523,57,4,development
180,176,22,1,buffer
598,160,82,2,buffer
463,25,60,1,development
151,449,26,5,development
528,70,71,2,development
17,32,0,3,development
113,606,19,4,development
37,78,1,3,development
172,42,20,3,development
28,536,8,5,development
388,331,54,4,test
595,48,80,2,development
135,371,25,5,buffer
573,80,81,2,development
108,549,18,4,development
64,484,7,5,development
222,144,32,3,buffer
547,46,80,2,development
428,245,63,3,test
559,70,81,2,development
422,478,67,5,development
558,51,80,2,development
318,150,42,1,buffer
78,22,10,3,development
556,72,81,2,development
457,546,68,5,development
116,517,17,5,development
33,481,7,3,development
174,241,23,5,test
549,60,80,2,development
146,302,24,4,test
615,341,95,4,buffer
435,454,66,5,development
329,373,45,4,buffer
115,576,18,4,development
257,131,31,4,development
507,324,74,4,test
551,595,88,5,development
645,205,93,1,test
122,6,10,2,development
149,515,27,6,development
436,440,66,5,development
601,9,80,2,development
490,173,72,1,buffer
211,577,38,6,development
72,266,13,3,test
106,179,12,3,buffer
543,33,80,2,development
127,485,17,5,development
159,377,25,5,buffer
158,356,25,5,buffer
262,177,32,1,buffer
565,167,82,1,buffer
636,211,93,1,test
141,190,22,3,buffer
292,339,45,4,buffer
9,533,7,5,development
336,174,52,1,buffer
163,474,27,3,development
143,418,26,5,development
125,397,15,5,buffer
247,58,30,1,development
433,366,65,3,buffer
129,491,17,5,development
437,253,63,4,test
452,424,66,4,development
467,370,65,4,buffer
505,324,74,4,test
145,364,25,5,buffer
498,457,76,4,development
533,534,77,2,development
430,15,60,1,development
533,127,71,1,development
392,50,50,1,development
373,318,54,5,test
95,153,12,1,buffer
342,543,58,4,development
6,231,3,3,test
431,180,62,3,buffer
340,324,54,1,test
451,519,67,4,development
190,233,23,2,test
145,517,27,6,development
179,400,25,5,buffer
300,469,47,4,development
48,551,8,5,development
269,109,41,3,development
405,590,68,4,development
165,110,21,3,development
123,356,15,4,buffer
508,564,78,4,development
545,91,81,2,development
361,588,58,4,development
141,496,27,3,development
201,481,37,4,development
650,17,90,2,development
278,327,44,1,test
544,202,83,2,test
348,333,54,4,test
620,119,91,2,development
566,58,80,2,development
565,106,81,2,development
596,372,85,4,buffer
566,487,87,1,development
144,472,27,5,development
552,56,80,2,development
329,333,44,1,test
504,485,77,4,development
616,107,91,2,development
537,70,81,2,development
580,316,84,4,test
217,580,38,6,development
515,371,75,5,buffer
221,65,30,3,development
185,322,24,4,test
23,284,4,1,test
489,139,72,2,buffer
543,298,84,4,test
652,12,90,2,development
112,603,19,4,development
164,542,28,3,development
199,160,22,1,buffer
516,342,75,5,buffer
11,70,1,3,development
84,473,17,2,development
10,185,2,3,buffer
351,153,52,4,buffer
400,457,56,5,development
378,23,50,1,development
121,12,10,2,development
15,351,5,2,buffer
468,442,66,4,development
205,431,36,1,development
198,229,23,2,test
336,296,54,1,test
544,274,84,2,test
604,550,98,1,development
612,148,92,2,buffer
615,442,96,4,development
364,198,52,1,buffer
191,397,25,2,buffer
315,534,47,5,development
36,361,5,4,buffer
276,57,40,3,development
35,68,1,2,development
453,558,68,3,development
63,600,8,5,development
422,482,67,5,development
130,551,18,5,development
143,346,25,5,buffer
109,53,10,5,development
309,611,49,4,development
281,547,48,5,development
618,195,92,1,buffer
419,71,61,1,development
117,251,13,2,test
352,353,55,5,buffer
469,496,77,4,development
333,450,46,5,development
88,237,13,1,test
83,293,14,4,test
214,18,30,3,development
569,551,88,1,development
160,133,21,3,development
288,603,49,4,development
353,306,54,4,test
243,44,30,3,development
8,321,4,4,test
159,413,26,5,development
107,34,10,5,development
360,18,50,1,development
335,328,54,3,test
87,372,15,4,buffer
398,102,51,3,development
17,444,6,1,development
648,25,90,2,development
510,480,77,4,development
33,239,3,3,test
245,555,38,1,development
370,284,54,5,test
515,138,72,2,buffer
257,395,35,2,buffer
537,41,80,2,development
653,68,91,2,development
160,271,24,2,test
449,481,67,4,development
495,208,73,4,test
161,285,24,2,test
569,600,88,3,development
99,228,13,1,test
136,591,28,5,development
360,421,56,5,development
355,371,55,5,buffer
251,414,36,2,development
563,153,82,2,buffer
549,273,84,2,test
148,512,27,6,development
457,460,66,4,development
580,362,85,4,buffer
183,233,23,2,test
525,230,73,5,test
191,450,26,3,development
102,302,14,5,test
643,436,96,3,development
318,204,43,3,test
270,51,40,3,development
363,386,55,4,buffer
590,2,80,2,development
499,164,72,3,buffer
625,277,94,2,test
344,543,58,4,development
229,598,38,6,development
561,63,80,2,development
521,86,71,2,development
280,54,40,3,development
620,112,91,2,development
79,421,16,4,development
454,212,63,1,test
135,352,25,5,buffer
109,199,12,6,buffer
46,501,7,5,development
350,423,56,5,development
90,67,11,1,development
166,493,27,6,development
557,141,82,2,buffer
163,393,25,4,buffer
583,26,80,2,development
628,123,91,2,development
109,59,10,1,development
261,608,39,4,development
169,230,23,5,test
649,42,90,2,development
588,226,83,1,test
383,534,57,4,development
128,294,14,5,test
568,494,87,3,development
574,0,80,2,development
217,115,31,3,development
10,250,3,3,test
236,511,37,4,development
277,98,41,3,development
641,543,98,1,development
544,330,84,4,test
55,307,4,3,test
317,462,46,4,development
498,232,73,5,test
500,360,75,4,buffer
247,565,38,5,development
312,228,43,1,test
359,202,53,1,test
641,66,90,2,development
589,566,88,1,development
544,254,83,4,test
160,100,21,3,development
625,274,94,2,test
304,308,44,1,test
237,486,37,1,development
467,63,60,1,development
155,259,23,5,test
340,402,56,5,development
29,472,7,1,development
18,245,3,3,test
448,215,63,1,test
138,340,25,5,buffer
355,612,59,4,development
140,49,20,3,development
70,338,15,2,buffer
361,374,55,4,buffer
245,194,32,3,buffer
536,299,84,4,test
153,346,25,5,buffer
264,421,36,1,development
38,445,6,5,development
644,414,96,3,development
191,245,23,2,test
461,497,67,4,development
167,490,27,6,development
98,425,16,5,development
549,361,85,4,buffer
198,578,28,3,development
618,144,92,2,buffer
465,79,61,1,development
439,307,64,1,test
370,270,54,5,test
35,513,7,5,development
339,384,55,5,buffer
588,99,81,2,development
330,446,46,5,development
250,88,31,3,development
140,189,22,3,buffer
81,134,12,3,buffer
608,117,91,2,development
217,430,36,1,development
626,149,92,2,buffer
142,406,26,4,development
205,464,36,1,development
213,128,31,1,development
199,180,22,1,buffer
210,566,38,6,development
538,388,85,4,buffer
271,533,47,3,development
539,215,83,2,test
631,177,92,1,buffer
492,529,77,4,development
281,321,44,1,test
635,209,93,1,test
389,387,55,4,buffer
479,224,73,4,test
341,388,55,5,buffer
506,553,78,4,development
444,41,60,1,development
244,30,30,1,development
3,490,7,4,development
141,428,26,5,development
307,332,44,3,test
162,294,24,4,test
62,284,4,1,test
571,162,82,5,buffer
170,315,24,5,test
106,223,13,1,test
435,186,62,1,buffer
175,440,26,3,development
313,226,43,1,test
309,10,40,1,development
547,448,86,3,development
307,595,48,4,development
108,476,17,2,development
436,323,64,1,test
1,286,4,3,test
371,28,50,1,development
512,415,76,4,development
268,178,42,1,buffer
505,394,75,5,buffer
583,587,88,1,development
371,322,54,5,test
346,400,55,5,buffer
343,447,56,5,development
407,490,67,4,development
127,563,18,5,development
388,558,58,4,development
298,431,46,4,development
514,566,78,4,development
522,348,75,5,buffer
205,251,33,2,test
584,281,84,1,test
145,499,27,3,development
209,577,38,6,development
526,223,73,5,test
629,433,96,2,development
300,580,48,4,development
33,66,0,2,development
611,135,92,2,buffer
379,95,51,1,development
148,550,28,5,development
501,515,77,4,development
525,82,71,2,development
88,97,11,3,development
331,406,46,5,development
514,336,75,5,buffer
217,585,38,6,development
214,548,38,6,development
435,281,64,1,test
10,435,6,3,development
499,496,77,4,development
589,289,84,1,test
388,30,50,1,development
188,215,23,2,test
443,456,66,4,development
246,434,36,1,development
635,607,99,3,development
275,104,41,4,development
421,376,65,5,buffer
602,70,81,2,development
462,20,60,1,development
59,572,8,5,development
524,234,73,5,test
142,430,26,4,development
614,204,93,1,test
112,166,12,1,buffer
99,215,13,1,test
650,23,90,2,development
29,64,0,2,development
338,471,57,4,development
474,178,72,1,buffer
615,122,91,2,development
550,41,80,2,development
442,523,67,4,development
245,71,31,3,development
189,189,22,1,buffer
175,470,27,3,development
48,365,5,4,buffer
612,129,91,2,development
22,429,6,3,development
384,71,51,3,development
422,228,63,3,test
264,183,32,1,buffer
626,322,94,5,test
163,324,24,5,test
597,518,87,1,development
201,453,36,1,development
287,452,46,2,development
400,217,53,5,test
106,528,17,1,development
101,536,18,1,development
592,399,85,4,buffer
80,48,10,1,development
61,250,3,1,test
191,169,22,1,buffer
46,491,7,5,development
599,160,82,2,buffer
128,476,17,5,development
295,239,43,1,test
254,199,32,1,buffer
626,158,92,2,buffer
592,338,85,4,buffer
483,367,75,4,buffer
615,134,92,2,buffer
187,185,22,1,buffer
141,543,28,5,development
333,153,42,1,buffer
147,272,24,4,test
282,498,47,5,development
339,295,54,1,test
480,571,78,4,development
6,138,2,1,buffer
636,606,99,3,development
260,234,33,1,test
93,525,17,1,development
549,475,87,1,development
114,444,16,5,development
138,310,24,5,test
557,379,85,4,buffer
224,263,33,2,test
67,379,15,1,buffer
546,49,80,2,development
105,584,18,4,development
207,575,38,6,development
535,66,70,2,development
370,450,56,4,development
205,449,36,4,development
560,499,87,2,development
269,117,41,1,development
104,367,15,4,buffer
199,463,26,1,development
454,364,65,4,buffer
108,257,13,2,test
290,55,40,3,development
170,552,28,6,development
277,258,43,4,test
217,321,34,3,test
115,286,14,4,test
401,542,58,4,development
585,81,81,4,development
16,521,7,4,development
581,44,80,2,development
571,262,83,5,test
76,450,16,5,development
402,544,68,4,development
293,169,42,1,buffer
105,184,12,3,buffer
88,158,12,1,buffer
326,431,46,4,development
601,229,83,6,test
121,560,18,5,development
56,537,8,5,development
351,84,51,3,development
193,244,23,2,test
245,377,35,5,buffer
7,91,1,1,development
194,389,25,2,buffer
329,219,43,4,test
15,531,7,5,development
512,57,70,3,development
109,453,16,3,development
582,94,81,5,development
204,326,34,4,test
262,526,37,1,development
313,227,43,1,test
75,442,16,3,development
421,601,68,4,development
566,172,82,1,buffer
140,402,26,4,development
542,12,80,1,development
319,125,41,3,development
248,163,32,1,buffer
205,234,33,2,test
618,112,91,2,development
493,358,75,5,buffer
612,266,93,1,test
112,578,18,4,development
215,161,32,1,buffer
445,510,67,4,development
150,92,21,3,development
307,449,46,4,development
63,572,8,5,development
354,542,58,4,development
543,149,82,1,buffer
438,223,63,3,test
120,571,18,5,development
335,113,51,3,development
588,65,80,4,development
285,374,45,1,buffer
245,329,34,3,test
33,456,6,5,development
494,200,72,2,buffer
134,567,28,5,development
209,326,34,4,test
78,342,15,2,buffer
331,266,43,1,test
575,352,85,4,buffer
150,397,25,5,buffer
74,294,14,1,test
395,162,52,1,buffer
622,100,91,2,development
598,117,81,2,development
519,523,77,4,development
298,170,42,1,buffer
15,172,2,3,buffer
174,278,24,5,test
348,38,50,4,development
131,374,15,5,buffer
653,210,93,1,test
15,220,3,3,test
314,553,48,5,development
546,100,81,2,development
71,221,13,3,test
80,373,15,1,buffer
550,343,85,4,buffer
99,345,15,4,buffer
189,61,20,3,development
531,402,76,4,development
596,8,80,2,development
431,467,66,5,development
107,561,18,5,development
135,334,24,5,test
178,40,20,3,development
538,262,83,4,test
554,122,81,2,development
550,334,84,4,test
27,157,2,3,buffer
236,362,35,3,buffer
425,304,64,4,test
377,59,50,1,development
331,176,42,1,buffer
299,23,40,1,development
157,96,21,3,development
618,110,91,2,development
508,563,78,4,development
18,574,8,5,development
96,152,12,1,buffer
322,342,45,1,buffer
307,168,42,1,buffer
344,353,55,5,buffer
253,559,38,5,development
541,218,83,2,test
248,9,30,3,development
154,461,26,5,development
569,50,80,2,development
229,359,35,3,buffer
455,445,66,4,development
136,105,21,3,development
512,586,78,4,development
480,486,77,4,development
189,257,23,2,test
189,387,25,2,buffer
569,452,86,2,development
209,576,38,6,development
499,427,76,4,development
436,211,63,1,test
211,81,31,3,development
9,557,8,5,development
375,574,58,3,development
298,7,40,1,development
50,49,0,3,development
111,202,13,2,test
244,590,38,6,development
356,507,57,4,development
583,282,84,1,test
308,21,40,1,development
456,247,63,3,test
4,252,3,3,test
384,451,56,4,development
46,244,3,3,test
552,53,80,2,development
518,278,74,5,test
632,136,92,2,buffer
84,268,14,3,test
95,289,14,1,test
160,148,22,3,buffer
83,541,18,5,development
210,556,38,6,development
209,394,35,4,buffer
187,58,20,3,development
427,401,65,5,buffer
226,597,38,6,development
524,82,71,2,development
448,460,66,4,development
531,75,71,2,development
433,225,63,1,test
136,454,26,5,development
288,72,41,1,development
498,212,73,5,test
177,342,25,5,buffer
220,614,39,3,development
539,43,80,2,development
37,448,6,2,development
544,172,82,2,buffer
136,25,20,2,development
545,70,81,2,development
341,148,52,1,buffer
184,399,25,2,buffer
257,493,37,5,development
134,25,20,2,development
116,536,18,1,development
303,135,42,1,buffer
365,448,56,4,development
66,522,7,5,development
554,530,87,1,development
594,60,80,2,development
451,407,66,5,development
120,185,12,3,buffer
204,576,38,6,development
452,394,65,4,buffer
589,148,82,5,buffer
452,131,61,1,development
436,606,69,4,development
540,70,81,2,development
552,595,88,5,development
119,242,13,2,test
473,300,74,3,test
585,369,85,4,buffer
286,241,43,4,test
292,531,47,3,development
527,338,75,5,buffer
105,404,16,5,development
237,510,37,4,development
179,63,20,3,development
14,147,2,3,buffer
544,224,83,2,test
530,4,70,3,development
70,58,10,1,development
219,331,34,3,test
645,258,93,3,test
625,196,92,1,buffer
221,47,30,3,development
630,72,91,3,development
304,134,42,1,buffer
564,422,86,4,development
396,386,55,3,buffer
44,439,6,3,development
29,194,2,3,buffer
135,496,27,5,development
426,235,63,4,test
143,266,23,5,test
316,604,49,4,development
302,525,47,4,development
109,251,13,2,test
625,175,92,2,buffer
271,75,41,3,development
97,614,19,4,development
121,114,11,2,development
178,136,22,1,buffer
365,171,52,1,buffer
425,67,61,1,development
448,537,68,4,development
219,75,31,1,development
405,573,68,4,development
419,285,64,3,test
478,518,77,5,development
31,65,0,2,development
63,347,5,2,buffer
345,408,56,5,development
584,366,85,4,buffer
34,453,6,5,development
280,443,46,4,development
557,15,80,1,development
2,207,3,3,test
348,359,55,5,buffer
208,134,32,1,buffer
463,196,62,1,buffer
408,494,67,4,development
546,178,82,2,buffer
426,231,63,4,test
135,3,20,2,development
475,171,72,1,buffer
636,597,98,3,development
344,515,57,4,development
305,151,42,1,buffer
234,124,31,1,development
507,401,75,4,buffer
633,435,96,2,development
427,321,64,1,test
310,162,42,1,buffer
168,158,22,2,buffer
256,192,32,3,buffer
544,34,80,2,development
307,61,40,3,development
369,398,55,5,buffer
475,475,77,4,development
623,119,91,2,development
56,453,6,1,development
262,478,37,5,development
159,484,27,3,development
298,167,42,1,buffer
27,342,5,2,buffer
607,88,91,2,development
298,35,40,4,development
383,72,51,3,development
503,113,71,1,development
608,113,91,2,development
91,564,18,5,development
184,415,26,5,development
229,610,39,4,development
356,503,57,4,development
565,94,81,2,development
394,92,51,1,development
603,149,92,2,buffer
644,24,90,2,development
78,483,17,5,development
399,230,53,5,test
347,376,55,5,buffer
324,221,43,1,test
125,400,15,5,buffer
14,113,1,3,development
629,142,92,2,buffer
569,249,83,5,test
519,470,77,4,development
164,438,26,5,development
91,283,14,1,test
280,385,45,1,buffer
564,255,83,2,test
432,196,62,3,buffer
219,508,37,4,development
462,614,69,4,development
614,233,93,6,test
398,349,55,1,buffer
34,463,6,1,development
568,47,80,2,development
316,147,42,1,buffer
66,342,5,2,buffer
271,431,46,4,development
598,411,86,4,development
263,404,36,4,development
232,507,37,5,development
557,53,80,2,development
451,38,60,3,development
519,489,77,4,development
618,131,91,2,development
70,594,18,5,development
294,44,40,3,development
273,536,48,1,development
248,16,30,3,development
627,121,91,2,development
168,227,23,5,test
474,163,72,1,buffer
106,553,18,5,development
435,298,64,1,test
272,543,48,4,development
117,213,13,1,test
278,29,40,3,development
595,66,80,2,development
403,569,68,5,development
59,332,4,4,test
638,419,96,3,development
71,493,17,5,development
270,607,49,4,development
581,46,80,2,development
125,24,10,2,development
218,584,38,6,development
590,373,85,4,buffer
344,206,53,1,test
245,583,38,4,development
105,192,12,3,buffer
485,606,79,4,development
70,380,15,1,buffer
395,53,50,1,development
269,154,42,1,buffer
542,235,83,5,test
266,78,31,3,development
514,221,73,5,test
96,501,17,3,development
117,435,16,5,development
241,591,38,6,development
120,257,13,2,test
50,53,0,3,development
630,501,97,3,development
476,552,78,5,development
472,193,72,1,buffer
557,210,83,1,test
223,585,38,6,development
426,204,63,4,test
502,554,78,4,development
277,121,41,1,development
117,268,14,2,test
68,535,17,5,development
423,503,67,4,development
509,321,74,4,test
139,205,23,1,test
50,279,4,3,test
471,518,77,5,development
593,192,82,1,buffer
68,604,19,5,development
36,412,6,3,development
159,547,28,3,development
571,63,80,2,development
545,301,84,2,test
316,363,45,1,buffer
294,522,47,3,development
541,36,80,2,development
247,345,35,4,buffer
461,598,68,4,development
359,597,58,4,development
578,106,81,2,development
135,313,24,5,test
632,12,90,2,development
571,106,81,2,development
141,56,20,3,development
53,281,4,3,test
600,458,86,4,development
610,308,94,4,test
233,127,31,1,development
488,428,76,5,development
304,212,43,3,test
58,159,2,3,buffer
541,67,81,2,development
492,553,78,4,development
650,38,90,2,development
41,185,2,1,buffer
137,277,24,5,test
574,195,82,5,buffer
208,569,38,6,development
294,321,44,4,test
640,512,97,3,development
598,470,87,4,development
434,557,68,4,development
648,129,91,2,development
452,568,68,3,development
498,26,70,1,development
472,512,77,4,development
405,532,67,4,development
462,300,64,3,test
90,344,15,4,buffer
483,181,72,1,buffer
17,292,4,3,test
364,472,57,5,development
373,149,52,3,buffer
266,328,34,4,test
234,590,38,6,development
490,427,76,5,development
278,554,48,5,development
464,512,67,4,development
127,198,12,3,buffer
219,583,38,6,development
11,131,1,1,development
566,175,82,1,buffer
577,100,81,2,development
446,190,62,1,buffer
68,249,13,1,test
319,58,40,2,development
566,326,84,4,test
35,586,8,4,development
154,44,20,2,development
600,323,84,4,test
345,481,57,4,development
250,526,37,5,development
647,33,90,2,development
443,138,62,1,buffer
496,471,77,4,development
338,408,56,4,development
54,434,6,3,development
126,10,10,2,development
138,538,28,5,development
325,226,43,1,test
409,65,60,1,development
619,249,93,3,test
312,409,46,4,development
219,606,39,6,development
402,57,60,1,development
591,7,80,2,development
511,111,71,2,development
299,614,49,4,development
620,381,95,2,buffer
583,386,85,4,buffer
115,355,15,5,buffer
427,318,64,1,test
574,147,82,2,buffer
416,187,62,3,buffer
25,531,7,5,development
412,522,67,4,development
518,74,71,2,development
382,428,56,4,development
332,440,46,5,development
16,314,4,1,test
591,201,83,1,test
630,528,97,1,development
383,556,58,4,development
308,518,47,4,development
650,532,97,3,development
418,449,66,5,development
163,502,27,6,development
225,292,34,3,test
446,202,63,1,test
213,580,38,6,development
156,143,22,1,buffer
295,61,40,3,development
411,59,60,1,development
272,596,48,4,development
341,152,52,1,buffer
583,66,80,4,development
503,572,78,4,development
134,369,25,5,buffer
574,96,81,2,development
558,548,88,3,development
355,550,58,5,development
460,237,63,3,test
123,571,18,5,development
616,508,97,3,development
248,526,37,5,development
39,448,6,2,development
614,442,96,4,development
397,527,57,4,development
26,114,1,3,development
549,3,80,3,development
2,124,1,3,development
195,570,28,3,development
168,421,26,5,development
181,96,21,3,development
540,84,81,2,development
367,39,50,1,development
262,295,34,1,test
203,251,33,2,test
68,208,13,1,test
454,350,65,1,buffer
333,492,47,5,development
292,402,46,1,development
167,481,27,1,development
386,97,51,1,development
91,339,15,5,buffer
204,316,34,4,test
496,239,73,4,test
169,100,21,3,development
174,425,26,4,development
552,65,80,2,development
20,513,7,5,development
321,85,41,3,development
87,353,15,4,buffer
497,267,73,5,test
7,42,0,2,development
623,95,91,2,development
143,222,23,1,test
232,378,35,3,buffer
102,227,13,1,test
135,62,20,3,development
188,373,25,5,buffer
488,538,78,5,development
341,88,51,3,development
353,14,50,1,development
501,354,75,5,buffer
650,208,93,1,test
366,281,54,5,test
263,470,37,4,development
630,123,91,2,development
187,14,20,3,development
182,150,22,1,buffer
127,286,14,5,test
610,7,90,2,development
481,433,76,5,development
352,454,56,5,development
67,364,15,3,buffer
74,372,15,1,buffer
60,306,4,3,test
339,182,52,1,buffer
272,144,42,3,buffer
441,280,64,1,test
54,69,1,3,development
467,21,60,1,development
475,146,72,1,buffer
583,48,80,4,development
575,227,83,4,test
11,568,8,5,development
503,469,77,5,development
383,58,50,1,development
602,501,87,3,development
516,366,75,5,buffer
340,187,52,1,buffer
559,60,80,2,development
114,176,12,3,buffer
224,481,37,4,development
262,525,37,3,development
45,573,8,4,development
113,265,13,2,test
607,132,91,2,development
172,311,24,5,test
302,294,44,4,test
602,75,81,5,development
357,479,57,4,development
303,34,40,1,development
596,453,86,4,development
409,475,67,4,development
14,262,3,3,test
49,157,2,3,buffer
639,583,98,3,development
14,162,2,3,buffer
196,207,23,2,test
343,456,56,5,development
455,356,65,4,buffer
554,136,82,2,buffer
315,278,44,4,test
378,367,55,5,buffer
66,286,4,1,test
246,577,38,4,development
400,402,56,3,development
210,585,38,6,development
98,584,18,4,development
427,406,66,5,development
160,526,27,6,development
91,100,11,3,development
613,96,91,5,development
613,368,95,4,buffer
375,336,55,4,buffer
412,557,68,5,development
49,530,7,5,development
222,587,38,6,development
56,475,7,5,development
590,529,87,3,development
103,203,13,6,test
83,269,14,3,test
59,513,7,5,development
398,339,55,5,buffer
359,340,55,4,buffer
118,291,14,5,test
612,288,94,1,test
96,92,11,3,development
631,550,98,1,development
454,387,65,4,buffer
100,227,13,1,test
122,492,17,5,development
10,40,0,2,development
604,109,91,2,development
232,301,34,2,test
415,556,68,4,development
243,603,39,4,development
621,126,91,2,development
401,56,50,1,development
625,447,96,4,development
578,553,88,1,development
375,525,57,4,development
348,177,52,4,buffer
439,248,63,4,test
163,376,25,5,buffer
377,411,56,4,development
188,432,26,3,development
443,194,62,1,buffer
354,534,57,4,development
8,547,8,5,development
130,415,16,5,development
67,382,15,3,buffer
110,201,13,2,test
123,78,11,3,development
602,517,87,1,development
510,393,75,5,buffer
429,15,60,1,development
404,373,65,4,buffer
434,496,67,4,development
157,579,28,3,development
446,422,66,5,development
143,370,25,5,buffer
150,511,27,6,development
530,406,76,4,development
481,465,76,4,development
615,290,94,1,test
324,173,42,1,buffer
93,287,14,1,test
469,470,77,4,development
216,57,30,4,development
559,76,81,2,development
499,30,70,3,development
349,50,50,1,development
569,42,80,2,development
156,472,27,1,development
405,254,63,4,test
69,599,18,5,development
245,514,37,3,development
588,567,88,1,development
196,284,24,5,test
135,378,25,5,buffer
70,544,18,5,development
158,439,26,5,development
262,515,37,5,development
70,73,11,3,development
538,69,81,2,development
277,380,45,1,buffer
282,319,44,1,test
598,56,80,2,development
609,78,91,2,development
432,541,68,4,development
325,264,43,3,test
613,140,92,2,buffer
117,165,12,1,buffer
1,469,7,3,development
597,453,86,4,development
48,400,5,3,buffer
504,458,76,4,development
624,130,91,2,development
125,490,17,5,development
39,539,8,5,development
463,355,65,3,buffer
588,244,83,1,test
40,237,3,3,test
105,12,10,5,development
230,367,35,3,buffer
454,479,67,4,development
219,103,31,3,development
638,0,90,2,development
244,254,33,3,test
156,6,20,3,development
221,183,32,3,buffer
48,254,3,3,test
607,157,92,2,buffer
157,183,22,3,buffer
393,596,58,4,development
407,434,66,5,development
86,195,12,3,buffer
412,548,68,4,development
241,186,32,1,buffer
550,220,83,5,test
624,286,94,1,test
132,128,11,1,development
163,496,27,6,development
86,343,15,4,buffer
20,602,8,4,development
453,183,62,1,buffer
305,306,44,1,test
255,414,36,4,development
184,104,21,3,development
253,115,31,3,development
384,483,57,4,development
243,590,38,6,development
523,205,73,5,test
615,413,96,2,development
616,2,90,2,development
584,375,85,4,buffer
369,175,52,3,buffer
180,363,25,5,buffer
612,112,91,2,development
542,188,82,2,buffer
161,24,20,3,development
615,345,95,4,buffer
574,35,80,2,development
192,307,24,5,test
158,163,22,2,buffer
45,60,0,3,development
465,74,61,3,development
249,291,34,2,test
499,525,77,4,development
142,354,25,5,buffer
536,189,82,2,buffer
342,58,50,4,development
381,262,53,5,test
444,424,66,5,development
104,13,10,5,development
267,392,35,1,buffer
356,250,53,4,test
389,323,54,4,test
216,547,38,6,development
623,117,91,2,development
22,559,8,5,development
240,2,30,1,development
539,85,81,2,development
39,336,5,1,buffer
135,560,28,5,development
497,391,75,5,buffer
292,603,49,4,development
461,407,66,4,development
238,575,38,3,development
169,497,27,6,development
508,421,76,4,development
619,94,91,2,development
142,288,24,5,test
464,279,64,3,test
276,132,41,3,development
211,579,38,6,development
345,245,53,3,test
490,52,70,5,development
430,216,63,1,test
596,12,80,2,development
70,339,15,2,buffer
95,238,13,3,test
45,415,6,3,development
139,73,21,3,development
93,342,15,4,buffer
288,403,46,1,development
637,246,93,1,test
119,17,10,2,development
222,592,38,6,development
217,158,32,1,buffer
217,459,36,1,development
236,415,36,1,development
272,398,45,1,buffer
57,525,7,5,development
462,352,65,1,buffer
203,290,34,1,test
147,394,25,5,buffer
318,252,43,3,test
110,515,17,5,development
133,369,15,5,buffer
599,539,88,1,development
222,522,37,6,development
36,329,4,1,test
602,513,87,1,development
197,292,24,3,test
582,36,80,2,development
214,508,37,5,development
583,86,81,4,development
199,223,23,2,test
142,595,28,5,development
215,584,38,6,development
570,92,81,2,development
515,577,78,4,development
628,110,91,2,development
539,63,80,2,development
563,410,86,4,development
108,95,11,3,development
125,142,12,3,buffer
484,255,73,5,test
22,223,3,3,test
451,466,66,4,development
375,371,55,5,buffer
445,535,67,4,development
569,70,81,2,development
375,28,50,1,development
109,275,14,2,test
106,532,17,3,development
469,440,76,4,development
580,170,82,1,buffer
579,331,84,4,test
302,364,45,4,buffer
213,517,37,6,development
16,265,3,1,test
420,583,68,4,development
511,448,76,4,development
313,28,40,1,development
368,264,53,5,test
570,1,80,2,development
38,321,4,3,test
497,94,71,2,development
59,195,2,3,buffer
544,188,82,2,buffer
480,176,72,1,buffer
269,328,44,4,test
610,80,91,2,development
220,603,39,6,development
79,146,12,3,buffer
168,38,20,3,development
98,46,10,3,development
635,115,91,2,development
58,343,5,2,buffer
81,287,14,4,test
331,519,47,4,development
131,326,14,5,test
311,57,40,2,development
38,94,1,3,development
185,252,23,2,test
547,384,85,4,buffer
274,168,42,3,buffer
9,596,8,5,development
342,170,52,1,buffer
463,271,64,3,test
309,420,46,4,development
384,459,56,4,development
645,548,98,3,development
389,319,54,4,test
35,608,9,5,development
124,12,10,2,development
560,115,81,2,development
249,161,32,3,buffer
155,497,27,3,development
315,6,40,1,development
420,65,60,1,development
47,321,4,1,test
473,212,73,1,test
470,407,76,4,development
122,211,13,3,test
382,233,53,3,test
5,544,8,5,development
27,515,7,5,development
349,514,57,4,development
147,441,26,5,development
511,481,77,4,development
507,570,78,4,development
509,121,71,1,development
38,371,5,3,buffer
207,565,38,6,development
561,41,80,2,development
38,16,0,3,development
114,549,18,5,development
243,29,30,1,development
72,589,18,5,development
246,607,39,4,development
228,565,38,5,development
82,540,18,5,development
508,130,71,1,development
433,217,63,1,test
212,444,36,1,development
136,292,24,5,test
400,481,57,4,development
169,141,22,1,buffer
230,297,34,2,test
233,168,32,1,buffer
326,360,45,2,buffer
32,62,0,2,development
305,153,42,1,buffer
535,292,74,5,test
584,571,88,1,development
273,307,44,3,test
179,447,26,3,development
388,603,59,4,development
273,316,44,4,test
292,467,46,4,development
572,367,85,4,buffer
11,132,1,1,development
207,180,32,1,buffer
502,225,73,5,test
38,580,8,5,development
273,393,45,1,buffer
232,597,38,6,development
438,434,66,5,development
19,329,4,3,test
264,135,32,1,buffer
561,142,82,2,buffer
590,263,83,3,test
210,163,32,1,buffer
579,52,80,2,development
404,270,64,5,test
313,245,43,1,test
331,514,47,4,development
426,453,66,5,development
319,408,46,4,development
371,79,51,1,development
166,539,28,3,development
221,586,38,6,development
188,198,22,1,buffer
30,447,6,3,development
343,369,55,5,buffer
641,197,92,1,buffer
199,216,23,2,test
32,64,0,2,development
624,196,92,1,buffer
295,387,45,4,buffer
3,89,1,1,development
42,554,8,5,development
172,335,25,4,buffer
586,3,80,2,development
193,30,20,1,development
40,172,2,3,buffer
135,215,23,1,test
168,496,27,6,development
296,610,49,4,development
145,174,22,3,buffer
338,120,51,3,development
592,202,83,1,test
603,91,91,2,development
546,62,80,2,development
616,523,97,1,development
281,389,45,1,buffer
611,516,97,3,development
629,612,99,3,development
497,428,76,4,development
244,458,36,2,development
315,579,48,4,development
66,388,5,1,buffer
525,460,76,5,development
63,274,4,3,test
611,116,91,2,development
247,455,36,2,development
36,31,0,3,development
85,384,15,4,buffer
583,101,81,2,development
47,82,1,2,development
598,54,80,2,development
317,238,43,1,test
653,580,98,3,development
527,321,74,5,test
258,38,30,3,development
149,595,28,4,development
39,124,1,3,development
614,103,91,2,development
198,381,25,5,buffer
616,116,91,2,development
534,352,75,5,buffer
163,501,27,6,development
409,569,68,4,development
226,229,33,3,test
651,574,98,3,development
16,72,1,3,development
164,250,23,5,test
129,105,11,3,development
307,237,43,3,test
436,457,66,4,development
113,227,13,1,test
132,363,15,5,buffer
312,496,47,3,development
100,56,10,5,development
543,87,81,2,development
487,598,78,4,development
531,318,74,5,test
281,596,48,4,development
561,213,83,2,test
473,429,76,4,development
66,200,2,3,buffer
217,486,37,5,development
100,493,17,4,development
602,125,81,5,development
68,484,17,5,development
19,271,4,1,test
0,316,4,3,test
557,59,80,2,development
193,221,23,2,test
144,196,22,3,buffer
635,25,90,2,development
192,316,24,5,test
551,58,80,2,development
274,390,45,4,buffer
253,290,34,3,test
354,88,51,3,development
483,389,75,4,buffer
577,239,83,5,test
162,58,20,3,development
163,479,27,3,development
383,599,58,5,development
113,218,13,1,test
532,85,71,2,development
56,520,7,5,development
412,461,66,5,development
123,494,17,5,development
112,270,14,2,test
260,118,31,1,development
129,345,15,5,buffer
165,278,24,2,test
91,284,14,1,test
542,187,82,2,buffer
588,153,82,2,buffer
278,254,43,4,test
601,111,81,5,development
251,337,35,4,buffer
570,212,83,4,test
348,163,52,4,buffer
22,35,0,3,development
145,375,25,5,buffer
331,210,43,3,test
520,289,74,5,test
580,72,81,2,development
147,25,20,3,development
102,261,13,2,test
603,227,93,6,test
165,499,27,6,development
334,300,44,1,test
54,475,7,5,development
614,86,91,2,development
216,193,32,3,buffer
261,529,37,3,development
380,281,54,5,test
645,222,93,1,test
465,390,65,4,buffer
152,447,26,5,development
230,430,36,4,development
579,508,87,1,development
534,41,70,2,development
543,199,82,2,buffer
388,342,55,1,buffer
131,565,18,5,development
108,153,12,3,buffer
466,465,66,4,development
488,189,72,2,buffer
130,169,12,3,buffer
464,192,62,1,buffer
330,179,42,1,buffer
606,186,92,1,buffer
298,254,43,4,test
227,599,38,6,development
247,20,30,3,development
126,166,12,3,buffer
622,194,92,1,buffer
178,97,21,3,development
539,65,80,2,development
130,35,10,3,development
445,201,63,1,test
379,360,55,5,buffer
594,12,80,2,development
357,320,54,5,test
465,475,67,4,development
280,55,40,3,development
186,215,23,2,test
440,189,62,1,buffer
524,299,74,5,test
334,156,42,1,buffer
546,86,81,2,development
90,99,11,3,development
228,597,38,6,development
188,72,21,3,development
454,493,67,4,development
30,134,2,3,buffer
183,242,23,2,test
39,405,6,1,development
428,534,67,4,development
517,411,76,4,development
39,604,9,4,development
479,161,72,1,buffer
119,245,13,2,test
14,558,8,5,development
138,6,20,2,development
155,96,21,3,development
247,456,36,2,development
158,158,22,2,buffer
19,316,4,2,test
603,0,90,2,development
604,123,91,5,development
347,449,56,5,development
611,8,90,2,development
454,172,62,1,buffer
308,46,40,2,development
23,430,6,3,development
77,324,14,5,test
126,593,18,4,development
552,333,84,4,test
517,90,71,2,development
556,329,84,4,test
641,503,97,3,development
79,288,14,1,test
99,148,12,3,buffer
26,421,6,3,development
66,421,6,4,development
287,402,46,1,development
273,46,40,3,development
30,556,8,5,development
444,147,62,1,buffer
612,163,92,2,buffer
361,422,56,5,development
443,403,66,5,development
532,76,71,2,development
386,421,56,4,development
216,137,32,3,buffer
619,258,93,3,test
546,45,80,2,development
222,601,38,6,development
545,199,82,2,buffer
69,497,17,5,development
121,21,10,2,development
156,142,22,1,buffer
535,34,70,2,development
549,148,82,2,buffer
464,348,65,4,buffer
157,488,27,1,development
644,22,90,2,development
119,261,13,2,test
93,289,14,1,test
84,420,16,5,development
143,308,24,5,test
417,224,63,5,test
86,39,10,3,development
389,370,55,3,buffer
255,468,36,1,development
396,188,52,3,buffer
600,391,85,4,buffer
65,399,5,3,buffer
523,235,73,5,test
4,194,2,3,buffer
15,577,8,5,development
450,15,60,1,development
485,174,72,1,buffer
257,268,34,4,test
214,150,32,3,buffer
525,76,71,2,development
203,574,38,6,development
533,356,75,5,buffer
197,97,21,3,development
204,465,36,1,development
401,456,56,5,development
417,179,62,3,buffer
207,124,31,3,development
556,215,83,2,test
280,438,46,4,development
87,111,11,2,development
278,305,44,4,test
633,318,94,3,test
353,2,50,1,development
511,113,71,3,development
588,108,81,2,development
523,351,75,5,buffer
403,553,68,5,development
649,70,91,2,development
592,364,85,4,buffer
445,226,63,4,test
52,475,7,5,development
544,273,84,2,test
261,128,31,3,development
232,452,36,4,development
232,313,34,3,test
185,254,23,2,test
588,531,87,1,development
363,273,54,5,test
114,509,17,5,development
322,551,48,5,development
209,595,38,6,development
334,167,42,1,buffer
436,448,66,5,development
620,218,93,1,test
35,379,5,3,buffer
297,35,40,4,development
12,302,4,1,test
199,105,21,3,development
322,412,46,4,development
285,54,40,3,development
45,576,8,5,development
370,420,56,4,development
552,76,81,2,development
178,272,24,4,test
593,509,87,3,development
96,381,15,4,buffer
241,290,34,2,test
602,228,83,6,test
546,226,83,2,test
556,75,81,2,development
82,317,14,5,test
569,424,86,4,development
298,473,47,4,development
68,226,13,3,test
574,162,82,5,buffer
8,134,2,1,buffer
591,478,87,5,development
251,288,34,1,test
554,52,80,2,development
25,249,3,1,test
369,96,51,3,development
578,219,83,5,test
511,484,77,4,development
118,15,10,2,development
452,218,63,1,test
425,318,64,1,test
541,385,85,4,buffer
375,159,52,1,buffer
159,273,24,4,test
344,377,55,5,buffer
483,283,74,4,test
175,97,21,3,development
565,456,86,2,development
516,74,71,2,development
483,182,72,1,buffer
506,485,77,4,development
168,356,25,5,buffer
264,612,39,4,development
201,317,34,4,test
121,564,18,5,development
352,387,55,5,buffer
400,335,55,5,buffer
611,126,91,2,development
354,438,56,5,development
473,57,70,1,development
75,484,17,5,development
111,208,13,1,test
444,194,62,1,buffer
154,173,22,3,buffer
546,60,80,2,development
460,159,62,1,buffer
445,605,69,5,development
592,372,85,4,buffer
293,583,48,4,development
586,511,87,1,development
128,392,15,5,buffer
451,437,66,4,development
229,599,38,6,development
118,502,17,5,development
418,580,68,4,development
110,199,12,6,buffer
489,140,72,2,buffer
429,429,66,5,development
232,506,37,5,development
533,583,78,4,development
518,88,71,2,development
378,78,51,3,development
367,448,56,4,development
294,423,46,4,development
563,66,80,2,development
352,408,56,5,development
558,62,80,2,development
510,392,75,5,buffer
591,39,80,2,development
64,342,5,2,buffer
280,7,40,4,development
150,493,27,1,development
383,44,50,1,development
294,546,48,5,development
61,609,9,5,development
626,224,93,1,test
26,544,8,5,development
646,194,92,1,buffer
219,587,38,6,development
346,287,54,3,test
199,258,23,3,test
141,224,23,1,test
51,551,8,5,development
45,80,1,2,development
360,462,56,5,development
509,601,78,4,development
295,386,45,4,buffer
25,518,7,5,development
112,266,13,2,test
127,276,14,5,test
333,79,41,3,development
70,276,14,3,test
266,417,36,1,development
377,452,56,4,development
514,79,71,2,development
180,325,24,5,test
515,177,72,5,buffer
450,301,64,4,test
270,139,42,3,buffer
511,131,71,1,development
549,64,80,2,development
14,549,8,5,development
209,558,38,6,development
133,309,14,5,test
270,17,40,3,development
263,60,30,3,development
276,367,45,1,buffer
565,285,84,4,test
275,356,45,4,buffer
117,247,13,2,test
118,39,10,5,development
563,355,85,4,buffer
203,197,32,1,buffer
571,255,83,4,test
321,515,47,4,development
346,318,54,1,test
349,599,58,5,development
523,431,76,4,development
249,571,38,5,development
107,604,19,4,development
280,17,40,4,development
282,5,40,4,development
362,11,50,1,development
417,539,68,5,development
368,613,59,5,development
183,64,20,3,development
570,57,80,2,development
212,129,31,1,development
503,117,71,1,development
524,235,73,5,test
347,494,57,4,development
349,366,55,5,buffer
182,257,23,2,test
76,491,17,5,development
60,45,0,3,development
563,390,85,4,buffer
583,100,81,2,development
577,592,88,1,development
221,301,34,3,test
646,9,90,2,development
563,165,82,1,buffer
174,239,23,5,test
527,353,75,5,buffer
463,190,62,1,buffer
282,590,48,4,development
342,420,56,5,development
304,565,48,5,development
34,233,3,3,test
68,209,13,1,test
213,327,34,4,test
416,405,66,4,development
247,283,34,1,test
456,349,65,1,buffer
23,458,6,4,development
476,44,70,2,development
161,287,24,2,test
249,474,37,1,development
265,397,35,1,buffer
576,537,88,1,development
188,213,23,2,test
456,347,65,1,buffer
191,225,23,2,test
583,108,81,2,development
398,179,52,3,buffer
339,11,50,1,development
588,96,81,2,development
502,414,76,4,development
623,135,92,2,buffer
10,272,4,3,test
25,176,2,3,buffer
86,426,16,5,development
100,424,16,5,development
136,176,22,3,buffer
190,246,23,2,test
304,336,45,1,buffer
603,278,94,3,test
200,463,26,1,development
507,199,72,5,buffer
136,315,24,5,test
23,561,8,5,development
347,33,50,1,development
637,35,90,2,development
61,109,1,3,development
416,520,67,4,development
126,177,12,3,buffer
493,331,74,4,test
621,48,90,3,development
354,463,56,5,development
505,224,73,5,test
180,484,27,5,development
313,257,43,3,test
343,152,52,1,buffer
357,506,57,4,development
495,489,77,4,development
569,346,85,4,buffer
110,479,17,2,development
70,440,16,3,development
206,179,32,1,buffer
208,512,37,6,development
76,235,13,3,test
110,75,11,3,development
189,263,23,3,test
142,276,24,5,test
184,242,23,2,test
205,301,34,3,test
277,45,40,3,development
436,180,62,1,buffer
77,127,11,3,development
36,608,9,5,development
49,256,3,3,test
112,380,15,4,buffer
138,136,22,1,buffer
205,462,36,1,development
625,116,91,2,development
179,225,23,5,test
68,14,10,3,development
567,28,80,2,development
264,322,34,4,test
338,395,55,5,buffer
620,76,91,3,development
329,309,44,2,test
628,210,93,1,test
333,379,45,5,buffer
190,39,20,3,development
18,162,2,3,buffer
218,141,32,3,buffer
364,164,52,1,buffer
546,151,82,1,buffer
554,83,81,2,development
249,123,31,3,development
478,510,77,5,development
28,386,5,3,buffer
553,109,81,2,development
620,171,92,2,buffer
447,490,67,4,development
140,410,26,4,development
172,138,22,3,buffer
587,104,81,2,development
49,318,4,1,test
463,69,61,1,development
205,578,38,6,development
243,81,31,3,development
559,62,80,2,development
188,154,22,1,buffer
551,436,86,3,development
462,536,68,5,development
208,561,38,6,development
550,447,86,3,development
567,318,84,4,test
338,581,58,5,development
21,533,7,5,development
298,28,40,4,development
606,559,98,1,development
194,207,23,2,test
391,609,59,4,development
260,199,32,1,buffer
498,254,73,4,test
482,333,74,4,test
214,517,37,6,development
301,461,46,4,development
541,30,80,2,development
383,167,52,1,buffer
502,163,72,1,buffer
228,170,32,1,buffer
603,79,91,5,development
595,77,81,2,development
26,139,2,3,buffer
594,9,80,2,development
587,96,81,2,development
169,121,21,3,development
592,39,80,2,development
71,313,14,5,test
210,123,31,3,development
654,11,90,2,development
361,563,58,4,development
299,365,45,4,buffer
152,454,26,5,development
319,396,45,4,buffer
184,334,24,4,test
11,544,8,5,development
15,135,2,3,buffer
129,554,18,5,development
642,9,90,2,development
342,359,55,5,buffer
649,582,98,3,development
559,136,82,2,buffer
10,589,8,4,development
541,574,88,5,development
553,41,80,2,development
194,438,26,3,development
576,142,82,2,buffer
374,118,51,3,development
284,31,40,3,development
589,574,88,1,development
187,84,21,3,development
609,232,93,6,test
190,242,23,2,test
609,84,91,2,development
177,118,21,3,development
129,388,15,5,buffer
218,404,36,2,development
516,230,73,5,test
503,360,75,4,buffer
47,501,7,5,development
406,240,63,5,test
118,20,10,2,development
22,342,5,2,buffer
525,615,79,4,development
581,117,81,2,development
69,502,17,5,development
102,19,10,4,development
127,280,14,5,test
537,235,83,5,test
553,482,87,1,development
566,26,80,2,development
464,252,63,3,test
102,204,13,6,test
157,156,22,2,buffer
633,319,94,3,test
309,486,47,4,development
355,18,50,1,development
90,233,13,1,test
582,194,82,1,buffer
92,223,13,3,test
189,210,23,2,test
222,590,38,6,development
211,568,38,6,development
561,207,83,2,test
139,285,24,5,test
30,597,8,4,development
635,103,91,2,development
426,191,62,1,buffer
318,61,40,2,development
494,164,72,1,buffer
141,156,22,3,buffer
194,89,21,1,development
469,192,72,1,buffer
534,39,70,2,development
99,90,11,3,development
595,95,81,2,development
40,312,4,3,test
545,98,81,2,development
463,267,63,3,test
490,168,72,1,buffer
555,63,80,2,development
303,565,48,5,development
417,574,68,4,development
223,591,38,6,development
192,400,25,2,buffer
567,93,81,2,development
116,155,12,1,buffer
403,502,67,4,development
240,141,32,3,buffer
21,518,7,5,development
114,257,13,2,test
159,289,24,2,test
115,142,12,3,buffer
168,112,21,3,development
534,75,71,2,development
137,200,22,3,buffer
207,508,37,2,development
539,278,84,2,test
33,555,8,5,development
613,15,90,5,development
121,256,13,2,test
343,463,56,5,development
35,512,7,5,development
273,528,47,3,development
135,383,25,5,buffer
589,27,80,2,development
468,184,62,1,buffer
137,374,25,5,buffer
385,111,51,3,development
246,196,32,3,buffer
171,103,21,3,development
374,26,50,1,development
284,527,47,4,development
621,106,91,2,development
369,499,57,1,development
649,17,90,2,development
153,366,25,5,buffer
648,41,90,2,development
321,218,43,3,test
644,3,90,2,development
278,551,48,5,development
363,380,55,5,buffer
458,26,60,1,development
553,339,85,4,buffer
254,396,35,2,buffer
92,356,15,4,buffer
84,603,19,4,development
149,439,26,5,development
84,66,10,1,development
517,420,76,4,development
253,162,32,1,buffer
289,38,40,3,development
117,246,13,2,test
611,136,92,2,buffer
0,525,7,5,development
609,60,90,2,development
175,358,25,5,buffer
483,6,70,2,development
289,385,45,4,buffer
178,411,26,5,development
396,497,57,4,development
222,599,38,6,development
165,322,24,5,test
146,165,22,3,buffer
518,75,71,2,development
569,107,81,2,development
457,176,62,1,buffer
325,450,46,5,development
64,213,3,3,test
578,1,80,2,development
530,78,71,2,development
654,418,96,3,development
65,521,7,5,development
205,272,34,3,test
504,253,73,4,test
217,586,38,6,development
204,328,34,4,test
83,108,11,2,development
358,210,53,1,test
57,166,2,3,buffer
544,94,81,2,development
58,309,4,3,test
274,394,45,1,buffer
330,438,46,5,development
30,581,8,5,development
213,2,30,3,development
323,598,48,4,development
635,340,95,2,buffer
121,260,13,2,test
233,526,37,4,development
444,390,65,4,buffer
396,40,50,1,development
150,405,26,5,development
398,512,57,4,development
215,612,39,3,development
253,144,32,1,buffer
360,493,57,4,development
148,459,26,5,development
515,403,76,5,development
576,116,81,2,development
569,313,84,4,test
591,277,84,1,test
580,348,85,4,buffer
547,255,83,5,test
130,483,17,5,development
503,438,76,4,development
191,252,23,2,test
222,520,37,6,development
236,224,33,4,test
197,277,24,1,test
159,362,25,5,buffer
76,69,11,1,development
623,134,92,2,buffer
189,296,24,4,test
421,0,60,1,development
551,35,80,2,development
129,87,11,3,development
623,165,92,2,buffer
323,615,49,4,development
68,582,18,5,development
547,545,88,4,development
132,584,18,4,development
509,574,78,4,development
183,488,27,1,development
617,111,91,2,development
522,502,77,3,development
327,245,43,3,test
194,299,24,3,test
353,387,55,5,buffer
224,303,34,3,test
603,83,91,2,development
619,55,90,3,development
110,259,13,2,test
492,398,75,5,buffer
339,391,55,5,buffer
512,237,73,5,test
126,287,14,5,test
163,285,24,2,test
203,229,33,2,test
327,408,46,5,development
147,332,24,5,test
529,131,71,1,development
336,295,54,1,test
118,593,18,4,development
552,476,87,1,development
441,420,66,5,development
581,428,86,3,development
611,184,92,1,buffer
359,544,58,4,development
203,200,32,2,buffer
302,175,42,1,buffer
3,585,8,4,development
574,286,84,4,test
9,230,3,3,test
204,88,31,3,development
577,139,82,2,buffer
332,35,40,1,development
44,170,2,3,buffer
180,337,25,5,buffer
295,593,48,4,development
262,514,37,5,development
648,181,92,1,buffer
407,370,65,3,buffer
319,531,47,4,development
239,432,36,1,development
523,334,74,5,test
410,241,63,3,test
603,144,92,2,buffer
475,40,70,1,development
370,343,55,1,buffer
396,346,55,1,buffer
63,108,1,3,development
139,459,26,5,development
532,529,77,3,development
139,97,21,3,development
123,7,10,2,development
217,177,32,1,buffer
517,53,70,1,development
611,41,90,1,development
141,387,25,5,buffer
88,457,16,5,development
97,552,18,5,development
116,9,10,2,development
76,339,15,2,buffer
147,265,23,5,test
477,526,77,5,development
306,602,48,4,development
561,67,81,2,development
556,69,81,2,development
626,517,97,3,development
613,146,92,2,buffer
43,118,1,3,development
346,495,57,4,development
187,249,23,2,test
290,432,46,4,development
72,134,12,3,buffer
220,506,37,4,development
177,74,21,3,development
130,354,15,5,buffer
480,205,73,1,test
40,11,0,3,development
509,434,76,4,development
127,330,14,5,test
618,568,98,2,development
22,132,1,3,development
632,248,93,1,test
559,47,80,2,development
644,492,97,3,development
184,429,26,3,development
37,503,7,5,development
264,182,32,1,buffer
646,19,90,2,development
206,102,31,3,development
145,44,20,3,development
52,416,6,1,development
39,215,3,3,test
536,476,87,1,development
465,589,68,4,development
310,346,45,1,buffer
280,381,45,1,buffer
53,247,3,3,test
485,354,75,5,buffer
126,615,19,4,development
115,229,13,1,test
105,272,14,2,test
119,15,10,2,development
631,115,91,2,development
572,85,81,2,development
162,436,26,5,development
597,119,81,5,development
362,372,55,4,buffer
389,88,51,1,development
206,576,38,6,development
277,493,47,5,development
405,307,64,5,test
579,91,81,4,development
390,273,54,5,test
231,27,30,1,development
62,169,2,3,buffer
526,397,75,4,buffer
260,213,33,3,test
609,125,91,2,development
532,40,70,2,development
372,104,51,3,development
424,453,66,5,development
181,238,23,2,test
185,605,29,3,development
95,349,15,4,buffer
44,226,3,3,test
623,128,91,2,development
79,287,14,1,test
447,417,66,5,development
184,48,20,3,development
87,297,14,3,test
555,71,81,2,development
51,126,1,3,development
558,59,80,2,development
59,497,7,5,development
477,527,77,5,development
647,40,90,2,development
97,388,15,5,buffer
428,76,61,1,development
648,183,92,1,buffer
81,292,14,1,test
370,32,50,1,development
513,536,78,4,development
8,610,9,4,development
309,556,48,5,development
89,408,16,2,development
265,36,30,3,development
164,499,27,6,development
167,278,24,2,test
31,503,7,5,development
214,266,33,3,test
72,438,16,3,development
436,430,66,5,development
620,438,96,5,development
174,230,23,5,test
221,424,36,1,development
634,368,95,3,buffer
365,374,55,5,buffer
594,189,82,1,buffer
384,165,52,1,buffer
117,252,13,2,test
466,183,62,1,buffer
539,76,81,2,development
101,217,13,1,test
595,49,80,2,development
117,471,17,4,development
609,220,93,6,test
309,461,46,5,development
243,185,32,1,buffer
260,171,32,1,buffer
251,108,31,3,development
155,587,28,5,development
375,578,58,4,development
83,22,10,3,development
610,133,91,2,development
473,509,77,4,development
150,388,25,4,buffer
326,101,41,3,development
84,88,11,3,development
511,557,78,4,development
473,161,72,1,buffer
69,335,15,2,buffer
274,420,46,4,development
599,18,80,2,development
110,193,12,3,buffer
262,244,33,4,test
162,501,27,6,development
431,432,66,5,development
64,374,5,3,buffer
74,46,10,1,development
137,555,28,5,development
621,168,92,2,buffer
402,383,65,3,buffer
555,101,81,2,development
319,178,42,1,buffer
632,551,98,1,development
288,360,45,4,buffer
525,135,72,1,buffer
3,503,7,4,development
526,64,70,3,development
551,129,81,2,development
385,551,58,4,development
317,390,45,4,buffer
582,510,87,1,development
228,237,33,3,test
363,357,55,4,buffer
574,561,88,1,development
381,521,57,4,development
606,154,92,2,buffer
530,71,71,2,development
18,161,2,3,buffer
126,271,14,5,test
196,215,23,2,test
238,311,34,3,test
599,63,80,2,development
481,193,72,1,buffer
114,533,17,1,development
593,22,80,2,development
465,396,65,4,buffer
338,190,52,1,buffer
636,7,90,2,development
447,249,63,3,test
286,36,40,3,development
35,450,6,2,development
471,554,78,5,development
37,140,2,3,buffer
237,302,34,2,test
589,107,81,2,development
566,96,81,2,development
176,271,24,2,test
188,207,23,2,test
420,410,66,4,development
194,245,23,2,test
340,543,58,4,development
113,465,16,1,development
621,123,91,2,development
227,166,32,1,buffer
627,508,97,1,development
434,539,68,4,development
16,41,0,2,development
126,396,15,5,buffer
149,442,26,5,development
599,71,81,2,development
310,225,43,1,test
0,334,4,3,test
62,226,3,3,test
636,280,94,3,test
116,16,10,2,development
343,4,50,1,development
192,61,20,3,development
583,99,81,2,development
432,401,65,5,buffer
78,585,18,5,development
163,498,27,6,development
269,47,40,3,development
477,487,77,4,development
141,104,21,3,development
569,47,80,2,development
613,412,96,2,development
573,308,84,4,test
171,295,24,5,test
472,219,73,1,test
43,64,0,2,development
402,309,64,5,test
382,163,52,1,buffer
480,190,72,1,buffer
623,317,94,5,test
377,288,54,5,test
114,67,11,3,development
499,36,70,3,development
520,350,75,5,buffer
380,522,57,4,development
518,72,71,2,development
553,44,80,2,development
330,240,43,3,test
448,373,65,4,buffer
449,144,62,3,buffer
581,116,81,2,development
642,224,93,1,test
92,1,10,2,development
204,227,33,2,test
398,582,58,4,development
118,346,15,4,buffer
172,137,22,3,buffer
541,216,83,2,test
554,121,81,2,development
547,36,80,2,development
19,65,0,3,development
55,263,3,3,test
148,509,27,6,development
325,145,42,1,buffer
495,33,70,3,development
3,588,8,4,development
635,409,96,3,development
286,166,42,1,buffer
209,124,31,3,development
7,316,4,1,test
448,480,67,4,development
635,6,90,2,development
498,126,71,1,development
367,194,52,1,buffer
1,344,5,3,buffer
163,270,24,2,test
631,580,98,3,development
117,536,18,1,development
428,12,60,1,development
77,576,18,5,development
128,560,18,5,development
440,380,65,4,buffer
248,156,32,3,buffer
509,80,71,2,development
41,216,3,3,test
142,305,24,4,test
423,400,65,5,buffer
534,134,72,1,buffer
601,94,81,2,development
390,322,54,4,test
19,204,3,3,test
149,99,21,1,development
454,7,60,3,development
342,191,52,1,buffer
611,145,92,2,buffer
65,345,5,2,buffer
60,116,1,3,development
600,445,86,4,development
542,202,83,2,test
499,357,75,5,buffer
620,606,99,3,development
509,133,71,1,development
332,177,42,1,buffer
607,531,97,1,development
268,383,45,4,buffer
9,266,3,3,test
495,200,72,2,buffer
215,403,36,2,development
576,563,88,1,development
257,297,34,4,test
19,344,5,2,buffer
101,152,12,3,buffer
131,473,17,5,development
242,603,39,4,development
615,306,94,2,test
342,174,52,1,buffer
41,64,0,2,development
626,125,91,2,development
186,246,23,2,test
217,180,32,1,buffer
362,3,50,1,development
122,454,16,5,development
136,183,22,3,buffer
569,570,88,1,development
452,127,61,1,development
125,23,10,2,development
8,244,3,3,test
177,133,21,1,development
613,539,98,1,development
275,445,46,4,development
484,185,72,1,buffer
370,290,54,5,test
552,143,82,2,buffer
625,471,97,2,development
496,583,78,4,development
523,380,75,4,buffer
339,31,50,1,development
116,14,10,2,development
264,380,35,4,buffer
323,375,45,4,buffer
460,194,62,1,buffer
579,593,88,1,development
106,183,12,3,buffer
140,595,28,4,development
433,210,63,1,test
430,298,64,1,test
352,425,56,5,development
623,131,91,2,development
126,410,16,5,development
617,134,92,2,buffer
298,171,42,1,buffer
231,141,32,3,buffer
225,444,36,2,development
400,34,50,1,development
75,127,11,3,development
47,244,3,3,test
469,240,73,1,test
25,584,8,4,development
584,448,86,4,development
2,120,1,3,development
544,97,81,2,development
204,452,36,1,development
536,415,86,4,development
176,482,27,4,development
382,99,51,3,development
401,0,50,1,development
226,178,32,3,buffer
177,131,21,1,development
539,40,80,2,development
47,548,8,5,development
9,385,5,3,buffer
374,267,53,5,test
192,30,20,1,development
75,41,10,3,development
230,167,32,1,buffer
292,355,45,4,buffer
80,208,13,3,test
93,71,11,3,development
160,65,20,3,development
183,195,22,3,buffer
397,345,55,1,buffer
107,252,13,2,test
274,613,49,4,development
514,191,72,5,buffer
46,40,0,3,development
19,372,5,3,buffer
138,276,24,5,test
71,330,14,2,test
456,495,67,4,development
124,4,10,2,development
211,580,38,6,development
516,192,72,5,buffer
214,161,32,1,buffer
155,429,26,5,development
141,444,26,5,development
41,384,5,3,buffer
252,333,34,4,test
481,253,73,5,test
353,537,58,4,development
230,606,39,4,development
217,542,38,6,development
541,474,87,1,development
487,340,75,4,buffer
100,393,15,5,buffer
281,413,46,1,development
135,474,27,5,development
193,224,23,2,test
580,111,81,2,development
545,300,84,2,test
275,277,44,3,test
263,207,33,3,test
209,445,36,1,development
412,438,66,5,development
522,129,71,1,development
310,57,40,2,development
351,61,50,4,development
213,412,36,2,development
490,610,79,4,development
27,288,4,1,test
544,102,81,2,development
28,380,5,3,buffer
293,408,46,1,development
451,131,61,1,development
513,148,72,1,buffer
245,326,34,3,test
88,182,12,3,buffer
213,233,33,3,test
206,578,38,6,development
492,600,78,4,development
470,296,74,3,test
280,225,43,1,test
412,266,63,5,test
600,558,88,1,development
368,191,52,1,buffer
1,44,0,2,development
538,68,81,2,development
572,32,80,2,development
239,595,38,4,development
471,82,71,3,development
332,183,42,1,buffer
524,345,75,5,buffer
592,120,81,2,development
314,153,42,1,buffer
32,188,2,3,buffer
160,268,24,5,test
8,553,8,5,development
480,41,70,2,development
122,29,10,2,development
21,447,6,3,development
580,491,87,4,development
504,219,73,5,test
243,461,36,2,development
526,163,72,4,buffer
95,410,16,2,development
308,150,42,1,buffer
76,331,14,2,test
528,83,71,2,development
54,590,8,5,development
131,103,11,3,development
541,76,81,2,development
444,574,68,4,development
441,146,62,1,buffer
399,600,58,4,development
601,374,85,4,buffer
43,52,0,3,development
327,459,46,5,development
645,365,95,1,buffer
168,267,23,2,test
150,383,25,5,buffer
121,57,10,3,development
118,588,18,4,development
123,602,18,4,development
474,556,78,5,development
356,207,53,1,test
596,21,80,2,development
427,587,68,4,development
379,244,53,3,test
464,343,65,4,buffer
117,24,10,2,development
545,231,83,4,test
68,394,15,1,buffer
170,553,28,6,development
141,299,24,5,test
573,74,81,2,development
421,454,66,5,development
54,125,1,3,development
540,370,85,4,buffer
212,585,38,6,development
433,484,67,5,development
310,236,43,1,test
16,345,5,2,buffer
500,68,71,1,development
123,548,18,5,development
614,22,90,5,development
241,9,30,4,development
374,456,56,4,development
77,229,13,3,test
302,489,47,4,development
138,42,20,1,development
590,253,83,1,test
362,197,52,1,buffer
618,492,97,3,development
604,226,93,6,test
385,143,52,1,buffer
517,586,78,4,development
260,181,32,3,buffer
654,32,90,2,development
623,104,91,2,development
54,338,5,4,buffer
494,201,73,2,test
356,6,50,1,development
389,539,58,4,development
592,239,83,3,test
49,457,6,3,development
433,483,67,5,development
224,556,38,5,development
515,287,74,5,test
337,527,57,5,development
536,366,85,5,buffer
285,275,44,3,test
453,249,63,3,test
368,441,56,4,development
216,517,37,6,development
181,389,25,5,buffer
57,452,6,1,development
609,147,92,2,buffer
145,29,20,2,development
180,224,23,5,test
60,549,8,5,development
638,412,96,3,development
21,311,4,2,test
233,597,38,6,development
76,334,14,2,test
1,444,6,3,development
118,108,11,3,development
610,119,91,2,development
517,569,78,4,development
416,446,66,4,development
83,584,18,5,development
584,3,80,2,development
618,221,93,1,test
612,153,92,2,buffer
411,428,66,5,development
530,490,77,1,development
645,15,90,2,development
229,322,34,3,test
75,559,18,4,development
620,172,92,2,buffer
127,445,16,5,development
589,198,82,1,buffer
282,60,40,3,development
548,474,87,1,development
197,421,26,1,development
103,105,11,3,development
102,59,10,1,development
575,280,84,4,test
152,511,27,6,development
225,38,30,4,development
182,227,23,2,test
449,270,64,4,test
139,466,26,5,development
586,283,84,1,test
8,567,8,5,development
547,195,82,2,buffer
216,128,31,3,development
214,584,38,6,development
254,62,30,3,development
182,612,29,1,development
23,471,7,3,development
42,306,4,3,test
598,565,88,1,development
413,271,64,5,test
270,361,45,4,buffer
86,286,14,1,test
537,291,84,2,test
467,87,61,1,development
545,72,81,2,development
632,430,96,2,development
610,507,97,1,development
109,500,17,5,development
639,23,90,2,development
507,348,75,4,buffer
26,351,5,5,buffer
159,78,21,1,development
228,596,38,6,development
522,124,71,1,development
16,455,6,1,development
59,508,7,5,development
206,215,33,1,test
610,184,92,1,buffer
491,423,76,5,development
557,472,87,1,development
65,344,5,2,buffer
465,95,61,1,development
115,328,14,5,test
546,227,83,2,test
344,269,54,3,test
101,213,13,1,test
566,499,87,2,development
472,221,73,1,test
618,230,93,6,test
52,526,7,5,development
634,475,97,2,development
568,610,89,3,development
49,398,5,3,buffer
300,494,47,4,development
633,11,90,2,development
448,251,63,3,test
615,83,91,2,development
518,399,75,5,buffer
276,443,46,4,development
95,340,15,4,buffer
454,413,66,4,development
141,105,21,3,development
383,29,50,1,development
315,413,46,4,development
135,307,24,5,test
415,458,66,4,development
639,601,98,3,development
505,329,74,4,test
385,459,56,4,development
449,336,65,3,buffer
59,256,3,1,test
601,376,85,4,buffer
358,501,57,4,development
92,5,10,2,development
167,498,27,6,development
174,240,23,5,test
161,422,26,5,development
37,339,5,1,buffer
442,612,69,4,development
603,226,93,6,test
158,333,24,5,test
374,478,57,4,development
387,220,53,3,test
192,589,28,4,development
231,390,35,1,buffer
641,208,93,1,test
178,343,25,5,buffer
545,50,80,2,development
203,242,33,1,test
524,473,77,4,development
480,494,77,5,development
29,331,4,3,test
192,471,27,1,development
63,607,9,5,development
523,251,73,5,test
484,2,70,2,development
556,530,87,1,development
45,343,5,1,buffer
107,476,17,2,development
471,597,78,4,development
264,12,30,3,development
607,70,91,4,development
151,514,27,6,development
54,540,8,5,development
345,539,58,4,development
290,293,44,3,test
118,522,17,5,development
356,308,54,5,test
154,108,21,3,development
402,38,60,1,development
109,358,15,5,buffer
291,23,40,4,development
188,245,23,2,test
541,256,83,5,test
529,428,76,4,development
16,481,7,4,development
506,286,74,5,test
592,15,80,2,development
128,554,18,5,development
598,252,83,3,test
357,535,57,4,development
527,287,74,5,test
517,343,75,5,buffer
592,196,82,1,buffer
114,460,16,3,development
325,300,44,1,test
526,325,74,5,test
286,506,47,4,development
612,488,97,3,development
547,225,83,2,test
112,274,14,2,test
586,553,88,1,development
154,251,23,5,test
6,259,3,3,test
139,391,25,5,buffer
468,600,68,4,development
319,537,48,5,development
165,298,24,5,test
106,256,13,2,test
542,49,80,2,development
138,124,21,2,development
210,569,38,6,development
479,335,75,4,buffer
101,87,11,3,development
525,267,73,5,test
259,495,37,5,development
429,183,62,1,buffer
491,2,70,3,development
558,396,85,4,buffer
118,19,10,2,development
369,43,50,4,development
315,552,48,5,development
630,139,92,2,buffer
29,244,3,3,test
255,510,37,5,development
50,210,3,3,test
590,578,88,1,development
233,236,33,3,test
520,288,74,5,test
353,605,59,5,development
484,196,72,4,buffer
344,190,52,1,buffer
149,310,24,5,test
87,453,16,5,development
538,65,80,2,development
292,8,40,4,development
75,42,10,3,development
92,41,10,3,development
326,443,46,5,development
538,8,80,1,development
322,191,42,1,buffer
122,263,13,2,test
149,259,23,5,test
72,515,17,5,development
252,404,36,2,development
207,577,38,6,development
202,314,34,4,test
527,42,70,3,development
641,457,96,3,development
82,368,15,4,buffer
573,95,81,2,development
162,6,20,3,development
143,177,22,3,buffer
619,147,92,2,buffer
383,164,52,1,buffer
222,210,33,3,test
121,562,18,5,development
570,303,84,4,test
482,380,75,4,buffer
211,572,38,6,development
512,7,70,3,development
234,597,38,6,development
293,461,46,4,development
298,247,43,3,test
37,465,6,1,development
644,95,91,2,development
36,613,9,5,development
17,404,6,3,development
511,379,75,5,buffer
632,433,96,2,development
270,517,47,3,development
503,364,75,4,buffer
524,447,76,4,development
461,192,62,1,buffer
137,607,29,4,development
276,526,47,3,development
51,56,0,3,development
35,224,3,3,test
178,438,26,3,development
26,568,8,5,development
590,309,84,4,test
345,23,50,1,development
161,250,23,5,test
652,29,90,2,development
371,549,58,4,development
321,368,45,4,buffer
332,402,46,5,development
632,14,90,2,development
29,428,6,3,development
71,331,14,2,test
549,55,80,2,development
282,190,42,3,buffer
344,372,55,5,buffer
343,542,58,4,development
78,329,14,2,test
377,214,53,1,test
596,281,84,1,test
618,251,93,3,test
604,551,98,1,development
53,454,6,1,development
502,209,73,5,test
618,534,97,3,development
649,20,90,2,development
466,284,64,3,test
130,459,16,5,development
45,303,4,1,test
126,408,16,5,development
239,510,37,4,development
434,284,64,1,test
89,214,13,6,test
630,591,98,3,development
635,557,98,3,development
480,248,73,5,test
101,220,13,1,test
27,521,7,5,development
307,139,42,1,buffer
380,264,53,5,test
550,294,84,4,test
378,344,55,4,buffer
541,103,81,2,development
102,504,17,3,development
147,139,22,2,buffer
395,107,51,1,development
176,485,27,1,development
282,166,42,1,buffer
64,343,5,2,buffer
577,563,88,1,development
598,97,81,2,development
535,405,76,4,development
612,556,98,1,development
598,129,81,5,development
565,291,84,4,test
537,582,88,5,development
188,20,20,3,development
519,581,78,4,development
125,382,15,4,buffer
542,304,84,4,test
453,585,68,4,development
555,615,89,3,development
43,599,8,5,development
533,169,72,4,buffer
503,215,73,5,test
10,525,7,5,development
34,613,9,5,development
152,361,25,5,buffer
297,428,46,4,development
118,42,10,5,development
476,483,77,4,development
256,60,30,3,development
66,336,5,2,buffer
191,51,20,3,development
181,15,20,3,development
66,450,6,5,development
600,97,81,5,development
55,612,9,5,development
381,263,53,5,test
426,589,68,4,development
628,133,91,2,development
61,25,0,3,development
405,62,60,1,development
60,23,0,3,development
9,78,1,1,development
295,134,42,1,buffer
485,175,72,1,buffer
94,390,15,5,buffer
553,356,85,4,buffer
577,583,88,1,development
340,171,52,1,buffer
94,333,14,5,test
556,125,81,2,development
200,30,20,3,development
636,19,90,2,development
216,563,38,5,development
583,98,81,2,development
199,523,27,6,development
44,85,1,3,development
554,183,82,2,buffer
498,25,70,1,development
638,14,90,2,development
306,519,47,4,development
209,8,30,3,development
616,154,92,2,buffer
624,334,94,4,test
543,185,82,2,buffer
184,259,23,2,test
441,540,68,4,development
143,495,27,1,development
451,475,67,4,development
340,297,54,1,test
649,203,93,1,test
602,89,81,2,development
109,215,13,2,test
234,310,34,3,test
616,110,91,2,development
11,560,8,5,development
484,184,72,1,buffer
23,494,7,1,development
517,76,71,2,development
267,380,35,4,buffer
40,508,7,5,development
543,187,82,2,buffer
160,167,22,1,buffer
64,501,7,5,development
150,64,20,1,development
623,174,92,2,buffer
261,175,32,1,buffer
315,467,46,5,development
495,19,70,2,development
543,273,84,2,test
524,313,74,5,test
327,418,46,4,development
542,35,80,2,development
225,588,38,6,development
217,133,31,3,development
625,136,92,2,buffer
625,159,92,2,buffer
329,21,40,1,development
45,393,5,1,buffer
211,246,33,2,test
102,375,15,4,buffer
555,543,88,3,development
385,51,50,1,development
605,84,91,2,development
430,128,61,1,development
614,142,92,2,buffer
481,212,73,1,test
42,45,0,3,development
588,102,81,2,development
160,21,20,3,development
284,435,46,4,development
225,601,38,6,development
54,26,0,3,development
234,216,33,3,test
376,417,56,4,development
138,610,29,5,development
647,185,92,1,buffer
601,108,81,2,development
161,608,29,6,development
116,59,10,3,development
295,506,47,4,development
103,325,14,5,test
0,460,6,3,development
203,478,37,1,development
517,173,72,5,buffer
214,583,38,6,development
331,364,45,4,buffer
291,219,43,3,test
650,236,93,1,test
354,216,53,3,test
182,411,26,5,development
273,428,46,4,development
592,28,80,2,development
523,39,70,3,development
558,55,80,2,development
428,537,68,4,development
176,292,24,5,test
171,299,24,5,test
275,180,42,1,buffer
488,458,76,4,development
185,121,21,3,development
529,230,73,5,test
314,286,44,3,test
204,457,36,1,development
540,277,84,2,test
249,375,35,5,buffer
256,399,35,2,buffer
602,142,82,2,buffer
55,504,7,5,development
637,592,98,3,development
184,312,24,5,test
614,135,92,2,buffer
143,186,22,3,buffer
514,576,78,4,development
278,12,40,4,development
53,88,1,2,development
592,26,80,2,development
177,388,25,5,buffer
213,585,38,6,development
6,56,0,3,development
238,503,37,4,development
271,186,42,3,buffer
203,18,30,1,development
61,271,4,3,test
558,214,83,2,test
235,541,38,4,development
395,416,56,4,development
423,439,66,5,development
46,465,6,1,development
608,534,97,3,development
597,285,84,3,test
360,558,58,4,development
542,196,82,2,buffer
80,387,15,4,buffer
154,43,20,2,development
346,393,55,5,buffer
539,75,81,2,development
379,80,51,3,development
211,289,34,3,test
511,185,72,5,buffer
152,448,26,5,development
408,602,68,4,development
376,478,57,4,development
560,590,88,5,development
388,273,54,5,test
547,83,81,2,development
45,603,9,5,development
371,320,54,4,test
177,268,24,2,test
85,582,18,5,development
62,496,7,5,development
598,103,81,5,development
7,45,0,2,development
329,183,42,1,buffer
163,441,26,5,development
167,367,25,5,buffer
12,530,7,5,development
561,108,81,2,development
525,325,74,5,test
579,93,81,4,development
218,543,38,6,development
167,492,27,6,development
619,146,92,2,buffer
131,212,13,1,test
40,114,1,3,development
188,344,25,5,buffer
123,54,10,3,development
563,514,87,1,development
65,273,4,3,test
634,6,90,2,development
234,444,36,4,development
177,422,26,5,development
591,571,88,1,development
274,546,48,4,development
525,562,78,1,development
567,529,87,4,development
159,439,26,5,development
376,216,53,1,test
645,194,92,1,buffer
322,220,43,3,test
578,593,88,1,development
618,113,91,2,development
276,437,46,4,development
562,112,81,2,development
286,546,48,3,development
598,602,88,2,development
325,130,41,1,development
160,245,23,5,test
81,291,14,1,test
567,70,81,2,development
479,463,76,4,development
565,488,87,1,development
234,279,34,2,test
197,61,20,3,development
472,532,77,5,development
534,265,73,4,test
263,128,31,1,development
565,458,86,2,development
501,128,71,1,development
28,537,8,5,development
402,241,63,4,test
629,518,97,3,development
94,523,17,1,development
513,259,73,5,test
368,386,55,5,buffer
401,469,57,5,development
495,613,79,4,development
551,473,87,1,development
232,69,31,1,development
456,380,65,4,buffer
64,226,3,3,test
518,465,76,4,development
258,172,32,1,buffer
64,379,5,1,buffer
426,315,64,1,test
354,602,58,5,development
326,288,44,1,test
589,102,81,2,development
548,234,83,5,test
166,122,21,3,development
122,203,13,3,test
611,113,91,2,development
168,495,27,6,development
375,345,55,1,buffer
614,145,92,2,buffer
495,401,75,5,buffer
523,345,75,5,buffer
588,107,81,2,development
638,364,95,3,buffer
643,526,97,3,development
190,214,23,2,test
616,147,92,2,buffer
593,131,81,2,development
89,281,14,1,test
289,403,46,1,development
20,543,8,5,development
486,118,71,3,development
614,104,91,2,development
40,610,9,5,development
620,447,96,4,development
580,508,87,1,development
436,207,63,1,test
507,477,77,4,development
82,338,15,5,buffer
193,240,23,2,test
338,24,50,1,development
44,110,1,3,development
374,560,58,4,development
165,66,20,3,development
616,149,92,2,buffer
490,535,77,5,development
106,164,12,3,buffer
367,191,52,1,buffer
559,127,81,2,development
529,229,73,5,test
567,30,80,2,development
187,367,25,5,buffer
261,243,33,4,test
151,113,21,3,development
609,234,93,6,test
549,466,86,1,development
278,342,45,1,buffer
184,119,21,3,development
205,255,33,2,test
241,219,33,3,test
559,99,81,2,development
248,297,34,2,test
603,119,91,2,development
273,131,41,3,development
589,283,84,1,test
72,331,14,2,test
329,30,40,4,development
212,555,38,6,development
389,20,50,1,development
254,518,37,4,development
530,309,74,5,test
369,390,55,5,buffer
3,547,8,5,development
350,364,55,5,buffer
208,572,38,6,development
459,109,61,1,development
480,49,70,1,development
208,77,31,1,development
488,375,75,5,buffer
389,606,59,4,development
137,308,24,5,test
548,384,85,4,buffer
397,462,56,5,development
210,572,38,6,development
199,35,20,1,development
354,427,56,5,development
122,260,13,2,test
84,17,10,3,development
161,446,26,5,development
493,2,70,3,development
600,560,88,1,development
196,187,22,1,buffer
203,372,35,1,buffer
588,26,80,2,development
208,578,38,6,development
514,595,78,4,development
140,250,23,5,test
594,7,80,2,development
295,158,42,4,buffer
449,613,69,5,development
211,450,36,1,development
287,152,42,1,buffer
369,205,53,1,test
43,143,2,3,buffer
588,106,81,2,development
167,32,20,3,development
634,438,96,2,development
58,55,0,3,development
277,489,47,5,development
76,27,10,3,development
596,183,82,2,buffer
621,100,91,2,development
174,35,20,1,development
482,164,72,1,buffer
164,63,20,3,development
300,48,40,3,development
320,556,48,4,development
155,410,26,5,development
512,73,71,2,development
419,507,67,4,development
205,236,33,2,test
73,386,15,3,buffer
293,87,41,3,development
413,566,68,4,development
548,458,86,3,development
215,408,36,2,development
115,20,10,2,development
214,433,36,1,development
276,61,40,3,development
305,591,48,4,development
470,246,73,3,test
319,128,41,3,development
164,308,24,5,test
429,286,64,1,test
531,132,71,1,development
139,217,23,1,test
92,169,12,3,buffer
429,128,61,1,development
179,215,23,5,test
576,137,82,2,buffer
610,127,91,2,development
103,400,15,5,buffer
45,493,7,5,development
210,575,38,6,development
163,500,27,6,development
502,609,79,4,development
204,254,33,2,test
285,164,42,1,buffer
165,186,22,1,buffer
324,287,44,1,test
242,290,34,2,test
31,261,3,1,test
395,314,54,4,test
190,215,23,2,test
634,15,90,2,development
115,255,13,2,test
345,62,50,4,development
481,138,72,3,buffer
634,209,93,1,test
45,557,8,5,development
571,70,81,2,development
203,442,36,1,development
556,394,85,4,buffer
485,557,78,4,development
39,577,8,5,development
438,435,66,5,development
146,151,22,2,buffer
353,390,55,5,buffer
510,79,71,2,development
93,27,10,3,development
294,228,43,3,test
140,267,23,5,test
573,555,88,1,development
303,456,46,4,development
434,303,64,1,test
384,487,57,4,development
425,594,68,4,development
615,581,98,3,development
484,308,74,3,test
319,423,46,4,development
617,152,92,2,buffer
602,208,83,1,test
133,174,12,3,buffer
492,96,71,1,development
586,509,87,1,development
327,464,46,5,development
560,295,84,4,test
621,133,91,2,development
630,194,92,1,buffer
574,111,81,2,development
624,160,92,2,buffer
438,304,64,1,test
41,93,1,3,development
601,468,86,4,development
489,597,78,4,development
106,476,17,2,development
150,198,22,3,buffer
564,183,82,4,buffer
207,444,36,1,development
111,65,10,3,development
517,223,73,5,test
552,60,80,2,development
56,299,4,3,test
651,15,90,2,development
579,541,88,1,development
77,162,12,3,buffer
55,413,6,1,development
376,461,56,4,development
252,85,31,3,development
169,233,23,5,test
610,50,90,3,development
363,366,55,4,buffer
379,330,54,4,test
214,242,33,2,test
383,417,56,4,development
70,144,12,3,buffer
545,66,80,2,development
282,474,47,4,development
400,66,50,1,development
327,145,42,1,buffer
533,556,78,1,development
50,7,0,3,development
314,554,48,5,development
465,574,68,5,development
42,596,8,5,development
72,375,15,1,buffer
537,31,80,2,development
211,241,33,2,test
632,178,92,1,buffer
609,107,91,2,development
220,13,30,3,development
517,373,75,5,buffer
335,382,55,5,buffer
130,294,14,5,test
196,47,20,3,development
334,296,44,4,test
52,401,5,3,buffer
196,378,25,4,buffer
353,395,55,5,buffer
615,107,91,2,development
326,22,40,4,development
145,510,27,6,development
428,564,68,4,development
507,288,74,5,test
54,515,7,5,development
436,587,68,4,development
577,504,87,1,development
188,333,24,4,test
421,477,67,5,development
303,498,47,4,development
59,227,3,3,test
64,388,5,1,buffer
305,548,48,5,development
107,109,11,3,development
356,389,55,5,buffer
582,385,85,4,buffer
526,333,74,5,test
389,73,51,3,development
556,46,80,2,development
121,96,11,3,development
96,512,17,1,development
459,465,66,4,development
252,362,35,4,buffer
325,493,47,3,development
618,223,93,1,test
169,307,24,5,test
473,267,73,3,test
373,16,50,1,development
619,229,93,6,test
183,464,26,3,development
83,289,14,1,test
553,340,85,4,buffer
277,7,40,4,development
116,258,13,2,test
343,451,56,5,development
543,102,81,2,development
557,601,88,5,development
66,294,4,3,test
55,205,3,3,test
189,59,20,3,development
102,378,15,4,buffer
37,475,7,1,development
135,348,25,5,buffer
88,463,16,5,development
357,402,56,5,development
116,207,13,1,test
371,64,50,3,development
478,141,72,1,buffer
484,76,71,5,development
25,63,0,2,development
36,7,0,3,development
530,426,76,4,development
297,596,48,4,development
530,181,72,5,buffer
590,95,81,2,development
560,348,85,4,buffer
460,541,68,5,development
549,195,82,1,buffer
612,113,91,2,development
428,165,62,3,buffer
345,432,56,5,development
28,79,1,3,development
316,8,40,1,development
354,558,58,5,development
574,6,80,2,development
222,139,32,3,buffer
244,399,35,4,buffer
300,205,43,3,test
622,133,91,2,development
138,473,27,5,development
45,211,3,3,test
621,136,92,2,buffer
4,525,7,5,development
160,185,22,3,buffer
231,596,38,6,development
91,127,11,1,development
615,494,97,1,development
634,549,98,1,development
65,437,6,3,development
431,17,60,1,development
80,586,18,5,development
602,128,81,5,development
588,295,84,1,test
9,532,7,5,development
168,368,25,5,buffer
361,41,50,4,development
644,375,95,4,buffer
603,380,95,4,buffer
478,363,75,4,buffer
628,124,91,2,development
563,67,81,2,development
520,185,72,5,buffer
204,575,38,6,development
557,469,87,1,development
610,132,91,2,development
19,532,7,5,development
244,237,33,3,test
253,364,35,4,buffer
200,219,23,2,test
167,239,23,5,test
568,427,86,4,development
183,296,24,5,test
247,460,36,2,development
393,518,57,4,development
23,134,2,3,buffer
70,388,15,3,buffer
215,516,37,6,development
506,233,73,5,test
544,226,83,2,test
536,153,82,4,buffer
73,189,12,3,buffer
596,46,80,2,development
116,11,10,2,development
565,233,83,5,test
509,592,78,4,development
508,196,72,5,buffer
487,97,71,3,development
172,379,25,2,buffer
290,467,46,4,development
535,319,74,5,test
19,520,7,5,development
90,72,11,3,development
443,351,65,1,buffer
34,446,6,4,development
48,312,4,1,test
450,152,62,1,buffer
84,46,10,1,development
326,412,46,5,development
65,276,4,3,test
115,136,12,3,buffer
34,246,3,3,test
592,525,87,1,development
102,201,13,6,test
37,450,6,2,development
59,309,4,3,test
213,548,38,6,development
200,441,26,1,development
412,239,63,3,test
581,264,83,3,test
167,338,25,4,buffer
130,138,12,3,buffer
626,202,93,1,test
488,276,74,4,test
400,32,50,1,development
174,29,20,1,development
86,318,14,5,test
11,315,4,1,test
67,309,14,5,test
320,578,48,4,development
74,513,17,5,development
583,103,81,2,development
74,375,15,1,buffer
125,576,18,5,development
565,70,81,2,development
487,93,71,2,development
304,151,42,1,buffer
474,284,74,3,test
53,87,1,2,development
336,171,52,1,buffer
53,291,4,3,test
294,301,44,4,test
651,233,93,1,test
341,488,57,4,development
495,237,73,4,test
204,173,32,1,buffer
49,511,7,5,development
517,71,71,2,development
586,190,82,1,buffer
294,583,48,4,development
462,277,64,3,test
438,488,67,4,development
264,404,36,1,development
108,251,13,2,test
341,459,56,5,development
473,176,72,1,buffer
197,230,23,2,test
194,472,27,1,development
601,69,81,2,development
41,505,7,5,development
596,81,81,2,development
227,448,36,2,development
225,497,37,2,development
395,475,57,5,development
512,85,71,2,development
593,266,83,1,test
267,393,35,1,buffer
261,115,31,3,development
357,313,54,2,test
591,258,83,3,test
547,41,80,2,development
431,148,62,1,buffer
627,131,91,2,development
60,339,5,2,buffer
11,283,4,1,test
653,324,94,3,test
460,542,68,5,development
11,486,7,5,development
174,370,25,5,buffer
506,300,74,4,test
109,475,17,2,development
397,346,55,1,buffer
608,139,92,2,buffer
642,245,93,4,test
119,509,17,5,development
610,128,91,2,development
311,346,45,1,buffer
181,119,21,3,development
109,102,11,3,development
206,577,38,6,development
243,182,32,1,buffer
174,177,22,1,buffer
603,70,91,2,development
455,32,60,1,development
141,565,28,5,development
329,181,42,1,buffer
363,589,58,4,development
495,209,73,4,test
210,565,38,6,development
591,187,82,3,buffer
108,580,18,4,development
123,404,16,4,development
28,514,7,5,development
423,184,62,3,buffer
609,167,92,2,buffer
567,94,81,2,development
556,114,81,2,development
494,569,78,4,development
592,123,81,2,development
457,3,60,3,development
311,380,45,4,buffer
85,288,14,1,test
549,519,87,3,development
133,97,11,3,development
89,527,17,1,development
72,389,15,3,buffer
148,514,27,6,development
626,526,97,1,development
123,454,16,5,development
607,124,91,2,development
291,603,49,4,development
463,198,62,1,buffer
154,511,27,6,development
616,382,95,4,buffer
39,516,7,5,development
80,470,17,2,development
541,277,84,2,test
34,312,4,3,test
110,215,13,2,test
179,421,26,5,development
345,354,55,5,buffer
158,30,20,3,development
4,499,7,4,development
561,460,86,1,development
340,538,58,4,development
385,45,50,1,development
548,59,80,2,development
2,35,0,3,development
20,288,4,3,test
594,6,80,2,development
215,181,32,1,buffer
154,512,27,6,development
432,599,68,4,development
200,227,23,2,test
300,379,45,4,buffer
561,55,80,2,development
84,75,11,3,development
428,8,60,1,development
611,256,93,3,test
445,538,68,4,development
135,286,24,5,test
515,94,71,2,development
122,491,17,5,development
584,2,80,2,development
102,203,13,6,test
262,123,31,3,development
625,306,94,5,test
262,493,37,5,development
92,10,10,5,development
460,540,68,5,development
623,112,91,2,development
592,601,88,1,development
583,0,80,2,development
211,45,30,3,development
104,6,10,5,development
629,1,90,2,development
355,461,56,5,development
313,377,45,4,buffer
590,108,81,2,development
498,144,72,1,buffer
144,521,27,1,development
54,104,1,3,development
519,390,75,5,buffer
436,298,64,1,test
17,180,2,3,buffer
342,180,52,1,buffer
183,182,22,1,buffer
545,189,82,2,buffer
567,349,85,4,buffer
618,466,96,4,development
317,83,41,1,development
347,446,56,5,development
511,444,76,4,development
4,117,1,3,development
79,199,12,3,buffer
0,160,2,3,buffer
581,4,80,2,development
444,176,62,3,buffer
168,500,27,6,development
22,346,5,2,buffer
404,329,64,4,test
416,536,68,4,development
172,329,24,5,test
617,522,97,1,development
313,595,48,4,development
400,62,50,1,development
558,56,80,2,development
313,312,44,1,test
422,393,65,5,buffer
134,393,25,5,buffer
301,368,45,4,buffer
536,36,80,2,development
155,249,23,5,test
144,377,25,5,buffer
143,450,26,5,development
421,572,68,4,development
619,134,92,2,buffer
477,91,71,1,development
118,266,13,2,test
71,341,15,2,buffer
169,493,27,6,development
278,406,46,4,development
368,274,54,5,test
190,389,25,2,buffer
496,589,78,4,development
162,240,23,5,test
219,166,32,1,buffer
122,65,10,3,development
577,519,87,3,development
534,70,71,2,development
463,470,67,4,development
18,365,5,5,buffer
481,444,76,4,development
76,258,13,3,test
332,443,46,5,development
452,601,68,5,development
141,173,22,3,buffer
251,554,38,5,development
307,548,48,5,development
507,485,77,4,development
48,313,4,1,test
135,146,22,3,buffer
128,17,10,2,development
42,274,4,1,test
213,578,38,6,development
157,246,23,5,test
608,150,92,2,buffer
333,18,40,1,development
212,581,38,6,development
384,302,54,4,test
536,71,81,2,development
245,474,37,2,development
281,431,46,4,development
387,612,59,4,development
498,305,74,4,test
278,38,40,3,development
246,251,33,1,test
548,230,83,2,test
581,48,80,2,development
59,524,7,5,development
196,206,23,2,test
505,240,73,5,test
347,122,51,3,development
409,283,64,3,test
309,170,42,1,buffer
245,582,38,4,development
450,289,64,4,test
27,230,3,3,test
5,213,3,3,test
295,175,42,1,buffer
35,232,3,3,test
316,580,48,4,development
146,353,25,5,buffer
508,388,75,5,buffer
349,266,53,4,test
88,352,15,4,buffer
544,474,87,1,development
149,401,25,5,buffer
570,455,86,2,development
230,578,38,3,development
483,3,70,2,development
35,136,2,3,buffer
644,0,90,2,development
191,38,20,3,development
83,408,16,2,development
578,147,82,2,buffer
381,392,55,5,buffer
278,280,44,3,test
345,418,56,5,development
96,538,18,3,development
289,307,44,4,test
413,173,62,1,buffer
184,391,25,5,buffer
247,454,36,2,development
165,436,26,5,development
211,515,37,6,development
542,218,83,2,test
132,197,12,3,buffer
512,225,73,5,test
459,225,63,1,test
305,245,43,1,test
22,350,5,2,buffer
159,472,27,3,development
596,136,82,2,buffer
194,59,20,3,development
221,420,36,1,development
649,15,90,2,development
643,540,98,1,development
69,146,12,3,buffer
129,138,12,3,buffer
137,405,26,5,development
158,155,22,2,buffer
643,36,90,2,development
73,384,15,1,buffer
116,255,13,2,test
590,102,81,2,development
317,282,44,4,test
566,111,81,2,development
543,466,86,3,development
30,186,2,3,buffer
289,406,46,1,development
521,486,77,4,development
555,365,85,4,buffer
221,520,37,6,development
587,537,88,1,development
343,169,52,1,buffer
197,605,29,3,development
477,508,77,5,development
310,241,43,3,test
57,420,6,4,development
508,473,77,1,development
455,297,64,1,test
211,565,38,6,development
452,436,66,4,development
31,21,0,4,development
206,144,32,3,buffer
199,187,22,1,buffer
232,121,31,1,development
199,20,20,3,development
165,269,24,2,test
218,587,38,6,development
92,405,16,2,development
622,96,91,2,development
538,211,83,2,test
651,46,90,2,development
433,207,63,1,test
284,564,48,5,development
67,8,10,3,development
150,510,27,6,development
65,341,5,2,buffer
43,353,5,4,buffer
225,591,38,6,development
379,142,52,3,buffer
616,10,90,5,development
160,420,26,5,development
472,562,78,5,development
314,576,48,4,development
634,474,97,2,development
512,513,77,4,development
197,221,23,2,test
339,227,53,1,test
612,175,92,1,buffer
629,224,93,1,test
606,563,98,1,development
162,499,27,6,development
544,287,84,2,test
440,524,67,4,development
401,59,50,1,development
76,505,17,5,development
111,476,17,2,development
594,276,84,1,test
624,186,92,1,buffer
214,19,30,3,development
68,513,17,5,development
16,429,6,3,development
98,593,18,5,development
389,448,56,4,development
461,396,65,4,buffer
343,0,50,1,development
138,417,26,4,development
504,438,76,4,development
34,258,3,1,test
236,304,34,2,test
245,174,32,3,buffer
495,493,77,4,development
213,214,33,3,test
233,333,34,3,test
528,324,74,5,test
191,393,25,2,buffer
323,99,41,3,development
47,132,1,3,development
338,562,58,4,development
442,441,66,4,development
162,605,29,6,development
232,182,32,1,buffer
431,215,63,1,test
553,135,82,2,buffer
117,224,13,2,test
77,15,10,3,development
542,366,85,5,buffer
88,85,11,3,development
138,526,27,3,development
528,74,71,2,development
123,279,14,5,test
177,404,26,5,development
539,37,80,2,development
340,517,57,4,development
435,526,67,4,development
82,14,10,4,development
625,106,91,2,development
603,210,93,1,test
348,316,54,1,test
91,0,10,2,development
138,411,26,4,development
231,308,34,3,test
458,346,65,1,buffer
125,444,16,5,development
183,96,21,3,development
318,254,43,3,test
531,418,76,4,development
287,166,42,1,buffer
114,475,17,2,development
493,163,72,1,buffer
586,539,88,1,development
141,600,28,4,development
148,268,24,5,test
21,350,5,2,buffer
635,10,90,2,development
466,443,66,4,development
627,104,91,2,development
508,377,75,5,buffer
154,329,24,5,test
165,101,21,3,development
143,344,25,5,buffer
622,116,91,2,development
598,563,88,1,development
456,127,61,1,development
312,227,43,1,test
327,595,48,4,development
364,443,56,4,development
91,234,13,1,test
338,394,55,5,buffer
353,421,56,5,development
10,529,7,5,development
204,205,33,2,test
548,332,84,4,test
595,3,80,2,development
257,140,32,3,buffer
210,581,38,6,development
450,437,66,4,development
12,545,8,5,development
568,380,85,4,buffer
404,326,64,4,test
594,245,83,4,test
222,583,38,6,development
147,290,24,5,test
131,325,14,5,test
442,570,68,4,development
242,250,33,3,test
364,404,56,5,development
472,8,70,4,development
635,615,99,3,development
82,346,15,5,buffer
368,342,55,4,buffer
558,70,81,2,development
490,389,75,5,buffer
601,461,86,4,development
378,235,53,3,test
172,156,22,2,buffer
403,252,63,5,test
191,112,21,3,development
571,155,82,2,buffer
619,304,94,2,test
275,498,47,5,development
574,113,81,2,development
287,278,44,3,test
221,123,31,3,development
492,475,77,4,development
199,111,21,3,development
222,597,38,6,development
525,531,77,4,development
169,494,27,6,development
537,613,89,5,development
140,57,20,3,development
343,87,51,3,development
487,7,70,2,development
467,438,66,4,development
545,101,81,2,development
447,228,63,4,test
245,535,37,4,development
196,452,26,1,development
139,253,23,5,test
113,219,13,1,test
155,482,27,3,development
146,289,24,5,test
540,252,83,4,test
137,227,23,1,test
542,225,83,2,test
134,376,25,5,buffer
20,508,7,5,development
37,451,6,2,development
199,268,24,1,test
316,22,40,1,development
104,93,11,3,development
347,403,56,5,development
151,12,20,3,development
559,314,84,4,test
121,2,10,2,development
439,279,64,1,test
579,53,80,2,development
574,241,83,4,test
123,24,10,2,development
581,605,89,4,development
498,292,74,4,test
344,187,52,1,buffer
214,476,37,5,development
452,455,66,5,development
207,163,32,1,buffer
511,548,78,4,development
187,248,23,2,test
549,155,82,1,buffer
437,539,68,4,development
501,384,75,4,buffer
192,446,26,3,development
619,119,91,2,development
208,564,38,6,development
634,21,90,2,development
124,477,17,5,development
407,193,62,3,buffer
160,115,21,3,development
295,429,46,4,development
557,602,88,5,development
186,416,26,5,development
471,566,78,5,development
516,220,73,4,test
114,113,11,2,development
294,402,46,1,development
131,3,10,2,development
565,112,81,2,development
602,230,83,6,test
604,580,98,1,development
198,219,23,2,test
211,247,33,2,test
574,62,80,5,development
628,156,92,2,buffer
71,87,11,3,development
125,266,13,2,test
199,512,27,4,development
653,543,98,3,development
45,528,7,2,development
222,523,37,6,development
171,125,21,3,development
325,225,43,1,test
545,73,81,2,development
40,537,8,5,development
244,247,33,1,test
109,335,15,5,buffer
88,329,14,5,test
642,210,93,1,test
409,482,67,4,development
133,484,17,5,development
430,338,65,1,buffer
335,336,55,1,buffer
81,367,15,4,buffer
528,318,74,5,test
215,582,38,6,development
155,177,22,3,buffer
518,76,71,2,development
629,135,92,2,buffer
169,280,24,5,test
306,374,45,4,buffer
297,457,46,4,development
133,507,17,3,development
428,483,67,5,development
295,31,40,4,development
583,369,85,4,buffer
247,585,38,4,development
56,222,3,3,test
648,6,90,2,development
273,552,48,4,development
483,532,77,5,development
578,74,81,2,development
211,584,38,6,development
341,360,55,5,buffer
226,260,33,2,test
46,372,5,3,buffer
358,199,52,1,buffer
486,599,78,4,development
341,97,51,3,development
505,366,75,4,buffer
141,365,25,5,buffer
69,341,15,2,buffer
614,122,91,2,development
487,436,76,5,development
272,403,46,4,development
553,47,80,2,development
32,98,1,3,development
563,394,85,4,buffer
258,173,32,1,buffer
122,267,13,2,test
74,499,17,5,development
375,482,57,4,development
40,243,3,3,test
33,182,2,3,buffer
605,481,97,2,development
401,109,51,1,development
559,106,81,2,development
209,291,34,1,test
360,43,50,4,development
603,230,93,6,test
75,501,17,5,development
319,437,46,5,development
528,314,74,5,test
304,167,42,1,buffer
88,15,10,3,development
119,266,13,2,test
340,357,55,5,buffer
77,10,10,3,development
272,442,46,4,development
460,364,65,5,buffer
421,435,66,5,development
584,161,82,2,buffer
415,580,68,4,development
486,594,78,4,development
151,28,20,2,development
158,442,26,5,development
55,114,1,3,development
449,513,67,4,development
280,327,44,1,test
397,37,50,1,development
494,431,76,4,development
613,142,92,2,buffer
332,4,40,1,development
553,96,81,2,development
208,574,38,6,development
131,472,17,5,development
11,398,5,3,buffer
214,220,33,3,test
95,161,12,3,buffer
279,161,42,4,buffer
341,345,55,4,buffer
634,19,90,2,development
592,361,85,4,buffer
486,5,70,2,development
436,192,62,4,buffer
496,574,78,4,development
188,156,22,1,buffer
404,610,69,4,development
426,446,66,5,development
443,427,66,5,development
450,399,65,4,buffer
576,133,81,2,development
401,61,50,1,development
548,71,81,2,development
562,500,87,2,development
433,143,62,4,buffer
569,318,84,4,test
8,598,8,5,development
602,580,88,1,development
389,513,57,4,development
271,604,49,4,development
67,374,15,3,buffer
287,164,42,1,buffer
552,74,81,2,development
400,400,55,3,buffer
217,517,37,6,development
149,511,27,6,development
209,555,38,6,development
11,340,5,3,buffer
654,540,98,3,development
539,22,80,2,development
258,453,36,1,development
136,382,25,5,buffer
580,486,87,3,development
486,427,76,5,development
382,373,55,3,buffer
294,310,44,4,test
347,414,56,5,development
560,235,83,4,test
390,552,58,4,development
225,599,38,6,development
560,125,81,2,development
442,373,65,4,buffer
571,173,82,5,buffer
236,414,36,1,development
526,585,78,4,development
327,511,47,3,development
126,248,13,2,test
601,155,82,2,buffer
625,216,93,1,test
395,211,53,3,test
227,592,38,6,development
308,135,42,1,buffer
222,353,35,3,buffer
362,179,52,1,buffer
344,430,56,5,development
595,419,86,4,development
165,354,25,5,buffer
649,573,98,3,development
126,413,16,5,development
431,79,61,1,development
544,227,83,2,test
49,327,4,1,test
164,384,25,5,buffer
132,537,18,4,development
152,142,22,1,buffer
169,496,27,6,development
435,133,61,1,development
190,223,23,2,test
492,164,72,1,buffer
74,209,13,1,test
57,73,1,3,development
523,326,74,5,test
159,355,25,5,buffer
489,172,72,1,buffer
91,341,15,4,buffer
29,546,8,5,development
209,512,37,6,development
630,135,92,2,buffer
302,42,40,4,development
558,499,87,2,development
584,32,80,2,development
138,474,27,5,development
154,289,24,5,test
530,88,71,2,development
356,460,56,5,development
113,200,12,2,buffer
222,586,38,6,development
76,13,10,3,development
145,580,28,4,development
341,432,56,5,development
556,122,81,2,development
511,559,78,4,development
160,431,26,5,development
82,474,17,2,development
473,75,71,1,development
601,266,83,1,test
397,68,51,1,development
145,535,27,2,development
630,103,91,2,development
129,291,14,5,test
36,232,3,3,test
395,602,58,4,development
15,564,8,5,development
258,516,37,5,development
479,354,75,5,buffer
152,88,21,1,development
463,34,60,1,development
82,324,14,2,test
582,528,87,1,development
27,567,8,5,development
499,565,78,4,development
189,114,21,3,development
613,355,95,4,buffer
129,135,12,2,buffer
265,140,32,1,buffer
573,252,83,5,test
625,157,92,2,buffer
264,274,34,3,test
41,409,6,3,development
553,80,81,2,development
331,385,45,5,buffer
604,151,92,2,buffer
310,480,47,5,development
17,348,5,2,buffer
534,312,74,5,test
160,443,26,5,development
175,406,26,5,development
606,58,90,2,development
202,198,32,2,buffer
645,223,93,1,test
653,536,98,3,development
369,77,51,1,development
580,189,82,1,buffer
615,227,93,6,test
63,119,1,3,development
293,380,45,4,buffer
240,550,38,4,development
148,104,21,3,development
339,46,50,4,development
569,392,85,4,buffer
73,334,14,2,test
590,572,88,1,development
365,476,57,5,development
653,234,93,1,test
167,425,26,5,development
418,552,68,4,development
460,240,63,3,test
641,563,98,3,development
572,107,81,2,development
533,217,73,5,test
318,567,48,4,development
40,161,2,3,buffer
418,568,68,4,development
653,348,95,1,buffer
399,460,56,5,development
72,511,17,5,development
486,414,76,4,development
196,358,25,4,buffer
575,89,81,2,development
313,344,45,3,buffer
436,300,64,1,test
395,355,55,1,buffer
134,367,25,5,buffer
380,192,52,3,buffer
520,86,71,2,development
404,420,66,5,development
600,134,82,5,buffer
600,90,81,2,development
42,540,8,5,development
74,338,15,2,buffer
192,96,21,3,development
564,469,87,3,development
264,150,32,1,buffer
27,203,3,3,test
490,95,71,1,development
223,589,38,6,development
554,125,81,2,development
82,283,14,1,test
450,430,66,4,development
300,2,40,4,development
106,392,15,5,buffer
634,109,91,2,development
41,79,1,2,development
363,599,58,4,development
189,240,23,2,test
536,342,85,4,buffer
228,506,37,4,development
52,24,0,3,development
241,4,30,1,development
493,357,75,5,buffer
211,551,38,6,development
467,263,63,3,test
451,318,64,3,test
437,136,62,1,buffer
69,330,14,2,test
105,99,11,3,development
398,590,58,4,development
228,603,39,4,development
519,81,71,2,development
77,460,16,5,development
474,535,77,5,development
554,109,81,2,development
401,539,58,4,development
560,537,88,3,development
125,463,16,5,development
608,76,91,2,development
296,452,46,4,development
614,92,91,2,development
39,578,8,5,development
479,562,78,5,development
78,491,17,5,development
422,539,68,4,development
152,138,22,1,buffer
418,180,62,3,buffer
396,348,55,1,buffer
362,208,53,1,test
156,299,24,4,test
536,473,87,1,development
490,547,78,4,development
359,23,50,1,development
433,8,60,3,development
575,135,82,2,buffer
160,156,22,2,buffer
338,155,52,1,buffer
210,553,38,6,development
463,478,67,4,development
73,456,16,5,development
339,358,55,5,buffer
180,206,23,5,test
543,519,87,3,development
202,440,36,1,development
469,181,72,1,buffer
554,338,85,4,buffer
515,169,72,4,buffer
195,358,25,4,buffer
30,399,5,3,buffer
484,538,78,5,development
454,444,66,4,development
508,194,72,5,buffer
308,132,41,1,development
68,366,15,3,buffer
503,352,75,4,buffer
551,506,87,3,development
336,113,51,3,development
531,92,71,3,development
618,543,98,1,development
298,413,46,1,development
520,581,78,4,development
89,315,14,5,test
146,333,24,5,test
219,66,30,3,development
96,30,10,3,development
94,334,14,5,test
456,173,62,1,buffer
216,409,36,2,development
521,240,73,5,test
616,210,93,1,test
630,129,91,2,development
64,393,5,1,buffer
146,61,20,1,development
23,304,4,1,test
481,325,74,4,test
288,259,43,4,test
21,227,3,3,test
175,210,23,5,test
214,580,38,6,development
148,266,23,5,test
191,198,22,1,buffer
13,29,0,3,development
159,434,26,5,development
507,126,71,1,development
223,215,33,3,test
460,158,62,1,buffer
87,403,16,2,development
252,293,34,1,test
274,87,41,3,development
78,79,11,3,development
322,391,45,4,buffer
570,22,80,1,development
584,551,88,3,development
11,480,7,1,development
47,330,4,1,test
238,156,32,1,buffer
595,357,85,4,buffer
379,209,53,3,test
356,52,50,4,development
142,62,20,3,development
279,436,46,4,development
151,409,26,5,development
420,596,68,4,development
96,153,12,1,buffer
189,364,25,5,buffer
200,615,29,1,development
636,4,90,2,development
362,311,54,5,test
569,251,83,5,test
320,307,44,4,test
369,207,53,3,test
653,11,90,2,development
511,410,76,4,development
561,291,84,4,test
290,410,46,1,development
614,288,94,1,test
154,396,25,5,buffer
77,123,11,3,development
519,292,74,5,test
649,499,97,3,development
487,363,75,4,buffer
122,487,17,5,development
318,202,43,3,test
610,198,92,1,buffer
422,450,66,5,development
487,181,72,1,buffer
593,295,84,3,test
142,143,22,2,buffer
297,411,46,1,development
93,68,11,3,development
203,164,32,1,buffer
382,98,51,3,development
570,227,83,4,test
212,502,37,4,development
529,240,73,5,test
238,589,38,6,development
83,359,15,4,buffer
163,357,25,5,buffer
343,589,58,5,development
183,235,23,2,test
627,106,91,2,development
282,416,46,4,development
182,450,26,1,development
557,71,81,2,development
59,79,1,2,development
120,158,12,1,buffer
626,132,91,2,development
361,573,58,5,development
605,140,92,2,buffer
608,197,92,1,buffer
24,361,5,3,buffer
109,26,10,5,development
163,603,29,6,development
193,239,23,2,test
134,370,25,5,buffer
326,537,48,5,development
652,37,90,2,development
595,92,81,2,development
306,171,42,1,buffer
346,406,56,5,development
478,155,72,3,buffer
97,295,14,5,test
506,510,77,5,development
215,546,38,6,development
411,61,60,1,development
297,12,40,4,development
94,396,15,5,buffer
346,41,50,1,development
610,231,93,6,test
250,138,32,4,buffer
230,597,38,6,development
266,199,32,3,buffer
211,235,33,3,test
219,603,39,6,development
605,200,92,6,buffer
408,91,61,3,development
554,49,80,2,development
187,217,23,2,test
587,442,86,4,development
530,135,72,1,buffer
644,605,99,3,development
302,384,45,4,buffer
568,73,81,2,development
331,32,40,1,development
571,397,85,4,buffer
559,480,87,1,development
615,562,98,1,development
625,203,93,1,test
452,192,62,1,buffer
383,209,53,3,test
128,396,15,5,buffer
490,405,76,5,development
631,434,96,2,development
538,12,80,3,development
199,152,22,1,buffer
310,12,40,1,development
435,449,66,5,development
214,405,36,2,development
141,468,26,5,development
135,120,21,3,development
304,611,49,4,development
191,402,26,2,development
134,561,28,5,development
646,518,97,1,development
141,202,23,1,test
192,200,22,1,buffer
585,553,88,1,development
65,289,4,1,test
33,581,8,5,development
106,533,17,3,development
243,114,31,1,development
205,77,31,1,development
501,560,78,4,development
56,391,5,3,buffer
474,385,75,4,buffer
331,380,45,5,buffer
610,94,91,5,development
5,375,5,3,buffer
263,416,36,1,development
181,232,23,2,test
608,431,96,5,development
410,558,68,5,development
327,90,41,1,development
116,262,13,2,test
125,428,16,5,development
55,56,0,3,development
417,191,62,1,buffer
496,440,76,4,development
240,365,35,3,buffer
410,444,66,4,development
21,534,7,5,development
240,72,31,3,development
95,55,10,5,development
230,236,33,3,test
198,187,22,1,buffer
522,27,70,3,development
177,486,27,1,development
353,174,52,3,buffer
543,56,80,2,development
237,22,30,3,development
310,222,43,1,test
319,231,43,1,test
293,40,40,3,development
604,71,91,2,development
216,340,35,1,buffer
380,513,57,3,development
609,83,91,2,development
623,288,94,1,test
344,453,56,5,development
82,341,15,5,buffer
606,144,92,2,buffer
72,373,15,1,buffer
593,224,83,1,test
214,582,38,6,development
126,4,10,2,development
523,340,75,5,buffer
412,343,65,1,buffer
514,128,71,1,development
140,388,25,5,buffer
618,267,93,3,test
458,442,66,4,development
630,207,93,1,test
180,244,23,5,test
333,248,43,1,test
581,393,85,4,buffer
381,309,54,4,test
442,163,62,1,buffer
168,14,20,3,development
649,12,90,2,development
512,80,71,2,development
635,186,92,2,buffer
176,110,21,3,development
134,615,29,4,development
316,509,47,4,development
138,162,22,3,buffer
326,145,42,1,buffer
196,426,26,1,development
477,609,79,4,development
439,280,64,1,test
349,293,54,3,test
478,506,77,5,development
612,291,94,1,test
562,606,89,5,development
591,193,82,1,buffer
228,191,32,3,buffer
345,48,50,1,development
194,466,26,1,development
435,212,63,1,test
545,105,81,2,development
543,372,85,4,buffer
351,436,56,5,development
43,390,5,3,buffer
212,441,36,1,development
616,133,91,2,development
95,361,15,4,buffer
56,311,4,3,test
592,507,87,3,development
591,122,81,2,development
211,99,31,3,development
9,223,3,3,test
113,94,11,3,development
189,276,24,5,test
563,386,85,4,buffer
652,338,95,4,buffer
396,209,53,3,test
642,20,90,2,development
523,406,76,5,development
52,436,6,3,development
406,375,65,3,buffer
359,542,58,4,development
173,284,24,5,test
430,155,62,1,buffer
593,573,88,1,development
608,142,92,2,buffer
92,262,13,3,test
533,69,71,2,development
168,499,27,6,development
308,388,45,4,buffer
492,402,76,5,development
608,9,90,2,development
327,188,42,1,buffer
151,285,24,5,test
123,131,11,1,development
613,535,97,1,development
441,139,62,1,buffer
565,123,81,2,development
550,60,80,2,development
469,261,73,3,test
471,174,72,1,buffer
85,331,14,5,test
162,376,25,5,buffer
476,302,74,3,test
72,484,17,5,development
343,34,50,1,development
90,302,14,3,test
336,147,52,1,buffer
505,71,71,2,development
402,321,64,4,test
74,508,17,5,development
577,597,88,3,development
589,519,87,1,development
432,500,67,4,development
446,260,63,4,test
366,154,52,1,buffer
301,455,46,4,development
561,397,85,4,buffer
166,411,26,5,development
207,490,37,4,development
449,459,66,4,development
569,240,83,5,test
631,510,97,1,development
202,290,34,1,test
184,248,23,2,test
65,334,4,2,test
519,232,73,5,test
492,610,79,4,development
89,558,18,5,development
181,254,23,4,test
225,586,38,6,development
427,453,66,5,development
307,366,45,4,buffer
638,588,98,3,development
627,538,98,1,development
549,66,80,2,development
588,544,88,3,development
488,615,79,4,development
28,92,1,3,development
202,439,36,1,development
430,587,68,4,development
498,559,78,4,development
60,584,8,4,development
575,30,80,2,development
331,186,42,1,buffer
441,526,67,4,development
84,158,12,3,buffer
113,590,18,4,development
624,100,91,2,development
273,402,46,4,development
333,186,42,1,buffer
275,439,46,4,development
546,61,80,2,development
280,392,45,1,buffer
91,123,11,1,development
201,153,32,1,buffer
262,559,38,3,development
494,294,74,4,test
578,349,85,4,buffer
53,52,0,3,development
291,542,48,4,development
309,472,47,5,development
604,284,94,1,test
207,81,31,3,development
587,553,88,1,development
391,90,51,1,development
572,219,83,4,test
8,293,4,3,test
133,223,13,5,test
293,4,40,4,development
141,381,25,5,buffer
565,567,88,1,development
514,436,76,4,development
29,486,7,1,development
617,122,91,2,development
274,247,43,4,test
412,342,65,1,buffer
553,108,81,2,development
352,418,56,4,development
14,592,8,4,development
504,493,77,4,development
361,189,52,1,buffer
360,110,51,3,development
354,391,55,5,buffer
449,286,64,4,test
153,363,25,5,buffer
171,266,23,2,test
45,550,8,5,development
454,351,65,1,buffer
650,98,91,2,development
118,350,15,5,buffer
605,446,96,4,development
551,69,81,2,development
90,5,10,2,development
186,7,20,3,development
2,145,2,1,buffer
245,122,31,3,development
176,132,21,1,development
60,484,7,5,development
315,540,48,5,development
499,530,77,4,development
105,258,13,2,test
118,138,12,3,buffer
46,608,9,5,development
32,38,0,3,development
556,112,81,2,development
605,580,98,1,development
128,397,15,5,buffer
569,366,85,4,buffer
522,416,76,4,development
301,110,41,3,development
455,212,63,1,test
135,464,26,5,development
163,485,27,1,development
138,255,23,5,test
504,56,70,3,development
293,320,44,4,test
200,170,22,1,buffer
19,519,7,5,development
495,5,70,3,development
634,248,93,1,test
106,381,15,4,buffer
210,363,35,4,buffer
270,149,42,1,buffer
235,120,31,1,development
74,466,16,5,development
218,586,38,6,development
72,529,17,4,development
471,576,78,5,development
154,589,28,5,development
76,269,14,3,test
413,166,62,4,buffer
63,595,8,5,development
202,117,31,3,development
119,588,18,4,development
622,97,91,2,development
86,544,18,5,development
293,286,44,1,test
58,136,2,3,buffer
427,592,68,4,development
129,115,11,3,development
171,115,21,3,development
134,386,25,5,buffer
69,33,10,3,development
522,386,75,4,buffer
148,425,26,5,development
93,539,18,5,development
521,61,70,3,development
627,137,92,2,buffer
278,384,45,1,buffer
202,571,38,6,development
557,140,82,2,buffer
33,338,5,2,buffer
430,286,64,1,test
610,109,91,2,development
157,135,22,3,buffer
543,259,83,4,test
263,26,30,3,development
445,374,65,5,buffer
649,204,93,1,test
376,516,57,1,development
505,40,70,3,development
615,114,91,2,development
230,224,33,3,test
199,228,23,2,test
270,136,42,3,buffer
121,368,15,4,buffer
512,41,70,1,development
118,246,13,2,test
621,508,97,3,development
604,480,97,2,development
648,36,90,2,development
116,252,13,2,test
225,589,38,6,development
367,437,56,4,development
347,377,55,5,buffer
220,255,33,2,test
578,87,81,1,development
393,187,52,3,buffer
459,180,62,1,buffer
434,472,67,5,development
137,389,25,5,buffer
130,367,15,5,buffer
547,152,82,1,buffer
541,347,85,4,buffer
344,21,50,1,development
533,295,74,4,test
64,33,0,3,development
301,289,44,4,test
63,379,5,3,buffer
156,457,26,5,development
632,438,96,2,development
616,511,97,1,development
382,325,54,4,test
554,115,81,2,development
419,576,68,4,development
320,384,45,4,buffer
511,375,75,5,buffer
545,193,82,2,buffer
608,126,91,2,development
516,142,72,2,buffer
576,561,88,1,development
504,146,72,1,buffer
394,38,50,1,development
372,357,55,5,buffer
24,18,0,3,development
435,21,60,1,development
541,249,83,4,test
102,340,15,4,buffer
164,497,27,6,development
367,199,52,3,buffer
204,14,30,1,development
428,440,66,5,development
471,526,77,5,development
555,49,80,2,development
648,218,93,1,test
610,116,91,2,development
283,382,45,4,buffer
142,541,28,5,development
495,240,73,4,test
451,353,65,1,buffer
163,436,26,5,development
594,366,85,4,buffer
348,423,56,5,development
159,463,26,5,development
61,341,5,2,buffer
302,462,46,4,development
16,569,8,5,development
370,414,56,5,development
355,559,58,5,development
215,518,37,6,development
545,36,80,2,development
510,195,72,5,buffer
195,510,27,6,development
488,214,73,4,test
117,13,10,2,development
404,282,64,3,test
544,45,80,2,development
591,106,81,2,development
597,248,83,3,test
354,402,56,5,development
118,17,10,2,development
209,588,38,6,development
354,197,52,1,buffer
314,226,43,1,test
498,293,74,4,test
513,78,71,2,development
490,593,78,4,development
463,403,66,4,development
651,204,93,1,test
29,359,5,3,buffer
76,342,15,2,buffer
558,600,88,5,development
618,137,92,2,buffer
499,431,76,4,development
153,297,24,4,test
11,264,3,3,test
228,598,38,6,development
309,175,42,1,buffer
324,230,43,1,test
102,247,13,3,test
130,332,14,5,test
66,201,3,3,test
137,367,25,5,buffer
199,612,29,3,development
566,42,80,2,development
157,101,21,3,development
574,493,87,5,development
162,221,23,5,test
529,71,71,2,development
625,430,96,2,development
78,604,19,5,development
125,85,11,3,development
611,127,91,2,development
574,148,82,2,buffer
49,111,1,3,development
454,123,61,1,development
72,323,14,4,test
454,315,64,3,test
570,48,80,2,development
89,407,16,2,development
277,410,46,1,development
503,396,75,5,buffer
111,586,18,4,development
378,365,55,5,buffer
104,258,13,2,test
362,79,51,5,development
76,203,13,3,test
91,365,15,4,buffer
66,364,5,3,buffer
119,36,10,5,development
570,74,81,2,development
33,613,9,5,development
315,383,45,4,buffer
201,327,34,4,test
377,560,58,4,development
274,122,41,1,development
142,285,24,5,test
551,143,82,2,buffer
320,15,40,1,development
119,162,12,3,buffer
48,421,6,3,development
84,8,10,3,development
348,415,56,5,development
341,425,56,5,development
510,303,74,4,test
418,493,67,4,development
491,461,76,4,development
548,362,85,4,buffer
159,386,25,5,buffer
458,257,63,3,test
609,52,90,3,development
627,425,96,2,development
337,394,55,5,buffer
444,605,69,5,development
487,214,73,4,test
351,113,51,1,development
260,518,37,5,development
620,206,93,1,test
616,164,92,2,buffer
549,212,83,5,test
225,391,35,5,buffer
186,317,24,5,test
217,99,31,3,development
380,615,59,4,development
507,237,73,5,test
127,250,13,2,test
49,592,8,3,development
604,526,97,1,development
338,1,50,1,development
151,512,27,6,development
145,142,22,2,buffer
165,299,24,5,test
545,14,80,1,development
444,184,62,3,buffer
497,234,73,5,test
592,108,81,2,development
274,39,40,3,development
575,331,84,4,test
324,297,44,1,test
39,383,5,4,buffer
32,340,5,2,buffer
182,243,23,2,test
547,517,87,3,development
469,454,76,4,development
293,401,45,1,buffer
5,315,4,3,test
591,23,80,2,development
199,220,23,2,test
525,527,77,5,development
75,345,15,2,buffer
216,461,36,1,development
312,236,43,1,test
551,347,85,4,buffer
462,305,64,3,test
601,548,88,1,development
214,472,37,1,development
574,83,81,2,development
618,152,92,2,buffer
479,190,72,1,buffer
74,606,19,5,development
142,187,22,3,buffer
553,483,87,1,development
435,300,64,1,test
414,101,61,3,development
301,273,44,3,test
75,398,15,4,buffer
6,422,6,3,development
21,348,5,2,buffer
510,225,73,5,test
196,509,27,6,development
300,234,43,3,test
280,407,46,4,development
606,355,95,4,buffer
205,254,33,2,test
435,301,64,1,test
612,413,96,1,development
382,519,57,4,development
591,24,80,2,development
581,505,87,1,development
517,257,73,5,test
174,464,26,3,development
75,269,14,3,test
348,192,52,4,buffer
194,284,24,5,test
356,22,50,1,development
17,255,3,3,test
598,8,80,2,development
78,497,17,5,development
176,247,23,4,test
246,433,36,1,development
82,531,17,5,development
577,586,88,1,development
512,174,72,5,buffer
198,188,22,1,buffer
101,460,16,4,development
550,205,83,2,test
507,72,71,2,development
375,314,54,5,test
585,138,82,5,buffer
240,239,33,4,test
14,314,4,2,test
311,611,49,4,development
653,205,93,1,test
439,193,62,1,buffer
578,277,84,4,test
320,19,40,1,development
625,312,94,5,test
653,195,92,1,buffer
220,173,32,1,buffer
233,587,38,2,development
355,198,52,1,buffer
67,359,15,3,buffer
565,431,86,5,development
562,170,82,1,buffer
618,136,92,2,buffer
596,75,81,2,development
391,331,54,4,test
165,384,25,5,buffer
293,91,41,3,development
378,201,53,3,test
370,28,50,1,development
160,432,26,5,development
379,331,54,4,test
9,329,4,3,test
464,570,68,5,development
245,165,32,1,buffer
497,302,74,4,test
212,576,38,6,development
514,402,76,5,development
489,125,71,1,development
166,496,27,6,development
281,160,42,4,buffer
10,179,2,3,buffer
166,241,23,5,test
612,126,91,2,development
248,5,30,4,development
212,458,36,1,development
185,294,24,5,test
14,328,4,1,test
569,117,81,2,development
550,51,80,2,development
320,239,43,3,test
593,588,88,1,development
379,469,57,4,development
438,512,67,4,development
292,224,43,3,test
552,52,80,2,development
184,473,27,5,development
373,386,55,4,buffer
104,333,14,5,test
447,188,62,1,buffer
131,568,18,5,development
516,127,71,1,development
637,371,95,3,buffer
598,81,81,2,development
216,542,38,6,development
100,197,12,3,buffer
8,600,8,5,development
141,460,26,5,development
212,454,36,1,development
458,516,67,4,development
399,62,50,1,development
162,283,24,2,test
166,453,26,5,development
12,331,4,3,test
211,50,30,1,development
331,173,42,1,buffer
401,53,50,1,development
203,205,33,2,test
395,95,51,1,development
234,473,37,2,development
474,289,74,3,test
138,294,24,5,test
634,162,92,2,buffer
118,615,19,4,development
595,446,86,4,development
285,511,47,4,development
378,426,56,4,development
508,408,76,4,development
608,115,91,2,development
260,561,38,3,development
565,282,84,4,test
205,78,31,1,development
559,83,81,2,development
538,215,83,2,test
75,342,15,2,buffer
561,11,80,3,development
644,264,93,4,test
634,528,97,3,development
566,252,83,5,test
565,60,80,2,development
447,354,65,1,buffer
128,509,17,1,development
134,61,20,3,development
527,71,71,2,development
481,191,72,1,buffer
377,316,54,5,test
136,484,27,5,development
500,168,72,1,buffer
573,529,87,1,development
84,406,16,2,development
149,144,22,2,buffer
65,496,7,5,development
143,251,23,5,test
573,584,88,1,development
650,71,91,2,development
620,186,92,1,buffer
360,24,50,1,development
591,283,84,1,test
193,246,23,2,test
571,82,81,2,development
234,87,31,3,development
215,585,38,6,development
15,178,2,3,buffer
473,246,73,3,test
430,152,62,1,buffer
295,550,48,5,development
61,591,8,5,development
182,142,22,1,buffer
370,223,53,3,test
151,510,27,6,development
312,2,40,1,development
326,137,42,3,buffer
588,276,84,1,test
606,513,97,1,development
434,185,62,1,buffer
111,419,16,4,development
40,379,5,3,buffer
548,504,87,3,development
572,16,80,2,development
173,405,26,5,development
104,554,18,5,development
23,198,2,3,buffer
46,329,4,1,test
79,321,14,5,test
498,590,78,4,development
542,534,87,5,development
562,545,88,3,development
178,404,26,5,development
543,65,80,2,development
426,521,67,4,development
526,328,74,5,test
349,267,53,4,test
360,344,55,5,buffer
469,559,78,5,development
630,578,98,3,development
542,226,83,2,test
33,282,4,1,test
202,9,30,3,development
85,408,16,2,development
39,469,7,4,development
388,112,51,1,development
252,104,31,3,development
608,6,90,2,development
64,341,5,2,buffer
510,226,73,5,test
469,439,76,4,development
293,579,48,4,development
367,156,52,1,buffer
79,555,18,5,development
641,16,90,2,development
515,96,71,2,development
209,573,38,6,development
22,152,2,3,buffer
565,280,84,4,test
578,589,88,1,development
420,0,60,1,development
431,439,66,5,development
209,187,32,3,buffer
527,81,71,2,development
393,307,54,3,test
614,58,90,3,development
146,127,21,2,development
361,372,55,4,buffer
334,174,42,1,buffer
583,421,86,3,development
38,552,8,5,development
219,479,37,5,development
36,66,0,2,development
113,262,13,2,test
344,393,55,5,buffer
134,339,25,5,buffer
607,131,91,2,development
314,152,42,1,buffer
349,8,50,1,development
182,164,22,1,buffer
409,529,67,4,development
501,276,74,5,test
112,385,15,4,buffer
65,535,7,5,development
1,206,3,3,test
117,561,18,4,development
517,474,77,4,development
512,86,71,2,development
121,129,11,1,development
18,163,2,3,buffer
570,100,81,2,development
65,198,2,3,buffer
455,345,65,3,buffer
213,21,30,3,development
68,531,17,5,development
405,284,64,3,test
608,38,90,3,development
26,339,5,2,buffer
205,231,33,2,test
188,339,25,4,buffer
650,458,96,3,development
139,428,26,5,development
162,338,25,5,buffer
617,0,90,2,development
561,479,87,1,development
551,71,81,2,development
634,132,91,2,development
570,93,81,2,development
114,477,17,2,development
355,366,55,5,buffer
94,554,18,5,development
315,554,48,5,development
551,157,82,1,buffer
583,102,81,2,development
566,28,80,2,development
330,188,42,1,buffer
76,212,13,3,test
166,16,20,3,development
633,5,90,2,development
129,268,14,2,test
129,206,13,3,test
202,287,34,1,test
344,534,57,4,development
508,409,76,4,development
144,445,26,5,development
603,82,91,2,development
75,511,17,5,development
598,592,88,1,development
3,497,7,5,development
488,5,70,2,development
646,24,90,2,development
32,108,1,3,development
627,219,93,1,test
151,476,27,1,development
449,200,62,1,buffer
376,512,57,3,development
620,154,92,2,buffer
646,201,93,1,test
484,461,76,4,development
255,119,31,3,development
227,18,30,3,development
618,104,91,2,development
629,128,91,2,development
521,229,73,5,test
334,507,47,1,development
58,271,4,3,test
103,585,18,4,development
8,391,5,3,buffer
627,386,95,3,buffer
638,186,92,1,buffer
508,108,71,1,development
530,388,75,4,buffer
335,33,50,1,development
490,205,73,4,test
388,313,54,4,test
192,235,23,2,test
107,275,14,2,test
211,513,37,6,development
549,95,81,2,development
414,87,61,2,development
236,416,36,1,development
612,578,98,2,development
100,344,15,4,buffer
22,45,0,2,development
121,503,17,5,development
215,548,38,6,development
553,63,80,2,development
545,106,81,2,development
543,317,84,5,test
262,383,35,4,buffer
584,166,82,2,buffer
645,204,93,1,test
364,513,57,3,development
1,387,5,3,buffer
393,41,50,1,development
542,50,80,2,development
57,533,7,5,development
19,436,6,3,development
592,247,83,4,test
533,40,70,2,development
126,419,16,5,development
514,420,76,4,development
610,139,92,2,buffer
213,546,38,6,development
464,492,67,5,development
621,121,91,2,development
248,463,36,2,development
129,474,17,5,development
212,199,32,3,buffer
575,203,83,5,test
561,88,81,2,development
387,477,57,4,development
430,536,68,3,development
499,437,76,4,development
329,37,40,1,development
3,525,7,5,development
431,461,66,5,development
297,26,40,4,development
192,193,22,2,buffer
227,74,31,1,development
634,26,90,2,development
1,188,2,3,buffer
550,463,86,1,development
116,249,13,2,test
310,541,48,5,development
243,25,30,1,development
478,43,70,2,development
544,96,81,2,development
608,140,92,2,buffer
207,258,33,3,test
536,274,84,5,test
526,212,73,2,test
609,29,90,5,development
130,320,14,5,test
34,13,0,3,development
566,122,81,2,development
521,84,71,2,development
267,152,32,1,buffer
418,97,61,3,development
142,420,26,5,development
241,81,31,3,development
474,394,75,4,buffer
98,428,16,5,development
632,316,94,3,test
334,151,42,1,buffer
607,221,93,6,test
507,403,76,4,development
589,100,81,2,development
27,451,6,3,development
167,133,21,3,development
119,311,14,4,test
262,240,33,3,test
74,497,17,5,development
538,216,83,2,test
109,498,17,5,development
615,101,91,2,development
451,359,65,4,buffer
619,364,95,4,buffer
554,74,81,2,development
497,207,73,4,test
108,198,12,6,buffer
548,101,81,2,development
159,357,25,5,buffer
630,351,95,2,buffer
454,464,66,4,development
184,247,23,2,test
543,46,80,2,development
481,196,72,1,buffer
600,79,81,2,development
137,292,24,5,test
21,143,2,3,buffer
630,113,91,2,development
12,516,7,5,development
191,379,25,4,buffer
602,315,84,5,test
2,144,2,1,buffer
46,83,1,2,development
311,231,43,1,test
579,588,88,1,development
282,270,44,3,test
583,563,88,1,development
369,317,54,5,test
436,364,65,3,buffer
170,267,23,2,test
455,353,65,4,buffer
155,332,24,5,test
167,12,20,3,development
332,151,42,1,buffer
539,41,80,2,development
114,218,13,1,test
321,62,40,2,development
360,361,55,5,buffer
435,515,67,3,development
547,42,80,2,development
279,535,47,4,development
201,514,37,4,development
191,340,25,4,buffer
318,443,46,5,development
312,521,47,3,development
261,78,31,3,development
315,250,43,3,test
500,408,76,5,development
574,106,81,2,development
248,475,37,1,development
447,241,63,3,test
147,461,26,5,development
501,433,76,4,development
328,594,48,4,development
7,519,7,5,development
445,480,67,4,development
23,9,0,3,development
108,253,13,2,test
379,287,54,5,test
366,93,51,3,development
185,144,22,3,buffer
204,577,38,6,development
267,202,33,3,test
217,587,38,6,development
34,152,2,3,buffer
588,87,81,2,development
558,149,82,2,buffer
145,342,25,5,buffer
71,150,12,3,buffer
412,431,66,5,development
209,593,38,6,development
131,341,15,5,buffer
188,208,23,2,test
573,96,81,2,development
411,520,67,4,development
40,449,6,2,development
564,552,88,3,development
115,520,17,5,development
532,169,72,4,buffer
210,281,34,3,test
162,462,26,5,development
417,584,68,4,development
413,232,63,5,test
19,16,0,3,development
443,150,62,1,buffer
575,0,80,2,development
83,338,15,5,buffer
584,494,87,3,development
545,104,81,2,development
440,307,64,1,test
197,248,23,2,test
574,344,85,4,buffer
365,603,59,4,development
238,360,35,3,buffer
354,33,50,4,development
383,353,55,4,buffer
502,260,73,4,test
135,4,20,2,development
499,169,72,1,buffer
17,555,8,5,development
206,579,38,6,development
356,11,50,1,development
187,224,23,2,test
74,340,15,2,buffer
98,63,10,1,development
504,232,73,5,test
507,468,76,4,development
127,611,19,4,development
646,325,94,4,test
580,565,88,1,development
134,138,22,1,buffer
616,67,91,3,development
363,407,56,5,development
529,239,73,5,test
542,393,85,4,buffer
562,117,81,2,development
308,608,49,4,development
613,139,92,2,buffer
607,150,92,2,buffer
338,247,53,1,test
571,85,81,2,development
615,280,94,2,test
376,37,50,1,development
293,63,40,3,development
349,572,58,5,development
507,116,71,1,development
513,492,77,4,development
157,155,22,2,buffer
620,107,91,2,development
434,208,63,1,test
62,336,5,2,buffer
262,423,36,1,development
602,519,87,1,development
116,525,17,5,development
621,223,93,1,test
550,443,86,3,development
139,38,20,3,development
199,31,20,3,development
644,15,90,2,development
210,598,38,6,development
202,50,30,3,development
607,161,92,2,buffer
363,312,54,5,test
204,432,36,1,development
161,31,20,3,development
497,100,71,2,development
536,334,84,4,test
621,606,99,3,development
108,331,14,5,test
232,20,30,3,development
541,480,87,1,development
342,409,56,5,development
257,199,32,1,buffer
632,291,94,3,test
337,371,55,5,buffer
373,389,55,4,buffer
172,191,22,4,buffer
423,469,67,5,development
581,71,81,2,development
220,583,38,6,development
5,251,3,3,test
201,236,33,2,test
55,239,3,3,test
114,253,13,2,test
208,451,36,1,development
540,42,80,2,development
305,251,43,3,test
563,597,88,5,development
324,440,46,4,development
111,478,17,2,development
88,215,13,6,test
526,401,75,4,buffer
299,387,45,4,buffer
278,380,45,1,buffer
401,605,59,5,development
56,615,9,5,development
19,342,5,2,buffer
450,484,67,4,development
614,109,91,2,development
6,313,4,1,test
77,477,17,5,development
224,46,30,3,development
114,487,17,5,development
365,191,52,1,buffer
460,179,62,1,buffer
389,465,56,4,development
374,55,50,1,development
633,130,91,2,development
376,358,55,5,buffer
551,241,83,4,test
37,194,2,3,buffer
392,578,58,4,development
626,217,93,1,test
507,393,75,5,buffer
627,322,94,5,test
276,5,40,4,development
484,402,76,5,development
404,465,66,5,development
540,65,80,2,development
514,393,75,5,buffer
118,36,10,5,development
247,465,36,2,development
295,101,41,3,development
228,172,32,3,buffer
426,270,64,3,test
466,101,61,1,development
108,313,14,4,test
549,33,80,2,development
376,58,50,1,development
508,390,75,5,buffer
29,538,8,5,development
135,304,24,5,test
32,386,5,3,buffer
410,271,64,5,test
308,470,47,5,development
607,498,97,3,development
27,491,7,1,development
152,377,25,5,buffer
318,233,43,1,test
562,418,86,4,development
133,481,17,5,development
367,221,53,3,test
323,328,44,4,test
84,461,16,5,development
173,308,24,5,test
632,478,97,2,development
158,193,22,1,buffer
386,537,58,4,development
456,37,60,3,development
312,390,45,4,buffer
387,346,55,1,buffer
227,161,32,3,buffer
54,191,2,3,buffer
145,23,20,3,development
276,118,41,1,development
289,74,41,1,development
89,99,11,3,development
92,239,13,3,test
178,280,24,5,test
535,298,74,4,test
235,575,38,3,development
296,169,42,1,buffer
177,444,26,1,development
613,25,90,5,development
35,78,1,3,development
39,128,1,3,development
597,143,82,2,buffer
229,594,38,6,development
281,311,44,3,test
65,5,0,3,development
127,287,14,5,test
577,374,85,4,buffer
273,604,49,4,development
42,509,7,5,development
283,426,46,4,development
243,190,32,1,buffer
315,215,43,3,test
320,440,46,5,development
138,478,27,5,development
420,453,66,5,development
216,583,38,6,development
530,210,73,2,test
421,65,60,1,development
210,404,36,2,development
69,544,18,5,development
70,211,13,1,test
190,581,28,6,development
242,64,30,1,development
592,195,82,1,buffer
157,428,26,5,development
347,371,55,5,buffer
620,136,92,2,buffer
652,542,98,3,development
608,562,98,1,development
323,556,48,5,development
606,323,94,4,test
92,37,10,3,development
634,24,90,2,development
581,82,81,5,development
619,583,98,3,development
555,114,81,2,development
140,146,22,1,buffer
171,99,21,3,development
341,434,56,5,development
429,560,68,4,development
577,240,83,5,test
478,377,75,3,buffer
13,308,4,2,test
23,32,0,3,development
327,65,40,2,development
590,30,80,2,development
116,515,17,5,development
578,610,89,5,development
349,423,56,5,development
74,254,13,3,test
509,517,77,4,development
279,360,45,1,buffer
354,480,57,4,development
178,81,21,3,development
261,15,30,3,development
444,377,65,5,buffer
106,259,13,2,test
397,398,55,3,buffer
632,77,91,3,development
501,604,79,4,development
244,455,36,2,development
108,262,13,2,test
610,11,90,2,development
621,131,91,2,development
584,605,89,5,development
327,234,43,1,test
509,132,71,1,development
196,248,23,2,test
524,146,72,1,buffer
20,517,7,5,development
7,113,1,3,development
649,198,92,1,buffer
16,344,5,2,buffer
299,5,40,4,development
504,117,71,1,development
507,476,77,4,development
653,38,90,2,development
544,61,80,2,development
605,40,90,5,development
292,398,45,1,buffer
611,129,91,2,development
381,534,57,4,development
164,452,26,5,development
182,239,23,2,test
279,44,40,4,development
429,153,62,1,buffer
161,486,27,3,development
47,51,0,3,development
547,35,80,2,development
191,0,20,3,development
613,90,91,2,development
566,174,82,1,buffer
382,530,57,4,development
21,362,5,4,buffer
167,500,27,6,development
46,556,8,5,development
637,376,95,3,buffer
66,216,3,3,test
251,265,33,4,test
159,431,26,5,development
58,133,1,3,development
602,152,82,2,buffer
28,516,7,5,development
583,270,84,1,test
619,141,92,2,buffer
129,463,16,5,development
461,455,66,4,development
585,367,85,4,buffer
441,404,66,5,development
597,513,87,3,development
210,571,38,6,development
319,103,41,3,development
602,144,82,2,buffer
465,98,61,1,development
14,553,8,5,development
456,204,63,1,test
157,162,22,1,buffer
567,158,82,2,buffer
515,481,77,4,development
279,156,42,4,buffer
118,32,10,5,development
489,290,74,4,test
135,206,23,1,test
617,550,98,1,development
274,382,45,3,buffer
101,261,13,2,test
462,370,65,5,buffer
457,21,60,3,development
146,176,22,3,buffer
347,529,57,4,development
654,438,96,1,development
537,167,82,4,buffer
331,321,44,5,test
265,416,36,1,development
368,361,55,5,buffer
597,312,84,4,test
103,180,12,3,buffer
120,244,13,2,test
404,256,63,4,test
366,104,51,3,development
526,243,73,5,test
482,344,75,4,buffer
188,406,26,5,development
587,538,88,1,development
389,11,50,1,development
92,424,16,5,development
106,399,15,5,buffer
448,354,65,1,buffer
153,463,26,5,development
480,195,72,1,buffer
379,437,56,4,development
281,393,45,1,buffer
543,285,84,2,test
648,10,90,2,development
406,474,67,4,development
50,415,6,3,development
634,381,95,4,buffer
297,82,41,3,development
447,205,63,1,test
160,429,26,5,development
152,161,22,3,buffer
123,20,10,2,development
409,403,66,4,development
133,353,15,5,buffer
499,208,73,5,test
218,496,37,5,development
209,293,34,1,test
554,253,83,4,test
58,384,5,3,buffer
551,304,84,4,test
613,215,93,1,test
373,611,59,4,development
316,578,48,4,development
630,133,91,2,development
551,48,80,2,development
603,254,93,3,test
560,327,84,4,test
470,258,73,3,test
456,510,67,4,development
600,96,81,2,development
368,455,56,4,development
277,158,42,4,buffer
371,341,55,4,buffer
630,111,91,2,development
405,614,69,4,development
568,369,85,4,buffer
166,429,26,5,development
549,250,83,4,test
581,27,80,2,development
63,321,4,5,test
50,493,7,1,development
641,22,90,2,development
588,93,81,2,development
25,540,8,5,development
395,40,50,1,development
614,27,90,5,development
179,9,20,3,development
481,190,72,1,buffer
353,419,56,5,development
318,155,42,1,buffer
149,219,23,1,test
268,579,48,4,development
243,413,36,3,development
101,508,17,3,development
133,371,15,5,buffer
631,351,95,2,buffer
277,435,46,4,development
142,574,28,4,development
82,404,16,2,development
381,530,57,4,development
139,457,26,5,development
619,296,94,4,test
346,178,52,4,buffer
1,443,6,3,development
110,264,13,2,test
354,156,52,4,buffer
152,199,22,3,buffer
13,498,7,5,development
158,62,20,3,development
553,78,81,2,development
184,244,23,2,test
124,83,11,3,development
555,584,88,5,development
486,229,73,4,test
518,122,71,1,development
576,5,80,2,development
107,7,10,5,development
270,492,47,5,development
323,326,44,4,test
93,527,17,1,development
510,469,77,4,development
128,306,14,5,test
194,570,28,3,development
224,586,38,6,development
84,0,10,3,development
358,19,50,1,development
137,135,22,1,buffer
26,239,3,3,test
637,20,90,2,development
110,427,16,4,development
23,511,7,4,development
155,170,22,3,buffer
610,144,92,2,buffer
445,402,66,4,development
67,295,14,3,test
128,384,15,5,buffer
106,419,16,5,development
36,162,2,3,buffer
39,375,5,3,buffer
248,4,30,4,development
619,113,91,2,development
543,238,83,5,test
547,56,80,2,development
641,599,98,3,development
111,10,10,5,development
295,481,47,4,development
50,30,0,3,development
56,359,5,3,buffer
554,42,80,2,development
15,157,2,3,buffer
16,120,1,3,development
410,280,64,3,test
404,295,64,5,test
587,508,87,1,development
13,59,0,3,development
373,550,58,3,development
154,590,28,5,development
356,159,52,3,buffer
142,295,24,5,test
507,162,72,1,buffer
645,17,90,2,development
164,160,22,2,buffer
523,358,75,5,buffer
311,80,41,1,development
636,48,90,1,development
497,555,78,4,development
315,424,46,4,development
266,611,39,4,development
627,427,96,2,development
431,150,62,1,buffer
219,13,30,3,development
244,460,36,2,development
385,346,55,1,buffer
361,417,56,5,development
426,153,62,1,buffer
156,432,26,5,development
557,312,84,4,test
227,602,38,4,development
329,11,40,1,development
8,108,1,3,development
103,441,16,3,development
181,242,23,2,test
331,115,41,3,development
14,572,8,5,development
571,72,81,2,development
476,326,74,4,test
211,517,37,6,development
93,384,15,4,buffer
591,38,80,2,development
626,130,91,2,development
359,506,57,4,development
150,513,27,6,development
480,324,74,4,test
173,98,21,3,development
616,521,97,1,development
68,333,14,2,test
608,231,93,6,test
355,74,51,3,development
208,150,32,3,buffer
114,139,12,3,buffer
346,353,55,5,buffer
168,318,24,5,test
301,609,49,4,development
44,535,7,5,development
603,594,98,2,development
207,406,36,2,development
626,615,99,1,development
460,15,60,3,development
537,217,83,2,test
27,536,8,5,development
275,67,41,3,development
629,177,92,1,buffer
315,15,40,1,development
83,451,16,5,development
185,253,23,2,test
356,381,55,5,buffer
604,232,93,6,test
116,130,11,1,development
501,20,70,1,development
307,154,42,1,buffer
642,225,93,1,test
120,12,10,2,development
266,302,34,4,test
589,85,81,2,development
11,447,6,3,development
143,614,29,4,development
524,79,71,2,development
418,575,68,4,development
514,94,71,2,development
378,239,53,3,test
620,148,92,2,buffer
472,601,78,4,development
211,248,33,2,test
101,270,14,2,test
50,133,1,3,development
587,277,84,1,test
595,379,85,4,buffer
466,16,60,1,development
391,318,54,4,test
203,575,38,6,development
185,46,20,3,development
428,317,64,1,test
596,60,80,2,development
304,174,42,1,buffer
107,33,10,5,development
551,68,81,2,development
270,438,46,4,development
128,165,12,3,buffer
45,426,6,3,development
370,456,56,4,development
476,256,73,3,test
129,333,14,5,test
527,265,73,4,test
308,321,44,3,test
140,41,20,1,development
545,338,85,4,buffer
634,211,93,1,test
4,278,4,1,test
19,44,0,2,development
408,522,67,4,development
176,2,20,3,development
233,484,37,1,development
345,172,52,1,buffer
464,534,67,5,development
378,400,55,4,buffer
73,174,12,3,buffer
239,228,33,3,test
609,148,92,2,buffer
380,340,55,4,buffer
139,235,23,1,test
303,176,42,1,buffer
145,418,26,5,development
192,344,25,5,buffer
59,571,8,5,development
233,415,36,1,development
503,613,79,4,development
188,22,20,3,development
70,312,14,5,test
205,82,31,1,development
245,164,32,1,buffer
627,125,91,2,development
192,403,26,2,development
459,124,61,1,development
247,568,38,5,development
230,353,35,3,buffer
159,479,27,3,development
502,90,71,2,development
640,384,95,3,buffer
441,513,67,4,development
600,385,85,4,buffer
540,204,83,2,test
399,505,57,4,development
628,282,94,1,test
187,273,24,5,test
173,48,20,3,development
289,65,40,3,development
600,0,80,2,development
589,124,81,2,development
419,333,64,1,test
646,467,96,2,development
209,584,38,6,development
548,510,87,1,development
300,507,47,4,development
518,376,75,5,buffer
173,181,22,1,buffer
210,570,38,6,development
197,422,26,1,development
52,376,5,1,buffer
604,513,97,1,development
137,290,24,5,test
18,40,0,2,development
213,549,38,6,development
408,483,67,4,development
114,503,17,5,development
566,143,82,1,buffer
181,233,23,2,test
277,166,42,3,buffer
375,300,54,4,test
525,231,73,5,test
221,585,38,6,development
612,86,91,2,development
581,509,87,1,development
603,231,93,6,test
554,62,80,2,development
324,157,42,4,buffer
85,388,15,4,buffer
293,167,42,1,buffer
437,471,67,4,development
38,277,4,1,test
190,176,22,1,buffer
136,369,25,5,buffer
586,245,83,1,test
590,111,81,2,development
625,127,91,2,development
71,336,15,2,buffer
152,380,25,5,buffer
64,214,3,3,test
167,494,27,6,development
60,211,3,3,test
553,64,80,2,development
591,562,88,1,development
554,56,80,2,development
531,400,75,4,buffer
168,360,25,5,buffer
347,419,56,5,development
81,273,14,3,test
371,214,53,1,test
602,159,82,2,buffer
643,14,90,2,development
598,89,81,2,development
174,44,20,3,development
601,537,88,2,development
56,248,3,3,test
629,111,91,2,development
444,192,62,1,buffer
356,505,57,4,development
581,175,82,2,buffer
70,335,15,2,buffer
73,502,17,5,development
128,355,15,5,buffer
313,10,40,1,development
530,291,74,4,test
116,246,13,2,test
443,243,63,3,test
305,155,42,1,buffer
595,46,80,2,development
613,136,92,2,buffer
614,342,95,4,buffer
592,76,81,2,development
16,179,2,3,buffer
624,341,95,4,buffer
519,174,72,5,buffer
316,368,45,4,buffer
505,217,73,5,test
152,416,26,5,development
207,199,32,3,buffer
52,389,5,1,buffer
460,450,66,4,development
404,556,68,4,development
51,522,7,5,development
497,143,72,1,buffer
409,236,63,3,test
441,300,64,4,test
117,184,12,3,buffer
167,317,24,5,test
471,14,70,2,development
388,484,57,4,development
211,581,38,6,development
21,550,8,5,development
425,128,61,1,development
592,125,81,2,development
608,219,93,6,test
211,49,30,1,development
502,450,76,4,development
480,427,76,4,development
198,470,27,1,development
190,59,20,3,development
647,36,90,2,development
307,603,49,4,development
566,66,80,2,development
349,245,53,3,test
513,497,77,4,development
482,187,72,1,buffer
426,478,67,4,development
407,267,63,5,test
528,499,77,3,development
652,88,91,2,development
377,271,54,5,test
2,568,8,5,development
204,125,31,3,development
554,513,87,4,development
617,376,95,4,buffer
93,540,18,5,development
381,266,53,5,test
382,25,50,1,development
166,212,23,4,test
295,130,41,1,development
647,210,93,1,test
124,7,10,2,development
115,75,11,3,development
403,40,60,1,development
513,341,75,5,buffer
17,562,8,5,development
593,59,80,2,development
131,303,14,5,test
45,340,5,1,buffer
375,598,58,4,development
279,28,40,3,development
134,555,28,5,development
497,98,71,2,development
335,120,51,3,development
422,206,63,3,test
72,211,13,1,test
429,511,67,4,development
93,350,15,4,buffer
609,134,92,2,buffer
601,203,83,1,test
588,56,80,5,development
586,104,81,2,development
525,67,71,2,development
574,602,88,5,development
277,362,45,4,buffer
134,579,28,5,development
31,529,7,5,development
89,432,16,3,development
410,578,68,4,development
309,74,41,3,development
452,213,63,1,test
293,8,40,4,development
13,422,6,3,development
94,587,18,4,development
603,225,93,6,test
184,79,21,1,development
605,293,94,2,test
286,482,47,4,development
310,451,46,5,development
433,182,62,1,buffer
210,597,38,6,development
549,62,80,2,development
545,41,80,2,development
301,549,48,2,development
360,377,55,4,buffer
216,475,37,5,development
237,541,38,5,development
127,500,17,5,development
88,125,11,1,development
376,212,53,1,test
634,110,91,2,development
117,3,10,2,development
387,332,54,4,test
433,180,62,1,buffer
341,156,52,1,buffer
147,473,27,5,development
33,472,7,1,development
234,296,34,2,test
612,80,91,2,development
414,404,66,4,development
149,263,23,5,test
150,398,25,5,buffer
247,432,36,1,development
291,476,47,4,development
485,586,78,4,development
370,22,50,1,development
318,392,45,4,buffer
32,361,5,4,buffer
238,172,32,1,buffer
238,445,36,5,development
168,436,26,5,development
244,468,36,2,development
189,580,28,6,development
490,165,72,1,buffer
447,31,60,3,development
542,278,84,2,test
138,461,26,5,development
102,347,15,4,buffer
645,305,94,3,test
543,180,82,2,buffer
556,61,80,2,development
523,140,72,2,buffer
534,578,78,4,development
238,291,34,2,test
275,138,42,3,buffer
61,354,5,5,buffer
516,402,76,5,development
371,18,50,1,development
444,482,67,4,development
353,408,56,5,development
113,464,16,1,development
569,89,81,2,development
318,456,46,4,development
428,360,65,3,buffer
356,438,56,5,development
113,29,10,2,development
89,288,14,1,test
166,34,20,3,development
202,262,33,3,test
631,274,94,3,test
625,129,91,2,development
33,551,8,5,development
502,439,76,4,development
424,406,66,4,development
53,475,7,5,development
230,48,30,3,development
584,523,87,3,development
14,517,7,5,development
43,387,5,3,buffer
607,148,92,2,buffer
21,456,6,4,development
332,594,48,5,development
212,446,36,1,development
526,336,75,5,buffer
334,244,43,3,test
64,418,6,4,development
406,552,68,4,development
143,397,25,5,buffer
491,384,75,5,buffer
506,77,71,2,development
170,76,21,3,development
166,355,25,5,buffer
240,247,33,3,test
170,44,20,3,development
508,112,71,1,development
313,127,41,3,development
136,244,23,5,test
437,206,63,1,test
99,475,17,2,development
210,584,38,6,development
647,324,94,4,test
292,337,45,4,buffer
235,18,30,3,development
94,341,15,4,buffer
615,305,94,2,test
545,445,86,4,development
127,406,16,5,development
112,407,16,5,development
464,96,61,1,development
466,589,68,4,development
591,352,85,4,buffer
24,81,1,1,development
72,332,14,2,test
228,128,31,1,development
114,605,19,4,development
219,171,32,1,buffer
145,48,20,3,development
172,444,26,1,development
594,49,80,2,development
89,397,15,2,buffer
342,310,54,4,test
639,173,92,1,buffer
553,471,87,1,development
574,59,80,5,development
637,10,90,2,development
110,145,12,3,buffer
308,308,44,1,test
301,535,47,4,development
622,173,92,2,buffer
596,129,81,5,development
385,502,57,4,development
465,72,61,3,development
261,611,39,4,development
134,571,28,5,development
592,320,84,2,test
607,129,91,2,development
261,215,33,3,test
298,102,41,3,development
99,400,15,5,buffer
89,160,12,1,buffer
613,527,97,1,development
567,66,80,2,development
214,516,37,6,development
292,455,46,4,development
177,9,20,3,development
521,379,75,5,buffer
150,369,25,5,buffer
342,269,54,3,test
194,347,25,5,buffer
128,32,10,3,development
212,573,38,6,development
617,31,90,3,development
54,196,2,3,buffer
262,104,31,3,development
453,609,69,5,development
535,422,76,4,development
20,303,4,1,test
449,315,64,4,test
258,118,31,1,development
441,613,69,4,development
6,393,5,3,buffer
444,418,66,5,development
143,227,23,1,test
649,545,98,2,development
578,194,82,5,buffer
342,373,55,3,buffer
482,288,74,5,test
66,496,7,4,development
497,161,72,4,buffer
621,96,91,2,development
33,340,5,2,buffer
640,17,90,2,development
348,352,55,5,buffer
98,2,10,2,development
278,398,45,1,buffer
328,84,41,3,development
235,592,38,6,development
51,380,5,4,buffer
150,595,28,4,development
567,405,86,4,development
225,297,34,3,test
21,98,1,3,development
575,196,82,5,buffer
99,56,10,5,development
622,465,96,4,development
552,109,81,2,development
609,259,93,3,test
420,443,66,5,development
79,491,17,5,development
192,576,28,3,development
520,199,72,5,buffer
310,377,45,4,buffer
20,220,3,3,test
220,605,39,6,development
472,555,78,5,development
395,453,56,4,development
56,45,0,3,development
197,297,24,3,test
506,490,77,4,development
220,588,38,6,development
532,82,71,2,development
182,288,24,5,test
374,408,56,4,development
437,148,62,1,buffer
534,574,78,4,development
321,432,46,5,development
400,579,58,5,development
63,445,6,1,development
54,426,6,4,development
305,422,46,4,development
480,164,72,1,buffer
101,359,15,4,buffer
210,164,32,1,buffer
347,379,55,5,buffer
87,59,10,1,development
146,335,25,5,buffer
559,400,85,4,buffer
207,117,31,3,development
621,532,97,3,development
600,155,82,2,buffer
486,365,75,4,buffer
130,452,16,5,development
480,323,74,4,test
552,54,80,2,development
21,546,8,5,development
613,130,91,2,development
271,46,40,3,development
63,148,2,3,buffer
75,350,15,5,buffer
204,224,33,2,test
492,405,76,5,development
462,584,68,4,development
68,417,16,1,development
57,13,0,3,development
126,576,18,5,development
368,83,51,1,development
578,391,85,4,buffer
42,2,0,3,development
31,109,1,3,development
513,454,76,5,development
336,167,52,1,buffer
320,91,41,3,development
626,282,94,4,test
372,25,50,1,development
555,122,81,2,development
54,526,7,5,development
109,273,14,2,test
640,359,95,3,buffer
570,379,85,4,buffer
353,374,55,5,buffer
393,394,55,3,buffer
533,193,72,2,buffer
55,125,1,3,development
538,20,80,2,development
511,100,71,1,development
74,80,11,3,development
96,33,10,3,development
615,397,95,4,buffer
404,186,62,3,buffer
455,354,65,4,buffer
646,14,90,2,development
617,473,97,4,development
629,517,97,3,development
191,399,25,2,buffer
235,191,32,1,buffer
453,302,64,4,test
511,342,75,5,buffer
287,412,46,1,development
278,371,45,4,buffer
558,68,81,2,development
419,469,67,5,development
115,162,12,1,buffer
315,345,45,1,buffer
583,596,88,1,development
130,200,12,3,buffer
452,353,65,1,buffer
439,589,68,4,development
87,354,15,4,buffer
180,133,21,1,development
115,10,10,2,development
392,112,51,1,development
165,494,27,6,development
15,505,7,4,development
377,192,52,3,buffer
501,593,78,4,development
61,402,6,3,development
32,141,2,3,buffer
479,425,76,5,development
460,261,63,3,test
578,490,87,4,development
186,260,23,1,test
568,17,80,3,development
266,471,37,4,development
302,154,42,1,buffer
67,412,16,3,development
132,473,17,5,development
417,487,67,4,development
518,162,72,1,buffer
574,61,80,5,development
110,261,13,2,test
297,416,46,4,development
68,340,15,2,buffer
510,203,73,5,test
500,87,71,2,development
530,54,70,3,development
88,328,14,5,test
11,551,8,5,development
522,362,75,5,buffer
452,566,68,3,development
465,375,65,3,buffer
298,115,41,3,development
164,344,25,5,buffer
113,459,16,1,development
604,448,96,4,development
173,17,20,3,development
449,361,65,4,buffer
235,184,32,1,buffer
437,175,62,1,buffer
108,277,14,2,test
189,132,21,3,development
165,172,22,1,buffer
216,543,38,6,development
310,82,41,1,development
226,9,30,3,development
444,139,62,1,buffer
462,34,60,1,development
122,288,14,4,test
164,275,24,5,test
232,184,32,1,buffer
638,275,94,3,test
377,212,53,1,test
136,367,25,5,buffer
365,15,50,1,development
591,107,81,2,development
516,184,72,5,buffer
632,161,92,2,buffer
654,220,93,1,test
583,280,84,1,test
609,601,98,3,development
554,484,87,1,development
584,457,86,3,development
76,345,15,2,buffer
392,293,54,5,test
493,432,76,4,development
208,407,36,2,development
56,501,7,5,development
594,31,80,2,development
363,38,50,1,development
470,588,78,4,development
64,39,0,3,development
546,36,80,2,development
592,20,80,2,development
516,422,76,4,development
364,275,54,2,test
13,206,3,3,test
198,215,23,2,test
384,414,56,4,development
14,309,4,2,test
209,578,38,6,development
551,152,82,2,buffer
515,266,73,5,test
108,264,13,2,test
307,327,44,3,test
7,54,0,3,development
10,595,8,5,development
54,470,7,5,development
292,401,45,1,buffer
103,68,11,3,development
339,119,51,3,development
182,382,25,2,buffer
94,397,15,5,buffer
206,433,36,1,development
155,441,26,5,development
187,410,26,5,development
520,83,71,2,development
27,537,8,5,development
562,68,81,2,development
24,579,8,4,development
417,502,67,4,development
15,568,8,5,development
99,243,13,3,test
464,33,60,1,development
316,148,42,1,buffer
427,607,69,4,development
206,232,33,2,test
316,43,40,4,development
438,338,65,3,buffer
134,214,23,1,test
209,161,32,1,buffer
432,360,65,4,buffer
0,518,7,5,development
398,338,55,5,buffer
519,141,72,2,buffer
189,582,28,6,development
601,520,87,1,development
618,321,94,4,test
294,47,40,3,development
468,569,68,2,development
472,504,77,4,development
614,415,96,2,development
618,7,90,5,development
561,89,81,2,development
454,382,65,4,buffer
224,587,38,6,development
216,587,38,6,development
297,305,44,4,test
183,293,24,5,test
155,142,22,1,buffer
365,10,50,1,development
145,219,23,1,test
496,399,75,5,buffer
252,224,33,3,test
242,584,38,4,development
150,378,25,5,buffer
457,609,69,5,development
578,133,81,2,development
119,353,15,4,buffer
177,279,24,5,test
89,236,13,1,test
100,271,14,2,test
339,533,57,5,development
478,44,70,2,development
71,614,19,4,development
130,464,16,5,development
502,394,75,5,buffer
508,584,78,4,development
641,188,92,1,buffer
70,414,16,1,development
212,246,33,2,test
654,18,90,2,development
134,298,24,5,test
105,13,10,5,development
328,402,46,4,development
559,213,83,2,test
16,472,7,1,development
437,318,64,1,test
383,157,52,3,buffer
306,599,48,4,development
437,174,62,1,buffer
611,233,93,6,test
452,207,63,1,test
231,455,36,4,development
311,373,45,4,buffer
20,500,7,5,development
111,223,13,1,test
343,600,58,5,development
330,21,40,1,development
627,165,92,2,buffer
186,99,21,3,development
598,459,86,4,development
275,89,41,3,development
284,410,46,1,development
67,232,13,3,test
293,98,41,3,development
533,122,71,1,development
537,65,80,2,development
650,500,97,3,development
165,537,28,3,development
140,204,23,1,test
136,388,25,5,buffer
107,174,12,3,buffer
608,109,91,2,development
602,227,83,6,test
360,386,55,5,buffer
424,236,63,3,test
481,347,75,4,buffer
289,254,43,4,test
538,31,80,2,development
549,369,85,4,buffer
639,11,90,2,development
128,268,14,2,test
415,107,61,1,development
103,110,11,2,development
315,597,48,4,development
556,497,87,1,development
224,190,32,3,buffer
349,410,56,5,development
579,180,82,2,buffer
615,371,95,4,buffer
34,392,5,3,buffer
433,440,66,5,development
273,574,48,5,development
5,553,8,5,development
154,595,28,4,development
135,25,20,2,development
453,615,69,4,development
634,28,90,2,development
102,397,15,5,buffer
540,102,81,2,development
297,389,45,4,buffer
559,85,81,2,development
77,213,13,3,test
158,528,27,6,development
161,500,27,6,development
355,111,51,3,development
225,596,38,6,development
140,298,24,5,test
86,65,10,1,development
503,551,78,4,development
624,145,92,2,buffer
88,314,14,5,test
343,328,54,1,test
388,319,54,4,test
502,154,72,1,buffer
159,245,23,5,test
508,393,75,5,buffer
71,156,12,3,buffer
310,512,47,3,development
321,244,43,4,test
506,183,72,5,buffer
589,94,81,2,development
635,576,98,3,development
567,77,81,2,development
644,11,90,2,development
477,187,72,1,buffer
476,539,78,5,development
602,5,80,2,development
125,22,10,2,development
100,71,11,3,development
348,20,50,4,development
617,154,92,2,buffer
350,91,51,3,development
409,60,60,1,development
62,295,4,3,test
542,471,87,1,development
467,497,67,4,development
202,498,37,4,development
437,440,66,5,development
370,110,51,3,development
572,556,88,1,development
238,578,38,3,development
359,470,57,4,development
542,500,87,5,development
230,66,30,3,development
135,336,25,5,buffer
590,3,80,2,development
63,390,5,3,buffer
539,42,80,2,development
550,55,80,2,development
536,75,81,2,development
309,474,47,5,development
22,574,8,5,development
211,14,30,3,development
16,232,3,3,test
509,102,71,1,development
579,150,82,5,buffer
198,100,21,3,development
93,551,18,5,development
517,282,74,5,test
455,31,60,1,development
324,270,44,3,test
139,207,23,1,test
207,488,37,4,development
610,14,90,5,development
156,403,26,5,development
290,394,45,1,buffer
223,168,32,1,buffer
317,430,46,4,development
100,578,18,4,development
496,97,71,1,development
38,333,4,2,test
493,415,76,5,development
122,24,10,2,development
358,249,53,3,test
342,432,56,5,development
455,516,67,4,development
53,137,2,3,buffer
342,508,57,4,development
199,374,25,5,buffer
80,167,12,3,buffer
634,112,91,2,development
236,474,37,2,development
421,213,63,3,test
555,302,84,4,test
141,95,21,3,development
60,459,6,4,development
311,177,42,1,buffer
359,467,56,5,development
146,172,22,3,buffer
600,325,84,4,test
414,57,60,1,development
111,192,12,3,buffer
571,416,86,4,development
174,301,24,5,test
513,221,73,5,test
489,276,74,4,test
236,27,30,1,development
636,109,91,2,development
299,258,43,4,test
96,79,11,3,development
104,21,10,4,development
564,396,85,4,buffer
373,219,53,3,test
394,602,58,4,development
7,510,7,4,development
244,81,31,3,development
364,62,50,4,development
469,348,75,3,buffer
229,231,33,3,test
306,38,40,1,development
572,120,81,2,development
104,612,19,4,development
166,499,27,6,development
51,168,2,3,buffer
316,12,40,1,development
517,234,73,5,test
29,100,1,3,development
46,143,2,3,buffer
435,208,63,1,test
638,288,94,3,test
435,456,66,5,development
279,327,44,1,test
279,230,43,4,test
217,81,31,3,development
303,222,43,3,test
227,55,30,3,development
154,63,20,3,development
302,147,42,1,buffer
104,336,15,5,buffer
156,161,22,1,buffer
389,467,56,4,development
584,579,88,1,development
356,40,50,5,development
80,155,12,2,buffer
126,477,17,5,development
503,565,78,4,development
556,85,81,2,development
600,239,83,1,test
538,72,81,2,development
526,480,77,4,development
148,84,21,1,development
154,542,28,3,development
620,31,90,3,development
503,458,76,4,development
109,546,18,5,development
376,428,56,4,development
493,16,70,2,development
386,574,58,4,development
543,218,83,2,test
69,513,17,5,development
448,353,65,1,buffer
328,33,40,4,development
558,73,81,2,development
405,268,64,5,test
558,88,81,2,development
207,455,36,1,development
301,363,45,4,buffer
97,477,17,1,development
136,218,23,1,test
480,540,78,5,development
42,403,6,3,development
561,258,83,5,test
32,472,7,1,development
360,510,57,4,development
135,373,25,5,buffer
52,55,0,3,development
371,186,52,1,buffer
361,3,50,1,development
451,236,63,4,test
102,356,15,4,buffer
248,354,35,3,buffer
203,2,30,3,development
101,271,14,2,test
275,400,45,4,buffer
209,16,30,3,development
41,536,8,5,development
650,12,90,2,development
244,110,31,1,development
147,554,28,4,development
589,393,85,4,buffer
139,279,24,5,test
359,238,53,3,test
269,340,45,4,buffer
123,372,15,4,buffer
86,538,18,5,development
134,4,20,2,development
533,84,71,2,development
465,236,63,1,test
435,144,62,1,buffer
215,290,34,3,test
409,77,61,1,development
238,446,36,5,development
575,137,82,2,buffer
457,348,65,1,buffer
224,598,38,6,development
326,411,46,5,development
46,50,0,3,development
594,288,84,1,test
622,522,97,3,development
508,234,73,5,test
191,168,22,1,buffer
15,23,0,3,development
493,605,79,4,development
475,418,76,4,development
74,420,16,3,development
463,197,62,1,buffer
551,137,82,2,buffer
464,525,67,5,development
79,212,13,3,test
619,150,92,2,buffer
223,599,38,6,development
394,245,53,5,test
240,357,35,3,buffer
565,249,83,5,test
565,278,84,4,test
412,430,66,5,development
39,340,5,1,buffer
547,441,86,4,development
582,190,82,1,buffer
12,189,2,3,buffer
498,545,78,4,development
235,334,34,3,test
124,407,16,5,development
125,337,15,5,buffer
100,467,16,1,development
59,523,7,5,development
32,518,7,1,development
242,44,30,3,development
540,396,85,4,buffer
479,505,77,5,development
213,581,38,6,development
148,217,23,1,test
561,110,81,2,development
123,355,15,4,buffer
393,84,51,3,development
611,496,97,2,development
186,334,24,4,test
388,346,55,1,buffer
403,493,67,4,development
93,16,10,4,development
258,272,34,1,test
494,391,75,5,buffer
223,110,31,1,development
602,149,82,2,buffer
297,248,43,3,test
435,466,66,5,development
206,321,34,4,test
478,560,78,5,development
496,335,75,4,buffer
594,470,87,4,development
217,73,31,1,development
491,328,74,4,test
278,59,40,3,development
78,259,13,3,test
225,394,35,5,buffer
80,489,17,5,development
455,128,61,1,development
627,148,92,2,buffer
552,57,80,2,development
588,512,87,3,development
380,565,58,4,development
310,574,48,4,development
338,482,57,5,development
187,319,24,5,test
264,533,37,1,development
111,348,15,4,buffer
197,103,21,3,development
226,262,33,2,test
229,474,37,4,development
120,518,17,4,development
60,420,6,4,development
589,32,80,2,development
37,61,0,2,development
308,416,46,4,development
74,494,17,5,development
620,430,96,2,development
132,393,15,5,buffer
86,452,16,5,development
586,7,80,2,development
549,58,80,2,development
151,431,26,5,development
70,254,13,1,test
59,476,7,5,development
161,408,26,5,development
94,183,12,3,buffer
574,143,82,2,buffer
396,96,51,3,development
25,465,6,3,development
652,17,90,2,development
613,119,91,2,development
75,337,15,2,buffer
342,452,56,5,development
604,544,98,1,development
467,100,61,1,development
121,203,13,3,test
616,150,92,2,buffer
230,362,35,3,buffer
519,540,78,4,development
202,227,33,2,test
134,537,28,5,development
621,609,99,3,development
55,1,0,3,development
549,271,84,2,test
129,75,11,3,development
621,554,98,1,development
53,108,1,3,development
630,177,92,1,buffer
179,310,24,5,test
351,53,50,4,development
181,322,24,5,test
237,589,38,6,development
602,1,80,2,development
316,551,48,5,development
547,273,84,2,test
18,34,0,3,development
369,104,51,3,development
340,424,56,5,development
168,55,20,3,development
618,121,91,2,development
178,93,21,3,development
499,171,72,1,buffer
115,41,10,5,development
211,567,38,6,development
75,374,15,1,buffer
430,149,62,1,buffer
177,111,21,3,development
306,295,44,4,test
593,358,85,4,buffer
534,362,75,5,buffer
502,157,72,1,buffer
139,471,27,5,development
497,92,71,2,development
482,234,73,4,test
12,104,1,3,development
459,355,65,5,buffer
164,498,27,6,development
77,248,13,1,test
580,0,80,2,development
377,361,55,5,buffer
598,527,87,1,development
622,206,93,1,test
143,591,28,4,development
611,117,91,2,development
109,259,13,2,test
345,454,56,5,development
537,364,85,5,buffer
145,457,26,5,development
544,86,81,2,development
609,3,90,2,development
518,218,73,4,test
202,153,32,3,buffer
336,149,52,1,buffer
28,379,5,3,buffer
94,6,10,2,development
629,15,90,2,development
65,223,3,3,test
288,184,42,3,buffer
579,239,83,5,test
69,423,16,4,development
165,320,24,5,test
114,238,13,2,test
198,218,23,2,test
54,532,7,5,development
544,90,81,2,development
226,186,32,3,buffer
528,129,71,1,development
203,465,36,1,development
537,130,81,1,development
45,577,8,5,development
11,309,4,1,test
16,564,8,5,development
594,449,86,4,development
97,12,10,5,development
430,402,66,5,development
508,229,73,5,test
504,202,73,5,test
302,256,43,4,test
90,410,16,2,development
81,469,17,2,development
569,581,88,1,development
635,246,93,1,test
543,100,81,2,development
622,122,91,2,development
323,215,43,3,test
294,355,45,4,buffer
61,497,7,5,development
253,393,35,2,buffer
482,131,71,1,development
547,75,81,2,development
456,43,60,3,development
341,562,58,4,development
593,26,80,2,development
652,462,96,1,development
194,50,20,3,development
574,88,81,2,development
305,250,43,3,test
546,64,80,2,development
74,333,14,2,test
54,427,6,4,development
628,132,91,2,development
114,426,16,4,development
511,376,75,5,buffer
594,56,80,2,development
90,209,13,2,test
253,89,31,3,development
547,268,84,2,test
417,355,65,3,buffer
76,228,13,3,test
651,11,90,2,development
640,178,92,1,buffer
579,92,81,4,development
77,459,16,5,development
76,332,14,2,test
537,73,81,2,development
298,368,45,4,buffer
249,20,30,3,development
87,78,11,3,development
521,324,74,5,test
163,35,20,3,development
582,189,82,1,buffer
151,380,25,5,buffer
160,173,22,4,buffer
541,74,81,2,development
378,266,53,5,test
421,433,66,5,development
52,359,5,3,buffer
308,486,47,4,development
245,103,31,3,development
521,50,70,1,development
472,325,74,1,test
205,46,30,1,development
76,40,10,3,development
422,476,67,5,development
121,577,18,5,development
155,255,23,5,test
87,508,17,5,development
227,339,35,3,buffer
604,81,91,2,development
603,441,96,4,development
601,260,83,3,test
436,324,64,1,test
473,326,74,1,test
37,446,6,5,development
489,507,77,4,development
644,379,95,4,buffer
216,518,37,6,development
593,587,88,1,development
640,327,94,2,test
552,615,89,3,development
406,403,66,4,development
340,450,56,5,development
516,197,72,5,buffer
17,202,3,3,test
555,479,87,1,development
417,334,64,1,test
242,164,32,1,buffer
48,144,2,3,buffer
107,201,13,6,test
62,188,2,3,buffer
472,72,71,1,development
3,536,8,5,development
9,214,3,3,test
582,107,81,2,development
131,489,17,5,development
626,279,94,1,test
629,116,91,2,development
637,8,90,2,development
354,556,58,5,development
290,460,46,4,development
506,391,75,5,buffer
591,40,80,2,development
112,362,15,4,buffer
71,569,18,4,development
608,342,95,4,buffer
654,14,90,2,development
318,324,44,4,test
14,541,8,5,development
469,13,70,1,development
626,521,97,3,development
369,408,56,5,development
372,80,51,1,development
448,524,67,4,development
14,562,8,5,development
62,344,5,2,buffer
3,499,7,4,development
612,156,92,2,buffer
615,108,91,2,development
224,379,35,4,buffer
488,267,73,5,test
78,435,16,3,development
584,255,83,1,test
71,17,10,3,development
611,91,91,2,development
601,90,81,2,development
104,274,14,2,test
606,146,92,2,buffer
62,237,3,3,test
207,300,34,3,test
424,465,66,5,development
600,92,81,2,development
146,515,27,6,development
573,40,80,2,development
348,29,50,1,development
422,469,67,5,development
229,247,33,1,test
201,182,32,1,buffer
109,62,10,3,development
616,231,93,6,test
352,413,56,5,development
245,456,36,2,development
535,399,75,4,buffer
447,430,66,4,development
634,204,93,1,test
262,301,34,4,test
316,474,47,4,development
281,164,42,1,buffer
523,19,70,3,development
573,231,83,4,test
526,213,73,2,test
571,50,80,2,development
205,155,32,1,buffer
426,442,66,5,development
421,587,68,4,development
207,467,36,1,development
504,291,74,4,test
39,77,1,2,development
491,602,78,4,development
532,408,76,4,development
34,175,2,3,buffer
8,562,8,5,development
569,320,84,4,test
234,532,37,4,development
47,85,1,2,development
519,90,71,2,development
446,303,64,4,test
147,516,27,6,development
78,125,11,3,development
45,93,1,3,development
469,460,76,4,development
20,162,2,3,buffer
164,501,27,6,development
266,18,30,3,development
625,598,98,3,development
470,593,78,4,development
476,565,78,4,development
650,16,90,2,development
166,477,27,1,development
74,205,13,3,test
265,6,30,3,development
398,393,55,3,buffer
329,457,46,5,development
224,599,38,6,development
226,397,35,4,buffer
609,455,96,4,development
173,190,22,4,buffer
630,106,91,2,development
75,171,12,3,buffer
206,178,32,1,buffer
448,482,67,4,development
203,500,37,4,development
617,393,95,2,buffer
6,442,6,3,development
149,396,25,5,buffer
39,169,2,3,buffer
149,69,21,3,development
77,340,15,2,buffer
117,83,11,3,development
615,91,91,2,development
518,415,76,4,development
50,531,7,5,development
160,191,22,3,buffer
542,33,80,2,development
431,428,66,5,development
325,594,48,5,development
559,84,81,2,development
133,201,13,3,test
188,96,21,3,development
119,260,13,2,test
40,270,4,1,test
223,600,38,6,development
139,448,26,5,development
634,437,96,2,development
165,491,27,6,development
347,391,55,5,buffer
19,71,1,3,development
529,98,71,3,development
137,541,28,5,development
395,41,50,1,development
242,17,30,3,development
462,244,63,3,test
41,105,1,3,development
533,593,78,4,development
176,270,24,2,test
7,218,3,3,test
124,487,17,5,development
74,345,15,2,buffer
72,336,15,2,buffer
615,142,92,2,buffer
53,308,4,3,test
305,549,48,5,development
513,91,71,2,development
208,466,36,1,development
254,426,36,4,development
608,354,95,4,buffer
632,0,90,2,development
204,440,36,1,development
634,10,90,2,development
620,139,92,2,buffer
145,397,25,5,buffer
507,226,73,5,test
76,28,10,3,development
563,114,81,2,development
266,118,31,3,development
68,568,18,4,development
381,462,56,4,development
95,4,10,2,development
357,26,50,4,development
320,255,43,3,test
498,403,76,5,development
545,148,82,1,buffer
132,585,18,4,development
442,138,62,1,buffer
108,199,12,6,buffer
620,194,92,1,buffer
165,25,20,3,development
164,453,26,5,development
440,192,62,1,buffer
430,337,65,1,buffer
181,136,22,1,buffer
441,302,64,4,test
188,162,22,1,buffer
332,373,45,4,buffer
545,20,80,3,development
143,463,26,5,development
576,184,82,1,buffer
219,542,38,6,development
481,206,73,1,test
264,607,39,4,development
34,143,2,3,buffer
534,368,75,5,buffer
235,550,38,4,development
491,288,74,4,test
556,213,83,2,test
577,3,80,2,development
189,218,23,2,test
619,276,94,2,test
620,281,94,1,test
549,331,84,4,test
9,404,6,3,development
280,26,40,3,development
208,570,38,6,development
601,118,81,2,development
92,126,11,1,development
653,39,90,2,development
21,500,7,5,development
334,345,45,4,buffer
10,364,5,3,buffer
580,108,81,2,development
59,248,3,1,test
324,113,41,3,development
550,100,81,2,development
222,488,37,3,development
293,77,41,1,development
452,486,67,4,development
222,602,38,6,development
210,555,38,6,development
292,390,45,1,buffer
166,465,26,3,development
230,194,32,3,buffer
508,243,73,5,test
19,581,8,5,development
417,70,61,1,development
621,322,94,5,test
81,160,12,5,buffer
633,448,96,4,development
620,0,90,5,development
60,565,8,4,development
399,568,58,4,development
558,76,81,2,development
15,60,0,3,development
532,133,71,1,development
457,444,66,4,development
87,215,13,6,test
345,173,52,1,buffer
182,240,23,2,test
130,105,11,3,development
227,411,36,3,development
88,406,16,2,development
3,230,3,3,test
215,404,36,2,development
552,78,81,2,development
467,241,63,1,test
567,100,81,2,development
313,542,48,5,development
186,414,26,5,development
257,542,38,1,development
492,469,77,4,development
246,246,33,1,test
346,435,56,5,development
251,568,38,4,development
19,498,7,5,development
11,498,7,5,development
208,575,38,6,development
599,319,84,2,test
387,344,55,1,buffer
283,41,40,3,development
468,418,66,4,development
547,353,85,4,buffer
259,182,32,3,buffer
106,16,10,4,development
200,223,23,2,test
519,100,71,2,development
162,502,27,6,development
607,92,91,2,development
530,10,70,3,development
578,480,87,2,development
269,5,40,3,development
121,8,10,2,development
594,5,80,2,development
372,79,51,1,development
582,171,82,1,buffer
617,98,91,2,development
192,408,26,2,development
87,449,16,5,development
139,384,25,5,buffer
628,495,97,3,development
653,452,96,1,development
287,270,44,4,test
629,236,93,5,test
250,546,38,5,development
635,24,90,2,development
119,130,11,1,development
221,101,31,3,development
489,480,77,4,development
233,598,38,6,development
129,372,15,5,buffer
561,122,81,2,development
630,431,96,2,development
114,265,13,2,test
296,417,46,4,development
217,463,36,1,development
595,9,80,2,development
331,284,44,1,test
341,339,55,4,buffer
526,459,76,5,development
385,231,53,1,test
35,197,2,3,buffer
500,131,71,1,development
524,514,77,1,development
185,241,23,2,test
202,414,36,2,development
285,359,45,1,buffer
167,415,26,5,development
556,363,85,4,buffer
620,545,98,1,development
525,105,71,2,development
166,495,27,6,development
589,111,81,2,development
296,612,49,4,development
233,303,34,2,test
637,502,97,3,development
321,410,46,4,development
337,133,51,1,development
409,316,64,4,test
583,605,89,5,development
462,299,64,3,test
391,14,50,1,development
414,470,67,5,development
132,116,11,3,development
35,325,4,4,test
590,283,84,1,test
53,561,8,5,development
354,2,50,1,development
570,325,84,4,test
415,489,67,4,development
158,430,26,5,development
356,418,56,5,development
322,14,40,1,development
97,179,12,3,buffer
304,316,44,3,test
183,217,23,2,test
630,140,92,2,buffer
621,544,98,1,development
96,404,16,5,development
342,490,57,4,development
184,213,23,2,test
627,113,91,2,development
369,235,53,3,test
95,547,18,5,development
106,199,12,6,buffer
583,492,87,1,development
261,558,38,3,development
595,309,84,4,test
602,231,83,6,test
624,174,92,2,buffer
540,120,81,5,development
291,50,40,4,development
350,390,55,5,buffer
258,243,33,4,test
224,447,36,2,development
142,367,25,5,buffer
99,335,15,5,buffer
344,547,58,5,development
403,587,68,4,development
586,97,81,2,development
310,231,43,1,test
209,262,33,3,test
343,196,52,3,buffer
254,528,37,5,development
467,243,63,1,test
440,146,62,1,buffer
163,456,26,5,development
196,249,23,2,test
283,229,43,1,test
84,474,17,2,development
559,46,80,2,development
245,577,38,4,development
376,588,58,4,development
627,129,91,2,development
150,112,21,3,development
17,500,7,4,development
219,163,32,1,buffer
250,79,31,3,development
306,155,42,1,buffer
488,168,72,1,buffer
46,348,5,1,buffer
204,39,30,1,development
104,65,10,3,development
164,496,27,6,development
277,101,41,4,development
534,342,75,4,buffer
618,129,91,2,development
132,460,16,5,development
164,414,26,5,development
133,124,11,2,development
196,345,25,5,buffer
638,613,99,3,development
320,65,40,3,development
402,352,65,1,buffer
97,65,10,3,development
401,577,58,5,development
12,409,6,3,development
250,214,33,3,test
574,566,88,1,development
403,508,67,4,development
319,157,42,1,buffer
72,33,10,3,development
616,125,91,2,development
77,335,15,2,buffer
281,392,45,1,buffer
611,124,91,2,development
219,582,38,6,development
118,289,14,5,test
289,498,47,4,development
390,545,58,4,development
585,4,80,2,development
244,456,36,2,development
626,166,92,2,buffer
651,12,90,2,development
293,134,42,1,buffer
317,150,42,1,buffer
623,137,92,2,buffer
104,72,11,3,development
211,555,38,6,development
214,459,36,1,development
545,112,81,3,development
370,166,52,1,buffer
315,122,41,3,development
590,107,81,2,development
459,48,60,3,development
181,379,25,5,buffer
122,26,10,2,development
306,313,44,1,test
532,223,73,5,test
453,197,62,1,buffer
133,397,15,5,buffer
629,122,91,2,development
205,168,32,3,buffer
645,172,92,1,buffer
144,354,25,5,buffer
113,87,11,3,development
112,257,13,2,test
269,146,42,1,buffer
146,296,24,5,test
20,512,7,5,development
61,585,8,5,development
133,319,14,5,test
654,477,97,3,development
309,326,44,3,test
541,79,81,2,development
527,340,75,5,buffer
281,374,45,1,buffer
266,206,33,3,test
89,332,14,5,test
292,313,44,4,test
508,195,72,5,buffer
58,499,7,5,development
568,90,81,2,development
481,296,74,3,test
132,160,12,1,buffer
580,52,80,2,development
296,431,46,4,development
544,47,80,2,development
413,354,65,3,buffer
61,504,7,5,development
630,246,93,1,test
45,114,1,3,development
590,303,84,4,test
326,134,42,1,buffer
89,345,15,4,buffer
653,437,96,1,development
186,263,23,3,test
428,448,66,5,development
363,601,58,4,development
480,188,72,1,buffer
223,590,38,6,development
19,345,5,2,buffer
216,43,30,3,development
555,79,81,2,development
543,247,83,4,test
108,498,17,5,development
55,488,7,4,development
426,556,68,4,development
598,93,81,2,development
634,75,91,3,development
389,500,57,4,development
372,549,58,4,development
24,441,6,3,development
146,509,27,6,development
475,42,70,1,development
601,399,85,4,buffer
366,558,58,4,development
226,95,31,3,development
226,599,38,6,development
566,62,80,2,development
388,274,54,5,test
235,576,38,3,development
581,373,85,4,buffer
540,86,81,2,development
117,150,12,3,buffer
90,87,11,3,development
542,480,87,1,development
285,470,47,4,development
654,35,90,2,development
563,63,80,2,development
18,434,6,3,development
357,165,52,3,buffer
556,203,83,1,test
186,294,24,5,test
163,384,25,5,buffer
530,87,71,2,development
148,384,25,5,buffer
440,583,68,4,development
101,201,13,6,test
453,437,66,4,development
364,481,57,3,development
488,420,76,5,development
55,345,5,2,buffer
561,275,84,4,test
419,473,67,5,development
123,519,17,3,development
363,29,50,1,development
185,244,23,2,test
183,331,24,4,test
396,550,58,4,development
332,612,49,4,development
3,521,7,5,development
82,187,12,3,buffer
488,408,76,5,development
41,18,0,3,development
596,7,80,2,development
52,166,2,3,buffer
145,462,26,5,development
480,174,72,4,buffer
233,531,37,4,development
608,402,96,4,development
395,358,55,1,buffer
88,462,16,5,development
493,17,70,2,development
569,395,85,4,buffer
42,94,1,3,development
368,39,50,1,development
285,70,41,1,development
455,452,66,4,development
117,211,13,2,test
633,208,93,1,test
151,511,27,6,development
485,411,76,5,development
548,194,82,1,buffer
533,462,76,4,development
480,92,71,1,development
618,166,92,2,buffer
272,395,45,1,buffer
60,407,6,4,development
449,216,63,1,test
544,284,84,2,test
356,549,58,5,development
534,152,72,4,buffer
23,252,3,3,test
127,227,13,5,test
553,363,85,4,buffer
124,11,10,2,development
574,601,88,5,development
448,358,65,1,buffer
45,602,8,5,development
468,611,69,4,development
608,130,91,2,development
525,226,73,5,test
638,531,97,3,development
298,447,46,4,development
347,607,59,5,development
501,38,70,3,development
578,64,80,2,development
322,101,41,3,development
166,597,28,6,development
556,50,80,2,development
508,74,71,2,development
464,190,62,1,buffer
486,10,70,3,development
204,116,31,3,development
446,519,67,4,development
12,460,6,3,development
501,158,72,1,buffer
368,354,55,4,buffer
195,207,23,2,test
549,119,81,5,development
596,587,88,1,development
9,77,1,3,development
525,455,76,4,development
235,590,38,6,development
30,144,2,3,buffer
571,492,87,3,development
505,158,72,1,buffer
395,586,58,4,development
537,262,83,4,test
189,190,22,1,buffer
483,382,75,4,buffer
210,562,38,6,development
434,477,67,5,development
214,426,36,1,development
157,542,28,3,development
361,272,54,4,test
510,75,71,2,development
212,162,32,1,buffer
285,370,45,1,buffer
312,424,46,4,development
443,149,62,1,buffer
344,465,56,5,development
201,440,36,1,development
630,13,90,2,development
213,219,33,3,test
455,253,63,3,test
52,604,9,5,development
549,147,82,2,buffer
387,92,51,3,development
564,283,84,4,test
622,34,90,3,development
537,188,82,1,buffer
503,116,71,1,development
520,57,70,3,development
452,167,62,1,buffer
648,40,90,2,development
211,78,31,3,development
301,550,48,2,development
272,123,41,1,development
241,356,35,3,buffer
546,50,80,2,development
643,26,90,2,development
174,148,22,3,buffer
309,603,49,4,development
399,385,55,3,buffer
517,389,75,5,buffer
266,574,38,1,development
348,219,53,1,test
210,582,38,6,development
558,341,85,4,buffer
543,343,85,4,buffer
119,257,13,2,test
73,145,12,3,buffer
76,402,16,4,development
435,423,66,5,development
45,149,2,3,buffer
134,374,25,5,buffer
257,512,37,5,development
569,347,85,4,buffer
169,409,26,5,development
60,120,1,3,development
290,152,42,1,buffer
504,486,77,4,development
652,36,90,2,development
390,424,56,4,development
544,479,87,1,development
184,291,24,5,test
628,154,92,2,buffer
120,515,17,4,development
240,1,30,1,development
576,539,88,1,development
164,494,27,6,development
471,399,75,4,buffer
225,392,35,5,buffer
209,419,36,1,development
399,520,57,4,development
214,292,34,3,test
303,396,45,4,buffer
219,413,36,5,development
57,524,7,5,development
584,35,80,2,development
414,58,60,1,development
570,424,86,4,development
204,504,37,4,development
612,539,98,1,development
26,503,7,5,development
595,540,88,1,development
430,24,60,1,development
203,259,33,3,test
494,402,76,5,development
558,109,81,2,development
309,82,41,1,development
164,495,27,6,development
403,193,62,3,buffer
76,282,14,1,test
482,538,78,5,development
176,14,20,3,development
168,366,25,5,buffer
492,11,70,2,development
134,135,22,1,buffer
617,248,93,3,test
109,202,13,2,test
552,58,80,2,development
650,465,96,3,development
540,66,80,2,development
225,441,36,2,development
235,279,34,2,test
112,349,15,4,buffer
429,396,65,5,buffer
653,576,98,3,development
354,394,55,5,buffer
220,602,38,6,development
379,318,54,4,test
606,149,92,2,buffer
184,179,22,2,buffer
131,315,14,5,test
578,565,88,1,development
567,148,82,2,buffer
209,590,38,6,development
237,604,39,4,development
431,455,66,5,development
580,446,86,4,development
13,19,0,3,development
383,295,54,5,test
20,344,5,2,buffer
271,71,41,3,development
584,107,81,2,development
376,414,56,4,development
572,17,80,2,development
230,580,38,3,development
0,538,8,5,development
511,522,77,4,development
4,94,1,1,development
476,221,73,1,test
507,521,77,4,development
163,339,25,5,buffer
550,146,82,2,buffer
276,33,40,3,development
298,142,42,1,buffer
308,112,41,3,development
436,497,67,4,development
433,297,64,1,test
630,427,96,2,development
648,265,93,1,test
184,412,26,5,development
310,366,45,4,buffer
631,330,94,5,test
362,361,55,4,buffer
53,472,7,5,development
402,603,69,5,development
201,310,34,4,test
349,405,56,5,development
368,390,55,5,buffer
557,24,80,3,development
393,544,58,4,development
482,598,78,4,development
461,394,65,4,buffer
236,463,36,2,development
505,381,75,5,buffer
374,452,56,4,development
356,307,54,5,test
623,93,91,2,development
201,291,34,1,test
61,225,3,3,test
374,71,51,3,development
536,330,84,4,test
329,187,42,1,buffer
103,221,13,1,test
565,124,81,2,development
560,233,83,4,test
220,487,37,3,development
166,417,26,5,development
180,50,20,3,development
44,519,7,1,development
177,440,26,3,development
528,358,75,5,buffer
439,612,69,4,development
114,217,13,1,test
238,295,34,2,test
136,116,21,3,development
540,475,87,1,development
567,246,83,5,test
201,261,33,3,test
561,387,85,4,buffer
370,212,53,1,test
589,25,80,2,development
275,38,40,3,development
592,105,81,2,development
628,217,93,1,test
519,102,71,2,development
554,335,85,4,buffer
568,0,80,2,development
276,534,47,1,development
156,18,20,3,development
576,146,82,2,buffer
310,152,42,1,buffer
56,32,0,3,development
535,391,75,4,buffer
632,431,96,2,development
134,564,28,5,development
583,178,82,2,buffer
585,128,81,2,development
31,2,0,3,development
310,340,45,3,buffer
512,336,75,4,buffer
52,501,7,4,development
622,605,99,3,development
392,254,53,5,test
234,182,32,1,buffer
88,479,17,3,development
266,543,38,3,development
2,441,6,3,development
479,388,75,4,buffer
86,401,15,2,buffer
526,331,74,5,test
68,403,16,4,development
88,387,15,4,buffer
197,342,25,5,buffer
519,140,72,2,buffer
173,112,21,3,development
560,486,87,1,development
105,110,11,2,development
617,613,99,3,development
426,400,65,5,buffer
74,337,15,2,buffer
574,64,80,2,development
108,85,11,3,development
246,464,36,2,development
579,113,81,2,development
527,594,78,4,development
481,343,75,4,buffer
487,467,76,4,development
511,378,75,5,buffer
492,466,76,4,development
1,156,2,1,buffer
226,596,38,6,development
473,476,77,4,development
344,405,56,5,development
136,335,25,5,buffer
626,95,91,2,development
320,110,41,3,development
83,251,13,3,test
252,289,34,1,test
90,216,13,6,test
532,229,73,5,test
199,136,22,1,buffer
91,398,15,2,buffer
458,411,66,4,development
526,150,72,4,buffer
342,41,50,1,development
475,609,79,4,development
55,7,0,3,development
185,436,26,3,development
108,519,17,5,development
596,65,80,2,development
617,295,94,4,test
184,352,25,5,buffer
541,84,81,2,development
491,597,78,4,development
591,30,80,2,development
215,474,37,5,development
340,583,58,5,development
512,543,78,4,development
217,472,37,4,development
296,174,42,1,buffer
608,233,93,6,test
349,350,55,5,buffer
177,405,26,5,development
436,144,62,1,buffer
172,429,26,3,development
293,317,44,4,test
474,455,76,4,development
129,165,12,3,buffer
412,467,66,5,development
241,551,38,4,development
45,79,1,2,development
174,470,27,3,development
310,511,47,3,development
129,428,16,5,development
431,232,63,1,test
152,514,27,6,development
227,72,31,1,development
593,10,80,2,development
318,283,44,4,test
474,182,72,1,buffer
223,497,37,2,development
476,157,72,1,buffer
45,66,0,2,development
653,301,94,3,test
400,286,54,3,test
495,378,75,5,buffer
201,486,37,4,development
291,107,41,3,development
614,154,92,2,buffer
447,199,62,1,buffer
372,268,54,5,test
454,70,61,1,development
259,234,33,1,test
357,452,56,5,development
53,414,6,3,development
582,19,80,2,development
545,273,84,2,test
182,63,20,3,development
274,365,45,4,buffer
413,470,67,5,development
236,187,32,1,buffer
258,393,35,2,buffer
233,240,33,3,test
27,438,6,3,development
222,392,35,5,buffer
54,594,8,3,development
303,23,40,4,development
376,605,59,3,development
106,29,10,5,development
89,522,17,1,development
473,463,76,4,development
148,410,26,5,development
434,225,63,1,test
120,261,13,2,test
326,272,44,3,test
233,492,37,2,development
318,445,46,5,development
192,242,23,2,test
494,506,77,4,development
265,401,35,4,buffer
520,338,75,4,buffer
384,334,54,4,test
595,385,85,4,buffer
157,211,23,5,test
518,83,71,2,development
432,344,65,3,buffer
318,566,48,4,development
23,562,8,5,development
347,411,56,5,development
43,233,3,3,test
510,128,71,1,development
343,220,53,1,test
78,401,15,4,buffer
144,108,21,3,development
143,218,23,1,test
343,61,50,4,development
414,517,67,4,development
352,409,56,5,development
641,221,93,1,test
549,11,80,1,development
621,130,91,2,development
212,553,38,6,development
210,579,38,6,development
486,177,72,1,buffer
55,267,3,3,test
12,467,6,1,development
24,530,7,5,development
127,606,19,4,development
560,101,81,2,development
579,131,81,2,development
506,601,78,4,development
67,525,17,5,development
305,70,41,3,development
115,258,13,2,test
238,133,31,4,development
221,607,39,6,development
599,153,82,2,buffer
589,57,80,2,development
269,291,44,1,test
623,343,95,4,buffer
607,138,92,2,buffer
552,145,82,2,buffer
578,75,81,2,development
26,257,3,3,test
63,320,4,5,test
537,34,80,2,development
497,145,72,1,buffer
246,463,36,2,development
516,32,70,3,development
49,275,4,3,test
158,245,23,5,test
166,490,27,6,development
425,549,68,4,development
47,80,1,2,development
110,498,17,5,development
249,569,38,5,development
34,228,3,3,test
159,62,20,3,development
210,554,38,6,development
191,311,24,5,test
45,344,5,1,buffer
637,569,98,3,development
53,280,4,3,test
352,374,55,5,buffer
18,337,5,3,buffer
296,138,42,1,buffer
568,94,81,2,development
397,312,54,4,test
146,91,21,1,development
521,555,78,5,development
268,292,44,1,test
351,30,50,4,development
474,184,72,1,buffer
571,99,81,2,development
463,19,60,1,development
219,586,38,6,development
309,426,46,4,development
209,574,38,6,development
116,423,16,4,development
317,110,41,3,development
74,314,14,5,test
602,154,82,2,buffer
25,340,5,2,buffer
170,449,26,5,development
614,578,98,3,development
137,41,20,3,development
540,145,82,1,buffer
321,496,47,3,development
485,511,77,5,development
462,597,68,4,development
535,574,78,4,development
325,280,44,4,test
345,363,55,5,buffer
247,303,34,2,test
503,229,73,5,test
410,403,66,4,development
170,499,27,6,development
111,525,17,5,development
107,144,12,3,buffer
593,559,88,1,development
584,586,88,1,development
306,480,47,5,development
558,117,81,2,development
304,380,45,4,buffer
578,500,87,1,development
95,508,17,1,development
467,58,60,1,development
370,500,57,1,development
273,319,44,4,test
256,275,34,4,test
26,216,3,3,test
350,508,57,4,development
437,578,68,4,development
545,471,87,1,development
605,222,93,6,test
577,97,81,2,development
168,440,26,5,development
244,113,31,1,development
32,107,1,3,development
116,95,11,3,development
23,433,6,3,development
374,183,52,4,buffer
232,143,32,3,buffer
213,584,38,6,development
234,85,31,3,development
260,198,32,1,buffer
508,302,74,4,test
59,97,1,2,development
614,93,91,2,development
537,66,80,2,development
490,568,78,4,development
362,598,58,4,development
107,183,12,3,buffer
575,95,81,2,development
49,468,6,5,development
510,273,74,5,test
329,531,47,5,development
567,269,84,4,test
527,280,74,4,test
177,429,26,5,development
359,612,59,4,development
12,237,3,3,test
640,529,97,3,development
150,444,26,5,development
268,313,44,4,test
352,502,57,4,development
160,382,25,5,buffer
450,277,64,4,test
204,77,31,1,development
315,504,47,3,development
618,184,92,1,buffer
130,615,19,4,development
247,503,37,4,development
649,25,90,2,development
104,565,18,5,development
493,565,78,4,development
218,542,38,6,development
442,425,66,5,development
418,398,65,4,buffer
81,133,11,3,development
170,396,25,4,buffer
535,191,72,2,buffer
343,174,52,1,buffer
34,63,0,2,development
76,401,15,4,buffer
6,278,4,1,test
176,302,24,5,test
301,49,40,3,development
219,604,39,6,development
73,465,16,5,development
146,435,26,5,development
608,203,93,6,test
201,185,32,1,buffer
440,341,65,3,buffer
105,201,13,6,test
320,505,47,1,development
607,286,94,2,test
456,479,67,4,development
172,377,25,2,buffer
574,400,85,2,buffer
537,218,83,2,test
619,129,91,2,development
390,506,57,4,development
643,25,90,2,development
107,76,11,3,development
516,310,74,4,test
282,405,46,4,development
510,221,73,5,test
56,536,8,5,development
456,330,64,1,test
551,55,80,2,development
642,441,96,3,development
101,89,11,3,development
433,533,67,4,development
373,579,58,5,development
475,401,75,4,buffer
141,481,27,5,development
156,158,22,2,buffer
345,94,51,3,development
85,547,18,5,development
630,107,91,2,development
370,106,51,3,development
445,325,64,3,test
535,75,71,2,development
623,272,94,3,test
599,435,86,4,development
167,143,22,1,buffer
540,223,83,2,test
588,112,81,2,development
631,248,93,1,test
452,511,67,4,development
409,591,68,4,development
560,314,84,4,test
17,592,8,4,development
539,346,85,4,buffer
545,69,81,2,development
118,261,13,2,test
555,46,80,2,development
71,254,13,1,test
626,351,95,5,buffer
308,397,45,4,buffer
616,366,95,4,buffer
584,253,83,1,test
287,494,47,5,development
495,166,72,1,buffer
304,460,46,4,development
412,361,65,3,buffer
547,108,81,2,development
11,523,7,5,development
369,428,56,4,development
27,133,1,3,development
619,230,93,6,test
618,379,95,4,buffer
625,137,92,2,buffer
484,298,74,3,test
629,138,92,2,buffer
70,336,15,2,buffer
631,429,96,2,development
168,491,27,6,development
328,309,44,2,test
620,120,91,2,development
353,343,55,4,buffer
205,244,33,1,test
452,231,63,4,test
390,403,56,3,development
517,467,76,4,development
148,353,25,5,buffer
603,87,91,2,development
223,57,30,1,development
481,20,70,3,development
498,546,78,4,development
283,353,45,4,buffer
264,33,30,3,development
465,557,68,5,development
525,312,74,5,test
151,404,26,5,development
514,80,71,2,development
496,389,75,5,buffer
557,77,81,2,development
487,287,74,4,test
559,166,82,1,buffer
255,548,38,3,development
115,488,17,5,development
497,273,74,5,test
618,118,91,2,development
624,335,95,4,buffer
87,409,16,2,development
224,440,36,2,development
21,84,1,1,development
224,592,38,6,development
548,47,80,2,development
591,41,80,2,development
576,504,87,1,development
194,402,26,2,development
193,104,21,3,development
539,205,83,2,test
370,568,58,4,development
574,600,88,5,development
537,187,82,1,buffer
227,598,38,6,development
428,299,64,1,test
555,138,82,2,buffer
437,597,68,4,development
371,277,54,5,test
546,103,81,2,development
476,403,76,4,development
553,456,86,4,development
340,584,58,5,development
358,88,51,3,development
351,200,52,1,buffer
258,411,36,1,development
215,43,30,3,development
589,30,80,2,development
141,210,23,1,test
478,484,77,4,development
146,252,23,5,test
633,226,93,1,test
325,468,46,4,development
569,62,80,2,development
564,195,82,5,buffer
592,134,82,2,buffer
233,7,30,4,development
313,382,45,4,buffer
387,531,57,4,development
215,462,36,1,development
548,62,80,2,development
641,550,98,3,development
45,373,5,3,buffer
561,113,81,2,development
337,293,54,1,test
113,166,12,1,buffer
517,587,78,4,development
603,57,90,2,development
101,21,10,4,development
379,263,53,5,test
223,474,37,5,development
114,513,17,5,development
443,566,68,4,development
168,118,21,3,development
17,44,0,2,development
570,78,81,2,development
156,401,25,5,buffer
26,451,6,3,development
335,473,57,4,development
432,206,63,4,test
529,402,76,4,development
269,421,46,1,development
200,524,27,6,development
560,606,89,5,development
458,406,66,4,development
510,552,78,4,development
614,102,91,2,development
302,535,47,4,development
548,74,81,2,development
556,132,81,2,development
580,101,81,2,development
371,573,58,4,development
625,150,92,2,buffer
138,177,22,3,buffer
280,63,40,3,development
243,289,34,2,test
455,124,61,1,development
121,24,10,2,development
554,373,85,4,buffer
66,148,2,3,buffer
357,403,56,5,development
588,375,85,4,buffer
400,59,50,1,development
187,250,23,2,test
496,592,78,4,development
429,152,62,1,buffer
638,527,97,3,development
354,521,57,4,development
642,610,99,3,development
546,321,84,4,test
554,44,80,2,development
41,313,4,3,test
344,433,56,5,development
517,377,75,5,buffer
378,296,54,5,test
32,258,3,1,test
346,2,50,1,development
134,79,21,3,development
177,472,27,3,development
273,438,46,4,development
325,202,43,3,test
287,406,46,1,development
121,261,13,2,test
376,473,57,4,development
545,138,82,3,buffer
359,201,53,1,test
85,162,12,5,buffer
517,73,71,2,development
257,10,30,3,development
132,501,17,5,development
422,521,67,4,development
635,12,90,2,development
567,361,85,4,buffer
328,383,45,4,buffer
112,264,13,2,test
127,426,16,5,development
141,143,22,2,buffer
60,588,8,5,development
599,158,82,2,buffer
145,406,26,5,development
637,557,98,3,development
36,583,8,4,development
77,395,15,4,buffer
521,58,70,3,development
435,440,66,5,development
617,526,97,1,development
12,462,6,1,development
89,338,15,5,buffer
592,101,81,2,development
18,487,7,5,development
351,396,55,5,buffer
575,99,81,2,development
205,41,30,1,development
125,360,15,4,buffer
648,69,91,2,development
628,159,92,2,buffer
400,487,57,4,development
7,197,2,3,buffer
100,103,11,3,development
298,412,46,1,development
439,403,66,5,development
547,99,81,2,development
568,383,85,4,buffer
354,392,55,5,buffer
517,570,78,4,development
100,33,10,4,development
332,150,42,1,buffer
3,494,7,4,development
208,583,38,6,development
384,504,57,4,development
387,165,52,1,buffer
15,350,5,2,buffer
107,141,12,3,buffer
568,266,83,5,test
218,107,31,4,development
603,156,92,2,buffer
568,1,80,2,development
304,301,44,4,test
600,529,87,3,development
475,545,78,5,development
22,404,6,3,development
647,409,96,1,development
82,365,15,4,buffer
602,91,81,2,development
291,371,45,4,buffer
618,499,97,3,development
202,205,33,2,test
313,32,40,1,development
65,149,2,3,buffer
249,564,38,5,development
347,542,58,4,development
614,131,91,2,development
618,106,91,2,development
63,614,9,5,development
330,495,47,4,development
197,271,24,1,test
154,117,21,3,development
545,168,82,4,buffer
623,187,92,1,buffer
68,118,11,3,development
23,348,5,2,buffer
379,197,52,3,buffer
76,113,11,3,development
616,218,93,1,test
122,19,10,2,development
219,429,36,1,development
0,601,8,4,development
151,513,27,6,development
512,231,73,5,test
215,440,36,1,development
247,250,33,1,test
192,69,21,4,development
376,487,57,4,development
203,258,33,3,test
63,55,0,3,development
145,144,22,2,buffer
451,311,64,4,test
337,296,54,1,test
582,13,80,2,development
476,29,70,1,development
286,5,40,4,development
611,156,92,2,buffer
141,292,24,5,test
297,507,47,4,development
421,535,67,5,development
132,67,11,3,development
195,222,23,2,test
361,612,59,4,development
67,334,14,2,test
39,513,7,5,development
169,145,22,3,buffer
20,556,8,5,development
547,98,81,2,development
630,166,92,2,buffer
536,357,85,5,buffer
429,240,63,4,test
303,65,40,1,development
158,344,25,5,buffer
512,521,77,4,development
222,584,38,6,development
598,87,81,2,development
457,374,65,4,buffer
135,437,26,4,development
113,201,13,2,test
215,506,37,5,development
565,109,81,2,development
43,79,1,2,development
147,515,27,6,development
254,458,36,4,development
307,141,42,1,buffer
238,193,32,1,buffer
263,1,30,3,development
504,209,73,5,test
603,151,92,2,buffer
583,510,87,1,development
180,450,26,3,development
6,564,8,5,development
227,135,32,3,buffer
564,280,84,4,test
148,66,20,3,development
565,275,84,4,test
517,286,74,5,test
238,82,31,3,development
285,1,40,4,development
204,82,31,1,development
155,452,26,5,development
283,590,48,4,development
209,402,36,2,development
604,496,97,1,development
230,378,35,3,buffer
614,357,95,4,buffer
191,396,25,2,buffer
535,33,70,2,development
593,32,80,2,development
185,11,20,3,development
154,613,29,6,development
360,609,59,4,development
514,96,71,2,development
236,469,37,2,development
347,584,58,4,development
615,307,94,2,test
293,532,47,3,development
481,163,72,1,buffer
85,335,15,5,buffer
366,299,54,4,test
526,330,74,5,test
480,378,75,5,buffer
395,480,57,4,development
506,312,74,4,test
226,600,38,6,development
125,286,14,5,test
283,456,46,4,development
130,40,10,1,development
271,509,47,3,development
629,119,91,2,development
352,10,50,1,development
76,442,16,3,development
131,468,16,5,development
132,104,11,3,development
244,198,32,3,buffer
353,95,51,3,development
34,564,8,5,development
541,205,83,2,test
527,54,70,1,development
554,612,89,5,development
34,595,8,5,development
516,239,73,5,test
360,405,56,5,development
402,191,62,3,buffer
653,603,99,1,development
619,479,97,4,development
395,496,57,4,development
153,513,27,6,development
228,483,37,4,development
522,130,71,1,development
648,48,90,2,development
272,502,47,5,development
0,335,5,3,buffer
549,225,83,5,test
195,285,24,5,test
224,596,38,6,development
329,411,46,5,development
288,343,45,4,buffer
390,319,54,4,test
114,465,16,1,development
556,58,80,2,development
458,32,60,1,development
371,215,53,1,test
491,163,72,1,buffer
117,166,12,1,buffer
651,326,94,3,test
510,349,75,5,buffer
15,109,1,3,development
290,71,41,1,development
633,508,97,1,development
154,137,22,1,buffer
352,105,51,3,development
10,559,8,5,development
584,587,88,1,development
527,564,78,3,development
99,89,11,3,development
572,231,83,4,test
169,350,25,4,buffer
44,498,7,5,development
204,107,31,3,development
165,345,25,5,buffer
119,198,12,3,buffer
654,206,93,1,test
140,50,20,3,development
469,457,76,4,development
638,230,93,1,test
501,406,76,5,development
65,359,5,4,buffer
613,114,91,2,development
203,523,37,4,development
161,3,20,3,development
628,509,97,1,development
651,238,93,4,test
361,110,51,3,development
51,67,1,2,development
409,267,63,5,test
382,154,52,1,buffer
165,95,21,3,development
244,268,34,3,test
413,613,69,4,development
634,138,92,2,buffer
650,41,90,2,development
552,125,81,2,development
310,69,41,3,development
555,10,80,3,development
1,210,3,3,test
473,56,70,1,development
552,320,84,4,test
17,545,8,5,development
584,154,82,2,buffer
565,59,80,2,development
235,292,34,2,test
640,576,98,3,development
623,582,98,3,development
648,256,93,1,test
197,266,23,3,test
618,515,97,1,development
617,141,92,2,buffer
254,39,30,3,development
528,402,76,4,development
54,481,7,5,development
127,116,11,3,development
84,331,14,5,test
101,360,15,4,buffer
464,95,61,1,development
401,511,57,4,development
539,83,81,2,development
60,25,0,3,development
119,258,13,2,test
434,546,68,4,development
334,240,43,1,test
134,533,27,1,development
67,212,13,1,test
653,244,93,1,test
614,216,93,1,test
91,184,12,3,buffer
564,25,80,2,development
387,202,53,3,test
473,392,75,4,buffer
607,354,95,4,buffer
60,338,5,2,buffer
221,583,38,6,development
607,233,93,6,test
607,357,95,4,buffer
225,600,38,6,development
306,598,48,4,development
266,58,30,3,development
450,171,62,1,buffer
314,246,43,1,test
227,115,31,1,development
132,333,14,5,test
333,509,47,3,development
191,288,24,5,test
581,385,85,4,buffer
582,75,81,2,development
550,143,82,2,buffer
325,273,44,3,test
587,8,80,2,development
610,67,91,5,development
625,245,93,3,test
544,187,82,2,buffer
628,98,91,2,development
387,475,57,4,development
555,210,83,1,test
521,89,71,2,development
599,247,83,3,test
76,193,12,3,buffer
531,305,74,4,test
123,498,17,5,development
219,316,34,3,test
356,519,57,4,development
109,152,12,3,buffer
208,511,37,6,development
59,347,5,2,buffer
112,111,11,2,development
538,249,83,4,test
108,400,15,5,buffer
617,455,96,5,development
312,594,48,4,development
184,219,23,2,test
388,384,55,3,buffer
201,438,36,2,development
406,292,64,5,test
362,151,52,1,buffer
622,95,91,2,development
118,477,17,5,development
277,383,45,1,buffer
548,119,81,5,development
323,287,44,1,test
441,21,60,3,development
606,205,93,6,test
630,446,96,4,development
545,271,84,2,test
52,251,3,3,test
114,35,10,5,development
258,175,32,1,buffer
44,509,7,5,development
111,395,15,5,buffer
509,198,72,5,buffer
614,89,91,2,development
449,493,67,4,development
530,295,74,4,test
51,227,3,3,test
453,610,69,5,development
19,253,3,3,test
588,119,81,2,development
389,486,57,4,development
441,172,62,3,buffer
69,60,10,1,development
220,327,34,3,test
574,249,83,4,test
646,274,94,1,test
178,385,25,5,buffer
120,21,10,2,development
152,382,25,5,buffer
295,425,46,1,development
99,244,13,3,test
541,478,87,1,development
180,230,23,2,test
307,142,42,1,buffer
101,263,13,2,test
364,379,55,5,buffer
65,445,6,1,development
246,429,36,1,development
556,285,84,4,test
439,497,67,4,development
618,124,91,2,development
497,278,74,5,test
534,151,72,4,buffer
319,173,42,1,buffer
477,342,75,4,buffer
550,109,81,2,development
19,109,1,3,development
447,539,68,4,development
570,452,86,2,development
111,371,15,5,buffer
431,507,67,4,development
248,467,36,2,development
375,596,58,4,development
546,68,81,2,development
624,209,93,1,test
626,114,91,2,development
265,160,32,3,buffer
210,91,31,3,development
429,288,64,1,test
515,592,78,4,development
90,408,16,2,development
157,413,26,5,development
642,198,92,1,buffer
62,521,7,5,development
211,575,38,6,development
376,518,57,1,development
231,149,32,3,buffer
425,192,62,1,buffer
561,127,81,2,development
471,226,73,1,test
105,574,18,4,development
388,348,55,3,buffer
252,405,36,2,development
560,45,80,2,development
377,191,52,3,buffer
107,447,16,1,development
145,610,29,5,development
98,511,17,1,development
367,384,55,4,buffer
142,146,22,2,buffer
224,255,33,2,test
233,250,33,3,test
419,211,63,1,test
577,537,88,1,development
165,426,26,5,development
180,438,26,3,development
286,373,45,1,buffer
199,189,22,1,buffer
254,403,36,2,development
103,266,13,2,test
372,343,55,1,buffer
559,593,88,5,development
144,280,24,5,test
292,358,45,4,buffer
202,572,38,6,development
513,206,73,5,test
489,538,78,5,development
380,32,50,5,development
333,183,42,1,buffer
155,390,25,5,buffer
558,164,82,1,buffer
165,501,27,6,development
371,280,54,5,test
560,195,82,1,buffer
88,22,10,3,development
358,509,57,4,development
562,74,81,2,development
569,124,81,2,development
133,300,14,5,test
320,160,42,1,buffer
49,377,5,1,buffer
250,506,37,4,development
543,69,81,2,development
651,191,92,2,buffer
510,560,78,4,development
188,462,26,3,development
468,589,68,4,development
643,200,92,1,buffer
127,503,17,4,development
292,602,48,4,development
567,306,84,4,test
179,407,26,5,development
48,34,0,3,development
142,326,24,5,test
61,153,2,3,buffer
107,200,12,6,buffer
147,451,26,5,development
92,523,17,1,development
621,127,91,2,development
222,524,37,6,development
79,291,14,4,test
594,228,83,3,test
84,329,14,5,test
416,598,68,4,development
487,366,75,4,buffer
5,27,0,3,development
54,454,6,1,development
201,293,34,1,test
581,592,88,1,development
136,300,24,5,test
468,69,61,3,development
572,96,81,2,development
20,315,4,2,test
83,607,19,5,development
293,601,48,4,development
163,547,28,3,development
387,74,51,3,development
104,147,12,3,buffer
595,337,85,4,buffer
462,198,62,1,buffer
634,137,92,2,buffer
576,210,83,5,test
515,390,75,5,buffer
223,216,33,3,test
617,302,94,2,test
523,346,75,5,buffer
493,165,72,1,buffer
358,462,56,5,development
197,484,27,4,development
430,396,65,5,buffer
154,368,25,5,buffer
415,561,68,4,development
510,382,75,5,buffer
219,605,39,6,development
587,155,82,2,buffer
508,124,71,1,development
458,392,65,4,buffer
144,266,23,5,test
3,111,1,3,development
457,170,62,1,buffer
532,489,77,1,development
318,596,48,4,development
224,437,36,2,development
234,15,30,3,development
400,36,50,1,development
220,589,38,6,development
626,118,91,2,development
100,381,15,4,buffer
637,208,93,1,test
54,362,5,3,buffer
549,109,81,2,development
623,310,94,5,test
238,298,34,2,test
16,459,6,3,development
601,72,81,2,development
212,550,38,6,development
477,571,78,4,development
219,180,32,1,buffer
585,137,82,5,buffer
574,3,80,2,development
464,505,67,4,development
446,296,64,4,test
15,540,8,5,development
610,17,90,5,development
147,570,28,4,development
421,442,66,5,development
218,402,36,5,development
523,209,73,5,test
72,612,19,4,development
344,23,50,1,development
213,428,36,1,development
283,88,41,3,development
541,526,87,5,development
590,222,83,4,test
355,388,55,5,buffer
209,407,36,2,development
429,287,64,1,test
45,449,6,3,development
123,336,15,5,buffer
438,413,66,5,development
41,355,5,4,buffer
318,433,46,4,development
198,572,28,4,development
363,563,58,4,development
132,355,15,5,buffer
83,577,18,5,development
23,332,4,4,test
187,395,25,2,buffer
645,7,90,2,development
48,210,3,3,test
242,508,37,4,development
44,309,4,3,test
453,475,67,4,development
195,478,27,4,development
125,6,10,2,development
89,337,15,5,buffer
344,366,55,5,buffer
26,147,2,3,buffer
334,521,47,4,development
399,305,54,4,test
561,112,81,2,development
425,461,66,5,development
641,19,90,2,development
164,332,24,5,test
373,266,53,5,test
514,263,73,5,test
195,238,23,2,test
339,294,54,1,test
560,552,88,3,development
402,507,67,4,development
256,447,36,3,development
158,53,20,3,development
124,8,10,2,development
97,208,13,2,test
199,65,20,1,development
517,216,73,5,test
30,158,2,3,buffer
232,209,33,3,test
501,62,70,3,development
147,289,24,5,test
423,515,67,4,development
191,144,22,3,buffer
378,279,54,5,test
23,98,1,3,development
502,116,71,1,development
553,13,80,1,development
155,350,25,5,buffer
468,263,63,3,test
577,2,80,2,development
494,424,76,5,development
610,215,93,1,test
550,249,83,4,test
609,92,91,2,development
56,614,9,5,development
450,195,62,1,buffer
559,396,85,4,buffer
354,610,59,4,development
420,456,66,5,development
164,434,26,5,development
193,474,27,1,development
116,154,12,1,buffer
95,3,10,2,development
9,504,7,4,development
604,87,91,2,development
68,197,12,3,buffer
224,591,38,6,development
409,594,68,4,development
221,360,35,3,buffer
310,2,40,1,development
429,304,64,1,test
330,533,47,4,development
113,209,13,1,test
113,86,11,3,development
377,23,50,1,development
386,593,58,4,development
46,529,7,2,development
154,447,26,5,development
608,152,92,2,buffer
180,426,26,5,development
115,599,18,4,development
95,548,18,5,development
59,36,0,3,development
583,589,88,1,development
299,128,41,4,development
631,338,95,4,buffer
268,61,40,3,development
44,562,8,4,development
558,75,81,2,development
142,540,28,3,development
293,74,41,1,development
258,20,30,3,development
280,122,41,1,development
357,352,55,5,buffer
402,328,64,4,test
309,215,43,3,test
606,290,94,2,test
345,81,51,3,development
547,334,84,4,test
373,419,56,4,development
397,610,59,4,development
345,398,55,5,buffer
152,8,20,3,development
622,325,94,5,test
433,149,62,1,buffer
444,516,67,4,development
188,448,26,3,development
398,328,54,4,test
485,237,73,1,test
351,612,59,4,development
17,347,5,2,buffer
96,288,14,1,test
576,207,83,5,test
230,45,30,3,development
615,90,91,2,development
341,390,55,5,buffer
149,342,25,5,buffer
500,598,78,4,development
376,520,57,1,development
3,442,6,3,development
348,330,54,3,test
181,459,26,3,development
400,75,51,1,development
491,353,75,5,buffer
163,15,20,3,development
430,440,66,5,development
510,276,74,5,test
70,136,12,3,buffer
488,430,76,5,development
511,380,75,5,buffer
371,267,53,5,test
611,115,91,2,development
237,9,30,1,development
496,457,76,4,development
626,137,92,2,buffer
172,366,25,5,buffer
149,343,25,5,buffer
526,83,71,2,development
436,459,66,4,development
19,127,1,3,development
320,350,45,2,buffer
141,542,28,5,development
302,248,43,1,test
224,595,38,6,development
535,145,72,1,buffer
628,540,98,1,development
341,391,55,5,buffer
588,114,81,2,development
201,33,30,1,development
115,566,18,5,development
617,542,98,1,development
292,397,45,1,buffer
22,558,8,5,development
304,475,47,5,development
349,298,54,3,test
304,363,45,4,buffer
262,299,34,4,test
134,501,27,4,development
11,376,5,3,buffer
614,129,91,2,development
600,16,80,2,development
133,4,10,2,development
405,468,66,5,development
367,479,57,1,development
472,195,72,1,buffer
615,231,93,6,test
474,339,75,4,buffer
564,257,83,2,test
147,343,25,5,buffer
145,315,24,5,test
461,580,68,4,development
616,386,95,1,buffer
135,240,23,5,test
171,110,21,3,development
522,316,74,5,test
418,409,66,4,development
398,357,55,1,buffer
340,235,53,1,test
311,82,41,1,development
525,438,76,4,development
346,47,50,1,development
584,75,81,2,development
368,404,56,4,development
364,343,55,5,buffer
547,503,87,3,development
336,528,57,5,development
144,264,23,5,test
382,503,57,4,development
146,76,21,1,development
381,261,53,5,test
111,424,16,4,development
390,491,57,4,development
499,33,70,3,development
524,560,78,3,development
617,138,92,2,buffer
515,391,75,5,buffer
399,205,53,4,test
404,445,66,4,development
181,612,29,1,development
62,497,7,5,development
512,89,71,2,development
135,469,27,5,development
542,46,80,2,development
156,488,27,1,development
605,74,91,2,development
599,283,84,1,test
472,513,77,4,development
214,307,34,3,test
596,11,80,2,development
496,100,71,2,development
75,83,11,3,development
208,140,32,3,buffer
154,354,25,5,buffer
582,486,87,4,development
197,565,28,4,development
615,361,95,4,buffer
514,74,71,2,development
439,551,68,4,development
432,218,63,1,test
495,199,72,2,buffer
614,84,91,2,development
379,104,51,3,development
568,454,86,2,development
66,473,7,5,development
606,148,92,2,buffer
352,370,55,5,buffer
186,40,20,1,development
144,262,23,5,test
9,42,0,2,development
211,173,32,1,buffer
17,559,8,5,development
140,474,27,5,development
550,392,85,4,buffer
186,229,23,2,test
312,441,46,4,development
547,375,85,4,buffer
617,20,90,5,development
113,199,12,2,buffer
61,522,7,5,development
142,293,24,5,test
271,289,44,4,test
289,387,45,4,buffer
434,331,64,1,test
447,544,68,4,development
545,121,81,5,development
154,146,22,1,buffer
626,104,91,2,development
508,0,70,1,development
428,178,62,3,buffer
241,60,30,1,development
538,348,85,5,buffer
267,200,32,3,buffer
276,122,41,1,development
315,138,42,1,buffer
469,492,77,4,development
597,91,81,2,development
184,51,20,3,development
573,92,81,2,development
115,271,14,2,test
341,251,53,3,test
139,42,20,1,development
399,347,55,1,buffer
593,24,80,2,development
396,431,56,4,development
269,270,44,1,test
394,544,58,4,development
154,403,26,5,development
227,442,36,2,development
59,345,5,2,buffer
605,107,91,2,development
51,596,8,5,development
592,237,83,3,test
593,423,86,4,development
556,205,83,1,test
228,156,32,3,buffer
327,314,44,3,test
616,183,92,1,buffer
163,237,23,5,test
570,97,81,2,development
119,128,11,1,development
348,360,55,5,buffer
100,428,16,5,development
351,276,54,3,test
289,433,46,4,development
621,152,92,2,buffer
114,395,15,5,buffer
163,283,24,2,test
433,463,66,5,development
82,259,13,4,test
625,539,98,1,development
165,476,27,3,development
142,483,27,5,development
518,413,76,4,development
611,180,92,1,buffer
118,112,11,2,development
309,313,44,1,test
501,207,73,5,test
509,177,72,5,buffer
559,11,80,3,development
280,220,43,3,test
340,154,52,1,buffer
582,24,80,2,development
247,545,38,4,development
594,51,80,2,development
251,450,36,1,development
353,370,55,5,buffer
128,374,15,5,buffer
211,571,38,6,development
400,385,55,3,buffer
165,279,24,2,test
449,215,63,1,test
345,497,57,4,development
456,32,60,1,development
130,465,16,5,development
128,343,15,5,buffer
144,362,25,5,buffer
549,592,88,4,development
388,19,50,1,development
404,311,64,5,test
104,10,10,5,development
71,476,17,5,development
130,456,16,5,development
250,499,37,3,development
627,142,92,2,buffer
270,314,44,4,test
2,522,7,5,development
235,561,38,5,development
395,509,57,4,development
490,220,73,4,test
353,490,57,4,development
358,368,55,5,buffer
229,313,34,3,test
111,8,10,5,development
458,107,61,1,development
94,11,10,5,development
576,2,80,2,development
417,335,65,1,buffer
253,4,30,1,development
16,254,3,3,test
428,318,64,1,test
448,207,63,1,test
630,192,92,1,buffer
223,190,32,3,buffer
354,368,55,5,buffer
372,546,58,4,development
457,246,63,3,test
58,96,1,2,development
509,405,76,4,development
171,361,25,5,buffer
642,413,96,1,development
419,606,69,4,development
140,271,24,5,test
377,61,50,1,development
517,128,71,1,development
443,347,65,3,buffer
565,86,81,2,development
616,121,91,2,development
563,161,82,2,buffer
253,135,32,3,buffer
177,136,22,1,buffer
21,165,2,3,buffer
401,482,57,4,development
587,227,83,3,test
27,302,4,3,test
317,554,48,4,development
236,467,36,2,development
112,423,16,4,development
116,332,14,5,test
654,69,91,2,development
582,0,80,2,development
217,424,36,1,development
150,109,21,1,development
309,302,44,4,test
544,276,84,2,test
543,86,81,2,development
165,497,27,6,development
599,155,82,2,buffer
417,349,65,3,buffer
419,275,64,3,test
492,289,74,4,test
569,1,80,2,development
145,569,28,5,development
384,120,51,1,development
511,421,76,4,development
497,40,70,3,development
56,525,7,5,development
79,213,13,3,test
512,414,76,4,development
166,509,27,6,development
648,21,90,2,development
604,592,98,2,development
511,221,73,5,test
336,531,57,5,development
61,166,2,3,buffer
510,543,78,4,development
439,568,68,4,development
472,75,71,1,development
32,485,7,4,development
367,535,57,1,development
229,75,31,1,development
602,322,84,4,test
55,249,3,3,test
357,501,57,4,development
23,565,8,5,development
21,44,0,2,development
581,256,83,1,test
217,581,38,6,development
555,287,84,4,test
207,583,38,6,development
184,222,23,2,test
10,602,8,4,development
52,129,1,3,development
254,268,34,4,test
38,452,6,2,development
577,303,84,4,test
276,121,41,1,development
621,222,93,1,test
59,348,5,2,buffer
153,457,26,5,development
312,338,45,3,buffer
511,128,71,1,development
31,531,7,5,development
12,225,3,3,test
224,600,38,6,development
635,21,90,2,development
346,429,56,5,development
215,489,37,5,development
180,286,24,5,test
145,509,27,6,development
613,200,92,1,buffer
435,265,63,3,test
382,476,57,4,development
615,131,91,2,development
65,47,0,3,development
617,142,92,2,buffer
90,215,13,6,test
355,432,56,5,development
547,357,85,4,buffer
235,591,38,6,development
404,483,67,4,development
638,252,93,3,test
237,322,34,3,test
191,359,25,4,buffer
186,219,23,2,test
101,343,15,4,buffer
54,24,0,3,development
481,491,77,5,development
248,503,37,4,development
524,132,71,1,development
537,64,80,2,development
79,335,15,2,buffer
65,187,2,3,buffer
348,424,56,5,development
472,384,75,4,buffer
135,387,25,5,buffer
11,293,4,3,test
186,302,24,5,test
60,608,9,5,development
213,284,34,3,test
225,566,38,4,development
567,69,81,2,development
100,60,10,1,development
394,39,50,1,development
453,248,63,3,test
491,291,74,4,test
200,144,22,3,buffer
235,119,31,1,development
595,515,87,1,development
296,137,42,1,buffer
625,119,91,2,development
217,429,36,1,development
575,3,80,2,development
594,540,88,1,development
348,555,58,4,development
431,250,63,3,test
51,87,1,2,development
538,214,83,2,test
463,32,60,1,development
140,471,27,5,development
569,119,81,2,development
216,545,38,6,development
165,232,23,5,test
142,576,28,4,development
337,130,51,1,development
265,498,37,5,development
647,201,93,1,test
13,191,2,3,buffer
582,460,86,2,development
578,538,88,1,development
41,255,3,3,test
250,203,33,3,test
368,604,59,4,development
587,0,80,2,development
631,127,91,2,development
354,153,52,4,buffer
561,117,81,2,development
451,171,62,1,buffer
216,546,38,6,development
275,570,48,5,development
265,33,30,3,development
85,332,14,5,test
454,290,64,4,test
194,8,20,3,development
128,559,18,5,development
443,565,68,4,development
633,2,90,2,development
147,510,27,6,development
436,284,64,1,test
167,491,27,6,development
570,188,82,1,buffer
346,367,55,5,buffer
581,257,83,1,test
574,235,83,5,test
505,130,71,1,development
621,124,91,2,development
8,166,2,3,buffer
588,98,81,2,development
166,53,20,3,development
531,496,77,4,development
594,586,88,1,development
312,421,46,4,development
448,400,65,4,buffer
569,455,86,2,development
149,21,20,3,development
119,142,12,3,buffer
562,122,81,2,development
261,410,36,4,development
247,487,37,1,development
515,587,78,4,development
642,207,93,1,test
575,13,80,2,development
205,262,33,3,test
616,307,94,2,test
43,201,3,3,test
343,415,56,5,development
541,392,85,4,buffer
233,27,30,1,development
72,16,10,3,development
486,531,77,5,development
267,295,34,1,test
58,300,4,3,test
505,147,72,1,buffer
183,93,21,3,development
82,476,17,2,development
301,430,46,4,development
110,406,16,5,development
459,389,65,4,buffer
325,24,40,1,development
608,430,96,5,development
125,464,16,5,development
334,352,45,4,buffer
20,570,8,5,development
252,469,37,1,development
35,9,0,3,development
353,579,58,5,development
330,312,44,3,test
563,124,81,2,development
336,157,52,1,buffer
12,484,7,4,development
275,147,42,3,buffer
460,565,68,4,development
76,129,11,3,development
548,36,80,2,development
146,349,25,5,buffer
173,279,24,5,test
525,318,74,5,test
56,287,4,3,test
276,487,47,5,development
87,360,15,4,buffer
73,344,15,2,buffer
131,366,15,5,buffer
70,615,19,4,development
381,140,52,1,buffer
652,31,90,2,development
234,420,36,1,development
30,526,7,5,development
503,303,74,4,test
512,87,71,2,development
541,419,86,4,development
30,565,8,5,development
375,161,52,1,buffer
49,136,2,3,buffer
200,82,21,3,development
354,401,55,5,buffer
391,568,58,4,development
169,209,23,5,test
285,342,45,4,buffer
595,59,80,2,development
638,4,90,2,development
390,15,50,1,development
165,105,21,3,development
596,52,80,2,development
267,435,36,4,development
336,297,54,1,test
223,267,33,2,test
630,193,92,1,buffer
402,37,60,1,development
220,169,32,1,buffer
149,82,21,1,development
477,418,76,4,development
440,164,62,1,buffer
361,371,55,4,buffer
79,345,15,2,buffer
146,152,22,2,buffer
205,223,33,2,test
297,310,44,4,test
526,85,71,2,development
209,583,38,6,development
338,200,52,1,buffer
559,77,81,2,development
123,268,14,2,test
653,573,98,1,development
526,265,73,4,test
425,321,64,1,test
526,457,76,5,development
60,541,8,5,development
2,404,6,3,development
234,187,32,3,buffer
608,204,93,6,test
127,523,17,3,development
197,233,23,2,test
617,219,93,1,test
146,39,20,3,development
90,470,17,2,development
351,596,58,4,development
116,391,15,5,buffer
411,588,68,4,development
563,125,81,2,development
3,41,0,2,development
211,576,38,6,development
548,52,80,2,development
314,71,41,3,development
229,170,32,1,buffer
513,239,73,5,test
488,196,72,1,buffer
582,142,82,2,buffer
640,176,92,1,buffer
287,451,46,2,development
612,534,97,1,development
217,462,36,1,development
400,39,50,1,development
140,217,23,1,test
537,240,83,5,test
611,130,91,2,development
308,81,41,1,development
387,496,57,4,development
523,314,74,5,test
333,114,41,3,development
533,85,71,2,development
189,282,24,5,test
150,509,27,6,development
618,301,94,2,test
385,492,57,4,development
573,106,81,2,development
394,328,54,4,test
358,417,56,5,development
403,108,61,1,development
610,342,95,4,buffer
44,77,1,2,development
240,4,30,1,development
590,106,81,2,development
349,1,50,1,development
361,237,53,3,test
436,586,68,4,development
621,329,94,5,test
584,122,81,2,development
556,410,86,4,development
525,224,73,5,test
545,43,80,2,development
443,585,68,5,development
452,326,64,3,test
591,304,84,4,test
297,243,43,3,test
558,126,81,2,development
216,452,36,1,development
501,21,70,1,development
74,600,18,5,development
604,465,96,4,development
290,361,45,4,buffer
466,479,67,4,development
632,587,98,3,development
382,140,52,1,buffer
288,252,43,4,test
232,596,38,6,development
600,299,84,4,test
78,135,12,3,buffer
214,581,38,6,development
475,509,77,5,development
129,357,15,5,buffer
195,247,23,2,test
159,96,21,3,development
229,597,38,6,development
482,532,77,5,development
248,203,33,3,test
43,144,2,3,buffer
133,570,18,5,development
247,466,36,2,development
342,604,59,5,development
221,22,30,3,development
585,317,84,4,test
30,63,0,2,development
141,61,20,3,development
570,40,80,2,development
171,380,25,2,buffer
93,615,19,4,development
503,590,78,4,development
86,78,11,3,development
183,431,26,3,development
53,389,5,1,buffer
253,198,32,1,buffer
512,79,71,2,development
90,339,15,5,buffer
548,484,87,4,development
536,288,84,2,test
432,304,64,1,test
369,39,50,1,development
205,507,37,4,development
589,579,88,1,development
131,335,15,5,buffer
51,138,2,3,buffer
293,273,44,4,test
643,416,96,3,development
344,397,55,5,buffer
570,340,85,4,buffer
598,79,81,2,development
79,113,11,3,development
159,141,22,3,buffer
7,549,8,5,development
105,151,12,3,buffer
367,480,57,1,development
572,436,86,4,development
390,478,57,4,development
394,248,53,5,test
439,189,62,1,buffer
171,464,26,3,development
74,598,18,5,development
37,341,5,1,buffer
399,413,56,4,development
597,163,82,2,buffer
281,359,45,1,buffer
444,150,62,1,buffer
123,135,12,3,buffer
607,194,92,1,buffer
468,50,60,1,development
581,72,81,2,development
609,444,96,4,development
147,267,23,5,test
643,16,90,2,development
127,480,17,5,development
506,491,77,4,development
571,8,80,3,development
150,395,25,5,buffer
570,404,86,4,development
29,234,3,3,test
199,522,27,6,development
346,389,55,5,buffer
519,351,75,5,buffer
25,295,4,1,test
405,412,66,4,development
28,38,0,3,development
348,103,51,3,development
652,11,90,2,development
618,548,98,1,development
327,237,43,3,test
58,149,2,3,buffer
209,157,32,3,buffer
618,527,97,1,development
86,14,10,3,development
195,209,23,2,test
604,171,92,1,buffer
78,566,18,4,development
204,430,36,1,development
389,329,54,4,test
185,293,24,5,test
202,182,32,1,buffer
577,199,82,5,buffer
130,395,15,5,buffer
619,148,92,2,buffer
393,56,50,1,development
386,472,57,4,development
161,402,26,5,development
514,72,71,2,development
463,304,64,3,test
473,171,72,1,buffer
203,208,33,2,test
532,275,74,5,test
412,517,67,4,development
288,409,46,1,development
13,475,7,1,development
287,306,44,3,test
169,442,26,5,development
547,88,81,2,development
43,190,2,3,buffer
430,553,68,4,development
36,380,5,3,buffer
569,436,86,4,development
191,303,24,5,test
319,440,46,5,development
603,145,92,2,buffer
146,376,25,5,buffer
107,371,15,5,buffer
137,194,22,3,buffer
603,152,92,2,buffer
509,241,73,5,test
197,486,27,4,development
167,493,27,6,development
478,53,70,5,development
248,249,33,1,test
633,437,96,2,development
588,89,81,2,development
496,605,79,4,development
199,33,20,1,development
588,116,81,2,development
36,68,1,2,development
520,326,74,5,test
216,584,38,6,development
605,154,92,2,buffer
256,542,38,1,development
603,481,97,2,development
46,547,8,5,development
275,416,46,4,development
222,598,38,6,development
393,325,54,4,test
573,16,80,2,development
568,194,82,1,buffer
82,553,18,5,development
623,102,91,2,development
457,8,60,3,development
212,453,36,1,development
447,324,64,4,test
639,287,94,3,test
310,548,48,5,development
494,601,78,4,development
270,494,47,5,development
485,14,70,2,development
224,498,37,2,development
280,369,45,4,buffer
25,585,8,4,development
209,279,34,3,test
351,383,55,5,buffer
277,184,42,3,buffer
497,171,72,1,buffer
294,240,43,1,test
624,117,91,2,development
648,527,97,1,development
444,570,68,4,development
638,427,96,3,development
522,138,72,2,buffer
552,77,81,2,development
461,277,64,3,test
28,159,2,3,buffer
458,513,67,4,development
33,365,5,3,buffer
585,61,80,4,development
317,429,46,4,development
609,216,93,1,test
277,271,44,3,test
130,435,16,4,development
538,240,83,5,test
217,159,32,1,buffer
331,196,42,3,buffer
641,243,93,1,test
399,436,56,4,development
545,63,80,2,development
506,72,71,2,development
363,179,52,1,buffer
284,361,45,3,buffer
44,203,3,3,test
563,238,83,4,test
229,609,39,4,development
602,2,80,2,development
99,332,14,5,test
510,193,72,5,buffer
218,583,38,6,development
29,344,5,1,buffer
487,182,72,1,buffer
279,240,43,3,test
206,575,38,6,development
141,454,26,5,development
144,516,27,6,development
580,592,88,1,development
466,422,66,4,development
314,366,45,4,buffer
468,270,64,3,test
211,552,38,6,development
269,541,48,3,development
308,434,46,4,development
88,287,14,1,test
181,217,23,5,test
67,332,14,2,test
208,305,34,3,test
286,369,45,1,buffer
647,188,92,2,buffer
139,463,26,5,development
141,451,26,5,development
544,475,87,1,development
238,456,36,2,development
140,262,23,5,test
606,221,93,6,test
492,170,72,1,buffer
53,61,0,3,development
546,16,80,1,development
198,430,26,1,development
347,220,53,4,test
220,159,32,3,buffer
258,444,36,1,development
111,404,16,5,development
625,113,91,2,development
603,108,91,2,development
386,167,52,1,buffer
507,113,71,1,development
96,194,12,3,buffer
37,544,8,5,development
2,228,3,3,test
598,57,80,2,development
609,202,93,6,test
265,75,31,3,development
177,183,22,1,buffer
42,541,8,5,development
409,579,68,4,development
154,89,21,1,development
167,350,25,4,buffer
262,455,36,2,development
148,63,20,1,development
85,449,16,5,development
158,99,21,3,development
602,375,85,4,buffer
101,468,16,1,development
242,590,38,6,development
562,483,87,1,development
207,578,38,6,development
321,405,46,4,development
235,134,32,3,buffer
525,452,76,4,development
144,115,21,3,development
322,464,46,4,development
601,478,87,2,development
211,426,36,1,development
615,110,91,2,development
491,519,77,4,development
392,601,58,4,development
246,348,35,4,buffer
292,364,45,1,buffer
124,77,11,3,development
328,105,41,3,development
165,492,27,6,development
232,74,31,1,development
542,411,86,4,development
596,49,80,2,development
125,63,10,3,development
44,156,2,3,buffer
242,398,35,5,buffer
543,188,82,2,buffer
488,18,70,2,development
79,339,15,2,buffer
497,393,75,5,buffer
552,126,81,2,development
309,96,41,3,development
599,159,82,2,buffer
19,41,0,2,development
263,176,32,1,buffer
140,480,27,5,development
596,87,81,2,development
325,223,43,1,test
192,12,20,3,development
420,376,65,4,buffer
320,594,48,4,development
256,132,31,4,development
269,613,49,4,development
526,248,73,5,test
496,241,73,4,test
136,587,28,4,development
556,59,80,2,development
12,396,5,3,buffer
215,172,32,1,buffer
194,196,22,2,buffer
50,549,8,5,development
493,410,76,5,development
339,457,56,5,development
158,551,28,3,development
145,410,26,5,development
548,117,81,5,development
496,96,71,1,development
453,593,68,4,development
171,287,24,5,test
467,86,61,1,development
223,595,38,6,development
605,532,97,1,development
201,207,33,2,test
262,71,31,3,development
125,404,16,5,development
118,527,17,1,development
297,376,45,4,buffer
628,96,91,2,development
385,534,57,4,development
510,8,70,3,development
348,289,54,3,test
53,311,4,3,test
154,440,26,5,development
405,236,63,4,test
120,263,13,2,test
129,565,18,5,development
563,389,85,4,buffer
77,14,10,3,development
325,146,42,1,buffer
516,442,76,4,development
461,66,60,1,development
16,473,7,1,development
490,124,71,1,development
596,137,82,2,buffer
154,488,27,1,development
243,491,37,1,development
25,409,6,3,development
207,506,37,5,development
91,454,16,5,development
94,178,12,3,buffer
483,306,74,3,test
615,395,95,4,buffer
108,329,14,5,test
527,316,74,5,test
74,585,18,5,development
271,399,45,1,buffer
351,13,50,1,development
349,290,54,3,test
267,332,34,4,test
206,126,31,3,development
389,90,51,1,development
73,290,14,1,test
218,170,32,1,buffer
572,329,84,4,test
137,123,21,2,development
236,614,39,4,development
147,318,24,5,test
110,2,10,5,development
242,461,36,2,development
553,121,81,2,development
455,164,62,1,buffer
508,611,79,4,development
625,278,94,2,test
480,279,74,4,test
83,536,18,5,development
204,85,31,3,development
194,30,20,1,development
29,66,0,2,development
381,532,57,4,development
506,544,78,4,development
650,199,92,1,buffer
67,536,18,5,development
160,346,25,5,buffer
300,430,46,4,development
126,544,18,5,development
339,477,57,4,development
428,395,65,5,buffer
121,563,18,5,development
355,577,58,5,development
25,36,0,3,development
90,519,17,1,development
599,64,80,2,development
285,490,47,4,development
138,318,24,5,test
466,197,62,1,buffer
383,474,57,4,development
139,548,28,5,development
208,452,36,1,development
361,192,52,1,buffer
98,362,15,4,buffer
166,494,27,6,development
10,120,1,3,development
462,23,60,1,development
20,451,6,1,development
195,43,20,3,development
123,43,10,1,development
140,475,27,5,development
40,198,2,3,buffer
648,168,92,1,buffer
233,352,35,3,buffer
344,458,56,5,development
169,113,21,3,development
138,554,28,5,development
405,433,66,5,development
202,344,35,4,buffer
31,211,3,3,test
7,527,7,5,development
274,393,45,1,buffer
99,323,14,5,test
111,198,12,6,buffer
538,551,88,4,development
644,424,96,1,development
645,9,90,2,development
65,80,1,3,development
498,562,78,4,development
203,357,35,4,buffer
476,1,70,1,development
407,614,69,4,development
626,182,92,1,buffer
7,22,0,2,development
136,453,26,5,development
404,36,60,1,development
457,17,60,1,development
44,393,5,1,buffer
619,218,93,1,test
148,370,25,5,buffer
265,182,32,1,buffer
148,218,23,1,test
358,595,58,5,development
368,82,51,1,development
121,263,13,2,test
38,558,8,5,development
128,291,14,5,test
313,545,48,5,development
183,136,22,1,buffer
598,167,82,1,buffer
272,574,48,5,development
296,6,40,4,development
224,448,36,2,development
539,66,80,2,development
592,38,80,2,development
497,606,79,4,development
14,598,8,4,development
550,342,85,4,buffer
242,106,31,3,development
211,172,32,1,buffer
447,403,66,4,development
479,465,76,4,development
624,138,92,2,buffer
102,240,13,3,test
216,544,38,6,development
339,24,50,1,development
154,20,20,3,development
206,267,33,3,test
530,317,74,5,test
635,386,95,4,buffer
362,471,57,5,development
615,85,91,2,development
67,335,15,2,buffer
155,487,27,1,development
602,190,82,3,buffer
238,449,36,5,development
468,504,67,4,development
654,240,93,1,test
304,265,43,3,test
142,283,24,5,test
313,494,47,3,development
614,153,92,2,buffer
408,435,66,5,development
171,420,26,5,development
490,514,77,4,development
587,283,84,1,test
214,361,35,4,buffer
489,220,73,4,test
605,156,92,2,buffer
636,6,90,2,development
116,489,17,5,development
616,230,93,6,test
506,450,76,4,development
17,415,6,3,development
155,597,28,4,development
222,608,39,6,development
402,596,68,4,development
101,489,17,5,development
436,334,64,3,test
471,316,74,3,test
94,211,13,6,test
590,121,81,2,development
510,507,77,4,development
604,91,91,2,development
306,597,48,4,development
79,82,11,3,development
93,5,10,2,development
113,324,14,5,test
543,286,84,2,test
425,256,63,3,test
390,271,54,5,test
204,165,32,1,buffer
80,469,17,2,development
378,589,58,4,development
138,178,22,3,buffer
209,88,31,3,development
645,535,97,1,development
365,433,56,4,development
28,501,7,5,development
174,317,24,5,test
523,12,70,1,development
124,444,16,5,development
359,19,50,1,development
116,272,14,2,test
50,519,7,5,development
217,275,34,3,test
213,516,37,6,development
138,606,29,4,development
276,45,40,3,development
580,43,80,2,development
556,119,81,2,development
223,500,37,2,development
509,125,71,1,development
11,328,4,1,test
122,257,13,2,test
90,455,16,5,development
603,338,95,1,buffer
189,241,23,2,test
620,382,95,2,buffer
321,517,47,3,development
434,135,62,1,buffer
562,246,83,4,test
21,347,5,2,buffer
430,405,66,5,development
211,494,37,4,development
564,511,87,5,development
553,79,81,2,development
353,300,54,4,test
442,239,63,3,test
218,602,38,6,development
385,355,55,4,buffer
269,113,41,1,development
554,290,84,4,test
318,585,48,4,development
190,155,22,1,buffer
580,284,84,5,test
106,79,11,3,development
540,212,83,2,test
203,408,36,2,development
481,167,72,1,buffer
287,503,47,4,development
211,586,38,6,development
640,177,92,1,buffer
98,26,10,3,development
158,529,27,6,development
316,535,47,5,development
38,133,1,3,development
0,138,2,3,buffer
212,549,38,6,development
311,555,48,5,development
599,55,80,2,development
383,516,57,4,development
570,107,81,2,development
538,38,80,2,development
128,484,17,5,development
411,342,65,1,buffer
36,450,6,2,development
386,357,55,1,buffer
453,214,63,1,test
115,265,13,2,test
250,170,32,3,buffer
54,236,3,3,test
324,143,42,1,buffer
644,273,94,1,test
126,119,11,2,development
324,237,43,4,test
79,468,16,2,development
79,70,11,1,development
142,357,25,5,buffer
604,58,90,2,development
513,413,76,4,development
309,544,48,5,development
588,278,84,1,test
79,469,17,2,development
446,587,68,4,development
48,340,5,2,buffer
126,238,13,5,test
615,139,92,2,buffer
570,81,81,2,development
579,499,87,1,development
295,544,48,5,development
405,373,65,4,buffer
453,222,63,1,test
507,207,73,5,test
79,344,15,2,buffer
555,462,86,1,development
393,610,59,4,development
149,514,27,6,development
222,426,36,1,development
588,101,81,2,development
221,596,38,6,development
460,250,63,3,test
621,108,91,2,development
334,112,41,3,development
372,37,50,1,development
54,216,3,3,test
500,93,71,2,development
280,482,47,4,development
549,453,86,4,development
124,448,16,5,development
255,452,36,3,development
117,5,10,2,development
278,303,44,4,test
26,193,2,3,buffer
163,53,20,3,development
461,605,69,4,development
169,70,21,3,development
295,8,40,4,development
352,548,58,4,development
539,430,86,4,development
342,208,53,1,test
267,19,30,3,development
533,413,76,4,development
574,103,81,2,development
417,540,68,5,development
520,419,76,4,development
371,446,56,4,development
232,573,38,3,development
631,228,93,1,test
559,557,88,3,development
436,135,62,1,buffer
607,569,98,1,development
268,307,44,4,test
647,3,90,2,development
4,487,7,4,development
607,80,91,2,development
311,3,40,1,development
166,491,27,6,development
553,432,86,3,development
335,44,50,4,development
208,280,34,3,test
430,10,60,1,development
386,527,57,4,development
68,230,13,3,test
581,214,83,5,test
126,475,17,5,development
32,68,1,2,development
521,252,73,5,test
205,72,31,3,development
420,511,67,4,development
388,595,58,4,development
196,239,23,2,test
612,311,94,2,test
91,128,11,1,development
401,504,57,4,development
124,429,16,5,development
495,157,72,1,buffer
547,246,83,4,test
130,394,15,5,buffer
85,192,12,3,buffer
125,21,10,2,development
406,508,67,4,development
86,228,13,3,test
90,319,14,5,test
94,559,18,5,development
333,65,40,2,development
18,191,2,3,buffer
628,115,91,2,development
606,404,96,3,development
365,20,50,1,development
117,511,17,5,development
475,332,74,4,test
236,546,38,4,development
619,105,91,2,development
211,583,38,6,development
321,434,46,5,development
607,128,91,2,development
550,44,80,2,development
515,197,72,5,buffer
139,578,28,4,development
319,444,46,5,development
186,242,23,2,test
565,62,80,2,development
429,133,61,1,development
97,514,17,1,development
371,165,52,1,buffer
120,237,13,2,test
274,614,49,4,development
593,354,85,4,buffer
514,152,72,4,buffer
570,51,80,2,development
563,512,87,5,development
573,98,81,2,development
63,454,6,1,development
604,524,97,1,development
634,4,90,2,development
551,12,80,1,development
493,287,74,4,test
309,381,45,4,buffer
158,530,27,6,development
593,270,84,1,test
196,59,20,3,development
351,585,58,5,development
568,398,85,4,buffer
36,156,2,3,buffer
349,358,55,5,buffer
297,381,45,4,buffer
651,438,96,1,development
96,583,18,4,development
537,355,85,5,buffer
193,399,25,2,buffer
221,604,39,6,development
37,583,8,4,development
215,226,33,1,test
292,28,40,4,development
45,256,3,3,test
305,173,42,1,buffer
416,406,66,4,development
500,452,76,4,development
482,399,75,4,buffer
627,426,96,2,development
311,595,48,4,development
73,211,13,1,test
230,596,38,6,development
636,96,91,2,development
617,147,92,2,buffer
622,111,91,2,development
597,205,83,1,test
377,593,58,4,development
219,83,31,1,development
186,318,24,5,test
576,141,82,2,buffer
232,103,31,3,development
9,558,8,5,development
60,219,3,3,test
359,389,55,5,buffer
550,78,81,2,development
257,188,32,3,buffer
463,122,61,1,development
563,70,81,2,development
259,472,37,4,development
53,182,2,3,buffer
555,66,80,2,development
368,80,51,1,development
528,87,71,2,development
85,9,10,3,development
577,75,81,2,development
421,507,67,4,development
374,113,51,1,development
224,602,38,6,development
71,504,17,5,development
518,472,77,4,development
382,583,58,4,development
10,266,3,3,test
103,558,18,4,development
459,27,60,1,development
554,45,80,2,development
654,46,90,2,development
533,458,76,5,development
108,256,13,2,test
653,349,95,1,buffer
605,108,91,2,development
440,357,65,3,buffer
471,464,76,4,development
615,153,92,2,buffer
244,59,30,1,development
65,161,2,3,buffer
31,397,5,3,buffer
428,303,64,1,test
527,68,71,2,development
296,126,41,4,development
153,542,28,3,development
249,443,36,4,development
511,300,74,5,test
38,393,5,1,buffer
516,251,73,5,test
139,259,23,5,test
437,611,69,4,development
520,591,78,4,development
157,392,25,5,buffer
396,16,50,1,development
274,289,44,1,test
182,180,22,1,buffer
127,121,11,2,development
81,611,19,5,development
32,202,3,3,test
86,480,17,3,development
454,190,62,1,buffer
219,55,30,1,development
290,95,41,3,development
305,296,44,4,test
131,4,10,2,development
29,254,3,1,test
97,207,13,2,test
621,510,97,1,development
22,239,3,1,test
94,344,15,4,buffer
149,305,24,4,test
606,372,95,4,buffer
496,26,70,1,development
148,262,23,5,test
545,59,80,2,development
307,475,47,5,development
452,393,65,4,buffer
231,432,36,4,development
539,206,83,2,test
313,5,40,1,development
321,291,44,4,test
112,476,17,2,development
539,207,83,2,test
395,413,56,4,development
560,112,81,2,development
616,554,98,1,development
221,220,33,3,test
401,415,56,4,development
102,268,14,2,test
365,371,55,5,buffer
356,366,55,5,buffer
35,554,8,5,development
496,20,70,2,development
309,9,40,1,development
551,77,81,2,development
250,145,32,1,buffer
588,91,81,2,development
501,291,74,4,test
132,453,16,5,development
184,158,22,3,buffer
602,118,81,2,development
362,379,55,5,buffer
173,313,24,5,test
419,442,66,5,development
106,20,10,4,development
223,127,31,3,development
20,73,1,3,development
151,69,21,3,development
256,231,33,3,test
65,590,8,5,development
22,153,2,3,buffer
56,160,2,3,buffer
148,515,27,6,development
117,557,18,5,development
55,250,3,3,test
596,90,81,2,development
138,58,20,3,development
124,157,12,3,buffer
219,314,34,3,test
337,33,50,1,development
56,140,2,3,buffer
595,308,84,4,test
606,143,92,2,buffer
11,318,4,4,test
13,557,8,5,development
610,357,95,4,buffer
545,85,81,2,development
281,404,46,4,development
101,519,17,1,development
435,195,62,3,buffer
335,443,56,5,development
181,239,23,2,test
118,23,10,2,development
80,582,18,5,development
284,226,43,4,test
326,187,42,1,buffer
509,431,76,4,development
220,218,33,3,test
208,465,36,1,development
9,76,1,3,development
651,553,98,3,development
471,542,78,5,development
631,133,91,2,development
602,3,80,2,development
542,161,82,4,buffer
571,441,86,4,development
536,84,81,2,development
542,224,83,2,test
319,473,47,4,development
123,266,13,2,test
579,171,82,1,buffer
221,593,38,6,development
224,121,31,1,development
73,198,12,3,buffer
223,592,38,6,development
215,244,33,2,test
415,569,68,4,development
292,21,40,4,development
359,590,58,5,development
245,457,36,2,development
395,92,51,1,development
97,35,10,3,development
316,447,46,5,development
422,66,60,1,development
194,212,23,2,test
590,92,81,2,development
312,346,45,1,buffer
15,11,0,3,development
594,85,81,5,development
602,394,85,4,buffer
645,416,96,3,development
207,419,36,3,development
605,138,92,2,buffer
447,484,67,4,development
510,237,73,5,test
128,571,18,5,development
174,442,26,1,development
146,384,25,5,buffer
472,211,73,1,test
495,134,72,2,buffer
138,362,25,4,buffer
90,252,13,3,test
239,509,37,4,development
479,319,74,1,test
593,320,84,2,test
590,58,80,2,development
275,447,46,4,development
97,344,15,4,buffer
86,451,16,5,development
16,114,1,3,development
148,450,26,5,development
504,129,71,1,development
414,360,65,3,buffer
468,517,67,4,development
154,392,25,5,buffer
19,348,5,2,buffer
344,444,56,5,development
127,607,19,4,development
574,285,84,4,test
37,182,2,3,buffer
71,310,14,5,test
491,600,78,4,development
652,232,93,1,test
17,349,5,2,buffer
208,568,38,6,development
603,153,92,2,buffer
156,439,26,5,development
175,487,27,1,development
189,266,23,3,test
381,308,54,4,test
614,191,92,1,buffer
551,397,85,4,buffer
23,19,0,3,development
23,444,6,3,development
527,442,76,4,development
535,601,78,5,development
419,470,67,5,development
295,270,44,3,test
527,207,73,5,test
155,461,26,5,development
388,433,56,4,development
337,264,53,3,test
454,436,66,4,development
652,21,90,2,development
21,303,4,1,test
60,28,0,3,development
286,483,47,4,development
202,166,32,1,buffer
381,481,57,4,development
214,403,36,2,development
323,411,46,4,development
623,132,91,2,development
421,470,67,5,development
120,18,10,2,development
185,336,25,4,buffer
372,72,51,3,development
66,130,1,3,development
243,113,31,1,development
341,106,51,3,development
452,25,60,3,development
213,418,36,3,development
123,8,10,2,development
587,137,82,2,buffer
620,130,91,2,development
580,497,87,1,development
168,471,27,3,development
500,495,77,4,development
188,247,23,2,test
568,68,81,2,development
70,31,10,3,development
130,347,15,5,buffer
209,329,34,4,test
497,509,77,4,development
252,546,38,1,development
254,196,32,3,buffer
494,423,76,5,development
560,13,80,3,development
603,130,91,5,development
418,104,61,1,development
425,320,64,1,test
188,232,23,5,test
236,24,30,1,development
470,210,73,4,test
64,336,5,2,buffer
158,104,21,3,development
1,298,4,3,test
387,35,50,1,development
595,96,81,2,development
8,345,5,3,buffer
557,599,88,5,development
641,555,98,3,development
255,396,35,2,buffer
582,1,80,2,development
480,455,76,4,development
218,171,32,1,buffer
470,562,78,5,development
400,73,51,1,development
617,371,95,4,buffer
618,116,91,2,development
472,479,77,4,development
89,486,17,4,development
284,149,42,1,buffer
415,409,66,4,development
469,518,77,4,development
93,554,18,5,development
312,156,42,1,buffer
44,556,8,5,development
533,326,74,5,test
171,43,20,3,development
123,5,10,2,development
285,415,46,4,development
503,112,71,1,development
352,210,53,1,test
553,232,83,5,test
522,253,73,5,test
218,582,38,6,development
521,317,74,5,test
268,188,42,4,buffer
275,282,44,1,test
408,276,64,3,test
542,260,83,4,test
339,4,50,1,development
184,351,25,5,buffer
235,593,38,6,development
497,88,71,2,development
167,499,27,6,development
130,570,18,5,development
419,571,68,4,development
40,423,6,3,development
510,86,71,2,development
522,281,74,5,test
237,371,35,1,buffer
94,404,16,2,development
580,48,80,2,development
185,387,25,2,buffer
557,80,81,2,development
285,32,40,3,development
75,480,17,5,development
178,89,21,3,development
244,292,34,1,test
522,310,74,4,test
229,197,32,3,buffer
143,11,20,3,development
72,173,12,3,buffer
13,519,7,5,development
432,195,62,3,buffer
525,510,77,4,development
34,482,7,3,development
222,446,36,2,development
451,303,64,4,test
337,586,58,4,development
102,202,13,6,test
356,370,55,5,buffer
50,8,0,3,development
517,383,75,5,buffer
231,70,31,1,development
153,13,20,3,development
54,193,2,3,buffer
548,134,82,2,buffer
250,174,32,3,buffer
151,373,25,5,buffer
108,422,16,5,development
617,525,97,1,development
496,44,70,3,development
108,479,17,4,development
600,398,85,4,buffer
561,483,87,1,development
386,46,50,1,development
501,95,71,1,development
208,74,31,1,development
362,248,53,3,test
41,471,7,5,development
271,83,41,3,development
343,88,51,3,development
354,195,52,1,buffer
286,494,47,5,development
549,249,83,4,test
146,270,24,5,test
59,302,4,3,test
27,408,6,3,development
270,58,40,3,development
518,593,78,4,development
60,17,0,3,development
283,242,43,1,test
84,107,11,2,development
220,604,39,6,development
76,586,18,5,development
173,346,25,5,buffer
305,472,47,5,development
418,539,68,5,development
195,304,24,5,test
133,207,13,1,test
571,87,81,2,development
475,201,73,3,test
383,268,54,5,test
36,71,1,2,development
603,414,96,4,development
349,81,51,3,development
465,76,61,3,development
336,376,55,5,buffer
189,16,20,3,development
616,83,91,2,development
381,398,55,3,buffer
312,69,41,3,development
551,146,82,2,buffer
153,393,25,5,buffer
502,162,72,1,buffer
265,276,34,3,test
563,313,84,4,test
292,490,47,4,development
327,258,43,3,test
529,213,73,2,test
455,611,69,5,development
274,256,43,4,test
456,405,66,4,development
361,312,54,5,test
205,442,36,1,development
155,398,25,5,buffer
310,562,48,4,development
495,290,74,4,test
608,111,91,2,development
172,36,20,3,development
209,580,38,6,development
534,230,73,5,test
248,465,36,2,development
160,427,26,5,development
622,166,92,2,buffer
118,487,17,5,development
451,308,64,1,test
376,545,58,3,development
237,612,39,4,development
563,89,81,2,development
9,17,0,3,development
188,55,20,3,development
14,283,4,1,test
556,60,80,2,development
538,187,82,1,buffer
187,266,23,3,test
151,375,25,5,buffer
515,142,72,2,buffer
419,169,62,3,buffer
119,514,17,5,development
308,180,42,3,buffer
512,209,73,5,test
545,342,85,4,buffer
602,266,83,1,test
530,307,74,5,test
434,465,66,5,development
86,64,10,1,development
265,442,36,4,development
508,382,75,5,buffer
574,279,84,4,test
62,490,7,5,development
462,460,66,4,development
554,460,86,3,development
212,472,37,3,development
32,581,8,5,development
312,269,44,3,test
598,517,87,1,development
233,546,38,5,development
112,172,12,3,buffer
502,381,75,4,buffer
513,242,73,4,test
59,60,0,3,development
487,419,76,5,development
84,338,15,5,buffer
509,461,76,1,development
498,396,75,5,buffer
106,296,14,4,test
582,114,81,2,development
395,93,51,1,development
615,311,94,2,test
318,112,41,3,development
97,515,17,1,development
166,280,24,2,test
450,286,64,4,test
156,398,25,5,buffer
433,436,66,5,development
42,487,7,5,development
442,451,66,4,development
601,305,84,4,test
358,492,57,4,development
144,349,25,5,buffer
88,467,16,2,development
456,134,62,1,buffer
6,114,1,3,development
433,455,66,5,development
203,441,36,1,development
624,74,91,3,development
435,322,64,1,test
153,385,25,5,buffer
585,106,81,2,development
537,466,86,1,development
22,464,6,3,development
619,169,92,2,buffer
331,589,48,5,development
430,446,66,5,development
319,250,43,4,test
303,552,48,5,development
39,30,0,3,development
105,336,15,5,buffer
248,464,36,2,development
242,596,38,4,development
136,467,26,5,development
46,106,1,3,development
241,590,38,6,development
211,554,38,6,development
262,390,35,4,buffer
39,10,0,3,development
348,390,55,5,buffer
117,613,19,4,development
595,139,82,2,buffer
106,257,13,2,test
39,210,3,3,test
386,514,57,4,development
501,31,70,3,development
319,442,46,5,development
510,152,72,1,buffer
644,438,96,3,development
153,178,22,3,buffer
262,332,34,2,test
629,225,93,1,test
548,453,86,4,development
338,6,50,1,development
609,233,93,6,test
190,257,23,2,test
542,461,86,3,development
617,107,91,2,development
550,273,84,2,test
577,564,88,1,development
294,219,43,3,test
224,441,36,2,development
347,395,55,5,buffer
307,98,41,3,development
39,594,8,4,development
216,581,38,6,development
606,159,92,2,buffer
590,520,87,1,development
350,418,56,5,development
557,112,81,2,development
338,594,58,4,development
489,73,71,3,development
572,499,87,1,development
416,181,62,3,buffer
624,583,98,3,development
215,398,35,2,buffer
344,36,50,4,development
351,466,56,5,development
626,495,97,3,development
46,95,1,3,development
495,562,78,4,development
103,260,13,2,test
115,409,16,4,development
137,344,25,5,buffer
106,260,13,2,test
506,570,78,4,development
583,32,80,2,development
136,136,22,1,buffer
504,10,70,3,development
654,474,97,3,development
199,191,22,2,buffer
527,129,71,1,development
548,70,81,2,development
22,95,1,3,development
203,237,33,1,test
574,283,84,4,test
230,26,30,1,development
49,133,1,3,development
542,78,81,2,development
465,26,60,1,development
242,485,37,1,development
239,596,38,4,development
340,45,50,1,development
50,491,7,1,development
554,139,82,2,buffer
465,517,67,4,development
379,12,50,4,development
225,7,30,3,development
595,132,81,2,development
79,527,17,5,development
230,531,37,4,development
588,383,85,4,buffer
488,460,76,4,development
393,326,54,4,test
129,382,15,5,buffer
226,527,37,4,development
129,457,16,5,development
94,409,16,2,development
348,221,53,4,test
220,421,36,1,development
73,513,17,5,development
308,545,48,5,development
359,428,56,5,development
413,521,67,4,development
589,3,80,2,development
221,425,36,1,development
546,397,85,4,buffer
592,110,81,2,development
29,231,3,3,test
596,204,83,1,test
243,54,30,3,development
191,240,23,2,test
429,202,63,1,test
155,354,25,5,buffer
262,39,30,3,development
191,349,25,5,buffer
185,223,23,2,test
117,558,18,5,development
65,264,3,3,test
187,449,26,3,development
551,215,83,2,test
12,494,7,4,development
392,307,54,4,test
27,66,0,6,development
211,570,38,6,development
462,601,68,4,development
273,122,41,1,development
517,88,71,2,development
320,297,44,3,test
484,605,79,4,development
651,493,97,3,development
226,590,38,6,development
146,204,23,3,test
129,108,11,3,development
8,73,1,3,development
90,473,17,2,development
215,507,37,5,development
557,238,83,4,test
388,600,58,4,development
444,327,64,3,test
473,145,72,1,buffer
209,171,32,1,buffer
190,99,21,3,development
397,53,50,1,development
97,205,13,2,test
240,299,34,2,test
520,15,70,3,development
145,303,24,4,test
635,117,91,2,development
453,196,62,1,buffer
291,72,41,1,development
61,58,0,3,development
288,220,43,3,test
597,336,85,4,buffer
402,220,63,3,test
401,71,51,1,development
369,174,52,1,buffer
618,304,94,2,test
17,544,8,5,development
182,147,22,1,buffer
258,391,35,2,buffer
557,18,80,1,development
432,614,69,4,development
15,46,0,2,development
95,290,14,1,test
568,160,82,2,buffer
71,289,14,1,test
524,597,78,4,development
535,313,74,5,test
406,434,66,5,development
620,53,90,3,development
588,117,81,2,development
558,251,83,2,test
96,3,10,2,development
471,477,77,4,development
570,370,85,4,buffer
19,536,8,5,development
131,144,12,3,buffer
616,153,92,2,buffer
448,269,64,4,test
148,513,27,6,development
90,1,10,2,development
310,488,47,4,development
222,430,36,5,development
33,150,2,3,buffer
478,507,77,5,development
221,584,38,6,development
387,97,51,1,development
232,168,32,1,buffer
145,127,21,2,development
104,531,17,1,development
85,474,17,2,development
149,430,26,5,development
430,433,66,5,development
648,513,97,3,development
42,332,4,1,test
494,303,74,5,test
395,387,55,3,buffer
468,192,62,1,buffer
345,18,50,1,development
292,284,44,1,test
483,401,75,5,buffer
431,446,66,5,development
51,537,8,5,development
578,138,82,2,buffer
549,99,81,2,development
549,63,80,2,development
289,159,42,3,buffer
492,569,78,4,development
303,173,42,1,buffer
465,194,62,1,buffer
644,192,92,1,buffer
47,191,2,3,buffer
279,16,40,4,development
406,80,61,1,development
16,593,8,4,development
35,226,3,3,test
494,298,74,5,test
611,139,92,2,buffer
72,251,13,1,test
300,597,48,4,development
234,438,36,3,development
565,320,84,4,test
639,532,97,3,development
590,599,88,1,development
517,57,70,1,development
485,299,74,3,test
649,32,90,2,development
5,524,7,5,development
593,353,85,4,buffer
508,82,71,2,development
606,446,96,4,development
115,531,17,1,development
161,157,22,2,buffer
471,550,78,5,development
607,204,93,6,test
134,377,25,5,buffer
605,377,95,4,buffer
110,270,14,2,test
29,425,6,3,development
205,482,37,3,development
552,70,81,2,development
268,416,46,1,development
88,577,18,4,development
166,186,22,1,buffer
158,229,23,5,test
314,289,44,3,test
332,451,46,5,development
444,380,65,5,buffer
498,94,71,2,development
275,393,45,1,buffer
209,567,38,6,development
432,431,66,5,development
162,128,21,3,development
180,291,24,5,test
579,7,80,2,development
331,432,46,5,development
131,465,16,5,development
516,78,71,2,development
284,411,46,1,development
480,93,71,1,development
581,112,81,2,development
334,488,47,4,development
169,552,28,6,development
453,29,60,1,development
295,357,45,4,buffer
239,455,36,2,development
570,290,84,4,test
496,282,74,5,test
189,213,23,2,test
128,437,16,5,development
614,90,91,2,development
227,98,31,3,development
411,187,62,3,buffer
183,451,26,1,development
118,5,10,2,development
419,501,67,4,development
121,418,16,4,development
11,555,8,5,development
587,411,86,3,development
360,479,57,5,development
593,558,88,1,development
276,390,45,1,buffer
404,107,61,1,development
145,396,25,5,buffer
423,441,66,5,development
226,533,37,4,development
135,326,24,5,test
165,159,22,2,buffer
469,185,72,1,buffer
230,134,32,3,buffer
438,613,69,4,development
540,418,86,4,development
0,510,7,5,development
446,208,63,1,test
314,396,45,1,buffer
221,589,38,6,development
414,171,62,1,buffer
512,74,71,2,development
474,417,76,4,development
452,214,63,1,test
171,202,23,5,test
4,450,6,3,development
81,598,18,5,development
108,200,12,6,buffer
109,520,17,5,development
212,551,38,6,development
354,514,57,4,development
438,164,62,1,buffer
190,219,23,2,test
209,74,31,1,development
440,379,65,4,buffer
567,115,81,2,development
540,197,82,2,buffer
39,381,5,3,buffer
410,247,63,5,test
348,611,59,5,development
586,554,88,1,development
132,312,14,5,test
208,562,38,6,development
563,443,86,5,development
485,420,76,5,development
344,407,56,5,development
546,408,86,4,development
257,540,38,1,development
558,599,88,5,development
306,389,45,4,buffer
311,139,42,1,buffer
57,146,2,3,buffer
399,262,53,5,test
234,574,38,3,development
279,328,44,1,test
507,27,70,3,development
15,549,8,5,development
30,12,0,3,development
438,186,62,3,buffer
555,48,80,2,development
422,474,67,5,development
179,357,25,4,buffer
257,276,34,4,test
215,581,38,6,development
589,131,81,2,development
336,398,55,5,buffer
487,310,74,3,test
118,474,17,5,development
531,384,75,4,buffer
299,174,42,1,buffer
114,272,14,2,test
548,118,81,5,development
572,95,81,2,development
420,306,64,4,test
113,266,13,2,test
593,596,88,1,development
178,237,23,5,test
132,528,17,1,development
560,127,81,2,development
386,488,57,4,development
187,212,23,2,test
623,148,92,2,buffer
221,74,31,1,development
645,319,94,2,test
122,25,10,2,development
622,130,91,2,development
601,204,83,1,test
215,246,33,2,test
606,223,93,6,test
545,202,83,2,test
476,369,75,4,buffer
236,313,34,3,test
13,555,8,5,development
535,363,75,5,buffer
511,118,71,1,development
427,275,64,4,test
42,333,4,1,test
430,289,64,1,test
433,178,62,3,buffer
356,219,53,3,test
637,414,96,3,development
460,309,64,3,test
629,205,93,1,test
161,441,26,5,development
176,300,24,5,test
133,50,10,3,development
0,543,8,5,development
551,140,82,2,buffer
438,243,63,3,test
524,418,76,5,development
30,69,1,2,development
96,611,19,4,development
91,397,15,2,buffer
542,191,82,2,buffer
181,43,20,3,development
339,348,55,4,buffer
171,297,24,5,test
190,108,21,3,development
557,307,84,4,test
634,290,94,3,test
218,326,34,3,test
544,106,81,2,development
475,449,76,4,development
440,404,66,5,development
598,389,85,4,buffer
416,172,62,1,buffer
183,215,23,2,test
24,549,8,5,development
426,455,66,5,development
397,62,50,1,development
50,176,2,3,buffer
415,58,60,1,development
221,526,37,6,development
140,258,23,5,test
409,560,68,5,development
594,304,84,4,test
159,385,25,5,buffer
12,40,0,2,development
538,78,81,2,development
539,594,88,5,development
368,5,50,1,development
552,440,86,3,development
267,470,37,4,development
435,408,66,5,development
64,320,4,5,test
25,196,2,3,buffer
494,157,72,1,buffer
101,426,16,5,development
540,74,81,2,development
293,76,41,1,development
511,434,76,4,development
25,112,1,3,development
369,107,51,3,development
205,613,39,4,development
533,75,71,2,development
151,415,26,5,development
649,326,94,3,test
144,61,20,1,development
515,141,72,2,buffer
37,504,7,5,development
134,269,24,5,test
221,435,36,5,development
110,476,17,2,development
108,340,15,5,buffer
525,130,71,1,development
150,431,26,5,development
61,365,5,3,buffer
149,267,23,5,test
334,571,48,4,development
564,124,81,2,development
158,550,28,3,development
238,570,38,1,development
624,95,91,2,development
94,5,10,2,development
525,75,71,2,development
341,190,52,1,buffer
34,249,3,3,test
497,254,73,4,test
622,46,90,3,development
627,158,92,2,buffer
469,331,74,1,test
386,48,50,1,development
64,112,1,3,development
290,353,45,4,buffer
249,570,38,5,development
649,523,97,1,development
230,186,32,3,buffer
323,13,40,1,development
399,420,56,4,development
67,407,16,3,development
84,65,10,1,development
510,150,72,4,buffer
542,363,85,5,buffer
217,440,36,1,development
155,56,20,3,development
167,477,27,1,development
184,298,24,5,test
108,287,14,4,test
303,612,49,4,development
628,176,92,1,buffer
76,188,12,3,buffer
164,268,24,2,test
129,106,11,3,development
84,401,15,2,buffer
431,309,64,1,test
144,149,22,2,buffer
576,503,87,1,development
304,483,47,5,development
464,561,68,5,development
603,337,95,1,buffer
415,545,68,5,development
636,1,90,2,development
651,372,95,4,buffer
203,202,33,2,test
264,526,37,3,development
622,52,90,3,development
30,511,7,5,development
32,393,5,3,buffer
518,312,74,4,test
213,437,36,1,development
214,439,36,1,development
209,564,38,6,development
107,53,10,5,development
533,44,70,2,development
432,546,68,4,development
597,396,85,4,buffer
347,399,55,5,buffer
342,323,54,3,test
188,456,26,3,development
250,518,37,4,development
272,561,48,1,development
70,545,18,5,development
377,104,51,3,development
382,147,52,1,buffer
426,280,64,3,test
70,441,16,3,development
180,398,25,5,buffer
327,510,47,3,development
476,482,77,4,development
23,230,3,3,test
580,2,80,2,development
629,120,91,2,development
275,609,49,4,development
307,608,49,4,development
61,540,8,5,development
216,393,35,5,buffer
607,443,96,4,development
516,218,73,5,test
56,449,6,1,development
310,5,40,1,development
612,107,91,2,development
111,257,13,2,test
626,136,92,2,buffer
508,284,74,5,test
160,558,28,6,development
474,333,74,4,test
562,415,86,4,development
211,442,36,1,development
571,44,80,2,development
151,342,25,5,buffer
382,472,57,4,development
203,573,38,6,development
29,442,6,4,development
283,452,46,4,development
214,549,38,6,development
510,91,71,1,development
153,45,20,2,development
531,44,70,2,development
285,467,46,4,development
559,278,84,4,test
492,570,78,4,development
424,450,66,5,development
513,470,77,4,development
111,197,12,6,buffer
385,313,54,4,test
245,30,30,1,development
2,177,2,3,buffer
268,77,41,3,development
595,110,81,2,development
130,493,17,5,development
162,403,26,5,development
236,283,34,2,test
499,309,74,3,test
320,563,48,4,development
306,399,45,4,buffer
547,472,87,1,development
580,73,81,2,development
427,585,68,4,development
606,545,98,1,development
14,8,0,3,development
435,538,68,4,development
151,367,25,5,buffer
107,528,17,1,development
618,31,90,3,development
505,192,72,5,buffer
220,586,38,6,development
189,158,22,1,buffer
337,167,52,1,buffer
215,545,38,6,development
333,455,46,4,development
210,173,32,1,buffer
533,134,72,1,buffer
68,210,13,1,test
51,43,0,4,development
106,12,10,5,development
593,140,82,2,buffer
173,307,24,5,test
393,521,57,4,development
106,274,14,2,test
267,100,31,3,development
222,603,39,6,development
623,3,90,2,development
604,384,95,4,buffer
554,143,82,2,buffer
327,335,45,1,buffer
222,596,38,6,development
422,501,67,4,development
589,58,80,2,development
230,128,31,1,development
14,172,2,3,buffer
213,424,36,1,development
265,189,32,4,buffer
481,574,78,4,development
645,14,90,2,development
551,411,86,4,development
117,242,13,2,test
211,179,32,1,buffer
541,479,87,1,development
248,614,39,3,development
192,286,24,5,test
17,575,8,5,development
105,155,12,1,buffer
357,258,53,4,test
127,191,12,3,buffer
87,377,15,4,buffer
470,595,78,4,development
639,17,90,2,development
196,609,29,3,development
137,341,25,5,buffer
474,522,77,5,development
629,551,98,1,development
518,175,72,5,buffer
103,204,13,6,test
551,615,89,3,development
134,98,21,3,development
516,548,78,4,development
633,96,91,2,development
623,152,92,2,buffer
187,219,23,2,test
580,26,80,2,development
589,509,87,1,development
431,487,67,4,development
178,401,25,5,buffer
569,274,84,4,test
230,599,38,6,development
208,573,38,6,development
172,553,28,6,development
437,18,60,1,development
398,113,51,1,development
25,189,2,3,buffer
203,448,36,1,development
198,316,24,4,test
284,381,45,4,buffer
277,548,48,5,development
432,310,64,1,test
199,241,23,1,test
609,142,92,2,buffer
573,403,86,4,development
366,440,56,4,development
47,216,3,3,test
153,200,22,3,buffer
127,463,16,5,development
589,301,84,4,test
234,431,36,3,development
614,141,92,2,buffer
498,326,74,4,test
564,303,84,4,test
147,393,25,5,buffer
224,497,37,2,development
213,328,34,4,test
153,273,24,4,test
363,223,53,4,test
13,377,5,3,buffer
282,489,47,4,development
262,158,32,1,buffer
76,35,10,3,development
387,212,53,3,test
578,544,88,1,development
255,402,36,2,development
75,458,16,5,development
585,281,84,1,test
80,578,18,5,development
491,217,73,4,test
70,64,10,1,development
19,441,6,3,development
90,323,14,5,test
636,353,95,5,buffer
131,493,17,5,development
20,55,0,2,development
211,516,37,6,development
514,608,79,4,development
222,593,38,6,development
227,449,36,2,development
507,0,70,1,development
201,58,30,3,development
225,341,35,3,buffer
506,320,74,4,test
550,64,80,2,development
348,239,53,3,test
654,598,98,1,development
237,117,31,1,development
506,55,70,3,development
313,222,43,3,test
650,10,90,2,development
76,312,14,5,test
632,207,93,1,test
555,59,80,2,development
592,200,82,4,buffer
613,202,93,1,test
299,288,44,3,test
537,220,83,2,test
597,10,80,2,development
119,4,10,2,development
40,342,5,1,buffer
303,68,41,3,development
124,529,17,1,development
106,60,10,1,development
13,530,7,5,development
44,80,1,2,development
131,559,18,5,development
530,571,78,5,development
426,529,67,5,development
314,397,45,1,buffer
602,361,85,4,buffer
428,191,62,1,buffer
233,26,30,1,development
523,552,78,1,development
196,451,26,1,development
200,471,27,1,development
550,242,83,4,test
150,512,27,6,development
102,360,15,4,buffer
371,211,53,1,test
528,297,74,5,test
305,379,45,4,buffer
222,588,38,6,development
443,284,64,3,test
328,472,47,4,development
420,171,62,3,buffer
264,286,34,3,test
52,345,5,1,buffer
545,152,82,1,buffer
138,377,25,5,buffer
399,466,56,5,development
511,192,72,5,buffer
431,594,68,4,development
465,51,60,3,development
298,589,48,4,development
104,90,11,3,development
519,289,74,5,test
521,357,75,5,buffer
436,297,64,1,test
270,562,48,1,development
569,266,83,5,test
176,409,26,5,development
470,87,71,1,development
222,63,30,1,development
218,36,30,3,development
131,566,18,5,development
167,244,23,5,test
337,300,54,1,test
614,136,92,2,buffer
146,404,26,5,development
17,487,7,5,development
190,314,24,5,test
298,585,48,4,development
191,246,23,2,test
321,279,44,3,test
165,166,22,2,buffer
644,511,97,3,development
476,316,74,3,test
566,386,85,4,buffer
29,504,7,5,development
171,553,28,6,development
165,241,23,5,test
457,1,60,3,development
130,410,16,5,development
212,447,36,1,development
293,491,47,4,development
540,26,80,2,development
57,535,7,5,development
151,144,22,1,buffer
276,363,45,4,buffer
159,299,24,4,test
510,578,78,4,development
466,499,67,5,development
17,74,1,3,development
396,347,55,1,buffer
139,77,21,1,development
440,518,67,4,development
117,115,11,2,development
249,58,30,3,development
20,535,7,5,development
322,422,46,4,development
538,531,87,4,development
543,452,86,3,development
454,197,62,1,buffer
334,379,45,5,buffer
65,512,7,4,development
371,238,53,3,test
13,186,2,3,buffer
114,463,16,3,development
208,475,37,1,development
409,79,61,3,development
591,164,82,5,buffer
37,193,2,3,buffer
554,77,81,2,development
429,446,66,5,development
32,480,7,1,development
515,37,70,3,development
548,43,80,2,development
616,137,92,2,buffer
613,124,91,2,development
644,13,90,2,development
588,458,86,2,development
103,610,19,4,development
526,595,78,4,development
446,205,63,1,test
617,153,92,2,buffer
368,192,52,1,buffer
359,20,50,1,development
220,324,34,3,test
558,524,87,1,development
293,542,48,5,development
636,337,95,2,buffer
171,143,22,1,buffer
145,291,24,5,test
609,183,92,1,buffer
319,30,40,1,development
566,151,82,2,buffer
582,323,84,4,test
223,596,38,6,development
607,113,91,2,development
499,498,77,4,development
550,356,85,4,buffer
445,20,60,3,development
252,144,32,1,buffer
282,288,44,4,test
570,29,80,2,development
133,20,10,2,development
634,247,93,1,test
507,100,71,1,development
256,241,33,1,test
148,254,23,5,test
248,160,32,3,buffer
388,169,52,1,buffer
323,511,47,3,development
469,404,76,4,development
522,140,72,2,buffer
392,52,50,4,development
541,420,86,4,development
242,9,30,4,development
513,167,72,5,buffer
63,361,5,3,buffer
143,476,27,4,development
21,354,5,3,buffer
324,525,47,5,development
303,439,46,4,development
368,590,58,5,development
83,407,16,2,development
157,430,26,5,development
62,120,1,3,development
363,614,59,4,development
567,577,88,1,development
488,337,75,4,buffer
566,171,82,1,buffer
32,260,3,1,test
187,186,22,1,buffer
462,169,62,1,buffer
59,488,7,5,development
110,530,17,1,development
570,86,81,2,development
193,313,24,5,test
372,488,57,4,development
582,81,81,5,development
517,197,72,5,buffer
212,556,38,6,development
185,409,26,5,development
239,2,30,1,development
377,165,52,1,buffer
557,434,86,3,development
628,125,91,2,development
229,76,31,1,development
619,121,91,2,development
635,346,95,3,buffer
171,288,24,5,test
208,577,38,6,development
379,82,51,3,development
162,241,23,5,test
27,568,8,5,development
330,17,40,1,development
43,77,1,2,development
32,367,5,3,buffer
634,39,90,3,development
293,284,44,1,test
102,476,17,1,development
84,472,17,2,development
188,4,20,3,development
206,470,37,1,development
482,5,70,2,development
68,135,12,3,buffer
601,449,86,4,development
355,407,56,5,development
308,254,43,3,test
536,0,80,3,development
296,364,45,4,buffer
559,58,80,2,development
52,244,3,3,test
92,575,18,4,development
512,606,79,4,development
381,598,58,5,development
634,127,91,2,development
548,390,85,4,buffer
470,331,74,1,test
454,121,61,1,development
585,97,81,2,development
271,191,42,4,buffer
65,327,4,4,test
170,418,26,5,development
439,517,67,4,development
345,184,52,1,buffer
256,471,37,3,development
90,357,15,4,buffer
494,158,72,1,buffer
215,139,32,3,buffer
115,483,17,5,development
15,282,4,1,test
232,467,36,4,development
325,21,40,2,development
115,22,10,2,development
613,152,92,2,buffer
381,283,54,5,test
172,266,23,2,test
210,583,38,6,development
614,557,98,1,development
390,70,51,3,development
504,58,70,3,development
84,76,11,3,development
523,338,75,5,buffer
94,216,13,2,test
6,101,1,3,development
140,254,23,5,test
543,35,80,2,development
547,474,87,1,development
573,189,82,1,buffer
647,205,93,1,test
649,29,90,2,development
181,260,23,2,test
288,598,48,4,development
536,188,82,1,buffer
338,459,56,5,development
145,58,20,3,development
544,277,84,2,test
506,357,75,4,buffer
525,465,76,4,development
516,125,71,1,development
418,595,68,4,development
179,1,20,3,development
216,482,37,5,development
69,596,18,5,development
613,577,98,2,development
209,596,38,6,development
208,135,32,1,buffer
20,345,5,2,buffer
438,458,66,4,development
427,452,66,5,development
467,595,68,4,development
581,25,80,2,development
193,118,21,3,development
283,494,47,5,development
20,458,6,3,development
145,213,23,1,test
181,236,23,5,test
77,49,10,1,development
547,360,85,4,buffer
248,581,38,4,development
63,336,5,2,buffer
592,586,88,1,development
231,471,37,4,development
365,164,52,1,buffer
564,123,81,2,development
239,460,36,1,development
310,438,46,5,development
28,131,1,3,development
544,38,80,2,development
360,389,55,5,buffer
617,303,94,2,test
430,429,66,5,development
244,15,30,3,development
500,57,70,3,development
512,305,74,4,test
221,597,38,6,development
401,392,55,3,buffer
430,461,66,5,development
1,611,9,4,development
410,414,66,5,development
459,535,67,4,development
142,290,24,5,test
554,226,83,5,test
79,336,15,2,buffer
5,271,4,1,test
573,211,83,5,test
565,27,80,2,development
360,60,50,4,development
551,526,87,1,development
508,217,73,5,test
421,242,63,3,test
21,476,7,1,development
572,80,81,2,development
61,594,8,5,development
524,174,72,5,buffer
224,73,31,1,development
494,329,74,4,test
56,306,4,3,test
616,120,91,2,development
631,112,91,2,development
170,344,25,5,buffer
170,40,20,3,development
153,254,23,5,test
216,486,37,5,development
361,12,50,1,development
333,449,46,5,development
307,33,40,1,development
640,20,90,2,development
572,162,82,5,buffer
471,520,77,5,development
155,478,27,3,development
601,105,81,5,development
469,191,72,1,buffer
222,360,35,3,buffer
166,500,27,6,development
141,403,26,4,development
141,283,24,5,test
196,327,24,4,test
631,430,96,2,development
114,45,10,5,development
81,120,11,3,development
136,559,28,5,development
631,222,93,1,test
127,20,10,2,development
207,576,38,6,development
582,2,80,2,development
193,350,25,5,buffer
610,129,91,2,development
56,414,6,1,development
129,294,14,5,test
24,213,3,3,test
320,289,44,3,test
73,150,12,3,buffer
329,20,40,1,development
622,137,92,2,buffer
250,37,30,3,development
261,192,32,3,buffer
541,73,81,2,development
62,110,1,3,development
536,138,82,1,buffer
134,123,21,2,development
273,454,46,5,development
99,595,18,4,development
600,103,81,5,development
156,11,20,3,development
461,582,68,4,development
201,16,30,1,development
232,122,31,1,development
111,520,17,5,development
159,196,22,3,buffer
579,207,83,5,test
494,287,74,4,test
314,23,40,1,development
365,367,55,5,buffer
396,36,50,1,development
620,513,97,1,development
552,594,88,5,development
104,224,13,1,test
371,268,54,5,test
210,577,38,6,development
540,37,80,2,development
647,573,98,3,development
127,19,10,2,development
497,506,77,4,development
312,413,46,4,development
552,73,81,2,development
652,537,98,3,development
43,80,1,2,development
517,100,71,2,development
391,334,54,4,test
222,168,32,1,buffer
468,246,63,1,test
433,442,66,5,development
290,384,45,5,buffer
434,214,63,1,test
238,432,36,1,development
243,349,35,4,buffer
76,501,17,5,development
386,142,52,1,buffer
272,397,45,1,buffer
173,243,23,5,test
571,156,82,2,buffer
2,12,0,3,development
332,245,43,1,test
0,291,4,3,test
573,285,84,4,test
165,417,26,5,development
330,284,44,1,test
539,140,82,1,buffer
468,548,68,5,development
135,493,27,4,development
58,347,5,2,buffer
373,324,54,4,test
117,352,15,5,buffer
46,451,6,3,development
450,201,63,1,test
619,168,92,2,buffer
4,549,8,5,development
625,218,93,1,test
594,514,87,1,development
342,289,54,3,test
545,595,88,5,development
578,67,81,2,development
427,324,64,1,test
523,50,70,1,development
402,205,63,5,test
212,10,30,3,development
394,62,50,1,development
551,126,81,2,development
369,422,56,4,development
572,555,88,1,development
383,382,55,3,buffer
148,510,27,6,development
408,428,66,5,development
458,444,66,4,development
464,20,60,1,development
500,497,77,4,development
8,68,1,3,development
520,82,71,2,development
446,39,60,1,development
357,322,54,5,test
54,417,6,1,development
29,406,6,1,development
26,65,0,6,development
193,144,22,3,buffer
328,283,44,3,test
442,146,62,1,buffer
203,485,37,4,development
110,5,10,5,development
83,402,16,2,development
526,84,71,2,development
71,379,15,1,buffer
286,273,44,3,test
542,64,80,2,development
178,342,25,5,buffer
159,163,22,2,buffer
432,193,62,4,buffer
106,204,13,2,test
85,202,13,3,test
29,508,7,5,development
194,246,23,2,test
155,382,25,5,buffer
105,346,15,4,buffer
184,233,23,2,test
224,338,35,3,buffer
139,473,27,5,development
446,405,66,4,development
26,563,8,5,development
87,214,13,6,test
32,200,2,3,buffer
328,321,44,4,test
212,574,38,6,development
388,599,58,4,development
76,509,17,5,development
240,292,34,1,test
509,590,78,4,development
508,132,71,1,development
354,421,56,5,development
540,244,83,4,test
563,421,86,4,development
33,261,3,1,test
181,470,27,3,development
534,71,71,2,development
247,59,30,1,development
193,88,21,1,development
31,512,7,5,development
277,259,43,4,test
370,265,53,5,test
573,7,80,2,development
470,80,71,3,development
599,166,82,1,buffer
598,562,88,1,development
647,198,92,1,buffer
471,21,70,1,development
55,14,0,3,development
30,132,1,3,development
631,18,90,2,development
477,460,76,4,development
300,607,49,4,development
560,414,86,4,development
326,28,40,4,development
116,499,17,5,development
340,180,52,4,buffer
125,351,15,4,buffer
391,20,50,1,development
543,38,80,2,development
595,418,86,4,development
544,62,80,2,development
408,379,65,3,buffer
122,259,13,2,test
624,320,94,5,test
181,70,21,3,development
162,366,25,4,buffer
545,224,83,2,test
54,579,8,5,development
322,528,47,5,development
485,603,79,4,development
575,279,84,4,test
551,158,82,1,buffer
358,365,55,5,buffer
187,247,23,2,test
612,144,92,2,buffer
453,476,67,4,development
354,503,57,4,development
504,394,75,5,buffer
621,541,98,1,development
622,94,91,2,development
388,36,50,1,development
251,338,35,4,buffer
252,20,30,3,development
608,441,96,4,development
353,564,58,5,development
549,35,80,2,development
248,504,37,4,development
617,378,95,4,buffer
559,87,81,2,development
538,338,85,4,buffer
150,514,27,6,development
164,278,24,2,test
132,398,15,5,buffer
63,281,4,3,test
235,589,38,6,development
229,391,35,1,buffer
442,458,66,4,development
466,583,68,4,development
211,569,38,6,development
309,246,43,1,test
64,129,1,3,development
468,20,60,1,development
596,78,81,2,development
456,327,64,1,test
500,169,72,1,buffer
138,463,26,5,development
42,288,4,3,test
129,198,12,3,buffer
72,340,15,2,buffer
155,394,25,5,buffer
423,246,63,3,test
105,257,13,2,test
188,219,23,2,test
619,153,92,2,buffer
170,554,28,6,development
111,183,12,3,buffer
229,557,38,4,development
460,423,66,4,development
221,594,38,6,development
229,314,34,3,test
581,401,85,4,buffer
280,471,47,5,development
34,518,7,1,development
226,593,38,6,development
115,106,11,3,development
184,178,22,2,buffer
286,86,41,3,development
69,333,14,2,test
565,575,88,1,development
78,613,19,4,development
636,0,90,2,development
507,232,73,5,test
33,76,1,3,development
151,307,24,4,test
207,407,36,2,development
83,404,16,2,development
99,585,18,4,development
584,610,89,5,development
31,572,8,5,development
229,155,32,3,buffer
311,540,48,5,development
475,169,72,1,buffer
383,512,57,4,development
63,396,5,3,buffer
552,46,80,2,development
470,270,74,3,test
528,505,77,3,development
456,251,63,3,test
188,161,22,1,buffer
425,181,62,1,buffer
606,569,98,1,development
495,228,73,5,test
602,4,80,2,development
7,27,0,3,development
388,517,57,4,development
593,225,83,1,test
214,518,37,6,development
610,10,90,2,development
615,424,96,5,development
589,517,87,3,development
230,17,30,3,development
214,197,32,3,buffer
151,90,21,3,development
205,518,37,4,development
481,297,74,3,test
84,370,15,4,buffer
199,404,26,5,development
579,188,82,1,buffer
550,92,81,2,development
341,485,57,4,development
143,595,28,5,development
201,229,33,2,test
468,445,66,4,development
474,438,76,4,development
54,554,8,4,development
454,615,69,4,development
301,65,40,1,development
294,6,40,4,development
252,201,33,1,test
587,35,80,2,development
85,539,18,5,development
148,111,21,3,development
134,364,25,5,buffer
140,153,22,3,buffer
611,216,93,1,test
506,355,75,4,buffer
298,393,45,4,buffer
420,107,61,4,development
431,301,64,1,test
634,502,97,3,development
579,8,80,2,development
227,120,31,1,development
342,422,56,5,development
117,248,13,2,test
514,585,78,4,development
106,262,13,2,test
17,516,7,5,development
495,227,73,5,test
277,587,48,1,development
498,230,73,5,test
31,523,7,5,development
519,83,71,2,development
316,258,43,3,test
241,609,39,4,development
278,26,40,3,development
292,11,40,4,development
425,463,66,5,development
434,285,64,1,test
253,567,38,3,development
517,64,70,1,development
164,500,27,6,development
178,204,23,5,test
233,348,35,3,buffer
645,26,90,2,development
586,564,88,1,development
170,377,25,2,buffer
146,370,25,5,buffer
278,5,40,4,development
146,263,23,5,test
632,118,91,2,development
599,165,82,1,buffer
209,557,38,6,development
497,292,74,4,test
267,51,30,3,development
564,220,83,2,test
166,238,23,5,test
451,16,60,1,development
159,147,22,3,buffer
436,425,66,5,development
619,464,96,4,development
75,441,16,3,development
269,177,42,1,buffer
581,124,81,2,development
84,407,16,2,development
42,327,4,1,test
469,284,74,5,test
462,286,64,3,test
178,487,27,1,development
43,314,4,3,test
96,333,14,5,test
481,418,76,4,development
216,92,31,3,development
13,536,8,5,development
597,5,80,2,development
470,22,70,1,development
539,221,83,2,test
132,489,17,5,development
260,59,30,3,development
310,209,43,1,test
20,44,0,2,development
13,199,2,3,buffer
605,152,92,2,buffer
10,513,7,5,development
263,106,31,3,development
548,328,84,4,test
436,477,67,4,development
280,531,47,1,development
41,418,6,3,development
596,586,88,1,development
249,376,35,5,buffer
149,509,27,6,development
223,445,36,2,development
332,480,47,4,development
567,40,80,2,development
532,86,71,2,development
515,278,74,5,test
110,22,10,5,development
601,362,85,4,buffer
518,125,71,1,development
122,399,15,4,buffer
86,552,18,5,development
223,588,38,6,development
220,283,34,3,test
149,513,27,6,development
156,279,24,4,test
214,138,32,3,buffer
309,479,47,5,development
383,327,54,4,test
167,274,24,2,test
473,516,77,5,development
219,602,38,6,development
189,363,25,5,buffer
628,179,92,1,buffer
204,78,31,1,development
526,451,76,4,development
632,221,93,1,test
597,78,81,2,development
59,255,3,1,test
358,415,56,5,development
372,21,50,1,development
0,64,0,3,development
305,175,42,1,buffer
630,249,93,1,test
203,181,32,1,buffer
567,117,81,2,development
549,524,87,1,development
496,215,73,5,test
54,561,8,5,development
122,9,10,2,development
82,475,17,2,development
184,251,23,2,test
379,495,57,4,development
628,224,93,1,test
628,134,92,2,buffer
621,545,98,1,development
12,424,6,3,development
328,251,43,1,test
87,405,16,2,development
628,105,91,2,development
600,446,86,4,development
424,75,61,1,development
327,450,46,4,development
412,186,62,3,buffer
300,491,47,4,development
13,503,7,4,development
570,36,80,2,development
574,5,80,2,development
136,137,22,1,buffer
503,199,72,4,buffer
266,374,35,3,buffer
120,147,12,3,buffer
548,267,83,2,test
389,324,54,4,test
581,37,80,2,development
385,523,57,4,development
209,579,38,6,development
551,378,85,4,buffer
399,103,51,3,development
541,80,81,2,development
585,278,84,1,test
193,131,21,3,development
629,118,91,2,development
423,470,67,5,development
215,517,37,6,development
241,446,36,5,development
182,233,23,2,test
430,203,63,3,test
241,187,32,1,buffer
599,452,86,4,development
78,391,15,4,buffer
615,558,98,1,development
557,63,80,2,development
180,214,23,5,test
158,487,27,1,development
484,521,77,5,development
545,375,85,4,buffer
238,18,30,3,development
615,232,93,6,test
125,248,13,2,test
501,524,77,4,development
469,262,73,3,test
426,597,68,4,development
298,101,41,3,development
305,385,45,4,buffer
62,58,0,3,development
123,482,17,5,development
511,216,73,5,test
554,293,84,4,test
435,600,68,4,development
619,554,98,1,development
527,82,71,2,development
525,398,75,4,buffer
309,437,46,5,development
184,303,24,5,test
77,331,14,2,test
214,477,37,5,development
232,353,35,3,buffer
292,63,40,3,development
281,281,44,3,test
252,283,34,4,test
199,115,21,3,development
264,181,32,1,buffer
216,180,32,1,buffer
637,23,90,2,development
243,165,32,1,buffer
613,156,92,2,buffer
423,253,63,3,test
463,423,66,4,development
256,23,30,3,development
190,207,23,2,test
640,181,92,1,buffer
234,604,39,4,development
419,368,65,4,buffer
543,83,81,2,development
158,434,26,5,development
19,55,0,2,development
529,86,71,2,development
643,594,98,3,development
546,333,84,4,test
443,484,67,4,development
461,476,67,4,development
19,488,7,5,development
621,519,97,3,development
334,142,42,3,buffer
147,85,21,1,development
425,127,61,1,development
558,480,87,1,development
572,83,81,2,development
617,46,90,3,development
619,117,91,2,development
519,128,71,1,development
429,460,66,5,development
143,343,25,5,buffer
393,208,53,3,test
226,521,37,4,development
623,496,97,3,development
207,74,31,1,development
233,414,36,1,development
541,158,82,4,buffer
3,117,1,3,development
652,502,97,3,development
197,460,26,1,development
342,107,51,3,development
464,446,66,4,development
503,514,77,4,development
49,141,2,3,buffer
567,61,80,2,development
433,427,66,5,development
443,428,66,5,development
380,94,51,3,development
44,32,0,3,development
543,95,81,2,development
428,452,66,5,development
409,282,64,3,test
506,294,74,4,test
106,58,10,1,development
74,376,15,1,buffer
571,49,80,2,development
48,338,5,2,buffer
136,199,22,3,buffer
69,20,10,3,development
396,39,50,1,development
628,204,93,1,test
119,241,13,2,test
272,455,46,5,development
91,177,12,3,buffer
331,99,41,3,development
88,214,13,6,test
358,524,57,4,development
562,78,81,2,development
621,103,91,2,development
332,288,44,3,test
41,184,2,1,buffer
615,137,92,2,buffer
106,59,10,1,development
43,86,1,3,development
323,610,49,4,development
6,123,1,3,development
263,393,35,4,buffer
87,272,14,3,test
233,182,32,1,buffer
368,375,55,4,buffer
614,121,91,2,development
14,143,2,3,buffer
588,17,80,2,development
70,412,16,1,development
102,272,14,2,test
394,343,55,5,buffer
276,143,42,3,buffer
84,549,18,5,development
323,604,49,4,development
232,173,32,3,buffer
28,543,8,5,development
90,375,15,4,buffer
373,532,57,3,development
147,414,26,5,development
201,110,31,3,development
519,306,74,4,test
531,138,72,1,buffer
84,332,14,5,test
423,505,67,4,development
523,129,71,1,development
607,93,91,2,development
491,471,77,4,development
78,600,18,5,development
608,372,95,4,buffer
625,124,91,2,development
538,19,80,2,development
600,160,82,2,buffer
98,367,15,4,buffer
644,271,94,1,test
147,509,27,6,development
615,229,93,6,test
309,140,42,1,buffer
633,22,90,2,development
154,438,26,5,development
126,439,16,5,development
509,92,71,1,development
288,486,47,4,development
368,196,52,3,buffer
374,567,58,4,development
612,147,92,2,buffer
645,518,97,1,development
597,101,81,5,development
53,8,0,3,development
38,339,5,1,buffer
359,516,57,4,development
557,43,80,2,development
552,469,87,1,development
33,263,3,1,test
649,40,90,2,development
487,170,72,1,buffer
518,200,72,5,buffer
512,489,77,4,development
603,8,90,2,development
233,386,35,1,buffer
574,432,86,3,development
596,499,87,3,development
599,6,80,2,development
351,517,57,4,development
28,234,3,3,test
605,160,92,2,buffer
385,192,52,3,buffer
208,442,36,1,development
616,26,90,5,development
134,338,25,5,buffer
611,190,92,1,buffer
487,152,72,4,buffer
498,88,71,2,development
192,220,23,2,test
184,220,23,2,test
590,579,88,1,development
557,206,83,1,test
297,549,48,5,development
258,312,34,3,test
587,85,81,2,development
465,44,60,3,development
125,227,13,5,test
105,457,16,1,development
508,71,71,2,development
277,555,48,5,development
116,540,18,3,development
443,508,67,4,development
618,135,92,2,buffer
468,226,63,3,test
4,491,7,4,development
376,144,52,3,buffer
246,406,36,4,development
516,430,76,4,development
211,585,38,6,development
146,12,20,3,development
513,588,78,4,development
374,56,50,1,development
78,343,15,2,buffer
114,29,10,2,development
523,515,77,4,development
262,552,38,1,development
202,474,37,4,development
14,118,1,3,development
554,59,80,2,development
11,159,2,3,buffer
3,527,7,5,development
251,508,37,1,development
114,28,10,2,development
477,506,77,5,development
86,523,17,1,development
602,521,87,1,development
448,218,63,1,test
507,375,75,5,buffer
560,197,82,1,buffer
2,55,0,3,development
558,263,83,5,test
312,489,47,4,development
165,495,27,6,development
399,32,50,1,development
200,339,25,5,buffer
121,115,11,2,development
442,194,62,1,buffer
553,345,85,4,buffer
195,248,23,2,test
76,49,10,1,development
640,332,94,4,test
339,63,50,3,development
611,533,97,1,development
489,575,78,4,development
112,102,11,3,development
553,163,82,3,buffer
294,134,42,1,buffer
437,227,63,3,test
560,54,80,2,development
220,74,31,1,development
592,124,81,2,development
567,355,85,4,buffer
404,106,61,1,development
634,266,93,3,test
404,500,67,4,development
485,326,74,3,test
569,77,81,2,development
370,296,54,4,test
82,241,13,1,test
61,480,7,5,development
349,14,50,1,development
151,38,20,2,development
248,542,38,4,development
320,577,48,4,development
244,249,33,1,test
573,386,85,4,buffer
332,399,45,5,buffer
305,37,40,1,development
513,317,74,4,test
603,102,91,5,development
370,267,53,5,test
293,378,45,4,buffer
93,508,17,3,development
167,271,24,2,test
553,597,88,5,development
269,59,40,3,development
203,206,33,2,test
221,590,38,6,development
407,559,68,5,development
576,536,88,1,development
567,583,88,1,development
159,158,22,2,buffer
381,511,57,3,development
616,118,91,2,development
164,267,23,2,test
398,378,55,3,buffer
134,479,27,5,development
520,103,71,2,development
111,222,13,1,test
408,446,66,5,development
43,278,4,1,test
416,585,68,4,development
242,581,38,3,development
650,237,93,1,test
535,142,72,1,buffer
295,237,43,4,test
505,209,73,5,test
447,210,63,3,test
383,174,52,1,buffer
459,544,68,5,development
143,279,24,5,test
241,140,32,3,buffer
337,248,53,1,test
308,141,42,1,buffer
286,339,45,4,buffer
384,588,58,4,development
572,47,80,2,development
442,280,64,1,test
166,492,27,6,development
79,337,15,2,buffer
112,530,17,1,development
131,531,17,3,development
167,275,24,2,test
554,304,84,4,test
321,349,45,2,buffer
334,34,40,1,development
579,109,81,2,development
562,326,84,4,test
22,214,3,3,test
540,43,80,2,development
172,403,26,5,development
347,355,55,5,buffer
566,361,85,4,buffer
268,521,47,3,development
362,162,52,1,buffer
278,253,43,4,test
41,333,4,1,test
146,447,26,5,development
128,564,18,5,development
557,68,81,2,development
56,192,2,3,buffer
582,591,88,1,development
554,54,80,2,development
512,119,71,1,development
545,391,85,4,buffer
599,453,86,4,development
114,603,19,4,development
631,117,91,2,development
557,60,80,2,development
455,28,60,1,development
282,121,41,1,development
374,360,55,5,buffer
151,118,21,3,development
138,32,20,3,development
154,202,23,3,test
569,184,82,1,buffer
457,576,68,4,development
534,357,75,5,buffer
185,277,24,5,test
354,350,55,5,buffer
320,156,42,1,buffer
645,22,90,2,development
646,272,94,1,test
89,235,13,1,test
277,363,45,4,buffer
19,43,0,2,development
206,468,36,1,development
291,478,47,4,development
266,295,34,1,test
56,155,2,3,buffer
157,210,23,5,test
533,303,74,4,test
533,323,74,5,test
518,19,70,3,development
545,86,81,2,development
92,408,16,2,development
312,159,42,1,buffer
543,224,83,2,test
494,490,77,4,development
152,442,26,5,development
434,489,67,4,development
231,349,35,3,buffer
240,343,35,3,buffer
31,548,8,5,development
197,82,21,3,development
93,41,10,3,development
412,68,61,1,development
41,15,0,3,development
358,281,54,1,test
107,515,17,5,development
539,74,81,2,development
398,348,55,1,buffer
175,293,24,5,test
509,199,72,5,buffer
503,548,78,4,development
372,77,51,1,development
420,463,66,5,development
448,559,68,4,development
613,291,94,1,test
279,531,47,1,development
470,174,72,1,buffer
59,204,3,3,test
509,452,76,4,development
344,183,52,1,buffer
629,208,93,1,test
639,13,90,2,development
590,301,84,4,test
129,550,18,5,development
597,57,80,2,development
238,427,36,1,development
208,420,36,1,development
348,547,58,4,development
237,330,34,3,test
573,566,88,1,development
460,270,64,3,test
313,141,42,1,buffer
129,383,15,5,buffer
505,176,72,4,buffer
294,397,45,4,buffer
592,41,80,2,development
459,365,65,5,buffer
264,20,30,3,development
278,452,46,4,development
41,568,8,4,development
539,100,81,2,development
37,458,6,4,development
91,330,14,5,test
476,390,75,4,buffer
347,444,56,5,development
169,495,27,6,development
565,203,83,1,test
540,47,80,2,development
298,64,40,3,development
184,44,20,3,development
246,121,31,3,development
115,547,18,5,development
488,387,75,5,buffer
562,308,84,4,test
348,600,58,5,development
212,46,30,3,development
187,245,23,2,test
549,39,80,2,development
455,578,68,4,development
25,480,7,1,development
405,422,66,5,development
583,1,80,2,development
102,104,11,3,development
199,470,27,1,development
222,425,36,1,development
487,596,78,4,development
68,583,18,5,development
179,181,22,1,buffer
600,250,83,3,test
539,397,85,4,buffer
489,327,74,4,test
271,326,44,4,test
13,554,8,5,development
345,2,50,1,development
545,78,81,2,development
93,536,18,5,development
509,535,77,4,development
94,577,18,4,development
562,115,81,2,development
136,473,27,5,development
582,22,80,2,development
630,343,95,3,buffer
229,389,35,1,buffer
435,9,60,3,development
402,502,67,4,development
575,295,84,4,test
54,29,0,3,development
222,591,38,6,development
45,101,1,3,development
265,287,34,3,test
561,519,87,1,development
249,469,37,2,development
363,397,55,5,buffer
453,122,61,1,development
525,487,77,5,development
52,615,9,5,development
499,581,78,4,development
637,21,90,2,development
230,598,38,6,development
512,487,77,4,development
57,277,4,1,test
437,137,62,1,buffer
548,579,88,4,development
377,287,54,5,test
17,220,3,3,test
212,254,33,2,test
495,20,70,2,development
332,425,46,5,development
430,318,64,1,test
464,123,61,1,development
65,421,6,4,development
540,147,82,1,buffer
501,353,75,5,buffer
11,297,4,3,test
169,416,26,5,development
18,344,5,2,buffer
482,236,73,4,test
582,105,81,2,development
103,211,13,1,test
627,188,92,1,buffer
389,531,57,4,development
277,119,41,1,development
26,360,5,3,buffer
234,610,39,4,development
624,546,98,1,development
588,260,83,3,test
640,615,99,3,development
179,382,25,2,buffer
107,0,10,5,development
315,551,48,5,development
153,341,25,5,buffer
230,561,38,4,development
626,601,98,3,development
457,424,66,4,development
459,172,62,1,buffer
380,169,52,1,buffer
89,215,13,6,test
594,270,84,1,test
564,365,85,4,buffer
121,604,19,4,development
613,315,94,2,test
334,439,46,5,development
216,429,36,1,development
75,330,14,2,test
112,50,10,5,development
571,35,80,2,development
91,527,17,1,development
613,566,98,1,development
202,164,32,1,buffer
303,422,46,1,development
614,451,96,4,development
644,270,94,1,test
182,480,27,5,development
118,359,15,4,buffer
180,131,21,1,development
135,385,25,5,buffer
369,566,58,4,development
370,360,55,5,buffer
148,141,22,2,buffer
576,444,86,4,development
256,259,33,4,test
592,29,80,2,development
152,476,27,1,development
173,265,23,2,test
537,209,83,2,test
546,53,80,2,development
483,614,79,4,development
607,352,95,4,buffer
604,192,92,2,buffer
381,53,50,3,development
207,463,36,1,development
28,256,3,3,test
600,94,81,2,development
150,601,28,4,development
622,118,91,2,development
591,119,81,2,development
105,200,12,6,buffer
16,289,4,3,test
494,357,75,5,buffer
219,553,38,5,development
484,206,73,4,test
71,342,15,2,buffer
174,47,20,3,development
205,576,38,6,development
206,574,38,6,development
70,542,18,5,development
379,55,50,1,development
606,109,91,2,development
589,348,85,4,buffer
372,433,56,4,development
99,110,11,2,development
617,108,91,2,development
127,339,15,5,buffer
219,444,36,5,development
322,253,43,3,test
76,443,16,3,development
242,150,32,3,buffer
216,277,34,3,test
402,72,61,1,development
122,7,10,2,development
227,600,38,6,development
653,432,96,3,development
102,264,13,2,test
276,0,40,4,development
143,204,23,3,test
197,427,26,1,development
322,147,42,4,buffer
499,62,70,3,development
507,231,73,5,test
71,248,13,1,test
134,462,26,5,development
291,287,44,1,test
549,377,85,4,buffer
150,121,21,3,development
118,27,10,2,development
299,235,43,3,test
566,390,85,4,buffer
544,195,82,2,buffer
192,472,27,1,development
276,117,41,1,development
497,403,76,5,development
213,403,36,2,development
621,46,90,3,development
443,224,63,4,test
197,345,25,5,buffer
429,306,64,1,test
30,242,3,3,test
230,77,31,1,development
582,372,85,4,buffer
202,209,33,2,test
451,191,62,1,buffer
308,9,40,1,development
235,463,36,2,development
76,333,14,2,test
353,383,55,5,buffer
172,486,27,1,development
228,215,33,4,test
254,402,36,2,development
2,190,2,3,buffer
621,104,91,2,development
440,165,62,1,buffer
393,396,55,3,buffer
619,108,91,2,development
238,114,31,1,development
572,344,85,4,buffer
417,192,62,1,buffer
640,273,94,3,test
384,498,57,4,development
580,38,80,2,development
197,469,27,1,development
395,538,58,4,development
66,376,5,3,buffer
118,12,10,2,development
189,404,26,5,development
36,69,1,2,development
386,480,57,4,development
65,159,2,3,buffer
204,35,30,1,development
616,139,92,2,buffer
18,347,5,2,buffer
225,575,38,3,development
361,381,55,5,buffer
420,307,64,4,test
208,112,31,3,development
541,462,86,3,development
51,107,1,3,development
547,413,86,5,development
571,120,81,2,development
17,576,8,5,development
141,529,27,1,development
628,165,92,2,buffer
192,198,22,1,buffer
110,583,18,4,development
510,266,73,5,test
56,130,1,3,development
105,196,12,3,buffer
277,404,46,4,development
201,287,34,1,test
307,512,47,3,development
506,584,78,4,development
620,101,91,2,development
287,266,43,4,test
567,227,83,4,test
485,462,76,4,development
453,430,66,4,development
549,85,81,2,development
14,188,2,3,buffer
627,502,97,3,development
555,343,85,4,buffer
523,349,75,5,buffer
292,604,49,4,development
624,114,91,2,development
433,479,67,4,development
329,547,48,4,development
105,274,14,2,test
268,31,40,3,development
470,615,79,4,development
255,400,35,2,buffer
384,321,54,4,test
515,360,75,4,buffer
163,499,27,6,development
211,180,32,1,buffer
266,549,38,3,development
323,534,47,5,development
34,492,7,5,development
6,55,0,3,development
133,360,15,5,buffer
96,485,17,5,development
61,140,2,3,buffer
273,32,40,3,development
186,325,24,5,test
334,239,43,1,test
552,86,81,2,development
597,33,80,4,development
172,247,23,5,test
32,82,1,3,development
631,140,92,2,buffer
470,85,71,1,development
54,268,4,3,test
515,158,72,4,buffer
644,170,92,1,buffer
74,493,17,5,development
103,215,13,1,test
425,187,62,3,buffer
249,87,31,3,development
610,145,92,2,buffer
133,454,16,5,development
99,154,12,3,buffer
498,95,71,2,development
59,382,5,1,buffer
511,229,73,5,test
294,388,45,4,buffer
248,468,36,2,development
296,474,47,4,development
19,9,0,3,development
166,23,20,3,development
42,41,0,3,development
247,459,36,2,development
521,246,73,5,test
467,556,68,5,development
588,570,88,1,development
380,363,55,5,buffer
560,76,81,2,development
136,349,25,5,buffer
208,582,38,6,development
405,599,68,4,development
524,608,79,4,development
574,78,81,2,development
458,365,65,5,buffer
6,591,8,4,development
399,253,53,4,test
72,138,12,3,buffer
571,36,80,2,development
91,521,17,1,development
158,476,27,1,development
484,491,77,4,development
488,613,79,4,development
196,468,26,1,development
240,84,31,3,development
603,606,99,3,development
6,145,2,3,buffer
481,502,77,5,development
18,345,5,2,buffer
344,446,56,5,development
309,53,40,2,development
256,493,37,5,development
330,576,48,4,development
393,595,58,4,development
140,462,26,5,development
375,446,56,4,development
464,322,64,1,test
423,549,68,4,development
106,202,13,6,test
153,361,25,5,buffer
607,111,91,2,development
254,194,32,3,buffer
232,485,37,1,development
177,160,22,2,buffer
443,455,66,4,development
447,208,63,1,test
417,256,63,3,test
96,176,12,3,buffer
305,420,46,4,development
11,417,6,3,development
438,160,62,1,buffer
159,526,27,6,development
380,508,57,4,development
445,496,67,4,development
619,436,96,5,development
263,34,30,3,development
301,211,43,3,test
157,449,26,5,development
415,410,66,4,development
436,370,65,4,buffer
357,160,52,3,buffer
199,239,23,1,test
317,223,43,3,test
217,189,32,3,buffer
308,461,46,5,development
605,142,92,2,buffer
538,37,80,2,development
615,303,94,2,test
399,481,57,4,development
220,587,38,6,development
12,77,1,1,development
536,110,81,5,development
267,315,34,4,test
558,462,86,1,development
550,71,81,2,development
286,432,46,4,development
325,355,45,5,buffer
448,503,67,4,development
141,144,22,2,buffer
580,308,84,4,test
58,596,8,5,development
235,377,35,3,buffer
535,602,78,5,development
472,220,73,1,test
332,295,44,4,test
283,99,41,4,development
485,121,71,1,development
595,403,86,4,development
216,159,32,1,buffer
11,409,6,3,development
536,70,81,2,development
132,465,16,5,development
495,335,75,4,buffer
486,419,76,5,development
283,42,40,3,development
113,271,14,2,test
132,166,12,3,buffer
125,443,16,5,development
613,149,92,2,buffer
239,195,32,1,buffer
648,37,90,2,development
496,149,72,1,buffer
635,410,96,3,development
600,535,87,1,development
155,289,24,5,test
90,404,16,2,development
60,322,4,4,test
380,370,55,4,buffer
612,233,93,6,test
565,564,88,5,development
591,15,80,2,development
224,256,33,2,test
307,384,45,4,buffer
118,130,11,1,development
300,581,48,4,development
156,99,21,3,development
513,65,70,3,development
534,355,75,5,buffer
620,446,96,4,development
219,377,35,3,buffer
172,463,26,1,development
124,212,13,1,test
158,410,26,5,development
264,540,38,3,development
314,301,44,1,test
595,275,84,3,test
557,219,83,2,test
109,5,10,5,development
112,306,14,5,test
520,351,75,5,buffer
406,480,67,4,development
144,517,27,6,development
494,299,74,5,test
332,570,48,4,development
184,230,23,2,test
10,528,7,5,development
463,532,67,5,development
85,113,11,2,development
455,125,61,1,development
60,359,5,3,buffer
208,571,38,6,development
87,152,12,5,buffer
645,106,91,2,development
264,464,36,3,development
537,301,84,4,test
138,329,24,5,test
613,81,91,2,development
41,345,5,2,buffer
531,274,74,5,test
253,313,34,2,test
649,237,93,1,test
511,283,74,5,test
435,274,64,3,test
74,405,16,4,development
195,305,24,5,test
324,461,46,4,development
295,531,47,3,development
506,532,77,4,development
268,430,46,4,development
38,588,8,4,development
626,131,91,2,development
84,555,18,5,development
2,143,2,1,buffer
99,480,17,2,development
364,445,56,4,development
255,398,35,2,buffer
90,261,13,3,test
237,237,33,3,test
632,485,97,5,development
152,146,22,2,buffer
234,560,38,5,development
94,210,13,6,test
342,419,56,5,development
101,523,17,1,development
640,221,93,1,test
155,434,26,5,development
263,24,30,3,development
288,61,40,3,development
626,111,91,2,development
546,70,81,2,development
1,289,4,3,test
82,326,14,2,test
217,16,30,3,development
489,258,73,4,test
81,327,14,2,test
640,563,98,3,development
488,167,72,1,buffer
552,131,81,2,development
629,397,95,3,buffer
544,260,83,5,test
625,275,94,2,test
261,390,35,4,buffer
650,581,98,3,development
25,108,1,3,development
490,155,72,4,buffer
289,476,47,4,development
398,385,55,3,buffer
48,291,4,3,test
246,57,30,1,development
26,46,0,2,development
217,278,34,3,test
3,551,8,5,development
59,414,6,1,development
235,312,34,3,test
402,380,65,3,buffer
251,543,38,5,development
500,126,71,1,development
67,336,15,2,buffer
608,127,91,2,development
269,400,45,4,buffer
592,194,82,1,buffer
578,105,81,5,development
568,300,84,5,test
295,80,41,1,development
348,586,58,5,development
140,86,21,1,development
385,219,53,3,test
513,412,76,4,development
380,261,53,5,test
154,189,22,3,buffer
456,548,68,5,development
210,351,35,1,buffer
276,323,44,4,test
489,524,77,5,development
67,101,11,2,development
210,512,37,6,development
173,413,26,5,development
294,137,42,1,buffer
606,131,91,2,development
305,552,48,5,development
647,569,98,3,development
532,476,77,1,development
433,289,64,1,test
564,277,84,4,test
522,368,75,5,buffer
289,390,45,4,buffer
605,537,98,1,development
518,103,71,2,development
481,188,72,1,buffer
216,586,38,6,development
84,522,17,1,development
242,606,39,4,development
366,344,55,4,buffer
337,169,52,1,buffer
435,289,64,1,test
88,39,10,3,development
54,45,0,3,development
637,26,90,2,development
593,71,81,2,development
98,400,15,5,buffer
167,496,27,6,development
587,97,81,2,development
205,577,38,6,development
72,503,17,5,development
245,168,32,3,buffer
137,117,21,3,development
630,0,90,2,development
606,130,91,2,development
206,271,34,3,test
318,436,46,4,development
619,133,91,2,development
547,473,87,1,development
178,202,23,5,test
96,97,11,3,development
405,558,68,4,development
120,5,10,2,development
588,541,88,1,development
299,583,48,4,development
124,159,12,4,buffer
315,74,41,3,development
116,359,15,4,buffer
355,324,54,5,test
259,515,37,5,development
483,404,76,5,development
436,387,65,4,buffer
442,325,64,3,test
254,86,31,3,development
356,398,55,5,buffer
497,95,71,2,development
432,303,64,1,test
166,418,26,5,development
345,28,50,1,development
84,124,11,1,development
643,377,95,3,buffer
85,194,12,3,buffer
623,103,91,2,development
226,302,34,3,test
563,369,85,4,buffer
220,202,33,3,test
439,335,65,3,buffer
332,470,47,5,development
147,110,21,3,development
194,47,20,3,development
459,159,62,1,buffer
22,190,2,3,buffer
611,315,94,2,test
146,436,26,5,development
614,139,92,2,buffer
33,173,2,3,buffer
413,326,64,4,test
485,318,74,3,test
228,407,36,4,development
599,156,82,2,buffer
385,414,56,4,development
342,71,51,3,development
279,442,46,4,development
340,587,58,5,development
614,114,91,2,development
434,238,63,3,test
218,161,32,1,buffer
293,355,45,4,buffer
313,534,47,5,development
275,415,46,4,development
532,352,75,4,buffer
264,118,31,1,development
189,228,23,2,test
493,561,78,4,development
29,574,8,5,development
372,421,56,4,development
7,114,1,3,development
218,585,38,6,development
608,531,97,1,development
565,420,86,4,development
417,386,65,4,buffer
344,600,58,5,development
213,547,38,6,development
563,167,82,1,buffer
223,73,31,1,development
121,254,13,2,test
320,536,48,5,development
139,287,24,5,test
220,225,33,3,test
130,122,11,2,development
80,214,13,3,test
592,224,83,1,test
128,425,16,5,development
14,473,7,3,development
160,557,28,6,development
209,566,38,6,development
366,578,58,5,development
87,162,12,1,buffer
132,125,11,2,development
138,204,23,1,test
313,25,40,1,development
569,561,88,1,development
522,513,77,4,development
199,53,20,3,development
201,265,33,3,test
575,487,87,3,development
244,545,38,4,development
19,133,1,3,development
558,292,84,4,test
153,143,22,1,buffer
44,505,7,5,development
582,459,86,2,development
240,213,33,4,test
554,483,87,1,development
82,47,10,1,development
268,112,41,1,development
592,230,83,3,test
401,364,55,3,buffer
109,505,17,4,development
33,198,2,3,buffer
574,588,88,1,development
603,157,92,2,buffer
516,151,72,4,buffer
614,208,93,1,test
346,19,50,1,development
289,236,43,1,test
598,3,80,2,development
406,333,64,3,test
166,497,27,6,development
494,19,70,2,development
205,275,34,3,test
601,441,86,4,development
531,227,73,5,test
321,350,45,2,buffer
500,418,76,4,development
324,32,40,4,development
592,600,88,1,development
156,430,26,5,development
430,18,60,1,development
611,539,98,1,development
611,540,98,1,development
201,491,37,4,development
409,273,64,5,test
249,506,37,4,development
99,609,19,4,development
158,432,26,5,development
130,475,17,5,development
217,545,38,6,development
69,597,18,5,development
83,184,12,3,buffer
636,507,97,1,development
578,45,80,2,development
393,183,52,3,buffer
526,317,74,5,test
516,371,75,5,buffer
70,48,10,3,development
320,436,46,5,development
617,82,91,2,development
416,277,64,3,test
126,279,14,5,test
458,50,60,1,development
411,579,68,4,development
288,73,41,1,development
115,270,14,2,test
603,282,94,1,test
623,540,98,1,development
159,527,27,6,development
570,80,81,2,development
165,455,26,5,development
615,84,91,2,development
154,347,25,5,buffer
286,54,40,3,development
429,303,64,1,test
489,363,75,4,buffer
498,256,73,4,test
64,255,3,1,test
243,565,38,1,development
516,287,74,5,test
129,85,11,3,development
378,278,54,5,test
608,361,95,4,buffer
175,468,26,3,development
515,431,76,4,development
574,95,81,2,development
26,584,8,4,development
619,96,91,2,development
443,561,68,4,development
103,210,13,1,test
453,131,61,1,development
175,183,22,1,buffer
23,278,4,1,test
604,512,97,1,development
239,388,35,4,buffer
587,88,81,2,development
523,613,79,4,development
161,183,22,3,buffer
529,135,72,1,buffer
90,220,13,1,test
377,595,58,4,development
349,244,53,3,test
128,429,16,5,development
549,345,85,4,buffer
653,604,99,1,development
618,391,95,2,buffer
171,454,26,3,development
510,130,71,1,development
294,170,42,1,buffer
256,459,36,1,development
538,29,80,2,development
366,301,54,4,test
554,132,81,2,development
326,24,40,1,development
203,230,33,2,test
644,2,90,2,development
469,399,75,4,buffer
530,337,75,4,buffer
200,226,23,2,test
74,180,12,3,buffer
602,69,81,2,development
546,382,85,4,buffer
2,534,7,5,development
459,496,67,4,development
237,93,31,3,development
287,245,43,1,test
605,163,92,2,buffer
114,599,18,4,development
561,62,80,2,development
240,290,34,2,test
456,406,66,4,development
150,543,28,3,development
466,24,60,1,development
139,185,22,3,buffer
381,414,56,3,development
551,133,81,2,development
593,341,85,4,buffer
434,137,62,1,buffer
557,44,80,2,development
123,431,16,5,development
20,350,5,2,buffer
37,371,5,3,buffer
113,523,17,5,development
152,186,22,3,buffer
230,402,36,4,development
494,378,75,5,buffer
609,231,93,6,test
154,357,25,5,buffer
551,599,88,5,development
641,139,92,1,buffer
26,419,6,3,development
516,394,75,5,buffer
102,89,11,3,development
237,387,35,1,buffer
163,3,20,3,development
346,553,58,4,development
121,434,16,5,development
640,539,98,2,development
529,380,75,4,buffer
10,366,5,3,buffer
141,231,23,1,test
500,341,75,4,buffer
511,239,73,5,test
425,450,66,5,development
614,107,91,2,development
120,200,12,3,buffer
575,111,81,2,development
9,103,1,3,development
617,383,95,1,buffer
555,110,81,2,development
121,108,11,3,development
426,326,64,1,test
80,71,11,1,development
215,475,37,5,development
11,556,8,5,development
552,215,83,2,test
629,161,92,2,buffer
473,221,73,1,test
386,471,57,4,development
356,514,57,4,development
573,293,84,4,test
197,600,28,4,development
633,129,91,2,development
588,261,83,3,test
638,555,98,3,development
465,407,66,4,development
340,296,54,1,test
247,249,33,1,test
259,176,32,1,buffer
43,215,3,3,test
212,584,38,6,development
74,335,15,2,buffer
23,7,0,3,development
45,39,0,3,development
330,115,41,3,development
229,596,38,6,development
134,383,25,5,buffer
458,169,62,1,buffer
153,91,21,3,development
353,340,55,5,buffer
271,161,42,3,buffer
78,535,17,5,development
347,441,56,5,development
89,421,16,5,development
352,92,51,3,development
616,141,92,2,buffer
8,549,8,5,development
217,544,38,6,development
38,405,6,1,development
556,529,87,1,development
459,491,67,4,development
4,353,5,3,buffer
605,330,94,4,test
326,365,45,1,buffer
544,89,81,2,development
166,92,21,1,development
312,525,47,3,development
502,444,76,4,development
88,475,17,2,development
437,20,60,1,development
612,541,98,1,development
221,218,33,3,test
560,263,83,1,test
194,390,25,2,buffer
106,333,14,5,test
232,605,39,4,development
535,393,75,4,buffer
341,209,53,1,test
60,340,5,2,buffer
277,138,42,3,buffer
633,439,96,2,development
3,256,3,3,test
300,309,44,4,test
342,201,53,1,test
342,484,57,4,development
77,257,13,3,test
294,544,48,5,development
244,474,37,2,development
27,77,1,3,development
250,568,38,4,development
127,477,17,5,development
47,544,8,5,development
339,242,53,3,test
46,389,5,3,buffer
363,428,56,5,development
527,89,71,2,development
498,93,71,2,development
606,108,91,2,development
416,57,60,1,development
259,92,31,3,development
599,7,80,2,development
441,344,65,3,buffer
211,38,30,3,development
351,247,53,3,test
278,256,43,4,test
382,343,55,1,buffer
144,615,29,4,development
394,43,50,1,development
544,225,83,2,test
138,614,29,4,development
610,75,91,2,development
208,563,38,6,development
176,334,24,4,test
192,45,20,3,development
458,221,63,1,test
412,570,68,4,development
134,455,26,5,development
303,231,43,3,test
543,68,81,2,development
195,241,23,2,test
39,87,1,3,development
259,171,32,1,buffer
334,467,46,5,development
110,248,13,2,test
263,605,39,4,development
9,519,7,5,development
432,555,68,4,development
138,13,20,3,development
248,248,33,1,test
208,478,37,1,development
145,416,26,5,development
627,135,92,2,buffer
436,14,60,3,development
615,230,93,6,test
59,260,3,3,test
230,528,37,4,development
227,116,31,1,development
638,173,92,1,buffer
542,39,80,2,development
148,375,25,5,buffer
93,526,17,1,development
555,47,80,2,development
258,552,38,1,development
382,345,55,1,buffer
208,579,38,6,development
571,109,81,2,development
333,223,43,1,test
616,119,91,2,development
13,244,3,3,test
512,299,74,5,test
361,542,58,4,development
23,255,3,3,test
640,11,90,2,development
409,535,67,4,development
538,64,80,2,development
221,54,30,1,development
156,159,22,2,buffer
591,116,81,2,development
97,571,18,5,development
580,50,80,2,development
476,0,70,1,development
176,6,20,3,development
653,442,96,3,development
594,269,84,1,test
115,257,13,2,test
31,513,7,5,development
134,452,26,5,development
344,40,50,1,development
600,330,84,2,test
113,259,13,2,test
197,214,23,2,test
582,525,87,3,development
565,125,81,2,development
215,583,38,6,development
388,448,56,4,development
138,123,21,2,development
371,315,54,4,test
97,402,16,5,development
361,414,56,5,development
397,567,58,4,development
530,308,74,5,test
594,29,80,2,development
539,21,80,2,development
139,234,23,1,test
577,129,81,2,development
40,388,5,3,buffer
132,506,17,1,development
413,181,62,4,buffer
523,232,73,5,test
31,583,8,5,development
210,561,38,6,development
4,485,7,4,development
534,449,76,5,development
406,76,61,1,development
526,70,71,2,development
204,228,33,2,test
534,347,75,4,buffer
197,430,26,1,development
160,455,26,5,development
290,237,43,1,test
507,394,75,5,buffer
267,140,32,1,buffer
374,545,58,3,development
555,183,82,2,buffer
354,372,55,5,buffer
82,450,16,5,development
164,17,20,3,development
573,94,81,2,development
576,209,83,5,test
138,391,25,5,buffer
339,6,50,1,development
74,75,11,1,development
310,484,47,4,development
154,118,21,3,development
193,96,21,3,development
621,445,96,4,development
526,204,73,5,test
166,293,24,5,test
51,454,6,4,development
70,503,17,5,development
169,142,22,1,buffer
346,403,56,5,development
84,463,16,5,development
462,558,68,4,development
94,448,16,5,development
449,322,64,1,test
377,168,52,1,buffer
180,152,22,1,buffer
295,518,47,3,development
412,544,68,4,development
188,363,25,5,buffer
216,15,30,3,development
636,525,97,3,development
222,382,35,5,buffer
84,156,12,5,buffer
324,277,44,3,test
578,511,87,3,development
604,379,95,4,buffer
411,607,69,4,development
364,265,53,4,test
510,74,71,2,development
112,199,12,2,buffer
559,45,80,2,development
107,25,10,5,development
222,526,37,6,development
635,372,95,3,buffer
649,47,90,2,development
5,277,4,1,test
147,469,27,5,development
590,116,81,2,development
225,595,38,6,development
614,438,96,4,development
397,219,53,5,test
144,190,22,3,buffer
113,516,17,5,development
429,451,66,5,development
356,163,52,3,buffer
629,129,91,2,development
297,382,45,4,buffer
227,439,36,5,development
170,445,26,4,development
47,17,0,3,development
648,148,92,2,buffer
572,440,86,4,development
265,206,33,3,test
14,166,2,3,buffer
539,510,87,4,development
546,89,81,2,development
204,464,36,1,development
572,45,80,2,development
409,537,68,4,development
155,440,26,5,development
79,528,17,5,development
357,170,52,3,buffer
171,270,24,5,test
126,546,18,5,development
494,285,74,4,test
194,446,26,3,development
448,413,66,5,development
209,427,36,1,development
212,455,36,1,development
231,597,38,6,development
574,30,80,2,development
23,203,3,3,test
626,116,91,2,development
543,44,80,2,development
225,71,31,3,development
121,265,13,2,test
566,38,80,2,development
607,115,91,2,development
513,565,78,4,development
289,70,41,1,development
339,211,53,1,test
17,371,5,3,buffer
289,71,41,1,development
274,538,48,1,development
224,601,38,6,development
438,537,68,4,development
429,422,66,4,development
161,121,21,3,development
297,535,47,4,development
517,102,71,2,development
85,361,15,4,buffer
20,569,8,5,development
127,45,10,1,development
595,271,84,1,test
241,117,31,1,development
360,28,50,4,development
141,129,21,2,development
513,109,71,3,development
473,76,71,1,development
200,222,23,2,test
513,501,77,5,development
507,185,72,5,buffer
14,576,8,5,development
2,192,2,3,buffer
71,28,10,3,development
457,565,68,4,development
264,83,31,3,development
402,333,64,5,test
447,235,63,4,test
103,182,12,3,buffer
566,60,80,2,development
394,41,50,1,development
115,560,18,4,development
334,25,40,1,development
275,576,48,5,development
17,380,5,3,buffer
102,82,11,3,development
224,198,32,3,buffer
380,147,52,1,buffer
277,551,48,5,development
318,609,49,4,development
501,569,78,4,development
126,148,12,3,buffer
140,540,28,5,development
276,614,49,4,development
469,549,78,5,development
90,393,15,4,buffer
73,337,15,2,buffer
613,111,91,2,development
148,458,26,5,development
103,136,12,3,buffer
436,436,66,5,development
113,522,17,5,development
180,20,20,3,development
210,462,36,1,development
350,379,55,5,buffer
352,429,56,5,development
568,32,80,2,development
410,467,66,4,development
348,411,56,5,development
115,9,10,2,development
247,247,33,1,test
387,188,52,3,buffer
632,509,97,1,development
133,613,19,4,development
354,196,52,1,buffer
605,324,94,4,test
542,273,84,2,test
336,247,53,3,test
31,451,6,4,development
483,8,70,2,development
510,572,78,4,development
270,69,41,1,development
543,291,84,4,test
600,353,85,4,buffer
269,479,47,4,development
641,413,96,1,development
146,572,28,4,development
250,373,35,5,buffer
161,383,25,5,buffer
628,182,92,1,buffer
596,283,84,3,test
222,110,31,1,development
551,598,88,5,development
98,1,10,2,development
98,29,10,3,development
442,198,62,1,buffer
456,128,61,1,development
527,363,75,5,buffer
502,205,73,5,test
381,327,54,4,test
107,199,12,6,buffer
149,112,21,3,development
422,452,66,5,development
317,179,42,1,buffer
157,528,27,6,development
524,361,75,5,buffer
609,258,93,3,test
549,74,81,2,development
147,427,26,5,development
618,123,91,2,development
621,129,91,2,development
502,386,75,4,buffer
643,294,94,3,test
303,230,43,3,test
606,162,92,2,buffer
15,541,8,5,development
111,468,16,3,development
375,50,50,4,development
323,143,42,1,buffer
212,159,32,3,buffer
123,476,17,5,development
645,20,90,2,development
350,31,50,1,development
361,383,55,5,buffer
252,124,31,3,development
182,390,25,5,buffer
495,27,70,1,development
643,20,90,2,development
608,136,92,2,buffer
199,460,26,1,development
359,54,50,4,development
543,85,81,2,development
233,428,36,4,development
644,316,94,2,test
585,488,87,3,development
349,421,56,5,development
111,481,17,2,development
494,561,78,4,development
626,157,92,2,buffer
78,482,17,5,development
318,178,42,1,buffer
287,368,45,1,buffer
592,23,80,2,development
108,166,12,1,buffer
224,590,38,6,development
554,585,88,5,development
211,578,38,6,development
626,154,92,2,buffer
388,266,53,4,test
111,45,10,5,development
248,171,32,3,buffer
502,445,76,4,development
631,260,93,3,test
439,146,62,1,buffer
315,501,47,3,development
176,85,21,3,development
268,450,46,5,development
549,44,80,2,development
169,45,20,3,development
129,492,17,5,development
35,298,4,3,test
56,444,6,3,development
511,175,72,5,buffer
92,337,15,5,buffer
124,265,13,2,test
354,1,50,1,development
202,508,37,4,development
416,107,61,1,development
614,105,91,2,development
26,232,3,3,test
524,127,71,1,development
560,43,80,2,development
8,313,4,1,test
155,251,23,5,test
509,197,72,5,buffer
381,64,50,3,development
250,474,37,1,development
276,41,40,3,development
492,17,70,2,development
622,121,91,2,development
36,553,8,5,development
241,106,31,3,development
37,8,0,3,development
556,531,87,1,development
526,62,70,3,development
307,20,40,1,development
455,413,66,4,development
586,484,87,3,development
498,475,77,4,development
616,151,92,2,buffer
562,262,83,1,test
115,210,13,1,test
393,180,52,1,buffer
173,443,26,1,development
585,162,82,2,buffer
145,516,27,6,development
430,288,64,1,test
264,18,30,3,development
196,214,23,2,test
225,194,32,3,buffer
568,100,81,2,development
549,70,81,2,development
414,328,64,4,test
621,195,92,1,buffer
321,438,46,5,development
632,63,90,3,development
31,416,6,3,development
345,310,54,3,test
307,246,43,1,test
393,15,50,1,development
137,275,24,5,test
633,180,92,1,buffer
606,110,91,2,development
335,462,56,4,development
523,438,76,5,development
392,542,58,4,development
440,352,65,3,buffer
207,579,38,6,development
92,493,17,3,development
202,187,32,3,buffer
426,560,68,4,development
436,536,68,4,development
380,407,56,4,development
627,335,95,4,buffer
132,64,10,3,development
152,158,22,1,buffer
564,61,80,2,development
115,238,13,2,test
84,535,17,5,development
561,552,88,3,development
103,82,11,3,development
221,603,39,6,development
318,376,45,4,buffer
129,410,16,5,development
216,158,32,1,buffer
153,511,27,6,development
76,343,15,2,buffer
1,219,3,3,test
507,1,70,1,development
156,586,28,5,development
443,280,64,1,test
403,391,65,3,buffer
481,131,71,1,development
177,421,26,5,development
489,402,76,5,development
16,507,7,4,development
248,34,30,3,development
622,107,91,2,development
346,481,57,4,development
350,583,58,5,development
294,168,42,1,buffer
330,16,40,1,development
650,29,90,2,development
353,242,53,3,test
430,601,68,4,development
369,161,52,1,buffer
381,78,51,3,development
506,328,74,4,test
97,163,12,3,buffer
103,596,18,4,development
637,7,90,2,development
211,122,31,3,development
277,528,47,3,development
403,571,68,5,development
367,9,50,1,development
33,30,0,3,development
14,554,8,5,development
450,355,65,1,buffer
391,273,54,5,test
560,604,89,5,development
605,205,93,6,test
621,147,92,2,buffer
449,193,62,1,buffer
506,505,77,4,development
47,123,1,3,development
117,11,10,2,development
550,68,81,2,development
595,109,81,2,development
212,518,37,6,development
580,496,87,1,development
480,558,78,5,development
244,163,32,3,buffer
303,153,42,1,buffer
340,210,53,1,test
368,572,58,4,development
275,380,45,4,buffer
468,453,66,4,development
649,24,90,2,development
47,450,6,3,development
350,290,54,3,test
651,29,90,2,development
628,0,90,2,development
311,142,42,1,buffer
148,426,26,5,development
165,419,26,5,development
484,68,71,5,development
215,291,34,3,test
529,384,75,4,buffer
13,152,2,3,buffer
526,217,73,2,test
153,603,29,4,development
309,368,45,4,buffer
253,92,31,3,development
522,278,74,5,test
192,231,23,2,test
641,288,94,3,test
191,172,22,1,buffer
506,602,78,4,development
491,162,72,1,buffer
115,601,18,4,development
472,161,72,1,buffer
461,230,63,3,test
120,351,15,4,buffer
589,390,85,4,buffer
85,591,18,4,development
596,104,81,5,development
271,80,41,3,development
200,487,27,4,development
198,233,23,2,test
113,164,12,1,buffer
75,340,15,2,buffer
115,592,18,4,development
587,278,84,1,test
308,484,47,4,development
570,116,81,2,development
498,97,71,2,development
224,593,38,6,development
313,3,40,1,development
502,601,78,4,development
528,427,76,4,development
108,143,12,3,buffer
233,425,36,3,development
643,579,98,3,development
591,515,87,3,development
526,606,79,4,development
140,453,26,5,development
62,107,1,3,development
455,189,62,1,buffer
614,547,98,1,development
592,226,83,1,test
393,350,55,1,buffer
110,467,16,3,development
70,585,18,5,development
252,457,36,4,development
537,221,83,2,test
283,546,48,5,development
142,401,25,4,buffer
210,179,32,1,buffer
398,48,50,1,development
44,150,2,3,buffer
555,595,88,5,development
405,342,65,5,buffer
498,361,75,4,buffer
424,462,66,5,development
232,127,31,1,development
106,200,12,6,buffer
581,191,82,1,buffer
227,167,32,1,buffer
204,28,30,1,development
566,74,81,2,development
340,155,52,1,buffer
544,482,87,1,development
81,93,11,3,development
439,317,64,1,test
261,56,30,3,development
223,211,33,3,test
116,19,10,2,development
545,74,81,2,development
633,466,96,2,development
192,233,23,2,test
400,464,56,5,development
190,251,23,2,test
490,338,75,4,buffer
514,131,71,1,development
550,6,80,3,development
242,63,30,1,development
473,209,73,1,test
158,162,22,2,buffer
462,447,66,4,development
149,378,25,5,buffer
397,249,53,5,test
596,511,87,1,development
329,250,43,1,test
633,441,96,2,development
531,77,71,2,development
379,581,58,4,development
559,111,81,2,development
432,80,61,1,development
220,607,39,6,development
621,111,91,2,development
506,119,71,1,development
48,146,2,3,buffer
133,460,16,5,development
244,570,38,5,development
650,42,90,2,development
63,432,6,4,development
598,12,80,2,development
339,272,54,3,test
93,464,16,5,development
476,386,75,4,buffer
17,268,4,3,test
430,464,66,5,development
17,551,8,5,development
194,215,23,1,test
600,465,86,4,development
403,466,66,5,development
77,21,10,3,development
127,404,16,5,development
147,138,22,2,buffer
228,106,31,1,development
624,539,98,1,development
596,350,85,4,buffer
548,473,87,1,development
633,606,99,3,development
61,230,3,3,test
430,393,65,5,buffer
94,551,18,5,development
507,544,78,4,development
223,593,38,6,development
532,87,71,2,development
385,203,53,3,test
130,372,15,5,buffer
437,170,62,1,buffer
215,587,38,6,development
467,608,69,5,development
143,223,23,1,test
36,544,8,5,development
124,253,13,2,test
514,218,73,5,test
154,550,28,3,development
423,447,66,5,development
387,69,51,3,development
94,39,10,3,development
223,233,33,3,test
224,594,38,6,development
279,412,46,4,development
376,298,54,4,test
79,529,17,5,development
423,474,67,5,development
563,115,81,2,development
212,394,35,4,buffer
277,550,48,5,development
393,14,50,1,development
26,515,7,5,development
528,69,71,2,development
111,91,11,3,development
90,4,10,2,development
249,563,38,5,development
539,73,81,2,development
33,105,1,3,development
155,14,20,3,development
142,369,25,5,buffer
313,362,45,1,buffer
463,182,62,1,buffer
510,525,77,4,development
521,80,71,2,development
49,246,3,3,test
248,54,30,1,development
510,424,76,4,development
390,330,54,4,test
24,516,7,5,development
132,284,14,5,test
597,156,82,5,buffer
128,483,17,5,development
619,102,91,2,development
301,527,47,4,development
584,549,88,1,development
553,145,82,2,buffer
627,512,97,3,development
119,510,17,5,development
9,40,0,2,development
38,72,1,2,development
409,565,68,4,development
348,599,58,5,development
58,414,6,1,development
133,40,10,3,development
237,380,35,1,buffer
565,72,81,2,development
351,505,57,4,development
453,599,68,4,development
132,471,17,5,development
60,186,2,3,buffer
573,43,80,2,development
341,430,56,5,development
569,0,80,2,development
245,112,31,1,development
636,535,97,3,development
174,603,29,6,development
238,247,33,1,test
343,182,52,1,buffer
464,194,62,1,buffer
366,586,58,4,development
505,219,73,5,test
5,472,7,1,development
317,221,43,3,test
20,173,2,3,buffer
609,130,91,2,development
424,459,66,5,development
163,169,22,1,buffer
111,314,14,4,test
43,596,8,5,development
347,60,50,4,development
278,119,41,1,development
381,519,57,4,development
541,85,81,2,development
63,114,1,3,development
132,438,16,5,development
48,552,8,5,development
562,515,87,1,development
185,39,20,1,development
298,327,44,4,test
639,243,93,1,test
513,215,73,5,test
584,121,81,2,development
322,18,40,1,development
72,218,13,3,test
14,516,7,5,development
368,351,55,4,buffer
575,283,84,4,test
330,118,41,3,development
214,28,30,3,development
538,476,87,3,development
298,124,41,4,development
562,63,80,2,development
132,533,17,1,development
87,450,16,5,development
463,439,66,5,development
80,573,18,5,development
440,497,67,4,development
199,606,29,3,development
216,384,35,5,buffer
404,505,67,4,development
247,32,30,1,development
126,265,13,2,test
93,284,14,1,test
212,188,32,3,buffer
329,460,46,5,development
475,405,76,4,development
220,497,37,5,development
652,69,91,2,development
443,516,67,4,development
521,293,74,4,test
550,69,81,2,development
377,318,54,4,test
243,509,37,4,development
45,345,5,1,buffer
193,198,22,1,buffer
119,79,11,3,development
163,359,25,5,buffer
74,123,11,3,development
266,409,36,3,development
151,548,28,3,development
363,524,57,1,development
167,316,24,5,test
608,131,91,2,development
347,311,54,4,test
119,211,13,1,test
622,108,91,2,development
210,285,34,3,test
261,245,33,4,test
628,525,97,3,development
183,381,25,2,buffer
596,103,81,5,development
91,470,17,2,development
629,108,91,2,development
149,458,26,5,development
274,572,48,5,development
351,175,52,3,buffer
609,136,92,2,buffer
507,327,74,4,test
523,298,74,5,test
534,400,75,4,buffer
614,111,91,2,development
588,88,81,2,development
543,92,81,2,development
251,557,38,5,development
648,542,98,3,development
440,537,68,4,development
558,92,81,2,development
608,220,93,6,test
243,378,35,5,buffer
143,424,26,5,development
564,549,88,3,development
560,254,83,2,test
526,592,78,4,development
560,595,88,5,development
389,10,50,1,development
101,215,13,1,test
466,490,67,5,development
84,484,17,3,development
507,606,79,4,development
546,35,80,2,development
491,94,71,1,development
121,87,11,3,development
317,444,46,5,development
90,464,16,5,development
589,112,81,2,development
269,271,44,1,test
69,518,17,5,development
585,26,80,2,development
520,79,71,2,development
225,590,38,6,development
123,12,10,2,development
605,93,91,2,development
393,570,58,4,development
495,191,72,1,buffer
304,247,43,1,test
170,544,28,3,development
291,336,45,4,buffer
571,45,80,2,development
557,110,81,2,development
132,476,17,5,development
250,42,30,3,development
22,396,5,3,buffer
202,203,33,2,test
571,605,89,5,development
403,273,64,5,test
66,310,4,5,test
579,546,88,1,development
643,181,92,2,buffer
584,139,82,5,buffer
213,583,38,6,development
202,86,31,3,development
519,82,71,2,development
222,345,35,3,buffer
60,35,0,3,development
38,41,0,3,development
517,78,71,2,development
623,97,91,2,development
22,212,3,3,test
162,4,20,3,development
536,244,83,5,test
246,469,37,2,development
324,374,45,4,buffer
587,258,83,3,test
205,250,33,2,test
562,461,86,1,development
443,609,69,4,development
499,480,77,4,development
616,82,91,2,development
590,40,80,2,development
174,315,24,5,test
11,156,2,3,buffer
41,558,8,5,development
313,116,41,3,development
292,80,41,1,development
128,302,14,5,test
484,218,73,4,test
523,300,74,5,test
257,193,32,3,buffer
453,579,68,4,development
625,276,94,2,test
552,66,80,2,development
561,590,88,5,development
239,193,32,1,buffer
586,368,85,4,buffer
592,356,85,4,buffer
518,355,75,5,buffer
12,464,6,1,development
137,212,23,1,test
522,238,73,5,test
245,461,36,2,development
460,479,67,4,development
433,569,68,4,development
24,436,6,3,development
613,308,94,2,test
548,95,81,2,development
604,501,97,3,development
602,520,87,1,development
579,44,80,2,development
389,48,50,1,development
152,510,27,6,development
178,52,20,3,development
308,140,42,1,buffer
588,453,86,1,development
347,579,58,5,development
192,395,25,2,buffer
33,550,8,5,development
139,291,24,5,test
88,476,17,2,development
342,61,50,4,development
329,412,46,5,development
471,439,76,4,development
531,320,74,5,test
333,605,49,4,development
200,229,23,2,test
608,143,92,2,buffer
449,530,67,4,development
8,316,4,1,test
248,111,31,3,development
334,370,45,4,buffer
35,392,5,3,buffer
23,295,4,3,test
185,242,23,2,test
95,210,13,6,test
429,441,66,5,development
195,86,21,1,development
168,493,27,6,development
519,191,72,5,buffer
582,103,81,2,development
13,601,8,4,development
153,407,26,5,development
315,143,42,1,buffer
419,346,65,3,buffer
221,587,38,6,development
182,481,27,5,development
313,137,42,1,buffer
241,181,32,1,buffer
17,134,2,3,buffer
322,139,42,3,buffer
499,87,71,2,development
451,129,61,1,development
541,223,83,2,test
63,476,7,5,development
137,548,28,5,development
574,209,83,5,test
318,181,42,1,buffer
83,471,17,2,development
211,556,38,6,development
389,314,54,4,test
486,189,72,2,buffer
595,288,84,1,test
390,307,54,4,test
237,163,32,1,buffer
86,7,10,3,development
95,354,15,4,buffer
229,418,36,4,development
512,185,72,5,buffer
628,248,93,1,test
358,519,57,4,development
365,593,58,4,development
474,302,74,3,test
319,410,46,4,development
150,454,26,5,development
536,213,83,2,test
301,509,47,3,development
613,281,94,2,test
648,27,90,2,development
393,560,58,4,development
436,145,62,1,buffer
609,139,92,2,buffer
30,92,1,3,development
408,271,64,5,test
629,203,93,1,test
321,436,46,5,development
225,598,38,6,development
584,1,80,2,development
600,168,82,1,buffer
10,309,4,1,test
309,225,43,1,test
432,491,67,4,development
338,318,54,4,test
253,111,31,3,development
4,541,8,5,development
179,458,26,3,development
586,270,84,1,test
622,573,98,3,development
446,606,69,5,development
443,611,69,4,development
35,199,2,3,buffer
56,20,0,3,development
594,150,82,5,buffer
609,496,97,2,development
606,59,90,2,development
154,510,27,6,development
65,269,4,3,test
111,420,16,4,development
341,206,53,1,test
490,181,72,1,buffer
194,22,20,3,development
536,390,85,4,buffer
431,463,66,5,development
209,559,38,6,development
613,134,92,2,buffer
341,414,56,5,development
557,600,88,5,development
625,108,91,2,development
448,288,64,4,test
387,198,52,3,buffer
582,14,80,2,development
279,345,45,1,buffer
161,199,22,3,buffer
66,606,9,5,development
572,228,83,4,test
140,210,23,1,test
90,522,17,1,development
599,337,85,4,buffer
627,217,93,1,test
79,353,15,4,buffer
194,208,23,2,test
337,497,57,4,development
392,337,55,4,buffer
149,433,26,5,development
521,94,71,2,development
302,338,45,4,buffer
629,473,97,2,development
120,187,12,3,buffer
646,20,90,2,development
269,114,41,1,development
553,469,87,1,development
64,601,8,5,development
343,170,52,1,buffer
565,26,80,2,development
487,560,78,4,development
607,142,92,2,buffer
599,440,86,4,development
32,551,8,5,development
373,273,54,2,test
586,259,83,3,test
292,400,45,1,buffer
236,247,33,1,test
192,397,25,2,buffer
594,131,81,2,development
54,107,1,3,development
346,363,55,5,buffer
84,339,15,5,buffer
326,465,46,5,development
599,56,80,2,development
526,441,76,4,development
53,527,7,5,development
55,364,5,3,buffer
69,517,17,5,development
233,294,34,2,test
10,68,1,3,development
74,190,12,3,buffer
596,210,83,4,test
563,25,80,2,development
81,577,18,5,development
217,399,35,5,buffer
652,358,95,3,buffer
625,23,90,2,development
347,264,53,3,test
621,117,91,2,development
20,314,4,2,test
210,207,33,3,test
54,298,4,3,test
403,95,61,3,development
591,3,80,2,development
474,165,72,1,buffer
352,14,50,1,development
168,490,27,6,development
613,126,91,2,development
118,30,10,2,development
37,329,4,1,test
150,28,20,2,development
605,534,97,1,development
239,401,35,5,buffer
152,343,25,5,buffer
563,461,86,1,development
481,472,77,4,development
284,551,48,3,development
317,609,49,4,development
416,590,68,4,development
98,351,15,4,buffer
41,353,5,4,buffer
62,522,7,5,development
125,13,10,2,development
436,286,64,1,test
322,86,41,3,development
541,217,83,2,test
172,298,24,5,test
546,39,80,2,development
86,551,18,5,development
114,184,12,3,buffer
15,411,6,3,development
163,269,24,2,test
233,364,35,3,buffer
610,291,94,1,test
3,559,8,4,development
580,105,81,2,development
40,538,8,5,development
95,374,15,4,buffer
358,167,52,4,buffer
5,260,3,3,test
263,564,38,3,development
617,117,91,2,development
210,514,37,6,development
561,73,81,2,development
601,188,82,3,buffer
176,221,23,5,test
169,54,20,3,development
376,231,53,3,test
50,29,0,3,development
276,179,42,1,buffer
11,558,8,5,development
286,615,49,5,development
578,501,87,1,development
4,200,2,3,buffer
594,310,84,4,test
89,396,15,2,buffer
350,416,56,5,development
55,68,1,3,development
239,290,34,2,test
385,44,50,1,development
210,580,38,6,development
199,50,20,3,development
77,333,14,2,test
238,376,35,5,buffer
612,386,95,4,buffer
216,170,32,1,buffer
65,406,6,3,development
399,101,51,3,development
165,454,26,5,development
346,3,50,1,development
163,164,22,2,buffer
273,507,47,5,development
124,507,17,5,development
327,252,43,3,test
160,266,23,5,test
537,486,87,2,development
545,358,85,4,buffer
551,36,80,2,development
645,280,94,3,test
345,217,53,1,test
608,368,95,4,buffer
581,429,86,3,development
522,585,78,4,development
80,14,10,3,development
475,547,78,5,development
121,504,17,5,development
550,475,87,1,development
211,409,36,2,development
77,546,18,4,development
564,473,87,3,development
516,141,72,2,buffer
208,566,38,6,development
205,74,31,1,development
620,146,92,2,buffer
490,5,70,2,development
297,378,45,4,buffer
179,410,26,5,development
357,158,52,3,buffer
252,294,34,1,test
64,233,3,3,test
219,336,35,3,buffer
43,226,3,3,test
474,608,79,4,development
180,601,28,4,development
603,129,91,5,development
128,121,11,2,development
525,12,70,1,development
576,89,81,2,development
312,29,40,1,development
30,321,4,3,test
617,312,94,2,test
149,418,26,5,development
517,527,77,4,development
531,213,73,2,test
501,501,77,4,development
189,258,23,2,test
95,35,10,3,development
348,422,56,5,development
75,174,12,3,buffer
276,107,41,3,development
140,349,25,5,buffer
285,442,46,4,development
621,137,92,2,buffer
580,25,80,2,development
253,394,35,2,buffer
340,440,56,5,development
107,24,10,5,development
620,166,92,2,buffer
599,82,81,2,development
92,364,15,4,buffer
62,193,2,3,buffer
125,50,10,3,development
590,565,88,1,development
1,250,3,3,test
439,349,65,3,buffer
344,474,57,4,development
543,222,83,2,test
70,10,10,3,development
617,125,91,2,development
220,304,34,3,test
397,534,57,4,development
252,540,38,5,development
358,516,57,4,development
122,207,13,3,test
594,425,86,4,development
8,383,5,3,buffer
443,37,60,1,development
495,171,72,1,buffer
601,519,87,1,development
411,436,66,5,development
47,84,1,2,development
588,178,82,5,buffer
533,126,71,1,development
117,28,10,2,development
552,71,81,2,development
614,290,94,1,test
291,164,42,3,buffer
381,193,52,3,buffer
559,53,80,2,development
59,54,0,3,development
210,586,38,6,development
40,561,8,5,development
196,96,21,3,development
609,151,92,2,buffer
189,236,23,2,test
606,138,92,2,buffer
416,410,66,4,development
144,317,24,5,test
338,312,54,4,test
352,442,56,5,development
477,468,76,4,development
641,6,90,2,development
371,317,54,5,test
195,509,27,6,development
535,379,75,4,buffer
583,180,82,1,buffer
509,0,70,1,development
181,261,23,2,test
606,220,93,6,test
540,82,81,2,development
268,86,41,3,development
462,126,61,3,development
479,132,71,1,development
202,280,34,1,test
76,589,18,5,development
166,498,27,6,development
431,10,60,1,development
7,387,5,3,buffer
149,457,26,5,development
346,155,52,3,buffer
39,54,0,3,development
174,140,22,1,buffer
438,285,64,3,test
226,122,31,1,development
625,134,92,2,buffer
528,354,75,5,buffer
490,169,72,1,buffer
581,566,88,1,development
220,231,33,3,test
258,103,31,3,development
265,42,30,3,development
457,462,66,4,development
519,125,71,1,development
406,63,60,1,development
6,266,3,3,test
596,64,80,2,development
540,208,83,2,test
551,80,81,2,development
45,560,8,5,development
261,565,38,4,development
638,206,93,1,test
331,179,42,1,buffer
189,291,24,5,test
12,315,4,1,test
612,316,94,2,test
369,518,57,3,development
520,423,76,4,development
2,576,8,5,development
556,78,81,2,development
431,587,68,4,development
116,247,13,2,test
139,513,27,3,development
530,241,73,5,test
587,507,87,1,development
480,421,76,5,development
512,169,72,5,buffer
437,209,63,1,test
570,442,86,4,development
369,6,50,1,development
119,263,13,2,test
93,381,15,4,buffer
96,73,11,3,development
367,473,57,4,development
147,285,24,5,test
615,124,91,2,development
615,228,93,6,test
70,601,18,5,development
378,412,56,4,development
577,345,85,4,buffer
210,564,38,6,development
419,478,67,5,development
226,592,38,6,development
88,399,15,2,buffer
448,472,67,4,development
373,484,57,4,development
42,202,3,3,test
217,318,34,3,test
566,107,81,2,development
278,525,47,3,development
28,140,2,3,buffer
152,279,24,5,test
128,398,15,5,buffer
328,134,42,1,buffer
11,40,0,2,development
382,216,53,3,test
343,25,50,1,development
475,160,72,1,buffer
654,208,93,1,test
557,143,82,2,buffer
128,4,10,2,development
304,502,47,4,development
538,221,83,2,test
333,45,40,4,development
315,56,40,2,development
638,16,90,2,development
540,35,80,2,development
613,292,94,1,test
156,253,23,5,test
435,290,64,1,test
641,412,96,1,development
209,563,38,6,development
632,113,91,2,development
94,405,16,2,development
246,249,33,1,test
514,568,78,4,development
406,431,66,5,development
139,208,23,1,test
30,345,5,1,buffer
160,397,25,5,buffer
241,13,30,2,development
555,98,81,2,development
438,530,67,4,development
118,71,11,3,development
27,603,9,4,development
294,543,48,5,development
599,30,80,4,development
53,605,9,5,development
532,517,77,3,development
345,22,50,1,development
92,363,15,4,buffer
548,238,83,5,test
564,189,82,3,buffer
219,145,32,3,buffer
195,233,23,2,test
347,574,58,5,development
285,565,48,5,development
432,465,66,5,development
517,258,73,5,test
255,360,35,4,buffer
268,392,45,1,buffer
504,446,76,4,development
594,347,85,4,buffer
81,552,18,5,development
620,263,93,2,test
173,437,26,1,development
164,454,26,5,development
54,525,7,5,development
402,419,66,4,development
502,347,75,5,buffer
445,183,62,3,buffer
583,446,86,4,development
182,469,27,3,development
224,108,31,1,development
189,365,25,5,buffer
464,21,60,1,development
15,453,6,3,development
58,525,7,5,development
139,615,29,4,development
647,216,93,1,test
493,15,70,2,development
11,200,2,3,buffer
304,216,43,1,test
459,545,68,5,development
347,223,53,4,test
291,464,46,4,development
493,126,71,1,development
457,32,60,1,development
28,542,8,5,development
637,486,97,2,development
635,290,94,3,test
270,270,44,1,test
64,171,2,3,buffer
35,544,8,5,development
444,498,67,4,development
265,456,36,1,development
593,419,86,4,development
633,114,91,2,development
146,59,20,3,development
647,44,90,2,development
424,483,67,5,development
239,226,33,3,test
2,198,2,3,buffer
181,187,22,3,buffer
189,371,25,5,buffer
188,217,23,2,test
154,353,25,5,buffer
289,451,46,4,development
109,378,15,4,buffer
185,260,23,1,test
590,98,81,2,development
389,596,58,4,development
639,563,98,3,development
53,272,4,3,test
489,93,71,1,development
9,213,3,3,test
385,58,50,1,development
148,108,21,3,development
517,304,74,4,test
336,115,51,3,development
402,367,65,3,buffer
425,471,67,5,development
634,113,91,2,development
416,371,65,4,buffer
122,528,17,1,development
113,92,11,3,development
375,271,54,5,test
267,232,33,3,test
289,134,42,1,buffer
122,89,11,3,development
516,24,70,3,development
212,548,38,6,development
622,119,91,2,development
299,21,40,4,development
317,235,43,1,test
459,425,66,4,development
395,77,51,3,development
86,30,10,3,development
61,539,8,5,development
629,373,95,3,buffer
88,86,11,3,development
287,404,46,1,development
246,568,38,5,development
556,595,88,5,development
337,604,59,5,development
601,83,81,2,development
486,592,78,4,development
324,404,46,4,development
98,166,12,3,buffer
108,582,18,4,development
630,504,97,1,development
322,495,47,3,development
622,99,91,2,development
563,395,85,4,buffer
106,107,11,3,development
514,539,78,4,development
79,383,15,4,buffer
126,614,19,4,development
603,388,95,4,buffer
544,33,80,2,development
101,420,16,5,development
207,4,30,3,development
413,401,65,4,buffer
359,28,50,4,development
440,458,66,4,development
181,234,23,2,test
556,543,88,3,development
373,216,53,1,test
209,560,38,6,development
145,331,24,5,test
67,396,15,3,buffer
78,274,14,3,test
441,202,63,4,test
181,291,24,5,test
592,128,81,2,development
230,78,31,1,development
60,347,5,2,buffer
538,359,85,5,buffer
275,343,45,4,buffer
476,253,73,3,test
404,306,64,5,test
452,405,66,5,development
127,108,11,3,development
37,79,1,3,development
547,229,83,2,test
457,27,60,1,development
53,49,0,3,development
539,293,84,2,test
73,217,13,3,test
647,594,98,3,development
49,170,2,3,buffer
531,147,72,4,buffer
585,416,86,3,development
489,181,72,1,buffer
178,286,24,5,test
474,42,70,1,development
263,219,33,3,test
134,317,24,5,test
458,37,60,3,development
533,189,72,1,buffer
437,316,64,1,test
302,170,42,1,buffer
22,235,3,3,test
292,457,46,4,development
498,474,77,4,development
615,304,94,2,test
61,590,8,5,development
651,42,90,2,development
490,4,70,2,development
117,61,10,3,development
408,181,62,3,buffer
11,22,0,3,development
538,101,81,2,development
316,179,42,1,buffer
520,141,72,2,buffer
172,447,26,5,development
292,324,44,1,test
90,578,18,4,development
561,116,81,2,development
2,77,1,3,development
314,200,42,3,buffer
167,475,27,3,development
607,136,92,2,buffer
304,542,48,2,development
481,370,75,4,buffer
589,117,81,2,development
576,96,81,2,development
190,225,23,2,test
411,454,66,4,development
271,300,44,3,test
34,579,8,5,development
317,108,41,3,development
349,426,56,5,development
115,21,10,2,development
216,200,32,3,buffer
137,208,23,1,test
158,464,26,5,development
601,103,81,5,development
452,352,65,1,buffer
320,245,43,4,test
85,282,14,1,test
543,278,84,2,test
564,345,85,4,buffer
216,101,31,3,development
53,391,5,1,buffer
115,253,13,2,test
559,105,81,2,development
115,264,13,2,test
596,59,80,2,development
304,239,43,3,test
424,567,68,4,development
219,585,38,6,development
618,516,97,1,development
349,176,52,4,buffer
485,134,72,3,buffer
624,387,95,3,buffer
305,162,42,1,buffer
172,81,21,3,development
361,191,52,1,buffer
62,592,8,5,development
437,315,64,1,test
179,223,23,5,test
594,511,87,1,development
127,18,10,2,development
278,600,48,4,development
292,609,49,4,development
174,176,22,1,buffer
210,425,36,1,development
227,247,33,1,test
379,337,55,1,buffer
589,391,85,4,buffer
123,310,14,5,test
585,200,82,1,buffer
458,98,61,1,development
571,46,80,2,development
176,138,22,1,buffer
525,314,74,5,test
111,480,17,2,development
200,35,20,1,development
544,285,84,2,test
377,391,55,5,buffer
453,449,66,5,development
451,15,60,1,development
190,398,25,2,buffer
347,240,53,3,test
75,90,11,3,development
323,498,47,3,development
153,157,22,1,buffer
400,207,53,5,test
507,581,78,4,development
70,6,10,3,development
341,56,50,4,development
67,331,14,2,test
578,34,80,2,development
202,208,33,2,test
298,187,42,3,buffer
62,539,8,5,development
193,485,27,4,development
551,427,86,3,development
240,312,34,3,test
168,6,20,3,development
423,454,66,5,development
433,232,63,4,test
347,252,53,3,test
355,421,56,5,development
259,441,36,1,development
109,547,18,5,development
132,3,10,2,development
389,443,56,4,development
175,298,24,5,test
614,509,97,1,development
140,352,25,5,buffer
418,69,61,1,development
582,106,81,2,development
438,161,62,1,buffer
640,390,95,4,buffer
645,35,90,2,development
535,570,78,4,development
520,266,73,5,test
119,45,10,5,development
212,171,32,1,buffer
409,474,67,4,development
293,102,41,3,development
630,127,91,2,development
502,421,76,4,development
82,240,13,1,test
491,402,76,5,development
286,335,45,4,buffer
643,235,93,4,test
525,90,71,2,development
259,55,30,3,development
65,278,4,1,test
436,185,62,1,buffer
10,213,3,3,test
26,526,7,5,development
435,390,65,4,buffer
502,161,72,1,buffer
472,545,78,5,development
609,128,91,2,development
87,331,14,5,test
349,592,58,5,development
559,104,81,2,development
389,291,54,5,test
269,398,45,1,buffer
118,579,18,5,development
218,172,32,1,buffer
469,332,74,1,test
594,450,86,4,development
164,548,28,3,development
219,588,38,6,development
538,468,86,1,development
521,371,75,5,buffer
366,248,53,3,test
325,101,41,3,development
147,152,22,2,buffer
544,341,85,4,buffer
113,131,11,1,development
193,297,24,3,test
579,49,80,2,development
626,203,93,1,test
553,129,81,2,development
571,452,86,2,development
177,22,20,3,development
472,165,72,4,buffer
229,121,31,1,development
162,277,24,5,test
162,498,27,6,development
579,170,82,1,buffer
480,189,72,1,buffer
111,387,15,4,buffer
233,334,34,3,test
7,249,3,3,test
641,10,90,2,development
588,569,88,1,development
496,102,71,1,development
624,103,91,2,development
26,431,6,3,development
614,253,93,3,test
84,111,11,2,development
339,153,52,1,buffer
606,32,90,3,development
424,472,67,5,development
446,347,65,3,buffer
58,506,7,5,development
578,404,86,3,development
599,538,88,1,development
215,586,38,6,development
176,231,23,5,test
535,40,70,2,development
605,179,92,1,buffer
40,195,2,3,buffer
401,526,57,4,development
259,12,30,3,development
110,269,14,2,test
446,148,62,1,buffer
147,269,24,5,test
141,547,28,5,development
411,409,66,5,development
133,381,15,5,buffer
486,6,70,2,development
197,115,21,3,development
226,261,33,2,test
317,427,46,4,development
102,427,16,5,development
596,396,85,4,buffer
455,19,60,1,development
517,410,76,4,development
419,440,66,5,development
438,192,62,1,buffer
520,352,75,5,buffer
426,538,68,4,development
383,528,57,4,development
209,575,38,6,development
157,435,26,5,development
323,423,46,4,development
157,497,27,3,development
641,495,97,3,development
501,360,75,4,buffer
334,216,43,4,test
55,20,0,3,development
99,292,14,1,test
96,390,15,5,buffer
586,187,82,5,buffer
153,461,26,5,development
291,12,40,1,development
211,457,36,1,development
134,126,21,2,development
418,368,65,4,buffer
12,329,4,1,test
189,460,26,3,development
546,305,84,5,test
543,75,81,2,development
32,503,7,5,development
643,258,93,1,test
217,405,36,2,development
644,68,91,2,development
374,356,55,5,buffer
638,552,98,3,development
235,27,30,1,development
202,420,36,1,development
155,430,26,5,development
113,291,14,4,test
51,173,2,3,buffer
405,496,67,4,development
93,282,14,1,test
342,421,56,5,development
553,475,87,1,development
23,90,1,3,development
146,517,27,6,development
40,333,4,1,test
2,535,7,5,development
550,75,81,2,development
183,402,26,5,development
265,139,32,1,buffer
456,254,63,3,test
129,591,18,4,development
20,57,0,2,development
550,134,82,2,buffer
269,75,41,3,development
87,40,10,3,development
10,405,6,3,development
522,315,74,5,test
422,457,66,5,development
484,168,72,1,buffer
205,225,33,2,test
345,47,50,1,development
88,371,15,4,buffer
297,186,42,3,buffer
649,503,97,3,development
143,144,22,2,buffer
90,471,17,2,development
342,295,54,4,test
279,516,47,3,development
633,241,93,1,test
477,221,73,1,test
615,48,90,1,development
119,430,16,4,development
41,59,0,3,development
399,374,55,3,buffer
148,430,26,5,development
336,461,56,4,development
370,375,55,4,buffer
567,42,80,2,development
601,15,80,2,development
553,43,80,2,development
9,374,5,3,buffer
156,328,24,5,test
212,128,31,1,development
411,439,66,5,development
629,63,90,3,development
217,408,36,2,development
585,535,87,3,development
208,289,34,1,test
438,319,64,1,test
595,131,81,2,development
92,70,11,3,development
335,45,50,4,development
351,438,56,5,development
210,50,30,1,development
532,397,75,4,buffer
316,141,42,1,buffer
207,50,30,3,development
243,102,31,3,development
513,338,75,4,buffer
552,402,86,4,development
492,505,77,4,development
82,424,16,5,development
156,272,24,5,test
587,391,85,4,buffer
517,191,72,5,buffer
576,196,82,5,buffer
137,23,20,2,development
545,451,86,3,development
646,12,90,2,development
447,586,68,4,development
628,116,91,2,development
57,142,2,3,buffer
262,378,35,4,buffer
33,2,0,3,development
13,118,1,3,development
229,480,37,4,development
539,45,80,2,development
611,170,92,1,buffer
76,230,13,3,test
438,463,66,4,development
211,566,38,6,development
628,428,96,2,development
49,12,0,3,development
466,240,63,1,test
377,50,50,4,development
565,138,82,5,buffer
492,172,72,1,buffer
580,404,86,4,development
139,48,20,3,development
516,426,76,4,development
171,292,24,5,test
542,204,83,2,test
73,523,17,5,development
120,469,17,5,development
501,568,78,4,development
254,144,32,1,buffer
212,580,38,6,development
276,491,47,5,development
186,214,23,2,test
157,426,26,5,development
60,302,4,3,test
168,498,27,6,development
463,320,64,1,test
317,82,41,1,development
552,100,81,2,development
106,201,13,6,test
581,363,85,4,buffer
207,120,31,3,development
575,142,82,2,buffer
154,351,25,5,buffer
76,497,17,5,development
78,574,18,5,development
290,408,46,1,development
481,198,72,1,buffer
604,73,91,2,development
15,119,1,3,development
89,56,10,1,development
143,81,21,3,development
45,391,5,3,buffer
545,346,85,4,buffer
41,110,1,3,development
458,414,66,4,development
45,186,2,3,buffer
69,520,17,5,development
606,520,97,3,development
442,428,66,5,development
524,139,72,2,buffer
482,214,73,1,test
209,562,38,6,development
35,125,1,3,development
206,582,38,6,development
112,94,11,3,development
28,136,2,3,buffer
562,95,81,2,development
283,355,45,4,buffer
243,219,33,3,test
191,199,22,1,buffer
220,127,31,3,development
185,301,24,5,test
283,3,40,4,development
584,577,88,1,development
122,253,13,2,test
114,550,18,5,development
604,6,90,2,development
185,251,23,2,test
554,67,81,2,development
355,293,54,4,test
211,573,38,6,development
473,231,73,4,test
560,64,80,2,development
618,231,93,6,test
206,5,30,3,development
498,454,76,4,development
514,195,72,5,buffer
375,312,54,4,test
505,206,73,5,test
466,71,61,3,development
231,598,38,6,development
302,604,49,4,development
591,102,81,2,development
464,390,65,4,buffer
519,85,71,2,development
4,143,2,3,buffer
240,611,39,4,development
446,194,62,1,buffer
142,499,27,1,development
336,235,53,1,test
555,81,81,2,development
311,384,45,4,buffer
108,535,17,1,development
501,448,76,4,development
31,391,5,3,buffer
514,203,73,5,test
434,431,66,5,development
168,419,26,5,development
327,399,45,4,buffer
200,590,28,4,development
429,302,64,1,test
503,307,74,4,test
493,424,76,5,development
396,78,51,3,development
634,12,90,2,development
625,429,96,2,development
589,90,81,2,development
39,212,3,3,test
143,190,22,3,buffer
590,103,81,2,development
223,392,35,5,buffer
574,72,81,2,development
441,427,66,5,development
90,165,12,3,buffer
357,531,57,4,development
16,422,6,3,development
14,378,5,3,buffer
246,569,38,5,development
343,571,58,5,development
384,305,54,4,test
369,536,58,1,development
436,516,67,4,development
642,10,90,2,development
624,121,91,2,development
241,485,37,1,development
436,317,64,1,test
638,12,90,2,development
125,176,12,3,buffer
344,418,56,5,development
19,546,8,5,development
592,104,81,2,development
616,152,92,2,buffer
506,356,75,4,buffer
115,532,17,1,development
643,585,98,3,development
152,31,20,3,development
137,236,23,5,test
23,392,5,3,buffer
587,52,80,5,development
31,511,7,5,development
68,477,17,5,development
144,199,22,4,buffer
87,467,16,2,development
611,178,92,1,buffer
313,464,46,5,development
554,79,81,2,development
520,149,72,4,buffer
477,332,74,4,test
379,26,50,1,development
249,190,32,3,buffer
179,176,22,1,buffer
18,535,7,5,development
626,430,96,2,development
478,300,74,3,test
626,112,91,2,development
412,614,69,4,development
390,561,58,4,development
557,118,81,2,development
91,348,15,4,buffer
509,569,78,4,development
482,408,76,5,development
540,30,80,2,development
300,151,42,1,buffer
45,194,2,3,buffer
115,146,12,3,buffer
243,188,32,1,buffer
59,421,6,4,development
241,434,36,5,development
622,221,93,1,test
108,356,15,5,buffer
134,285,24,5,test
626,413,96,3,development
285,390,45,4,buffer
19,247,3,3,test
301,575,48,4,development
489,559,78,4,development
142,218,23,1,test
61,546,8,5,development
453,350,65,1,buffer
436,197,62,4,buffer
450,552,68,3,development
390,10,50,1,development
274,134,42,3,buffer
563,137,82,5,buffer
479,507,77,5,development
146,452,26,5,development
59,512,7,5,development
28,564,8,5,development
157,339,25,5,buffer
544,92,81,2,development
531,240,73,5,test
568,92,81,2,development
193,127,21,3,development
632,451,96,2,development
405,318,64,4,test
206,332,34,4,test
264,388,35,4,buffer
338,106,51,3,development
312,480,47,4,development
295,469,47,4,development
35,230,3,3,test
590,238,83,3,test
216,198,32,3,buffer
68,524,17,5,development
611,544,98,1,development
225,597,38,6,development
594,229,83,3,test
382,258,53,5,test
212,554,38,6,development
45,346,5,1,buffer
559,13,80,3,development
105,199,12,6,buffer
214,4,30,3,development
205,327,34,4,test
506,70,71,2,development
508,116,71,1,development
281,348,45,3,buffer
484,611,79,4,development
607,130,91,2,development
347,380,55,5,buffer
260,517,37,5,development
360,549,58,4,development
486,163,72,1,buffer
475,31,70,1,development
496,167,72,1,buffer
295,381,45,4,buffer
137,400,25,4,buffer
427,179,62,3,buffer
551,128,81,2,development
335,528,57,5,development
90,527,17,1,development
288,447,46,4,development
487,302,74,3,test
533,448,76,5,development
143,455,26,5,development
387,211,53,3,test
492,580,78,4,development
580,27,80,2,development
70,286,14,3,test
53,159,2,3,buffer
264,544,38,3,development
537,348,85,5,buffer
458,126,61,1,development
73,280,14,1,test
167,110,21,3,development
27,118,1,3,development
510,515,77,4,development
108,439,16,5,development
110,132,11,1,development
565,23,80,2,development
432,219,63,1,test
560,461,86,1,development
74,45,10,1,development
347,24,50,1,development
559,398,85,4,buffer
207,582,38,6,development
210,563,38,6,development
122,595,18,4,development
514,280,74,5,test
136,392,25,5,buffer
616,1,90,2,development
627,611,99,3,development
283,372,45,1,buffer
645,539,98,1,development
374,377,55,5,buffer
525,309,74,5,test
341,232,53,1,test
233,103,31,3,development
1,454,6,4,development
306,435,46,4,development
459,422,66,4,development
548,97,81,2,development
518,354,75,5,buffer
606,578,98,1,development
6,312,4,1,test
523,237,73,5,test
224,155,32,3,buffer
626,218,93,1,test
441,279,64,1,test
444,468,66,4,development
649,183,92,1,buffer
161,71,21,3,development
174,297,24,5,test
445,39,60,1,development
221,605,39,6,development
489,404,76,5,development
408,597,68,4,development
450,214,63,1,test
137,206,23,1,test
602,137,82,5,buffer
122,12,10,2,development
587,552,88,1,development
131,405,16,5,development
594,539,88,1,development
129,151,12,3,buffer
621,155,92,2,buffer
257,283,34,4,test
11,549,8,5,development
474,256,73,3,test
129,609,19,4,development
78,297,14,3,test
458,319,64,1,test
22,495,7,1,development
433,216,63,1,test
34,210,3,3,test
562,348,85,4,buffer
626,61,90,3,development
59,352,5,5,buffer
516,534,77,4,development
51,461,6,4,development
15,592,8,4,development
61,508,7,5,development
572,2,80,2,development
547,502,87,3,development
351,220,53,3,test
619,142,92,2,buffer
545,102,81,2,development
490,587,78,4,development
513,535,77,4,development
126,579,18,4,development
617,543,98,1,development
609,33,90,3,development
579,26,80,2,development
230,592,38,6,development
615,106,91,2,development
631,2,90,2,development
15,265,3,3,test
490,407,76,5,development
169,234,23,5,test
449,323,64,1,test
364,252,53,3,test
467,455,66,4,development
24,104,1,3,development
255,17,30,3,development
183,445,26,3,development
646,36,90,2,development
624,132,91,2,development
168,492,27,6,development
242,166,32,1,buffer
640,194,92,1,buffer
515,151,72,1,buffer
405,378,65,3,buffer
311,227,43,1,test
222,585,38,6,development
211,392,35,4,buffer
262,604,39,4,development
265,15,30,3,development
469,563,78,5,development
542,211,83,2,test
194,214,23,1,test
304,383,45,4,buffer
129,506,17,3,development
650,28,90,2,development
122,45,10,1,development
171,53,20,3,development
545,153,82,1,buffer
332,268,44,3,test
193,258,23,2,test
115,268,14,2,test
7,372,5,3,buffer
274,298,44,3,test
649,208,93,1,test
463,33,60,1,development
37,580,8,5,development
622,464,96,4,development
308,136,42,1,buffer
267,339,35,4,buffer
643,226,93,1,test
535,335,75,4,buffer
311,554,48,5,development
129,508,17,3,development
282,91,41,3,development
651,39,90,2,development
79,51,10,1,development
380,91,51,3,development
626,184,92,1,buffer
331,180,42,1,buffer
300,266,43,3,test
199,507,27,4,development
378,30,50,1,development
71,397,15,4,buffer
537,361,85,5,buffer
552,328,84,4,test
319,441,46,5,development
520,447,76,5,development
421,182,62,3,buffer
47,26,0,3,development
125,447,16,5,development
499,243,73,4,test
503,299,74,4,test
515,195,72,5,buffer
433,296,64,1,test
165,458,26,5,development
592,591,88,1,development
44,105,1,3,development
298,499,47,4,development
56,267,3,3,test
588,4,80,2,development
117,366,15,4,buffer
291,1,40,4,development
331,334,44,1,test
209,572,38,6,development
383,161,52,3,buffer
483,192,72,1,buffer
588,95,81,2,development
77,128,11,3,development
5,40,0,2,development
428,486,67,4,development
333,247,43,1,test
464,26,60,1,development
543,237,83,5,test
212,577,38,6,development
207,438,36,1,development
224,262,33,2,test
612,85,91,2,development
568,28,80,2,development
550,63,80,2,development
421,458,66,5,development
83,534,17,5,development
113,476,17,2,development
416,492,67,4,development
516,484,77,4,development
100,422,16,5,development
598,442,86,4,development
410,215,63,5,test
580,51,80,2,development
39,449,6,2,development
188,290,24,5,test
184,606,29,1,development
489,21,70,3,development
631,195,92,1,buffer
506,227,73,5,test
379,538,58,3,development
287,9,40,4,development
575,167,82,2,buffer
488,9,70,2,development
639,277,94,3,test
67,603,19,5,development
343,575,58,4,development
101,272,14,2,test
606,41,90,5,development
180,326,24,5,test
100,38,10,3,development
324,98,41,3,development
86,474,17,2,development
113,244,13,2,test
48,29,0,3,development
320,132,41,3,development
611,248,93,3,test
412,422,66,4,development
246,378,35,5,buffer
590,194,82,1,buffer
224,13,30,3,development
506,253,73,4,test
434,223,63,1,test
502,532,77,4,development
371,34,50,1,development
513,16,70,3,development
31,495,7,5,development
539,603,89,5,development
569,533,87,3,development
257,457,36,1,development
641,121,91,2,development
197,47,20,3,development
138,306,24,5,test
211,514,37,6,development
375,306,54,4,test
395,203,53,3,test
631,464,96,3,development
32,339,5,2,buffer
64,340,5,2,buffer
376,70,51,3,development
156,449,26,5,development
411,563,68,4,development
33,344,5,1,buffer
152,123,21,3,development
562,309,84,4,test
255,454,36,4,development
475,381,75,4,buffer
368,217,53,3,test
439,523,67,4,development
123,10,10,2,development
134,213,23,1,test
114,594,18,4,development
645,152,92,2,buffer
42,551,8,5,development
221,473,37,5,development
455,27,60,1,development
428,457,66,5,development
48,103,1,3,development
331,533,47,4,development
130,84,11,3,development
410,187,62,3,buffer
585,6,80,2,development
438,247,63,3,test
570,329,84,4,test
300,376,45,4,buffer
527,384,75,4,buffer
599,576,88,1,development
163,158,22,2,buffer
537,293,84,2,test
243,469,37,2,development
101,461,16,4,development
265,469,37,4,development
527,320,74,5,test
9,226,3,3,test
378,68,51,3,development
119,290,14,5,test
282,359,45,1,buffer
98,424,16,5,development
569,33,80,2,development
517,436,76,4,development
513,81,71,2,development
383,373,55,3,buffer
294,369,45,4,buffer
239,403,36,5,development
609,159,92,2,buffer
609,39,90,3,development
185,243,23,2,test
10,284,4,1,test
593,399,85,4,buffer
520,102,71,2,development
206,254,33,2,test
242,578,38,3,development
508,596,78,4,development
576,1,80,2,development
630,51,90,2,development
61,340,5,2,buffer
328,378,45,4,buffer
70,341,15,2,buffer
420,569,68,4,development
430,608,69,4,development
420,450,66,5,development
299,49,40,3,development
135,377,25,5,buffer
470,257,73,3,test
582,507,87,1,development
547,39,80,2,development
137,126,21,2,development
623,125,91,2,development
262,401,35,4,buffer
116,269,14,2,test
216,257,33,3,test
35,463,6,1,development
652,47,90,2,development
616,103,91,2,development
12,528,7,4,development
108,368,15,4,buffer
510,416,76,4,development
150,355,25,5,buffer
19,98,1,3,development
573,210,83,5,test
223,594,38,6,development
546,13,80,1,development
455,362,65,4,buffer
204,163,32,1,buffer
42,210,3,3,test
4,185,2,3,buffer
345,216,53,1,test
589,59,80,2,development
122,262,13,2,test
155,84,21,3,development
591,100,81,2,development
207,601,38,4,development
518,121,71,1,development
451,33,60,3,development
436,349,65,3,buffer
362,493,57,4,development
547,14,80,1,development
210,413,36,2,development
179,249,23,4,test
385,419,56,4,development
249,463,36,2,development
338,569,58,4,development
144,193,22,3,buffer
287,409,46,1,development
528,396,75,4,buffer
588,1,80,2,development
39,52,0,3,development
234,62,30,3,development
286,439,46,4,development
635,552,98,1,development
278,457,46,4,development
469,31,70,1,development
456,252,63,3,test
348,612,59,5,development
528,373,75,5,buffer
148,411,26,5,development
542,48,80,2,development
604,155,92,2,buffer
433,137,62,1,buffer
400,546,58,4,development
553,71,81,2,development
549,57,80,2,development
559,347,85,4,buffer
172,333,24,4,test
463,193,62,1,buffer
128,457,16,5,development
187,77,21,3,development
13,476,7,1,development
160,161,22,2,buffer
386,90,51,1,development
384,171,52,1,buffer
605,157,92,2,buffer
561,309,84,4,test
139,557,28,5,development
487,410,76,5,development
535,189,72,2,buffer
150,409,26,5,development
578,4,80,2,development
33,59,0,2,development
248,469,37,2,development
477,414,76,4,development
245,124,31,3,development
10,138,2,3,buffer
154,382,25,5,buffer
583,127,81,2,development
384,277,54,5,test
44,575,8,5,development
21,149,2,3,buffer
540,221,83,2,test
432,426,66,5,development
616,158,92,2,buffer
626,101,91,2,development
566,333,84,4,test
522,356,75,5,buffer
182,206,23,5,test
263,240,33,3,test
61,337,5,2,buffer
614,562,98,1,development
587,102,81,2,development
121,19,10,2,development
332,519,47,4,development
183,234,23,2,test
621,98,91,2,development
107,274,14,2,test
113,249,13,4,test
633,312,94,3,test
393,530,57,4,development
459,569,68,4,development
210,567,38,6,development
198,501,27,4,development
626,219,93,1,test
468,195,62,1,buffer
608,74,91,2,development
75,459,16,5,development
16,140,2,3,buffer
511,475,77,4,development
401,317,54,4,test
90,422,16,5,development
60,176,2,3,buffer
31,471,7,1,development
88,173,12,3,buffer
607,220,93,6,test
121,233,13,2,test
361,182,52,1,buffer
579,563,88,1,development
453,365,65,4,buffer
465,250,63,3,test
591,340,85,4,buffer
216,582,38,6,development
602,566,88,1,development
44,555,8,5,development
609,108,91,2,development
8,437,6,3,development
555,345,85,4,buffer
524,416,76,5,development
210,576,38,6,development
182,334,24,4,test
543,99,81,2,development
581,581,88,1,development
380,188,52,3,buffer
299,228,43,3,test
302,386,45,4,buffer
607,81,91,2,development
543,354,85,4,buffer
643,180,92,2,buffer
215,491,37,5,development
377,477,57,4,development
346,430,56,5,development
148,153,22,2,buffer
190,252,23,2,test
0,17,0,3,development
469,501,77,5,development
595,138,82,2,buffer
424,420,66,4,development
108,167,12,1,buffer
145,515,27,6,development
72,200,12,3,buffer
494,462,76,4,development
129,496,17,5,development
78,196,12,3,buffer
225,587,38,6,development
457,192,62,1,buffer
289,575,48,4,development
613,58,90,3,development
101,218,13,1,test
226,449,36,2,development
333,24,40,1,development
573,497,87,4,development
454,402,66,5,development
191,253,23,2,test
637,110,91,2,development
148,152,22,2,buffer
464,34,60,1,development
129,411,16,5,development
214,381,35,5,buffer
552,403,86,4,development
585,396,85,4,buffer
376,93,51,1,development
558,591,88,5,development
585,351,85,4,buffer
107,492,17,5,development
209,585,38,6,development
130,298,14,5,test
603,446,96,4,development
510,267,73,5,test
564,94,81,2,development
545,476,87,1,development
72,52,10,1,development
175,336,25,4,buffer
53,451,6,1,development
228,389,35,1,buffer
604,208,93,1,test
649,5,90,2,development
544,93,81,2,development
340,356,55,5,buffer
395,585,58,4,development
329,596,48,5,development
509,73,71,2,development
195,102,21,3,development
579,360,85,4,buffer
606,77,91,5,development
64,10,0,3,development
368,503,57,1,development
272,64,40,3,development
112,255,13,2,test
178,61,20,3,development
95,10,10,5,development
624,70,91,3,development
508,344,75,4,buffer
486,436,76,5,development
610,532,97,1,development
6,217,3,3,test
176,314,24,5,test
502,147,72,1,buffer
122,481,17,5,development
569,82,81,2,development
140,97,21,3,development
106,263,13,2,test
161,453,26,5,development
385,46,50,1,development
394,430,56,4,development
80,444,16,4,development
591,125,81,2,development
22,111,1,3,development
431,353,65,3,buffer
248,194,32,3,buffer
376,304,54,4,test
356,107,51,3,development
304,256,43,1,test
209,582,38,6,development
325,245,43,3,test
124,584,18,4,development
289,370,45,4,buffer
36,548,8,5,development
558,58,80,2,development
59,213,3,3,test
444,427,66,5,development
33,114,1,3,development
278,25,40,3,development
165,11,20,3,development
528,360,75,5,buffer
560,301,84,4,test
494,17,70,2,development
466,87,61,1,development
171,371,25,5,buffer
253,82,31,3,development
331,113,41,3,development
42,566,8,5,development
509,552,78,4,development
519,485,77,4,development
220,185,32,3,buffer
221,601,38,6,development
158,272,24,2,test
105,526,17,1,development
564,310,84,4,test
439,136,62,1,buffer
282,615,49,4,development
414,467,66,5,development
542,66,80,2,development
242,185,32,1,buffer
174,369,25,5,buffer
598,100,81,5,development
654,216,93,1,test
603,14,90,2,development
105,345,15,4,buffer
140,232,23,1,test
592,277,84,1,test
569,509,87,2,development
114,601,18,4,development
394,25,50,1,development
519,589,78,4,development
251,419,36,2,development
520,129,71,1,development
567,116,81,2,development
75,505,17,5,development
591,6,80,2,development
250,457,36,2,development
86,156,12,5,buffer
654,437,96,1,development
38,278,4,1,test
43,127,1,3,development
225,350,35,3,buffer
589,54,80,2,development
499,84,71,3,development
235,50,30,3,development
592,154,82,2,buffer
167,292,24,5,test
348,303,54,3,test
159,118,21,3,development
649,13,90,2,development
162,210,23,4,test
204,318,34,4,test
153,57,20,3,development
312,363,45,5,buffer
473,193,72,1,buffer
251,492,37,5,development
218,458,36,1,development
424,555,68,4,development
203,55,30,3,development
268,18,40,3,development
620,138,92,2,buffer
45,495,7,5,development
126,282,14,5,test
79,126,11,3,development
370,392,55,4,buffer
500,596,78,4,development
95,408,16,2,development
615,82,91,2,development
561,52,80,2,development
88,271,14,3,test
208,581,38,6,development
419,458,66,5,development
497,432,76,4,development
490,386,75,5,buffer
345,457,56,5,development
514,146,72,2,buffer
217,582,38,6,development
456,190,62,1,buffer
431,149,62,1,buffer
515,150,72,1,buffer
535,466,76,1,development
310,3,40,1,development
547,87,81,2,development
48,483,7,3,development
147,149,22,2,buffer
616,266,93,3,test
519,87,71,2,development
35,69,1,2,development
240,195,32,1,buffer
322,325,44,4,test
92,608,19,4,development
284,79,41,3,development
601,134,82,5,buffer
647,19,90,2,development
463,584,68,4,development
46,487,7,5,development
611,241,93,3,test
445,484,67,4,development
118,25,10,2,development
218,100,31,3,development
147,369,25,5,buffer
603,511,97,1,development
49,160,2,3,buffer
483,303,74,3,test
294,442,46,4,development
111,268,14,2,test
359,273,54,4,test
616,181,92,1,buffer
628,129,91,2,development
621,463,96,4,development
76,50,10,1,development
544,101,81,2,development
399,115,51,1,development
613,301,94,2,test
410,482,67,4,development
418,334,64,1,test
500,394,75,4,buffer
76,123,11,3,development
380,148,52,3,buffer
228,432,36,5,development
344,219,53,1,test
205,435,36,1,development
286,139,42,1,buffer
24,170,2,3,buffer
315,285,44,3,test
547,397,85,4,buffer
432,148,62,1,buffer
526,81,71,2,development
450,478,67,4,development
509,75,71,2,development
264,134,32,1,buffer
33,58,0,2,development
152,545,28,3,development
259,462,36,2,development
238,367,35,1,buffer
339,516,57,4,development
14,303,4,1,test
290,75,41,1,development
578,208,83,5,test
246,355,35,4,buffer
185,230,23,2,test
131,361,15,5,buffer
546,55,80,2,development
602,360,85,4,buffer
75,375,15,1,buffer
363,399,55,5,buffer
86,18,10,3,development
571,257,83,4,test
28,129,1,3,development
86,397,15,2,buffer
436,427,66,5,development
552,484,87,1,development
572,538,88,1,development
306,52,40,2,development
100,252,13,3,test
183,336,25,4,buffer
170,265,23,2,test
56,191,2,3,buffer
168,497,27,6,development
104,110,11,2,development
120,267,13,2,test
57,24,0,3,development
41,594,8,5,development
649,207,93,1,test
522,365,75,5,buffer
338,529,57,5,development
268,224,43,3,test
369,540,58,3,development
508,119,71,1,development
459,448,66,4,development
579,0,80,2,development
344,30,50,2,development
654,498,97,3,development
69,484,17,5,development
205,28,30,1,development
190,295,24,4,test
210,411,36,2,development
132,424,16,4,development
59,336,5,2,buffer
201,525,37,6,development
441,351,65,3,buffer
642,15,90,2,development
377,29,50,1,development
152,512,27,6,development
19,318,4,2,test
181,378,25,5,buffer
139,586,28,5,development
96,570,18,5,development
66,253,3,1,test
428,322,64,1,test
34,219,3,3,test
517,232,73,5,test
226,591,38,6,development
376,440,56,4,development
9,200,2,3,buffer
608,8,90,2,development
401,63,50,1,development
63,500,7,5,development
409,85,61,1,development
290,441,46,4,development
248,458,36,2,development
318,96,41,3,development
159,384,25,5,buffer
1,462,6,3,development
435,419,66,5,development
463,524,67,5,development
128,79,11,1,development
107,191,12,3,buffer
403,417,66,4,development
546,56,80,2,development
181,396,25,5,buffer
205,582,38,6,development
207,294,34,1,test
194,106,21,3,development
331,40,40,1,development
312,137,42,1,buffer
50,537,8,5,development
184,296,24,5,test
502,223,73,5,test
550,48,80,2,development
646,109,91,2,development
413,393,65,4,buffer
188,229,23,2,test
206,521,37,4,development
517,101,71,2,development
23,44,0,2,development
299,585,48,4,development
445,323,64,3,test
29,307,4,3,test
499,92,71,2,development
517,541,78,4,development
583,113,81,2,development
392,74,51,3,development
378,552,58,4,development
40,56,0,3,development
434,533,67,4,development
653,538,98,3,development
193,215,23,1,test
502,297,74,4,test
207,1,30,3,development
419,466,66,5,development
467,427,66,4,development
575,529,87,1,development
284,56,40,3,development
558,40,80,2,development
258,100,31,3,development
558,38,80,2,development
588,110,81,2,development
184,401,25,2,buffer
104,28,10,5,development
190,305,24,5,test
165,378,25,4,buffer
15,545,8,5,development
613,80,91,2,development
155,400,25,5,buffer
179,425,26,5,development
543,252,83,4,test
345,282,54,4,test
222,209,33,3,test
551,107,81,2,development
313,27,40,1,development
589,26,80,2,development
592,318,84,2,test
250,93,31,3,development
488,556,78,4,development
258,105,31,3,development
74,530,17,3,development
38,177,2,3,buffer
466,169,62,4,buffer
120,26,10,2,development
89,326,14,5,test
113,168,12,3,buffer
110,40,10,5,development
370,543,58,3,development
23,514,7,5,development
359,541,58,4,development
484,394,75,5,buffer
350,509,57,5,development
543,103,81,2,development
206,390,35,4,buffer
596,35,80,4,development
244,492,37,1,development
123,562,18,5,development
29,199,2,3,buffer
623,96,91,2,development
543,484,87,1,development
597,376,85,4,buffer
237,169,32,1,buffer
461,294,64,3,test
159,288,24,2,test
424,267,63,3,test
443,584,68,5,development
228,287,34,2,test
37,81,1,3,development
123,262,13,2,test
491,504,77,4,development
625,204,93,1,test
73,591,18,5,development
191,241,23,2,test
483,395,75,5,buffer
423,473,67,5,development
75,596,18,5,development
391,302,54,4,test
556,87,81,2,development
389,333,54,4,test
612,179,92,1,buffer
54,62,0,3,development
584,578,88,1,development
198,33,20,1,development
400,575,58,5,development
587,571,88,1,development
302,465,46,4,development
462,403,66,4,development
462,7,60,1,development
629,386,95,3,buffer
139,195,22,3,buffer
29,174,2,3,buffer
534,72,71,2,development
85,126,11,3,development
226,598,38,6,development
419,526,67,4,development
212,248,33,2,test
131,136,12,1,buffer
588,252,83,1,test
548,270,84,2,test
309,503,47,4,development
595,97,81,2,development
155,7,20,3,development
28,399,5,3,buffer
604,72,91,2,development
496,62,70,3,development
112,408,16,5,development
216,209,33,3,test
202,428,36,1,development
383,570,58,4,development
527,59,70,3,development
652,596,98,1,development
523,204,73,5,test
185,236,23,2,test
428,424,66,5,development
134,193,22,3,buffer
317,518,47,3,development
458,544,68,5,development
295,77,41,3,development
295,470,47,4,development
581,563,88,1,development
432,588,68,4,development
407,561,68,5,development
407,482,67,4,development
641,13,90,2,development
344,45,50,4,development
612,0,90,2,development
404,503,67,4,development
450,268,64,4,test
418,590,68,4,development
597,452,86,4,development
220,606,39,6,development
500,124,71,1,development
584,590,88,1,development
550,35,80,2,development
45,491,7,5,development
174,381,25,2,buffer
153,442,26,5,development
573,107,81,2,development
1,521,7,5,development
374,157,52,1,buffer
138,390,25,5,buffer
96,606,19,4,development
348,21,50,1,development
210,457,36,1,development
630,2,90,2,development
68,401,15,3,buffer
514,148,72,1,buffer
175,79,21,1,development
187,85,21,3,development
6,568,8,5,development
541,425,86,5,development
183,147,22,1,buffer
268,559,48,3,development
209,462,36,1,development
281,462,46,4,development
626,107,91,2,development
174,233,23,5,test
524,389,75,4,buffer
223,122,31,1,development
652,584,98,3,development
580,450,86,4,development
437,533,67,4,development
471,227,73,1,test
188,273,24,5,test
76,324,14,5,test
338,164,52,4,buffer
7,43,0,2,development
321,543,48,4,development
109,135,12,3,buffer
521,101,71,2,development
397,235,53,4,test
347,422,56,5,development
482,604,79,4,development
563,586,88,4,development
55,366,5,3,buffer
560,120,81,2,development
498,131,71,1,development
339,155,52,1,buffer
25,98,1,3,development
304,79,41,3,development
133,455,16,5,development
86,469,17,2,development
555,68,81,2,development
162,284,24,2,test
301,490,47,4,development
287,87,41,3,development
576,403,86,4,development
626,105,91,2,development
410,203,63,4,test
206,134,32,1,buffer
55,221,3,3,test
611,149,92,2,buffer
194,388,25,2,buffer
251,531,37,4,development
372,282,54,5,test
205,475,37,1,development
360,19,50,1,development
190,228,23,2,test
530,129,71,1,development
180,232,23,2,test
521,465,76,4,development
30,141,2,3,buffer
527,157,72,3,buffer
353,525,57,4,development
72,469,17,5,development
111,544,18,5,development
175,340,25,4,buffer
509,105,71,1,development
495,505,77,4,development
216,27,30,3,development
295,607,49,4,development
459,31,60,3,development
232,598,38,6,development
106,6,10,5,development
270,67,41,3,development
320,452,46,5,development
466,346,65,4,buffer
588,385,85,4,buffer
195,319,24,4,test
621,113,91,2,development
396,405,56,4,development
172,229,23,5,test
131,174,12,3,buffer
127,157,12,3,buffer
463,23,60,1,development
412,105,61,3,development
470,11,70,1,development
571,81,81,2,development
1,73,1,3,development
186,434,26,4,development
481,168,72,1,buffer
21,342,5,2,buffer
211,141,32,3,buffer
277,77,41,3,development
351,423,56,5,development
162,275,24,5,test
358,418,56,5,development
494,170,72,1,buffer
185,118,21,3,development
164,298,24,5,test
131,323,14,5,test
31,406,6,1,development
20,538,8,5,development
267,141,32,1,buffer
541,97,81,2,development
486,167,72,1,buffer
377,547,58,3,development
542,205,83,2,test
606,39,90,5,development
159,593,28,5,development
6,574,8,4,development
571,179,82,1,buffer
554,217,83,2,test
165,496,27,6,development
529,438,76,4,development
27,341,5,2,buffer
410,613,69,4,development
270,271,44,1,test
627,115,91,2,development
479,212,73,1,test
587,597,88,1,development
215,431,36,4,development
64,348,5,5,buffer
50,593,8,3,development
139,231,23,1,test
580,313,84,4,test
383,294,54,5,test
634,435,96,2,development
555,375,85,4,buffer
239,155,32,1,buffer
208,565,38,6,development
185,220,23,2,test
31,555,8,5,development
296,168,42,1,buffer
620,147,92,2,buffer
12,314,4,1,test
631,405,96,5,development
59,341,5,2,buffer
607,535,97,1,development
524,565,78,5,development
4,294,4,3,test
46,159,2,3,buffer
347,366,55,5,buffer
223,601,38,6,development
288,422,46,4,development
361,461,56,5,development
264,14,30,3,development
377,384,55,4,buffer
519,361,75,5,buffer
212,517,37,6,development
287,74,41,1,development
37,418,6,3,development
294,353,45,4,buffer
302,100,41,3,development
247,562,38,5,development
7,83,1,3,development
620,1,90,5,development
614,133,91,2,development
259,40,30,3,development
128,588,18,4,development
321,439,46,5,development
388,193,52,3,buffer
191,173,22,1,buffer
424,466,66,5,development
646,29,90,2,development
446,132,61,1,development
183,146,22,1,buffer
531,211,73,2,test
438,438,66,5,development
228,76,31,1,development
337,360,55,4,buffer
74,400,15,4,buffer
93,403,16,2,development
325,19,40,1,development
386,460,56,4,development
529,282,74,4,test
151,509,27,6,development
642,24,90,2,development
427,192,62,1,buffer
509,227,73,5,test
287,405,46,1,development
607,82,91,2,development
378,228,53,3,test
644,1,90,2,development
185,246,23,2,test
256,427,36,4,development
531,220,73,5,test
230,34,30,1,development
463,410,66,4,development
652,210,93,1,test
76,45,10,1,development
635,157,92,1,buffer
126,324,14,5,test
184,357,25,5,buffer
138,72,21,3,development
147,268,24,5,test
232,527,37,4,development
80,608,19,5,development
298,541,48,5,development
134,33,20,3,development
127,375,15,5,buffer
300,115,41,3,development
495,459,76,4,development
169,77,21,3,development
47,263,3,1,test
577,138,82,2,buffer
214,311,34,3,test
441,142,62,1,buffer
614,301,94,2,test
230,573,38,1,development
412,573,68,4,development
343,356,55,5,buffer
384,45,50,1,development
58,209,3,3,test
155,89,21,1,development
130,492,17,5,development
165,493,27,6,development
430,564,68,4,development
367,370,55,5,buffer
89,217,13,6,test
141,255,23,5,test
118,254,13,2,test
384,341,55,1,buffer
423,392,65,5,buffer
339,398,55,5,buffer
42,326,4,1,test
581,593,88,1,development
616,240,93,3,test
296,479,47,4,development
629,505,97,1,development
210,587,38,6,development
552,485,87,1,development
434,449,66,5,development
8,60,0,3,development
552,135,82,2,buffer
383,509,57,3,development
545,33,80,2,development
409,262,63,5,test
487,535,77,5,development
155,449,26,5,development
583,396,85,4,buffer
131,350,15,5,buffer
291,155,42,1,buffer
345,19,50,1,development
387,47,50,1,development
85,505,17,5,development
555,285,84,4,test
96,159,12,3,buffer
492,340,75,4,buffer
277,340,45,3,buffer
632,210,93,1,test
40,83,1,3,development
312,4,40,1,development
109,198,12,6,buffer
16,385,5,3,buffer
65,195,2,3,buffer
165,309,24,5,test
120,254,13,2,test
618,373,95,4,buffer
45,50,0,3,development
475,464,76,4,development
621,134,92,2,buffer
631,125,91,2,development
630,115,91,2,development
504,257,73,4,test
588,254,83,1,test
236,395,35,3,buffer
598,90,81,2,development
628,446,96,4,development
149,118,21,3,development
191,170,22,1,buffer
545,88,81,2,development
549,102,81,2,development
340,566,58,4,development
306,169,42,1,buffer
59,16,0,3,development
603,228,93,6,test
125,267,13,2,test
196,355,25,4,buffer
16,157,2,3,buffer
331,613,49,4,development
598,7,80,2,development
372,345,55,1,buffer
234,592,38,6,development
241,26,30,1,development
579,443,86,5,development
111,120,11,2,development
283,445,46,4,development
298,451,46,4,development
313,500,47,1,development
306,138,42,1,buffer
469,555,78,5,development
20,66,0,3,development
631,198,92,1,buffer
551,310,84,4,test
213,237,33,3,test
598,533,87,1,development
541,86,81,2,development
48,85,1,2,development
106,418,16,5,development
617,112,91,2,development
528,328,74,5,test
495,494,77,4,development
609,145,92,2,buffer
547,27,80,4,development
103,365,15,4,buffer
523,318,74,5,test
170,144,22,1,buffer
323,404,46,4,development
616,524,97,1,development
492,240,73,4,test
411,304,64,5,test
500,127,71,1,development
349,302,54,3,test
128,175,12,3,buffer
555,528,87,1,development
615,92,91,2,development
635,282,94,3,test
139,380,25,5,buffer
39,490,7,3,development
155,351,25,5,buffer
545,185,82,2,buffer
578,116,81,2,development
58,144,2,3,buffer
41,393,5,1,buffer
474,354,75,4,buffer
456,499,67,4,development
24,522,7,5,development
497,3,70,3,development
51,12,0,3,development
457,251,63,3,test
506,114,71,1,development
632,219,93,1,test
225,593,38,6,development
341,246,53,3,test
529,241,73,5,test
203,504,37,4,development
648,14,90,2,development
66,609,9,5,development
201,437,36,2,development
649,38,90,2,development
248,461,36,2,development
160,305,24,5,test
76,163,12,3,buffer
27,297,4,1,test
470,560,78,5,development
209,556,38,6,development
337,171,52,1,buffer
225,403,36,4,development
607,137,92,2,buffer
141,232,23,1,test
361,380,55,5,buffer
49,118,1,3,development
535,35,70,2,development
430,439,66,5,development
455,304,64,4,test
485,15,70,2,development
151,87,21,1,development
209,565,38,6,development
57,429,6,4,development
589,96,81,2,development
17,523,7,5,development
209,350,35,1,buffer
19,102,1,3,development
495,474,77,4,development
194,415,26,1,development
501,598,78,4,development
615,354,95,4,buffer
141,340,25,5,buffer
554,454,86,4,development
377,274,54,5,test
149,500,27,3,development
373,275,54,5,test
560,168,82,1,buffer
596,149,82,5,buffer
553,308,84,5,test
606,160,92,2,buffer
455,579,68,4,development
105,91,11,3,development
137,207,23,1,test
217,543,38,6,development
619,38,90,3,development
386,414,56,4,development
171,71,21,3,development
405,456,66,5,development
594,111,81,2,development
310,487,47,4,development
167,19,20,3,development
362,284,54,5,test
291,360,45,4,buffer
466,226,63,4,test
354,18,50,1,development
78,332,14,2,test
286,437,46,4,development
171,377,25,2,buffer
573,89,81,2,development
57,41,0,3,development
511,184,72,5,buffer
43,117,1,3,development
337,103,51,3,development
460,247,63,3,test
169,554,28,6,development
142,256,23,5,test
498,92,71,2,development
143,532,27,1,development
241,11,30,4,development
212,245,33,2,test
232,62,30,3,development
123,428,16,5,development
78,255,13,3,test
607,61,90,2,development
539,286,84,5,test
112,537,18,1,development
26,179,2,3,buffer
15,268,4,3,test
207,469,37,1,development
167,87,21,3,development
65,581,8,5,development
73,475,17,5,development
251,507,37,1,development
35,574,8,5,development
85,538,18,5,development
205,461,36,1,development
151,417,26,5,development
242,469,37,2,development
18,183,2,3,buffer
587,316,84,4,test
302,366,45,4,buffer
517,89,71,2,development
654,234,93,1,test
314,155,42,1,buffer
134,362,25,5,buffer
362,26,50,1,development
251,260,33,4,test
225,339,35,3,buffer
228,349,35,3,buffer
183,409,26,5,development
62,333,4,2,test
646,464,96,3,development
398,615,59,4,development
173,132,21,1,development
545,525,87,2,development
266,397,35,1,buffer
240,114,31,1,development
290,97,41,3,development
356,561,58,4,development
434,495,67,4,development
519,570,78,4,development
393,248,53,5,test
536,29,80,2,development
582,529,87,1,development
598,82,81,2,development
476,550,78,5,development
205,253,33,2,test
82,292,14,1,test
265,615,39,4,development
583,552,88,3,development
267,504,37,5,development
209,568,38,6,development
28,242,3,3,test
626,561,98,3,development
475,142,72,1,buffer
280,414,46,1,development
122,21,10,2,development
616,565,98,4,development
136,3,20,2,development
304,487,47,4,development
644,579,98,3,development
51,333,4,4,test
261,381,35,4,buffer
234,400,35,4,buffer
298,141,42,1,buffer
94,7,10,2,development
106,442,16,3,development
29,109,1,3,development
205,213,33,1,test
480,485,77,4,development
111,110,11,2,development
53,53,0,3,development
545,38,80,2,development
232,296,34,2,test
172,382,25,2,buffer
152,352,25,5,buffer
429,125,61,1,development
157,457,26,5,development
187,244,23,2,test
430,345,65,3,buffer
30,354,5,3,buffer
73,12,10,3,development
272,127,41,3,development
554,53,80,2,development
22,525,7,5,development
469,200,72,3,buffer
537,153,82,4,buffer
150,192,22,3,buffer
129,572,18,5,development
192,399,25,2,buffer
542,34,80,2,development
329,240,43,3,test
53,207,3,3,test
619,172,92,2,buffer
444,465,66,4,development
222,525,37,6,development
399,209,53,3,test
121,215,13,3,test
577,5,80,2,development
398,61,50,1,development
199,153,22,1,buffer
581,5,80,2,development
569,245,83,5,test
570,280,84,4,test
40,214,3,3,test
18,43,0,2,development
527,430,76,4,development
632,120,91,2,development
231,425,36,5,development
158,397,25,5,buffer
135,339,25,5,buffer
540,48,80,2,development
449,272,64,4,test
297,219,43,3,test
221,73,31,1,development
528,220,73,2,test
421,193,62,3,buffer
100,270,14,2,test
123,195,12,3,buffer
523,188,72,3,buffer
291,402,46,1,development
107,372,15,5,buffer
473,178,72,1,buffer
222,521,37,6,development
68,343,15,2,buffer
20,501,7,5,development
188,221,23,2,test
641,325,94,2,test
308,71,41,3,development
223,597,38,6,development
653,33,90,2,development
558,112,81,2,development
133,5,10,2,development
423,256,63,3,test
317,402,46,4,development
568,582,88,1,development
566,37,80,2,development
590,119,81,2,development
418,312,64,4,test
115,11,10,2,development
55,537,8,5,development
506,315,74,4,test
605,61,90,2,development
551,3,80,3,development
597,142,82,2,buffer
119,252,13,2,test
225,262,33,2,test
79,495,17,5,development
198,486,27,4,development
608,31,90,3,development
629,508,97,1,development
169,184,22,3,buffer
558,243,83,4,test
554,185,82,1,buffer
503,156,72,1,buffer
572,568,88,1,development
259,253,33,3,test
535,394,75,4,buffer
505,148,72,1,buffer
80,233,13,3,test
162,431,26,5,development
434,286,64,1,test
395,415,56,4,development
557,46,80,2,development
525,93,71,1,development
539,104,81,2,development
351,65,50,3,development
347,472,57,5,development
152,440,26,5,development
381,41,50,1,development
198,456,26,1,development
42,342,5,2,buffer
28,576,8,5,development
533,554,78,2,development
560,277,84,4,test
127,379,15,5,buffer
243,226,33,3,test
589,103,81,2,development
119,589,18,4,development
465,22,60,1,development
59,106,1,3,development
88,129,11,1,development
182,228,23,2,test
282,510,47,5,development
514,207,73,5,test
112,494,17,5,development
534,290,74,5,test
550,36,80,2,development
374,280,54,5,test
278,494,47,4,development
426,214,63,3,test
635,589,98,3,development
142,2,20,3,development
595,402,86,4,development
586,53,80,5,development
382,416,56,3,development
288,15,40,1,development
166,370,25,5,buffer
381,387,55,5,buffer
173,177,22,1,buffer
11,452,6,3,development
482,255,73,5,test
384,279,54,5,test
161,270,24,2,test
465,302,64,3,test
112,477,17,2,development
515,339,75,5,buffer
424,464,66,5,development
295,606,49,4,development
400,69,51,1,development
611,463,96,4,development
496,364,75,5,buffer
212,410,36,2,development
127,487,17,5,development
312,261,43,3,test
551,471,87,1,development
583,7,80,2,development
43,554,8,5,development
157,559,28,6,development
74,463,16,5,development
638,175,92,1,buffer
287,433,46,4,development
283,317,44,1,test
140,224,23,1,test
57,565,8,4,development
77,583,18,5,development
37,230,3,3,test
200,234,23,2,test
252,145,32,1,buffer
90,397,15,2,buffer
313,204,43,3,test
186,398,25,5,buffer
264,30,30,3,development
43,529,7,5,development
427,304,64,1,test
581,9,80,2,development
621,97,91,2,development
284,369,45,4,buffer
310,591,48,4,development
419,492,67,4,development
637,229,93,1,test
447,207,63,1,test
85,406,16,2,development
323,421,46,4,development
616,35,90,3,development
98,263,13,2,test
56,94,1,2,development
121,71,11,3,development
148,555,28,4,development
507,115,71,1,development
260,553,38,1,development
456,464,66,5,development
590,252,83,1,test
621,156,92,2,buffer
609,127,91,2,development
89,404,16,2,development
604,581,98,1,development
209,589,38,6,development
501,469,77,5,development
581,186,82,1,buffer
87,236,13,1,test
45,492,7,5,development
538,42,80,2,development
89,475,17,2,development
478,457,76,4,development
540,69,81,2,development
600,66,80,2,development
380,85,51,3,development
24,277,4,1,test
251,474,37,1,development
41,596,8,5,development
613,388,95,4,buffer
577,8,80,2,development
19,408,6,3,development
545,481,87,1,development
160,181,22,3,buffer
526,611,79,4,development
547,271,84,2,test
92,85,11,3,development
439,346,65,3,buffer
73,236,13,3,test
612,81,91,2,development
242,379,35,5,buffer
205,249,33,2,test
18,489,7,5,development
121,527,17,3,development
9,445,6,3,development
419,72,61,1,development
330,259,43,1,test
309,430,46,4,development
400,203,53,5,test
584,27,80,2,development
429,486,67,4,development
560,346,85,4,buffer
385,525,57,4,development
631,130,91,2,development
206,231,33,2,test
566,588,88,4,development
530,82,71,2,development
309,451,46,5,development
76,126,11,3,development
198,577,28,3,development
588,540,88,1,development
366,94,51,3,development
383,166,52,1,buffer
320,544,48,4,development
101,202,13,6,test
531,209,73,2,test
257,445,36,1,development
145,349,25,5,buffer
576,71,81,2,development
550,43,80,2,development
604,168,92,1,buffer
464,25,60,1,development
212,578,38,6,development
22,185,2,3,buffer
602,116,81,2,development
353,553,58,5,development
483,41,70,2,development
240,590,38,6,development
121,17,10,2,development
641,180,92,1,buffer
166,71,21,3,development
635,449,96,2,development
338,519,57,4,development
173,322,24,5,test
285,92,41,3,development
219,69,31,1,development
344,37,50,4,development
610,143,92,2,buffer
521,81,71,2,development
207,574,38,6,development
233,592,38,6,development
147,255,23,5,test
526,376,75,4,buffer
180,11,20,3,development
208,580,38,6,development
552,486,87,1,development
452,321,64,3,test
222,158,32,3,buffer
53,208,3,3,test
153,510,27,6,development
272,405,46,4,development
575,175,82,4,buffer
182,379,25,5,buffer
603,351,95,4,buffer
591,49,80,2,development
400,98,51,3,development
630,202,93,1,test
563,489,87,1,development
161,525,27,6,development
344,121,51,3,development
369,391,55,5,buffer
644,14,90,2,development
130,517,17,3,development
603,229,93,6,test
475,215,73,3,test
505,325,74,4,test
450,215,63,1,test
123,434,16,5,development
111,269,14,2,test
587,108,81,2,development
140,344,25,5,buffer
522,429,76,4,development
523,287,74,4,test
346,372,55,5,buffer
242,62,30,1,development
184,310,24,5,test
372,454,56,4,development
115,556,18,5,development
541,366,85,5,buffer
372,58,50,1,development
314,401,45,4,buffer
544,237,83,5,test
203,283,34,1,test
481,310,74,3,test
141,609,29,4,development
215,547,38,6,development
199,222,23,2,test
540,523,87,3,development
502,322,74,4,test
34,615,9,5,development
425,466,66,5,development
440,373,65,4,buffer
544,358,85,4,buffer
301,168,42,1,buffer
139,525,27,3,development
589,110,81,2,development
50,98,1,3,development
345,20,50,1,development
273,19,40,3,development
589,88,81,2,development
483,7,70,2,development
184,16,20,3,development
238,189,32,1,buffer
637,16,90,2,development
380,168,52,1,buffer
210,578,38,6,development
179,296,24,5,test
165,343,25,5,buffer
483,161,72,1,buffer
170,423,26,5,development
444,37,60,1,development
287,408,46,1,development
137,284,24,5,test
205,139,32,1,buffer
124,461,16,5,development
314,41,40,4,development
144,475,27,4,development
480,531,77,5,development
633,24,90,2,development
578,48,80,2,development
334,305,44,1,test
76,460,16,5,development
502,27,70,1,development
398,56,50,1,development
581,526,87,1,development
560,397,85,4,buffer
467,477,67,4,development
207,580,38,6,development
213,518,37,6,development
509,226,73,5,test
294,132,41,1,development
112,515,17,5,development
245,505,37,4,development
18,505,7,5,development
595,204,83,1,test
219,290,34,3,test
582,98,81,2,development
353,543,58,4,development
354,244,53,3,test
222,173,32,1,buffer
147,81,21,1,development
527,373,75,5,buffer
69,108,11,3,development
579,507,87,3,development
245,576,38,4,development
7,136,2,1,buffer
380,235,53,3,test
414,519,67,4,development
471,508,77,4,development
584,96,81,2,development
534,189,72,2,buffer
4,536,8,5,development
487,189,72,2,buffer
373,485,57,4,development
302,71,41,3,development
391,326,54,4,test
307,558,48,5,development
502,598,78,4,development
532,132,71,1,development
439,175,62,1,buffer
397,374,55,3,buffer
637,585,98,3,development
402,585,68,4,development
393,61,50,4,development
620,168,92,2,buffer
349,570,58,5,development
509,119,71,1,development
523,135,72,3,buffer
529,415,76,4,development
630,506,97,1,development
210,242,33,2,test
67,380,15,1,buffer
287,532,47,3,development
614,81,91,2,development
56,5,0,3,development
474,176,72,1,buffer
600,70,81,2,development
372,461,56,4,development
651,324,94,3,test
616,140,92,2,buffer
226,529,37,4,development
298,82,41,3,development
298,207,43,3,test
159,397,25,5,buffer
522,539,78,4,development
462,209,63,1,test
112,191,12,3,buffer
377,518,57,1,development
531,80,71,2,development
332,168,42,1,buffer
637,364,95,3,buffer
386,600,58,4,development
113,357,15,5,buffer
300,487,47,4,development
58,593,8,5,development
493,354,75,5,buffer
255,200,32,1,buffer
294,430,46,4,development
241,115,31,1,development
299,615,49,4,development
616,419,96,2,development
296,314,44,4,test
274,25,40,3,development
91,338,15,5,buffer
434,187,62,1,buffer
303,564,48,5,development
600,71,81,2,development
234,49,30,3,development
569,44,80,2,development
450,30,60,3,development
106,95,11,3,development
426,127,61,1,development
139,390,25,5,buffer
110,198,12,6,buffer
105,62,10,1,development
546,525,87,2,development
502,516,77,4,development
114,143,12,3,buffer
552,39,80,2,development
414,478,67,5,development
511,513,77,4,development
342,169,52,1,buffer
293,133,41,1,development
237,114,31,1,development
430,594,68,4,development
600,149,82,2,buffer
20,550,8,5,development
338,298,54,1,test
526,18,70,3,development
224,589,38,6,development
362,409,56,5,development
489,281,74,4,test
209,554,38,6,development
384,336,55,4,buffer
492,248,73,4,test
220,585,38,6,development
283,537,48,3,development
209,102,31,3,development
299,193,42,3,buffer
360,165,52,1,buffer
167,497,27,6,development
450,386,65,4,buffer
563,180,82,1,buffer
565,64,80,2,development
278,141,42,3,buffer
339,576,58,5,development
438,610,69,4,development
6,541,8,5,development
548,148,82,2,buffer
129,286,14,5,test
617,100,91,2,development
609,118,91,2,development
18,439,6,3,development
266,177,32,1,buffer
475,433,76,4,development
523,79,71,2,development
266,140,32,1,buffer
347,493,57,4,development
585,72,81,2,development
571,103,81,2,development
354,520,57,4,development
58,416,6,1,development
225,545,38,5,development
563,295,84,4,test
141,582,28,5,development
212,583,38,6,development
360,417,56,5,development
371,558,58,4,development
593,107,81,2,development
56,100,1,3,development
531,340,75,4,buffer
635,7,90,2,development
139,366,25,5,buffer
575,364,85,4,buffer
470,433,76,4,development
216,406,36,2,development
36,611,9,5,development
435,411,66,5,development
209,561,38,6,development
637,266,93,2,test
167,495,27,6,development
65,303,4,3,test
579,70,81,2,development
27,153,2,3,buffer
503,417,76,4,development
41,518,7,4,development
138,379,25,5,buffer
326,366,45,1,buffer
518,599,78,4,development
51,131,1,3,development
272,534,47,1,development
549,61,80,2,development
270,383,45,4,buffer
67,268,14,3,test
562,127,81,2,development
541,194,82,2,buffer
604,89,91,2,development
534,67,71,2,development
491,175,72,1,buffer
582,615,89,5,development
74,332,14,2,test
243,608,39,4,development
111,402,16,5,development
98,186,12,3,buffer
223,524,37,6,development
332,26,40,1,development
353,507,57,4,development
121,250,13,2,test
566,615,89,3,development
173,235,23,5,test
578,129,81,2,development
271,491,47,5,development
321,160,42,1,buffer
527,263,73,4,test
306,478,47,5,development
565,202,83,1,test
373,522,57,3,development
452,246,63,3,test
223,400,35,5,buffer
558,175,82,1,buffer
395,36,50,1,development
164,405,26,5,development
420,467,66,5,development
473,461,76,4,development
208,425,36,1,development
555,338,85,4,buffer
205,226,33,2,test
308,548,48,5,development
42,159,2,3,buffer
513,525,77,4,development
622,1,90,5,development
242,149,32,3,buffer
604,376,95,4,buffer
62,517,7,4,development
469,335,75,1,buffer
574,86,81,2,development
274,35,40,3,development
110,165,12,1,buffer
59,147,2,3,buffer
606,25,90,5,development
92,333,14,5,test
43,151,2,3,buffer
566,413,86,5,development
120,8,10,2,development
473,371,75,4,buffer
521,79,71,2,development
491,403,76,5,development
547,55,80,2,development
358,427,56,5,development
271,99,41,3,development
598,142,82,2,buffer
248,250,33,1,test
81,460,16,5,development
124,9,10,2,development
577,58,80,2,development
120,14,10,2,development
87,470,17,2,development
529,208,73,2,test
211,574,38,6,development
240,98,31,3,development
88,38,10,3,development
224,160,32,3,buffer
124,80,11,3,development
529,442,76,4,development
531,586,78,3,development
42,510,7,5,development
578,408,86,3,development
564,166,82,1,buffer
134,3,20,2,development
545,172,82,2,buffer
276,543,48,5,development
428,5,60,1,development
221,608,39,6,development
210,568,38,6,development
582,11,80,2,development
232,220,33,3,test
591,42,80,2,development
447,435,66,4,development
302,235,43,3,test
607,160,92,2,buffer
338,179,52,1,buffer
613,19,90,5,development
345,484,57,4,development
43,240,3,3,test
370,80,51,1,development
235,597,38,6,development
411,524,67,4,development
451,213,63,1,test
142,84,21,3,development
393,430,56,4,development
167,118,21,3,development
572,346,85,4,buffer
215,296,34,3,test
45,439,6,3,development
27,237,3,3,test
416,257,63,3,test
583,75,81,2,development
119,18,10,2,development
544,200,82,2,buffer
197,100,21,3,development
242,342,35,3,buffer
652,209,93,1,test
262,129,31,4,development
517,87,71,2,development
209,594,38,6,development
314,76,41,3,development
102,413,16,5,development
427,128,61,1,development
0,6,0,3,development
277,122,41,1,development
376,357,55,5,buffer
605,113,91,5,development
210,429,36,1,development
168,226,23,5,test
200,271,24,4,test
442,564,68,4,development
565,572,88,1,development
113,368,15,4,buffer
8,529,7,5,development
458,412,66,4,development
224,588,38,6,development
106,62,10,1,development
56,7,0,3,development
390,568,58,4,development
183,231,23,2,test
580,388,85,4,buffer
153,512,27,6,development
547,381,85,4,buffer
93,422,16,5,development
248,537,38,4,development
339,424,56,5,development
548,38,80,2,development
313,407,46,4,development
429,602,68,4,development
634,108,91,2,development
298,502,47,4,development
264,41,30,3,development
211,582,38,6,development
96,260,13,3,test
133,567,18,5,development
110,491,17,5,development
643,278,94,3,test
6,305,4,1,test
281,429,46,4,development
148,551,28,5,development
